ISO-10303-21;
HEADER;
FILE_DESCRIPTION(('FreeCAD Model'),'2;1');
FILE_NAME('Open CASCADE Shape Model','2026-09-17T20:40:09',(''),(''),
  'Open CASCADE STEP processor 7.8','FreeCAD','Unknown');
FILE_SCHEMA(('AUTOMOTIVE_DESIGN { 1 0 10303 214 1 1 1 1 }'));
ENDSEC;
DATA;
#1 = APPLICATION_PROTOCOL_DEFINITION('international standard',
  'automotive_design',2000,#2);
#2 = APPLICATION_CONTEXT(
  'core data for automotive mechanical design processes');
#3 = SHAPE_DEFINITION_REPRESENTATION(#4,#10);
#4 = PRODUCT_DEFINITION_SHAPE('','',#5);
#5 = PRODUCT_DEFINITION('design','',#6,#9);
#6 = PRODUCT_DEFINITION_FORMATION('','',#7);
#7 = PRODUCT('Catamaran_900x555','Catamaran_900x555','',(#8));
#8 = PRODUCT_CONTEXT('',#2,'mechanical');
#9 = PRODUCT_DEFINITION_CONTEXT('part definition',#2,'design');
#10 = SHAPE_REPRESENTATION('',(#11,#15,#19,#23,#27,#31,#35,#39,#43,#47,
    #51,#55,#59,#63,#67,#71,#75,#79,#83,#87,#91,#95,#99,#103,#107,#111,
    #115,#119,#123,#127,#131,#135,#139,#143,#147,#151,#155,#159,#163,
    #167,#171,#175,#179,#183,#187,#191,#195,#199,#203,#207,#211,#215,
    #219,#223,#227,#231,#235,#239,#243,#247,#251,#255,#259,#263,#267,
    #271,#275,#279,#283,#287,#291,#295,#299,#303,#307,#311,#315,#319,
    #323,#327,#331,#335,#339,#343,#347,#351,#355,#359,#363),#367);
#11 = AXIS2_PLACEMENT_3D('',#12,#13,#14);
#12 = CARTESIAN_POINT('',(0.,0.,0.));
#13 = DIRECTION('',(0.,0.,1.));
#14 = DIRECTION('',(1.,0.,-0.));
#15 = AXIS2_PLACEMENT_3D('',#16,#17,#18);
#16 = CARTESIAN_POINT('',(0.,0.,0.));
#17 = DIRECTION('',(0.,0.,1.));
#18 = DIRECTION('',(1.,0.,0.));
#19 = AXIS2_PLACEMENT_3D('',#20,#21,#22);
#20 = CARTESIAN_POINT('',(0.,0.,0.));
#21 = DIRECTION('',(0.,0.,1.));
#22 = DIRECTION('',(1.,0.,0.));
#23 = AXIS2_PLACEMENT_3D('',#24,#25,#26);
#24 = CARTESIAN_POINT('',(0.,0.,0.));
#25 = DIRECTION('',(0.,0.,1.));
#26 = DIRECTION('',(1.,0.,0.));
#27 = AXIS2_PLACEMENT_3D('',#28,#29,#30);
#28 = CARTESIAN_POINT('',(0.,0.,0.));
#29 = DIRECTION('',(0.,0.,1.));
#30 = DIRECTION('',(1.,0.,0.));
#31 = AXIS2_PLACEMENT_3D('',#32,#33,#34);
#32 = CARTESIAN_POINT('',(0.,0.,0.));
#33 = DIRECTION('',(0.,0.,1.));
#34 = DIRECTION('',(1.,0.,0.));
#35 = AXIS2_PLACEMENT_3D('',#36,#37,#38);
#36 = CARTESIAN_POINT('',(0.,0.,0.));
#37 = DIRECTION('',(0.,0.,1.));
#38 = DIRECTION('',(1.,0.,0.));
#39 = AXIS2_PLACEMENT_3D('',#40,#41,#42);
#40 = CARTESIAN_POINT('',(0.,0.,0.));
#41 = DIRECTION('',(0.,0.,1.));
#42 = DIRECTION('',(1.,0.,0.));
#43 = AXIS2_PLACEMENT_3D('',#44,#45,#46);
#44 = CARTESIAN_POINT('',(0.,0.,0.));
#45 = DIRECTION('',(0.,0.,1.));
#46 = DIRECTION('',(1.,0.,0.));
#47 = AXIS2_PLACEMENT_3D('',#48,#49,#50);
#48 = CARTESIAN_POINT('',(0.,0.,0.));
#49 = DIRECTION('',(0.,0.,1.));
#50 = DIRECTION('',(1.,0.,0.));
#51 = AXIS2_PLACEMENT_3D('',#52,#53,#54);
#52 = CARTESIAN_POINT('',(0.,0.,0.));
#53 = DIRECTION('',(0.,0.,1.));
#54 = DIRECTION('',(1.,0.,0.));
#55 = AXIS2_PLACEMENT_3D('',#56,#57,#58);
#56 = CARTESIAN_POINT('',(0.,0.,0.));
#57 = DIRECTION('',(0.,0.,1.));
#58 = DIRECTION('',(1.,0.,0.));
#59 = AXIS2_PLACEMENT_3D('',#60,#61,#62);
#60 = CARTESIAN_POINT('',(0.,0.,0.));
#61 = DIRECTION('',(0.,0.,1.));
#62 = DIRECTION('',(1.,0.,0.));
#63 = AXIS2_PLACEMENT_3D('',#64,#65,#66);
#64 = CARTESIAN_POINT('',(0.,0.,0.));
#65 = DIRECTION('',(0.,0.,1.));
#66 = DIRECTION('',(1.,0.,0.));
#67 = AXIS2_PLACEMENT_3D('',#68,#69,#70);
#68 = CARTESIAN_POINT('',(0.,0.,0.));
#69 = DIRECTION('',(0.,0.,1.));
#70 = DIRECTION('',(1.,0.,0.));
#71 = AXIS2_PLACEMENT_3D('',#72,#73,#74);
#72 = CARTESIAN_POINT('',(0.,0.,0.));
#73 = DIRECTION('',(0.,0.,1.));
#74 = DIRECTION('',(1.,0.,0.));
#75 = AXIS2_PLACEMENT_3D('',#76,#77,#78);
#76 = CARTESIAN_POINT('',(0.,0.,0.));
#77 = DIRECTION('',(0.,0.,1.));
#78 = DIRECTION('',(1.,0.,0.));
#79 = AXIS2_PLACEMENT_3D('',#80,#81,#82);
#80 = CARTESIAN_POINT('',(0.,0.,0.));
#81 = DIRECTION('',(0.,0.,1.));
#82 = DIRECTION('',(1.,0.,0.));
#83 = AXIS2_PLACEMENT_3D('',#84,#85,#86);
#84 = CARTESIAN_POINT('',(0.,0.,0.));
#85 = DIRECTION('',(0.,0.,1.));
#86 = DIRECTION('',(1.,0.,0.));
#87 = AXIS2_PLACEMENT_3D('',#88,#89,#90);
#88 = CARTESIAN_POINT('',(0.,0.,0.));
#89 = DIRECTION('',(0.,0.,1.));
#90 = DIRECTION('',(1.,0.,0.));
#91 = AXIS2_PLACEMENT_3D('',#92,#93,#94);
#92 = CARTESIAN_POINT('',(0.,0.,0.));
#93 = DIRECTION('',(0.,0.,1.));
#94 = DIRECTION('',(1.,0.,0.));
#95 = AXIS2_PLACEMENT_3D('',#96,#97,#98);
#96 = CARTESIAN_POINT('',(0.,0.,0.));
#97 = DIRECTION('',(0.,0.,1.));
#98 = DIRECTION('',(1.,0.,0.));
#99 = AXIS2_PLACEMENT_3D('',#100,#101,#102);
#100 = CARTESIAN_POINT('',(0.,0.,0.));
#101 = DIRECTION('',(0.,0.,1.));
#102 = DIRECTION('',(1.,0.,0.));
#103 = AXIS2_PLACEMENT_3D('',#104,#105,#106);
#104 = CARTESIAN_POINT('',(0.,0.,0.));
#105 = DIRECTION('',(0.,0.,1.));
#106 = DIRECTION('',(1.,0.,0.));
#107 = AXIS2_PLACEMENT_3D('',#108,#109,#110);
#108 = CARTESIAN_POINT('',(0.,0.,0.));
#109 = DIRECTION('',(0.,0.,1.));
#110 = DIRECTION('',(1.,0.,0.));
#111 = AXIS2_PLACEMENT_3D('',#112,#113,#114);
#112 = CARTESIAN_POINT('',(0.,0.,0.));
#113 = DIRECTION('',(0.,0.,1.));
#114 = DIRECTION('',(1.,0.,0.));
#115 = AXIS2_PLACEMENT_3D('',#116,#117,#118);
#116 = CARTESIAN_POINT('',(0.,0.,0.));
#117 = DIRECTION('',(0.,0.,1.));
#118 = DIRECTION('',(1.,0.,0.));
#119 = AXIS2_PLACEMENT_3D('',#120,#121,#122);
#120 = CARTESIAN_POINT('',(0.,0.,0.));
#121 = DIRECTION('',(0.,0.,1.));
#122 = DIRECTION('',(1.,0.,0.));
#123 = AXIS2_PLACEMENT_3D('',#124,#125,#126);
#124 = CARTESIAN_POINT('',(0.,0.,0.));
#125 = DIRECTION('',(0.,0.,1.));
#126 = DIRECTION('',(1.,0.,0.));
#127 = AXIS2_PLACEMENT_3D('',#128,#129,#130);
#128 = CARTESIAN_POINT('',(0.,0.,0.));
#129 = DIRECTION('',(0.,0.,1.));
#130 = DIRECTION('',(1.,0.,0.));
#131 = AXIS2_PLACEMENT_3D('',#132,#133,#134);
#132 = CARTESIAN_POINT('',(0.,0.,0.));
#133 = DIRECTION('',(0.,0.,1.));
#134 = DIRECTION('',(1.,0.,0.));
#135 = AXIS2_PLACEMENT_3D('',#136,#137,#138);
#136 = CARTESIAN_POINT('',(0.,0.,0.));
#137 = DIRECTION('',(0.,0.,1.));
#138 = DIRECTION('',(1.,0.,0.));
#139 = AXIS2_PLACEMENT_3D('',#140,#141,#142);
#140 = CARTESIAN_POINT('',(0.,0.,0.));
#141 = DIRECTION('',(0.,0.,1.));
#142 = DIRECTION('',(1.,0.,0.));
#143 = AXIS2_PLACEMENT_3D('',#144,#145,#146);
#144 = CARTESIAN_POINT('',(0.,0.,0.));
#145 = DIRECTION('',(0.,0.,1.));
#146 = DIRECTION('',(1.,0.,0.));
#147 = AXIS2_PLACEMENT_3D('',#148,#149,#150);
#148 = CARTESIAN_POINT('',(0.,0.,0.));
#149 = DIRECTION('',(0.,0.,1.));
#150 = DIRECTION('',(1.,0.,0.));
#151 = AXIS2_PLACEMENT_3D('',#152,#153,#154);
#152 = CARTESIAN_POINT('',(0.,0.,0.));
#153 = DIRECTION('',(0.,0.,1.));
#154 = DIRECTION('',(1.,0.,0.));
#155 = AXIS2_PLACEMENT_3D('',#156,#157,#158);
#156 = CARTESIAN_POINT('',(0.,0.,0.));
#157 = DIRECTION('',(0.,0.,1.));
#158 = DIRECTION('',(1.,0.,0.));
#159 = AXIS2_PLACEMENT_3D('',#160,#161,#162);
#160 = CARTESIAN_POINT('',(0.,0.,0.));
#161 = DIRECTION('',(0.,0.,1.));
#162 = DIRECTION('',(1.,0.,0.));
#163 = AXIS2_PLACEMENT_3D('',#164,#165,#166);
#164 = CARTESIAN_POINT('',(0.,0.,0.));
#165 = DIRECTION('',(0.,0.,1.));
#166 = DIRECTION('',(1.,0.,0.));
#167 = AXIS2_PLACEMENT_3D('',#168,#169,#170);
#168 = CARTESIAN_POINT('',(0.,0.,0.));
#169 = DIRECTION('',(0.,0.,1.));
#170 = DIRECTION('',(1.,0.,0.));
#171 = AXIS2_PLACEMENT_3D('',#172,#173,#174);
#172 = CARTESIAN_POINT('',(0.,0.,0.));
#173 = DIRECTION('',(0.,0.,1.));
#174 = DIRECTION('',(1.,0.,0.));
#175 = AXIS2_PLACEMENT_3D('',#176,#177,#178);
#176 = CARTESIAN_POINT('',(0.,0.,0.));
#177 = DIRECTION('',(0.,0.,1.));
#178 = DIRECTION('',(1.,0.,0.));
#179 = AXIS2_PLACEMENT_3D('',#180,#181,#182);
#180 = CARTESIAN_POINT('',(0.,0.,0.));
#181 = DIRECTION('',(0.,0.,1.));
#182 = DIRECTION('',(1.,0.,0.));
#183 = AXIS2_PLACEMENT_3D('',#184,#185,#186);
#184 = CARTESIAN_POINT('',(0.,0.,0.));
#185 = DIRECTION('',(0.,0.,1.));
#186 = DIRECTION('',(1.,0.,0.));
#187 = AXIS2_PLACEMENT_3D('',#188,#189,#190);
#188 = CARTESIAN_POINT('',(0.,0.,0.));
#189 = DIRECTION('',(0.,0.,1.));
#190 = DIRECTION('',(1.,0.,0.));
#191 = AXIS2_PLACEMENT_3D('',#192,#193,#194);
#192 = CARTESIAN_POINT('',(0.,0.,0.));
#193 = DIRECTION('',(0.,0.,1.));
#194 = DIRECTION('',(1.,0.,0.));
#195 = AXIS2_PLACEMENT_3D('',#196,#197,#198);
#196 = CARTESIAN_POINT('',(0.,0.,0.));
#197 = DIRECTION('',(0.,0.,1.));
#198 = DIRECTION('',(1.,0.,0.));
#199 = AXIS2_PLACEMENT_3D('',#200,#201,#202);
#200 = CARTESIAN_POINT('',(0.,0.,0.));
#201 = DIRECTION('',(0.,0.,1.));
#202 = DIRECTION('',(1.,0.,0.));
#203 = AXIS2_PLACEMENT_3D('',#204,#205,#206);
#204 = CARTESIAN_POINT('',(0.,0.,0.));
#205 = DIRECTION('',(0.,0.,1.));
#206 = DIRECTION('',(1.,0.,0.));
#207 = AXIS2_PLACEMENT_3D('',#208,#209,#210);
#208 = CARTESIAN_POINT('',(0.,0.,0.));
#209 = DIRECTION('',(0.,0.,1.));
#210 = DIRECTION('',(1.,0.,0.));
#211 = AXIS2_PLACEMENT_3D('',#212,#213,#214);
#212 = CARTESIAN_POINT('',(0.,0.,0.));
#213 = DIRECTION('',(0.,0.,1.));
#214 = DIRECTION('',(1.,0.,0.));
#215 = AXIS2_PLACEMENT_3D('',#216,#217,#218);
#216 = CARTESIAN_POINT('',(0.,0.,0.));
#217 = DIRECTION('',(0.,0.,1.));
#218 = DIRECTION('',(1.,0.,0.));
#219 = AXIS2_PLACEMENT_3D('',#220,#221,#222);
#220 = CARTESIAN_POINT('',(0.,0.,0.));
#221 = DIRECTION('',(0.,0.,1.));
#222 = DIRECTION('',(1.,0.,0.));
#223 = AXIS2_PLACEMENT_3D('',#224,#225,#226);
#224 = CARTESIAN_POINT('',(0.,0.,0.));
#225 = DIRECTION('',(0.,0.,1.));
#226 = DIRECTION('',(1.,0.,0.));
#227 = AXIS2_PLACEMENT_3D('',#228,#229,#230);
#228 = CARTESIAN_POINT('',(0.,0.,0.));
#229 = DIRECTION('',(0.,0.,1.));
#230 = DIRECTION('',(1.,0.,0.));
#231 = AXIS2_PLACEMENT_3D('',#232,#233,#234);
#232 = CARTESIAN_POINT('',(0.,0.,0.));
#233 = DIRECTION('',(0.,0.,1.));
#234 = DIRECTION('',(1.,0.,0.));
#235 = AXIS2_PLACEMENT_3D('',#236,#237,#238);
#236 = CARTESIAN_POINT('',(0.,0.,0.));
#237 = DIRECTION('',(0.,0.,1.));
#238 = DIRECTION('',(1.,0.,0.));
#239 = AXIS2_PLACEMENT_3D('',#240,#241,#242);
#240 = CARTESIAN_POINT('',(0.,0.,0.));
#241 = DIRECTION('',(0.,0.,1.));
#242 = DIRECTION('',(1.,0.,0.));
#243 = AXIS2_PLACEMENT_3D('',#244,#245,#246);
#244 = CARTESIAN_POINT('',(0.,0.,0.));
#245 = DIRECTION('',(0.,0.,1.));
#246 = DIRECTION('',(1.,0.,0.));
#247 = AXIS2_PLACEMENT_3D('',#248,#249,#250);
#248 = CARTESIAN_POINT('',(0.,0.,0.));
#249 = DIRECTION('',(0.,0.,1.));
#250 = DIRECTION('',(1.,0.,0.));
#251 = AXIS2_PLACEMENT_3D('',#252,#253,#254);
#252 = CARTESIAN_POINT('',(0.,0.,0.));
#253 = DIRECTION('',(0.,0.,1.));
#254 = DIRECTION('',(1.,0.,0.));
#255 = AXIS2_PLACEMENT_3D('',#256,#257,#258);
#256 = CARTESIAN_POINT('',(0.,0.,0.));
#257 = DIRECTION('',(0.,0.,1.));
#258 = DIRECTION('',(1.,0.,0.));
#259 = AXIS2_PLACEMENT_3D('',#260,#261,#262);
#260 = CARTESIAN_POINT('',(0.,0.,0.));
#261 = DIRECTION('',(0.,0.,1.));
#262 = DIRECTION('',(1.,0.,0.));
#263 = AXIS2_PLACEMENT_3D('',#264,#265,#266);
#264 = CARTESIAN_POINT('',(0.,0.,0.));
#265 = DIRECTION('',(0.,0.,1.));
#266 = DIRECTION('',(1.,0.,0.));
#267 = AXIS2_PLACEMENT_3D('',#268,#269,#270);
#268 = CARTESIAN_POINT('',(0.,0.,0.));
#269 = DIRECTION('',(0.,0.,1.));
#270 = DIRECTION('',(1.,0.,0.));
#271 = AXIS2_PLACEMENT_3D('',#272,#273,#274);
#272 = CARTESIAN_POINT('',(0.,0.,0.));
#273 = DIRECTION('',(0.,0.,1.));
#274 = DIRECTION('',(1.,0.,0.));
#275 = AXIS2_PLACEMENT_3D('',#276,#277,#278);
#276 = CARTESIAN_POINT('',(0.,0.,0.));
#277 = DIRECTION('',(0.,0.,1.));
#278 = DIRECTION('',(1.,0.,0.));
#279 = AXIS2_PLACEMENT_3D('',#280,#281,#282);
#280 = CARTESIAN_POINT('',(0.,0.,0.));
#281 = DIRECTION('',(0.,0.,1.));
#282 = DIRECTION('',(1.,0.,0.));
#283 = AXIS2_PLACEMENT_3D('',#284,#285,#286);
#284 = CARTESIAN_POINT('',(0.,0.,0.));
#285 = DIRECTION('',(0.,0.,1.));
#286 = DIRECTION('',(1.,0.,0.));
#287 = AXIS2_PLACEMENT_3D('',#288,#289,#290);
#288 = CARTESIAN_POINT('',(0.,0.,0.));
#289 = DIRECTION('',(0.,0.,1.));
#290 = DIRECTION('',(1.,0.,0.));
#291 = AXIS2_PLACEMENT_3D('',#292,#293,#294);
#292 = CARTESIAN_POINT('',(0.,0.,0.));
#293 = DIRECTION('',(0.,0.,1.));
#294 = DIRECTION('',(1.,0.,0.));
#295 = AXIS2_PLACEMENT_3D('',#296,#297,#298);
#296 = CARTESIAN_POINT('',(0.,0.,0.));
#297 = DIRECTION('',(0.,0.,1.));
#298 = DIRECTION('',(1.,0.,0.));
#299 = AXIS2_PLACEMENT_3D('',#300,#301,#302);
#300 = CARTESIAN_POINT('',(0.,0.,0.));
#301 = DIRECTION('',(0.,0.,1.));
#302 = DIRECTION('',(1.,0.,0.));
#303 = AXIS2_PLACEMENT_3D('',#304,#305,#306);
#304 = CARTESIAN_POINT('',(0.,0.,0.));
#305 = DIRECTION('',(0.,0.,1.));
#306 = DIRECTION('',(1.,0.,0.));
#307 = AXIS2_PLACEMENT_3D('',#308,#309,#310);
#308 = CARTESIAN_POINT('',(0.,0.,0.));
#309 = DIRECTION('',(0.,0.,1.));
#310 = DIRECTION('',(1.,0.,0.));
#311 = AXIS2_PLACEMENT_3D('',#312,#313,#314);
#312 = CARTESIAN_POINT('',(0.,0.,0.));
#313 = DIRECTION('',(0.,0.,1.));
#314 = DIRECTION('',(1.,0.,0.));
#315 = AXIS2_PLACEMENT_3D('',#316,#317,#318);
#316 = CARTESIAN_POINT('',(0.,0.,0.));
#317 = DIRECTION('',(0.,0.,1.));
#318 = DIRECTION('',(1.,0.,0.));
#319 = AXIS2_PLACEMENT_3D('',#320,#321,#322);
#320 = CARTESIAN_POINT('',(0.,0.,0.));
#321 = DIRECTION('',(0.,0.,1.));
#322 = DIRECTION('',(1.,0.,0.));
#323 = AXIS2_PLACEMENT_3D('',#324,#325,#326);
#324 = CARTESIAN_POINT('',(0.,0.,0.));
#325 = DIRECTION('',(0.,0.,1.));
#326 = DIRECTION('',(1.,0.,0.));
#327 = AXIS2_PLACEMENT_3D('',#328,#329,#330);
#328 = CARTESIAN_POINT('',(0.,0.,0.));
#329 = DIRECTION('',(0.,0.,1.));
#330 = DIRECTION('',(1.,0.,0.));
#331 = AXIS2_PLACEMENT_3D('',#332,#333,#334);
#332 = CARTESIAN_POINT('',(0.,0.,0.));
#333 = DIRECTION('',(0.,0.,1.));
#334 = DIRECTION('',(1.,0.,0.));
#335 = AXIS2_PLACEMENT_3D('',#336,#337,#338);
#336 = CARTESIAN_POINT('',(0.,0.,0.));
#337 = DIRECTION('',(0.,0.,1.));
#338 = DIRECTION('',(1.,0.,0.));
#339 = AXIS2_PLACEMENT_3D('',#340,#341,#342);
#340 = CARTESIAN_POINT('',(0.,0.,0.));
#341 = DIRECTION('',(0.,0.,1.));
#342 = DIRECTION('',(1.,0.,0.));
#343 = AXIS2_PLACEMENT_3D('',#344,#345,#346);
#344 = CARTESIAN_POINT('',(0.,0.,0.));
#345 = DIRECTION('',(0.,0.,1.));
#346 = DIRECTION('',(1.,0.,0.));
#347 = AXIS2_PLACEMENT_3D('',#348,#349,#350);
#348 = CARTESIAN_POINT('',(0.,0.,0.));
#349 = DIRECTION('',(0.,0.,1.));
#350 = DIRECTION('',(1.,0.,0.));
#351 = AXIS2_PLACEMENT_3D('',#352,#353,#354);
#352 = CARTESIAN_POINT('',(0.,0.,0.));
#353 = DIRECTION('',(0.,0.,1.));
#354 = DIRECTION('',(1.,0.,0.));
#355 = AXIS2_PLACEMENT_3D('',#356,#357,#358);
#356 = CARTESIAN_POINT('',(0.,0.,0.));
#357 = DIRECTION('',(0.,0.,1.));
#358 = DIRECTION('',(1.,0.,0.));
#359 = AXIS2_PLACEMENT_3D('',#360,#361,#362);
#360 = CARTESIAN_POINT('',(0.,0.,0.));
#361 = DIRECTION('',(0.,0.,1.));
#362 = DIRECTION('',(1.,0.,0.));
#363 = AXIS2_PLACEMENT_3D('',#364,#365,#366);
#364 = CARTESIAN_POINT('',(0.,0.,0.));
#365 = DIRECTION('',(0.,0.,1.));
#366 = DIRECTION('',(1.,0.,0.));
#367 = ( GEOMETRIC_REPRESENTATION_CONTEXT(3) 
GLOBAL_UNCERTAINTY_ASSIGNED_CONTEXT((#371)) GLOBAL_UNIT_ASSIGNED_CONTEXT
((#368,#369,#370)) REPRESENTATION_CONTEXT('Context #1',
  '3D Context with UNIT and UNCERTAINTY') );
#368 = ( LENGTH_UNIT() NAMED_UNIT(*) SI_UNIT(.MILLI.,.METRE.) );
#369 = ( NAMED_UNIT(*) PLANE_ANGLE_UNIT() SI_UNIT($,.RADIAN.) );
#370 = ( NAMED_UNIT(*) SI_UNIT($,.STERADIAN.) SOLID_ANGLE_UNIT() );
#371 = UNCERTAINTY_MEASURE_WITH_UNIT(LENGTH_MEASURE(1.E-07),#368,
  'distance_accuracy_value','confusion accuracy');
#372 = PRODUCT_RELATED_PRODUCT_CATEGORY('part',$,(#7));
#373 = SHAPE_DEFINITION_REPRESENTATION(#374,#380);
#374 = PRODUCT_DEFINITION_SHAPE('','',#375);
#375 = PRODUCT_DEFINITION('design','',#376,#379);
#376 = PRODUCT_DEFINITION_FORMATION('','',#377);
#377 = PRODUCT('CAT-PORT-BOTTOM-01 | BottomFlat | nominal plywood 20 mm'
  ,'CAT-PORT-BOTTOM-01 | BottomFlat | nominal plywood 20 mm','',(#378));
#378 = PRODUCT_CONTEXT('',#2,'mechanical');
#379 = PRODUCT_DEFINITION_CONTEXT('part definition',#2,'design');
#380 = ADVANCED_BREP_SHAPE_REPRESENTATION('',(#11,#381),#531);
#381 = MANIFOLD_SOLID_BREP('',#382);
#382 = CLOSED_SHELL('',(#383,#423,#454,#485,#507,#519));
#383 = ADVANCED_FACE('',(#384),#418,.F.);
#384 = FACE_BOUND('',#385,.F.);
#385 = EDGE_LOOP('',(#386,#396,#404,#412));
#386 = ORIENTED_EDGE('',*,*,#387,.T.);
#387 = EDGE_CURVE('',#388,#390,#392,.T.);
#388 = VERTEX_POINT('',#389);
#389 = CARTESIAN_POINT('',(0.,-220.,0.));
#390 = VERTEX_POINT('',#391);
#391 = CARTESIAN_POINT('',(0.,-220.,20.));
#392 = LINE('',#393,#394);
#393 = CARTESIAN_POINT('',(0.,-220.,0.));
#394 = VECTOR('',#395,1.);
#395 = DIRECTION('',(0.,0.,1.));
#396 = ORIENTED_EDGE('',*,*,#397,.T.);
#397 = EDGE_CURVE('',#390,#398,#400,.T.);
#398 = VERTEX_POINT('',#399);
#399 = CARTESIAN_POINT('',(50.,-220.,20.));
#400 = LINE('',#401,#402);
#401 = CARTESIAN_POINT('',(0.,-220.,20.));
#402 = VECTOR('',#403,1.);
#403 = DIRECTION('',(1.,0.,0.));
#404 = ORIENTED_EDGE('',*,*,#405,.F.);
#405 = EDGE_CURVE('',#406,#398,#408,.T.);
#406 = VERTEX_POINT('',#407);
#407 = CARTESIAN_POINT('',(50.,-220.,0.));
#408 = LINE('',#409,#410);
#409 = CARTESIAN_POINT('',(50.,-220.,0.));
#410 = VECTOR('',#411,1.);
#411 = DIRECTION('',(0.,0.,1.));
#412 = ORIENTED_EDGE('',*,*,#413,.F.);
#413 = EDGE_CURVE('',#388,#406,#414,.T.);
#414 = LINE('',#415,#416);
#415 = CARTESIAN_POINT('',(0.,-220.,0.));
#416 = VECTOR('',#417,1.);
#417 = DIRECTION('',(1.,0.,0.));
#418 = PLANE('',#419);
#419 = AXIS2_PLACEMENT_3D('',#420,#421,#422);
#420 = CARTESIAN_POINT('',(0.,-220.,0.));
#421 = DIRECTION('',(0.,1.,0.));
#422 = DIRECTION('',(1.,0.,0.));
#423 = ADVANCED_FACE('',(#424),#449,.F.);
#424 = FACE_BOUND('',#425,.F.);
#425 = EDGE_LOOP('',(#426,#427,#435,#443));
#426 = ORIENTED_EDGE('',*,*,#405,.T.);
#427 = ORIENTED_EDGE('',*,*,#428,.T.);
#428 = EDGE_CURVE('',#398,#429,#431,.T.);
#429 = VERTEX_POINT('',#430);
#430 = CARTESIAN_POINT('',(50.,-70.,20.));
#431 = LINE('',#432,#433);
#432 = CARTESIAN_POINT('',(50.,-220.,20.));
#433 = VECTOR('',#434,1.);
#434 = DIRECTION('',(0.,1.,0.));
#435 = ORIENTED_EDGE('',*,*,#436,.F.);
#436 = EDGE_CURVE('',#437,#429,#439,.T.);
#437 = VERTEX_POINT('',#438);
#438 = CARTESIAN_POINT('',(50.,-70.,0.));
#439 = LINE('',#440,#441);
#440 = CARTESIAN_POINT('',(50.,-70.,0.));
#441 = VECTOR('',#442,1.);
#442 = DIRECTION('',(0.,0.,1.));
#443 = ORIENTED_EDGE('',*,*,#444,.F.);
#444 = EDGE_CURVE('',#406,#437,#445,.T.);
#445 = LINE('',#446,#447);
#446 = CARTESIAN_POINT('',(50.,-220.,0.));
#447 = VECTOR('',#448,1.);
#448 = DIRECTION('',(0.,1.,0.));
#449 = PLANE('',#450);
#450 = AXIS2_PLACEMENT_3D('',#451,#452,#453);
#451 = CARTESIAN_POINT('',(50.,-220.,0.));
#452 = DIRECTION('',(-1.,0.,0.));
#453 = DIRECTION('',(0.,1.,0.));
#454 = ADVANCED_FACE('',(#455),#480,.F.);
#455 = FACE_BOUND('',#456,.F.);
#456 = EDGE_LOOP('',(#457,#458,#466,#474));
#457 = ORIENTED_EDGE('',*,*,#436,.T.);
#458 = ORIENTED_EDGE('',*,*,#459,.T.);
#459 = EDGE_CURVE('',#429,#460,#462,.T.);
#460 = VERTEX_POINT('',#461);
#461 = CARTESIAN_POINT('',(0.,-70.,20.));
#462 = LINE('',#463,#464);
#463 = CARTESIAN_POINT('',(50.,-70.,20.));
#464 = VECTOR('',#465,1.);
#465 = DIRECTION('',(-1.,0.,0.));
#466 = ORIENTED_EDGE('',*,*,#467,.F.);
#467 = EDGE_CURVE('',#468,#460,#470,.T.);
#468 = VERTEX_POINT('',#469);
#469 = CARTESIAN_POINT('',(0.,-70.,0.));
#470 = LINE('',#471,#472);
#471 = CARTESIAN_POINT('',(0.,-70.,0.));
#472 = VECTOR('',#473,1.);
#473 = DIRECTION('',(0.,0.,1.));
#474 = ORIENTED_EDGE('',*,*,#475,.F.);
#475 = EDGE_CURVE('',#437,#468,#476,.T.);
#476 = LINE('',#477,#478);
#477 = CARTESIAN_POINT('',(50.,-70.,0.));
#478 = VECTOR('',#479,1.);
#479 = DIRECTION('',(-1.,0.,0.));
#480 = PLANE('',#481);
#481 = AXIS2_PLACEMENT_3D('',#482,#483,#484);
#482 = CARTESIAN_POINT('',(50.,-70.,0.));
#483 = DIRECTION('',(0.,-1.,0.));
#484 = DIRECTION('',(-1.,0.,0.));
#485 = ADVANCED_FACE('',(#486),#502,.F.);
#486 = FACE_BOUND('',#487,.F.);
#487 = EDGE_LOOP('',(#488,#489,#495,#496));
#488 = ORIENTED_EDGE('',*,*,#467,.T.);
#489 = ORIENTED_EDGE('',*,*,#490,.T.);
#490 = EDGE_CURVE('',#460,#390,#491,.T.);
#491 = LINE('',#492,#493);
#492 = CARTESIAN_POINT('',(0.,-70.,20.));
#493 = VECTOR('',#494,1.);
#494 = DIRECTION('',(0.,-1.,0.));
#495 = ORIENTED_EDGE('',*,*,#387,.F.);
#496 = ORIENTED_EDGE('',*,*,#497,.F.);
#497 = EDGE_CURVE('',#468,#388,#498,.T.);
#498 = LINE('',#499,#500);
#499 = CARTESIAN_POINT('',(0.,-70.,0.));
#500 = VECTOR('',#501,1.);
#501 = DIRECTION('',(0.,-1.,0.));
#502 = PLANE('',#503);
#503 = AXIS2_PLACEMENT_3D('',#504,#505,#506);
#504 = CARTESIAN_POINT('',(0.,-70.,0.));
#505 = DIRECTION('',(1.,0.,-0.));
#506 = DIRECTION('',(0.,-1.,0.));
#507 = ADVANCED_FACE('',(#508),#514,.F.);
#508 = FACE_BOUND('',#509,.F.);
#509 = EDGE_LOOP('',(#510,#511,#512,#513));
#510 = ORIENTED_EDGE('',*,*,#413,.T.);
#511 = ORIENTED_EDGE('',*,*,#444,.T.);
#512 = ORIENTED_EDGE('',*,*,#475,.T.);
#513 = ORIENTED_EDGE('',*,*,#497,.T.);
#514 = PLANE('',#515);
#515 = AXIS2_PLACEMENT_3D('',#516,#517,#518);
#516 = CARTESIAN_POINT('',(25.,-145.,0.));
#517 = DIRECTION('',(0.,0.,1.));
#518 = DIRECTION('',(1.,0.,-0.));
#519 = ADVANCED_FACE('',(#520),#526,.T.);
#520 = FACE_BOUND('',#521,.T.);
#521 = EDGE_LOOP('',(#522,#523,#524,#525));
#522 = ORIENTED_EDGE('',*,*,#397,.T.);
#523 = ORIENTED_EDGE('',*,*,#428,.T.);
#524 = ORIENTED_EDGE('',*,*,#459,.T.);
#525 = ORIENTED_EDGE('',*,*,#490,.T.);
#526 = PLANE('',#527);
#527 = AXIS2_PLACEMENT_3D('',#528,#529,#530);
#528 = CARTESIAN_POINT('',(25.,-145.,20.));
#529 = DIRECTION('',(0.,0.,1.));
#530 = DIRECTION('',(1.,0.,-0.));
#531 = ( GEOMETRIC_REPRESENTATION_CONTEXT(3) 
GLOBAL_UNCERTAINTY_ASSIGNED_CONTEXT((#535)) GLOBAL_UNIT_ASSIGNED_CONTEXT
((#532,#533,#534)) REPRESENTATION_CONTEXT('Context #1',
  '3D Context with UNIT and UNCERTAINTY') );
#532 = ( LENGTH_UNIT() NAMED_UNIT(*) SI_UNIT(.MILLI.,.METRE.) );
#533 = ( NAMED_UNIT(*) PLANE_ANGLE_UNIT() SI_UNIT($,.RADIAN.) );
#534 = ( NAMED_UNIT(*) SI_UNIT($,.STERADIAN.) SOLID_ANGLE_UNIT() );
#535 = UNCERTAINTY_MEASURE_WITH_UNIT(LENGTH_MEASURE(1.E-07),#532,
  'distance_accuracy_value','confusion accuracy');
#536 = CONTEXT_DEPENDENT_SHAPE_REPRESENTATION(#537,#539);
#537 = ( REPRESENTATION_RELATIONSHIP('','',#380,#10) 
REPRESENTATION_RELATIONSHIP_WITH_TRANSFORMATION(#538) 
SHAPE_REPRESENTATION_RELATIONSHIP() );
#538 = ITEM_DEFINED_TRANSFORMATION('','',#11,#15);
#539 = PRODUCT_DEFINITION_SHAPE('Placement','Placement of an item',#540
  );
#540 = NEXT_ASSEMBLY_USAGE_OCCURRENCE('1',
  'CAT-PORT-BOTTOM-01 | BottomFlat | nominal plywood 20 mm','',#5,#375,$
  );
#541 = PRODUCT_RELATED_PRODUCT_CATEGORY('part',$,(#377));
#542 = SHAPE_DEFINITION_REPRESENTATION(#543,#549);
#543 = PRODUCT_DEFINITION_SHAPE('','',#544);
#544 = PRODUCT_DEFINITION('design','',#545,#548);
#545 = PRODUCT_DEFINITION_FORMATION('','',#546);
#546 = PRODUCT(
  'CAT-PORT-CHINE-PORT-01 | ChinePort | nominal plywood 20 mm',
  'CAT-PORT-CHINE-PORT-01 | ChinePort | nominal plywood 20 mm','',(#547)
  );
#547 = PRODUCT_CONTEXT('',#2,'mechanical');
#548 = PRODUCT_DEFINITION_CONTEXT('part definition',#2,'design');
#549 = ADVANCED_BREP_SHAPE_REPRESENTATION('',(#11,#550),#700);
#550 = MANIFOLD_SOLID_BREP('',#551);
#551 = CLOSED_SHELL('',(#552,#592,#623,#654,#676,#688));
#552 = ADVANCED_FACE('',(#553),#587,.T.);
#553 = FACE_BOUND('',#554,.T.);
#554 = EDGE_LOOP('',(#555,#565,#573,#581));
#555 = ORIENTED_EDGE('',*,*,#556,.T.);
#556 = EDGE_CURVE('',#557,#559,#561,.T.);
#557 = VERTEX_POINT('',#558);
#558 = CARTESIAN_POINT('',(0.,-220.,0.));
#559 = VERTEX_POINT('',#560);
#560 = CARTESIAN_POINT('',(0.,-214.8236190979,19.318516525781));
#561 = LINE('',#562,#563);
#562 = CARTESIAN_POINT('',(0.,-220.,0.));
#563 = VECTOR('',#564,1.);
#564 = DIRECTION('',(-0.,0.258819045103,0.965925826289));
#565 = ORIENTED_EDGE('',*,*,#566,.T.);
#566 = EDGE_CURVE('',#559,#567,#569,.T.);
#567 = VERTEX_POINT('',#568);
#568 = CARTESIAN_POINT('',(50.,-214.8236190979,19.318516525781));
#569 = LINE('',#570,#571);
#570 = CARTESIAN_POINT('',(0.,-214.8236190979,19.318516525781));
#571 = VECTOR('',#572,1.);
#572 = DIRECTION('',(1.,0.,0.));
#573 = ORIENTED_EDGE('',*,*,#574,.F.);
#574 = EDGE_CURVE('',#575,#567,#577,.T.);
#575 = VERTEX_POINT('',#576);
#576 = CARTESIAN_POINT('',(50.,-220.,0.));
#577 = LINE('',#578,#579);
#578 = CARTESIAN_POINT('',(50.,-220.,0.));
#579 = VECTOR('',#580,1.);
#580 = DIRECTION('',(-0.,0.258819045103,0.965925826289));
#581 = ORIENTED_EDGE('',*,*,#582,.F.);
#582 = EDGE_CURVE('',#557,#575,#583,.T.);
#583 = LINE('',#584,#585);
#584 = CARTESIAN_POINT('',(0.,-220.,0.));
#585 = VECTOR('',#586,1.);
#586 = DIRECTION('',(1.,0.,0.));
#587 = PLANE('',#588);
#588 = AXIS2_PLACEMENT_3D('',#589,#590,#591);
#589 = CARTESIAN_POINT('',(0.,-220.,0.));
#590 = DIRECTION('',(0.,0.965925826289,-0.258819045103));
#591 = DIRECTION('',(1.,0.,0.));
#592 = ADVANCED_FACE('',(#593),#618,.T.);
#593 = FACE_BOUND('',#594,.T.);
#594 = EDGE_LOOP('',(#595,#596,#604,#612));
#595 = ORIENTED_EDGE('',*,*,#574,.T.);
#596 = ORIENTED_EDGE('',*,*,#597,.T.);
#597 = EDGE_CURVE('',#567,#598,#600,.T.);
#598 = VERTEX_POINT('',#599);
#599 = CARTESIAN_POINT('',(50.,-269.8236190979,34.055722109493));
#600 = LINE('',#601,#602);
#601 = CARTESIAN_POINT('',(50.,-214.8236190979,19.318516525781));
#602 = VECTOR('',#603,1.);
#603 = DIRECTION('',(0.,-0.965925826289,0.258819045103));
#604 = ORIENTED_EDGE('',*,*,#605,.F.);
#605 = EDGE_CURVE('',#606,#598,#608,.T.);
#606 = VERTEX_POINT('',#607);
#607 = CARTESIAN_POINT('',(50.,-275.,14.737205583712));
#608 = LINE('',#609,#610);
#609 = CARTESIAN_POINT('',(50.,-275.,14.737205583712));
#610 = VECTOR('',#611,1.);
#611 = DIRECTION('',(-0.,0.258819045103,0.965925826289));
#612 = ORIENTED_EDGE('',*,*,#613,.F.);
#613 = EDGE_CURVE('',#575,#606,#614,.T.);
#614 = LINE('',#615,#616);
#615 = CARTESIAN_POINT('',(50.,-220.,0.));
#616 = VECTOR('',#617,1.);
#617 = DIRECTION('',(0.,-0.965925826289,0.258819045103));
#618 = PLANE('',#619);
#619 = AXIS2_PLACEMENT_3D('',#620,#621,#622);
#620 = CARTESIAN_POINT('',(50.,-220.,0.));
#621 = DIRECTION('',(1.,0.,0.));
#622 = DIRECTION('',(0.,-0.965925826289,0.258819045103));
#623 = ADVANCED_FACE('',(#624),#649,.T.);
#624 = FACE_BOUND('',#625,.T.);
#625 = EDGE_LOOP('',(#626,#627,#635,#643));
#626 = ORIENTED_EDGE('',*,*,#605,.T.);
#627 = ORIENTED_EDGE('',*,*,#628,.T.);
#628 = EDGE_CURVE('',#598,#629,#631,.T.);
#629 = VERTEX_POINT('',#630);
#630 = CARTESIAN_POINT('',(0.,-269.8236190979,34.055722109493));
#631 = LINE('',#632,#633);
#632 = CARTESIAN_POINT('',(50.,-269.8236190979,34.055722109493));
#633 = VECTOR('',#634,1.);
#634 = DIRECTION('',(-1.,0.,0.));
#635 = ORIENTED_EDGE('',*,*,#636,.F.);
#636 = EDGE_CURVE('',#637,#629,#639,.T.);
#637 = VERTEX_POINT('',#638);
#638 = CARTESIAN_POINT('',(0.,-275.,14.737205583712));
#639 = LINE('',#640,#641);
#640 = CARTESIAN_POINT('',(0.,-275.,14.737205583712));
#641 = VECTOR('',#642,1.);
#642 = DIRECTION('',(-0.,0.258819045103,0.965925826289));
#643 = ORIENTED_EDGE('',*,*,#644,.F.);
#644 = EDGE_CURVE('',#606,#637,#645,.T.);
#645 = LINE('',#646,#647);
#646 = CARTESIAN_POINT('',(50.,-275.,14.737205583712));
#647 = VECTOR('',#648,1.);
#648 = DIRECTION('',(-1.,0.,0.));
#649 = PLANE('',#650);
#650 = AXIS2_PLACEMENT_3D('',#651,#652,#653);
#651 = CARTESIAN_POINT('',(50.,-275.,14.737205583712));
#652 = DIRECTION('',(0.,-0.965925826289,0.258819045103));
#653 = DIRECTION('',(-1.,0.,0.));
#654 = ADVANCED_FACE('',(#655),#671,.T.);
#655 = FACE_BOUND('',#656,.T.);
#656 = EDGE_LOOP('',(#657,#658,#664,#665));
#657 = ORIENTED_EDGE('',*,*,#636,.T.);
#658 = ORIENTED_EDGE('',*,*,#659,.T.);
#659 = EDGE_CURVE('',#629,#559,#660,.T.);
#660 = LINE('',#661,#662);
#661 = CARTESIAN_POINT('',(0.,-269.8236190979,34.055722109493));
#662 = VECTOR('',#663,1.);
#663 = DIRECTION('',(0.,0.965925826289,-0.258819045103));
#664 = ORIENTED_EDGE('',*,*,#556,.F.);
#665 = ORIENTED_EDGE('',*,*,#666,.F.);
#666 = EDGE_CURVE('',#637,#557,#667,.T.);
#667 = LINE('',#668,#669);
#668 = CARTESIAN_POINT('',(0.,-275.,14.737205583712));
#669 = VECTOR('',#670,1.);
#670 = DIRECTION('',(0.,0.965925826289,-0.258819045103));
#671 = PLANE('',#672);
#672 = AXIS2_PLACEMENT_3D('',#673,#674,#675);
#673 = CARTESIAN_POINT('',(0.,-275.,14.737205583712));
#674 = DIRECTION('',(-1.,0.,-0.));
#675 = DIRECTION('',(0.,0.965925826289,-0.258819045103));
#676 = ADVANCED_FACE('',(#677),#683,.T.);
#677 = FACE_BOUND('',#678,.T.);
#678 = EDGE_LOOP('',(#679,#680,#681,#682));
#679 = ORIENTED_EDGE('',*,*,#582,.T.);
#680 = ORIENTED_EDGE('',*,*,#613,.T.);
#681 = ORIENTED_EDGE('',*,*,#644,.T.);
#682 = ORIENTED_EDGE('',*,*,#666,.T.);
#683 = PLANE('',#684);
#684 = AXIS2_PLACEMENT_3D('',#685,#686,#687);
#685 = CARTESIAN_POINT('',(25.,-247.5,7.368602791856));
#686 = DIRECTION('',(-0.,-0.258819045103,-0.965925826289));
#687 = DIRECTION('',(0.,-0.965925826289,0.258819045103));
#688 = ADVANCED_FACE('',(#689),#695,.F.);
#689 = FACE_BOUND('',#690,.F.);
#690 = EDGE_LOOP('',(#691,#692,#693,#694));
#691 = ORIENTED_EDGE('',*,*,#566,.T.);
#692 = ORIENTED_EDGE('',*,*,#597,.T.);
#693 = ORIENTED_EDGE('',*,*,#628,.T.);
#694 = ORIENTED_EDGE('',*,*,#659,.T.);
#695 = PLANE('',#696);
#696 = AXIS2_PLACEMENT_3D('',#697,#698,#699);
#697 = CARTESIAN_POINT('',(25.,-242.3236190979,26.687119317637));
#698 = DIRECTION('',(-0.,-0.258819045103,-0.965925826289));
#699 = DIRECTION('',(0.,-0.965925826289,0.258819045103));
#700 = ( GEOMETRIC_REPRESENTATION_CONTEXT(3) 
GLOBAL_UNCERTAINTY_ASSIGNED_CONTEXT((#704)) GLOBAL_UNIT_ASSIGNED_CONTEXT
((#701,#702,#703)) REPRESENTATION_CONTEXT('Context #1',
  '3D Context with UNIT and UNCERTAINTY') );
#701 = ( LENGTH_UNIT() NAMED_UNIT(*) SI_UNIT(.MILLI.,.METRE.) );
#702 = ( NAMED_UNIT(*) PLANE_ANGLE_UNIT() SI_UNIT($,.RADIAN.) );
#703 = ( NAMED_UNIT(*) SI_UNIT($,.STERADIAN.) SOLID_ANGLE_UNIT() );
#704 = UNCERTAINTY_MEASURE_WITH_UNIT(LENGTH_MEASURE(1.E-07),#701,
  'distance_accuracy_value','confusion accuracy');
#705 = CONTEXT_DEPENDENT_SHAPE_REPRESENTATION(#706,#708);
#706 = ( REPRESENTATION_RELATIONSHIP('','',#549,#10) 
REPRESENTATION_RELATIONSHIP_WITH_TRANSFORMATION(#707) 
SHAPE_REPRESENTATION_RELATIONSHIP() );
#707 = ITEM_DEFINED_TRANSFORMATION('','',#11,#19);
#708 = PRODUCT_DEFINITION_SHAPE('Placement','Placement of an item',#709
  );
#709 = NEXT_ASSEMBLY_USAGE_OCCURRENCE('2',
  'CAT-PORT-CHINE-PORT-01 | ChinePort | nominal plywood 20 mm','',#5,
  #544,$);
#710 = PRODUCT_RELATED_PRODUCT_CATEGORY('part',$,(#546));
#711 = SHAPE_DEFINITION_REPRESENTATION(#712,#718);
#712 = PRODUCT_DEFINITION_SHAPE('','',#713);
#713 = PRODUCT_DEFINITION('design','',#714,#717);
#714 = PRODUCT_DEFINITION_FORMATION('','',#715);
#715 = PRODUCT(
  'CAT-PORT-CHINE-STARBOARD-01 | ChineStarboard | nominal plywood 20 mm'
  ,
  'CAT-PORT-CHINE-STARBOARD-01 | ChineStarboard | nominal plywood 20 mm'
  ,'',(#716));
#716 = PRODUCT_CONTEXT('',#2,'mechanical');
#717 = PRODUCT_DEFINITION_CONTEXT('part definition',#2,'design');
#718 = ADVANCED_BREP_SHAPE_REPRESENTATION('',(#11,#719),#869);
#719 = MANIFOLD_SOLID_BREP('',#720);
#720 = CLOSED_SHELL('',(#721,#761,#792,#823,#845,#857));
#721 = ADVANCED_FACE('',(#722),#756,.T.);
#722 = FACE_BOUND('',#723,.T.);
#723 = EDGE_LOOP('',(#724,#734,#742,#750));
#724 = ORIENTED_EDGE('',*,*,#725,.T.);
#725 = EDGE_CURVE('',#726,#728,#730,.T.);
#726 = VERTEX_POINT('',#727);
#727 = CARTESIAN_POINT('',(0.,-70.,0.));
#728 = VERTEX_POINT('',#729);
#729 = CARTESIAN_POINT('',(0.,-75.17638090205,19.318516525781));
#730 = LINE('',#731,#732);
#731 = CARTESIAN_POINT('',(0.,-70.,0.));
#732 = VECTOR('',#733,1.);
#733 = DIRECTION('',(-0.,-0.258819045103,0.965925826289));
#734 = ORIENTED_EDGE('',*,*,#735,.T.);
#735 = EDGE_CURVE('',#728,#736,#738,.T.);
#736 = VERTEX_POINT('',#737);
#737 = CARTESIAN_POINT('',(0.,-20.17638090205,34.055722109493));
#738 = LINE('',#739,#740);
#739 = CARTESIAN_POINT('',(0.,-75.17638090205,19.318516525781));
#740 = VECTOR('',#741,1.);
#741 = DIRECTION('',(0.,0.965925826289,0.258819045103));
#742 = ORIENTED_EDGE('',*,*,#743,.F.);
#743 = EDGE_CURVE('',#744,#736,#746,.T.);
#744 = VERTEX_POINT('',#745);
#745 = CARTESIAN_POINT('',(0.,-15.,14.737205583712));
#746 = LINE('',#747,#748);
#747 = CARTESIAN_POINT('',(0.,-15.,14.737205583712));
#748 = VECTOR('',#749,1.);
#749 = DIRECTION('',(-0.,-0.258819045103,0.965925826289));
#750 = ORIENTED_EDGE('',*,*,#751,.F.);
#751 = EDGE_CURVE('',#726,#744,#752,.T.);
#752 = LINE('',#753,#754);
#753 = CARTESIAN_POINT('',(0.,-70.,0.));
#754 = VECTOR('',#755,1.);
#755 = DIRECTION('',(0.,0.965925826289,0.258819045103));
#756 = PLANE('',#757);
#757 = AXIS2_PLACEMENT_3D('',#758,#759,#760);
#758 = CARTESIAN_POINT('',(0.,-70.,0.));
#759 = DIRECTION('',(-1.,0.,0.));
#760 = DIRECTION('',(0.,0.965925826289,0.258819045103));
#761 = ADVANCED_FACE('',(#762),#787,.T.);
#762 = FACE_BOUND('',#763,.T.);
#763 = EDGE_LOOP('',(#764,#765,#773,#781));
#764 = ORIENTED_EDGE('',*,*,#743,.T.);
#765 = ORIENTED_EDGE('',*,*,#766,.T.);
#766 = EDGE_CURVE('',#736,#767,#769,.T.);
#767 = VERTEX_POINT('',#768);
#768 = CARTESIAN_POINT('',(50.,-20.17638090205,34.055722109493));
#769 = LINE('',#770,#771);
#770 = CARTESIAN_POINT('',(0.,-20.17638090205,34.055722109493));
#771 = VECTOR('',#772,1.);
#772 = DIRECTION('',(1.,0.,0.));
#773 = ORIENTED_EDGE('',*,*,#774,.F.);
#774 = EDGE_CURVE('',#775,#767,#777,.T.);
#775 = VERTEX_POINT('',#776);
#776 = CARTESIAN_POINT('',(50.,-15.,14.737205583712));
#777 = LINE('',#778,#779);
#778 = CARTESIAN_POINT('',(50.,-15.,14.737205583712));
#779 = VECTOR('',#780,1.);
#780 = DIRECTION('',(-0.,-0.258819045103,0.965925826289));
#781 = ORIENTED_EDGE('',*,*,#782,.F.);
#782 = EDGE_CURVE('',#744,#775,#783,.T.);
#783 = LINE('',#784,#785);
#784 = CARTESIAN_POINT('',(0.,-15.,14.737205583712));
#785 = VECTOR('',#786,1.);
#786 = DIRECTION('',(1.,0.,0.));
#787 = PLANE('',#788);
#788 = AXIS2_PLACEMENT_3D('',#789,#790,#791);
#789 = CARTESIAN_POINT('',(0.,-15.,14.737205583712));
#790 = DIRECTION('',(-0.,0.965925826289,0.258819045103));
#791 = DIRECTION('',(1.,0.,0.));
#792 = ADVANCED_FACE('',(#793),#818,.T.);
#793 = FACE_BOUND('',#794,.T.);
#794 = EDGE_LOOP('',(#795,#796,#804,#812));
#795 = ORIENTED_EDGE('',*,*,#774,.T.);
#796 = ORIENTED_EDGE('',*,*,#797,.T.);
#797 = EDGE_CURVE('',#767,#798,#800,.T.);
#798 = VERTEX_POINT('',#799);
#799 = CARTESIAN_POINT('',(50.,-75.17638090205,19.318516525781));
#800 = LINE('',#801,#802);
#801 = CARTESIAN_POINT('',(50.,-20.17638090205,34.055722109493));
#802 = VECTOR('',#803,1.);
#803 = DIRECTION('',(0.,-0.965925826289,-0.258819045103));
#804 = ORIENTED_EDGE('',*,*,#805,.F.);
#805 = EDGE_CURVE('',#806,#798,#808,.T.);
#806 = VERTEX_POINT('',#807);
#807 = CARTESIAN_POINT('',(50.,-70.,0.));
#808 = LINE('',#809,#810);
#809 = CARTESIAN_POINT('',(50.,-70.,0.));
#810 = VECTOR('',#811,1.);
#811 = DIRECTION('',(-0.,-0.258819045103,0.965925826289));
#812 = ORIENTED_EDGE('',*,*,#813,.F.);
#813 = EDGE_CURVE('',#775,#806,#814,.T.);
#814 = LINE('',#815,#816);
#815 = CARTESIAN_POINT('',(50.,-15.,14.737205583712));
#816 = VECTOR('',#817,1.);
#817 = DIRECTION('',(0.,-0.965925826289,-0.258819045103));
#818 = PLANE('',#819);
#819 = AXIS2_PLACEMENT_3D('',#820,#821,#822);
#820 = CARTESIAN_POINT('',(50.,-15.,14.737205583712));
#821 = DIRECTION('',(1.,0.,0.));
#822 = DIRECTION('',(0.,-0.965925826289,-0.258819045103));
#823 = ADVANCED_FACE('',(#824),#840,.T.);
#824 = FACE_BOUND('',#825,.T.);
#825 = EDGE_LOOP('',(#826,#827,#833,#834));
#826 = ORIENTED_EDGE('',*,*,#805,.T.);
#827 = ORIENTED_EDGE('',*,*,#828,.T.);
#828 = EDGE_CURVE('',#798,#728,#829,.T.);
#829 = LINE('',#830,#831);
#830 = CARTESIAN_POINT('',(50.,-75.17638090205,19.318516525781));
#831 = VECTOR('',#832,1.);
#832 = DIRECTION('',(-1.,0.,0.));
#833 = ORIENTED_EDGE('',*,*,#725,.F.);
#834 = ORIENTED_EDGE('',*,*,#835,.F.);
#835 = EDGE_CURVE('',#806,#726,#836,.T.);
#836 = LINE('',#837,#838);
#837 = CARTESIAN_POINT('',(50.,-70.,0.));
#838 = VECTOR('',#839,1.);
#839 = DIRECTION('',(-1.,0.,0.));
#840 = PLANE('',#841);
#841 = AXIS2_PLACEMENT_3D('',#842,#843,#844);
#842 = CARTESIAN_POINT('',(50.,-70.,0.));
#843 = DIRECTION('',(-0.,-0.965925826289,-0.258819045103));
#844 = DIRECTION('',(-1.,0.,0.));
#845 = ADVANCED_FACE('',(#846),#852,.T.);
#846 = FACE_BOUND('',#847,.T.);
#847 = EDGE_LOOP('',(#848,#849,#850,#851));
#848 = ORIENTED_EDGE('',*,*,#751,.T.);
#849 = ORIENTED_EDGE('',*,*,#782,.T.);
#850 = ORIENTED_EDGE('',*,*,#813,.T.);
#851 = ORIENTED_EDGE('',*,*,#835,.T.);
#852 = PLANE('',#853);
#853 = AXIS2_PLACEMENT_3D('',#854,#855,#856);
#854 = CARTESIAN_POINT('',(25.,-42.5,7.368602791856));
#855 = DIRECTION('',(-0.,0.258819045103,-0.965925826289));
#856 = DIRECTION('',(0.,-0.965925826289,-0.258819045103));
#857 = ADVANCED_FACE('',(#858),#864,.F.);
#858 = FACE_BOUND('',#859,.F.);
#859 = EDGE_LOOP('',(#860,#861,#862,#863));
#860 = ORIENTED_EDGE('',*,*,#735,.T.);
#861 = ORIENTED_EDGE('',*,*,#766,.T.);
#862 = ORIENTED_EDGE('',*,*,#797,.T.);
#863 = ORIENTED_EDGE('',*,*,#828,.T.);
#864 = PLANE('',#865);
#865 = AXIS2_PLACEMENT_3D('',#866,#867,#868);
#866 = CARTESIAN_POINT('',(25.,-47.67638090205,26.687119317637));
#867 = DIRECTION('',(-0.,0.258819045103,-0.965925826289));
#868 = DIRECTION('',(0.,-0.965925826289,-0.258819045103));
#869 = ( GEOMETRIC_REPRESENTATION_CONTEXT(3) 
GLOBAL_UNCERTAINTY_ASSIGNED_CONTEXT((#873)) GLOBAL_UNIT_ASSIGNED_CONTEXT
((#870,#871,#872)) REPRESENTATION_CONTEXT('Context #1',
  '3D Context with UNIT and UNCERTAINTY') );
#870 = ( LENGTH_UNIT() NAMED_UNIT(*) SI_UNIT(.MILLI.,.METRE.) );
#871 = ( NAMED_UNIT(*) PLANE_ANGLE_UNIT() SI_UNIT($,.RADIAN.) );
#872 = ( NAMED_UNIT(*) SI_UNIT($,.STERADIAN.) SOLID_ANGLE_UNIT() );
#873 = UNCERTAINTY_MEASURE_WITH_UNIT(LENGTH_MEASURE(1.E-07),#870,
  'distance_accuracy_value','confusion accuracy');
#874 = CONTEXT_DEPENDENT_SHAPE_REPRESENTATION(#875,#877);
#875 = ( REPRESENTATION_RELATIONSHIP('','',#718,#10) 
REPRESENTATION_RELATIONSHIP_WITH_TRANSFORMATION(#876) 
SHAPE_REPRESENTATION_RELATIONSHIP() );
#876 = ITEM_DEFINED_TRANSFORMATION('','',#11,#23);
#877 = PRODUCT_DEFINITION_SHAPE('Placement','Placement of an item',#878
  );
#878 = NEXT_ASSEMBLY_USAGE_OCCURRENCE('3',
  'CAT-PORT-CHINE-STARBOARD-01 | ChineStarboard | nominal plywood 20 mm'
  ,'',#5,#713,$);
#879 = PRODUCT_RELATED_PRODUCT_CATEGORY('part',$,(#715));
#880 = SHAPE_DEFINITION_REPRESENTATION(#881,#887);
#881 = PRODUCT_DEFINITION_SHAPE('','',#882);
#882 = PRODUCT_DEFINITION('design','',#883,#886);
#883 = PRODUCT_DEFINITION_FORMATION('','',#884);
#884 = PRODUCT(
  'CAT-PORT-SIDE-PORT-01 | SidePort | nominal plywood 20 mm',
  'CAT-PORT-SIDE-PORT-01 | SidePort | nominal plywood 20 mm','',(#885));
#885 = PRODUCT_CONTEXT('',#2,'mechanical');
#886 = PRODUCT_DEFINITION_CONTEXT('part definition',#2,'design');
#887 = ADVANCED_BREP_SHAPE_REPRESENTATION('',(#11,#888),#1038);
#888 = MANIFOLD_SOLID_BREP('',#889);
#889 = CLOSED_SHELL('',(#890,#930,#961,#992,#1014,#1026));
#890 = ADVANCED_FACE('',(#891),#925,.T.);
#891 = FACE_BOUND('',#892,.T.);
#892 = EDGE_LOOP('',(#893,#903,#911,#919));
#893 = ORIENTED_EDGE('',*,*,#894,.T.);
#894 = EDGE_CURVE('',#895,#897,#899,.T.);
#895 = VERTEX_POINT('',#896);
#896 = CARTESIAN_POINT('',(0.,-275.,14.737205583712));
#897 = VERTEX_POINT('',#898);
#898 = CARTESIAN_POINT('',(0.,-255.,14.737205583712));
#899 = LINE('',#900,#901);
#900 = CARTESIAN_POINT('',(0.,-275.,14.737205583712));
#901 = VECTOR('',#902,1.);
#902 = DIRECTION('',(-0.,1.,-0.));
#903 = ORIENTED_EDGE('',*,*,#904,.T.);
#904 = EDGE_CURVE('',#897,#905,#907,.T.);
#905 = VERTEX_POINT('',#906);
#906 = CARTESIAN_POINT('',(50.,-255.,14.737205583712));
#907 = LINE('',#908,#909);
#908 = CARTESIAN_POINT('',(0.,-255.,14.737205583712));
#909 = VECTOR('',#910,1.);
#910 = DIRECTION('',(1.,0.,0.));
#911 = ORIENTED_EDGE('',*,*,#912,.F.);
#912 = EDGE_CURVE('',#913,#905,#915,.T.);
#913 = VERTEX_POINT('',#914);
#914 = CARTESIAN_POINT('',(50.,-275.,14.737205583712));
#915 = LINE('',#916,#917);
#916 = CARTESIAN_POINT('',(50.,-275.,14.737205583712));
#917 = VECTOR('',#918,1.);
#918 = DIRECTION('',(-0.,1.,-0.));
#919 = ORIENTED_EDGE('',*,*,#920,.F.);
#920 = EDGE_CURVE('',#895,#913,#921,.T.);
#921 = LINE('',#922,#923);
#922 = CARTESIAN_POINT('',(0.,-275.,14.737205583712));
#923 = VECTOR('',#924,1.);
#924 = DIRECTION('',(1.,0.,0.));
#925 = PLANE('',#926);
#926 = AXIS2_PLACEMENT_3D('',#927,#928,#929);
#927 = CARTESIAN_POINT('',(0.,-275.,14.737205583712));
#928 = DIRECTION('',(0.,0.,-1.));
#929 = DIRECTION('',(1.,0.,0.));
#930 = ADVANCED_FACE('',(#931),#956,.T.);
#931 = FACE_BOUND('',#932,.T.);
#932 = EDGE_LOOP('',(#933,#934,#942,#950));
#933 = ORIENTED_EDGE('',*,*,#912,.T.);
#934 = ORIENTED_EDGE('',*,*,#935,.T.);
#935 = EDGE_CURVE('',#905,#936,#938,.T.);
#936 = VERTEX_POINT('',#937);
#937 = CARTESIAN_POINT('',(50.,-255.,140.));
#938 = LINE('',#939,#940);
#939 = CARTESIAN_POINT('',(50.,-255.,14.737205583712));
#940 = VECTOR('',#941,1.);
#941 = DIRECTION('',(0.,0.,1.));
#942 = ORIENTED_EDGE('',*,*,#943,.F.);
#943 = EDGE_CURVE('',#944,#936,#946,.T.);
#944 = VERTEX_POINT('',#945);
#945 = CARTESIAN_POINT('',(50.,-275.,140.));
#946 = LINE('',#947,#948);
#947 = CARTESIAN_POINT('',(50.,-275.,140.));
#948 = VECTOR('',#949,1.);
#949 = DIRECTION('',(-0.,1.,-0.));
#950 = ORIENTED_EDGE('',*,*,#951,.F.);
#951 = EDGE_CURVE('',#913,#944,#952,.T.);
#952 = LINE('',#953,#954);
#953 = CARTESIAN_POINT('',(50.,-275.,14.737205583712));
#954 = VECTOR('',#955,1.);
#955 = DIRECTION('',(0.,0.,1.));
#956 = PLANE('',#957);
#957 = AXIS2_PLACEMENT_3D('',#958,#959,#960);
#958 = CARTESIAN_POINT('',(50.,-275.,14.737205583712));
#959 = DIRECTION('',(1.,0.,-0.));
#960 = DIRECTION('',(0.,0.,1.));
#961 = ADVANCED_FACE('',(#962),#987,.T.);
#962 = FACE_BOUND('',#963,.T.);
#963 = EDGE_LOOP('',(#964,#965,#973,#981));
#964 = ORIENTED_EDGE('',*,*,#943,.T.);
#965 = ORIENTED_EDGE('',*,*,#966,.T.);
#966 = EDGE_CURVE('',#936,#967,#969,.T.);
#967 = VERTEX_POINT('',#968);
#968 = CARTESIAN_POINT('',(0.,-255.,140.));
#969 = LINE('',#970,#971);
#970 = CARTESIAN_POINT('',(50.,-255.,140.));
#971 = VECTOR('',#972,1.);
#972 = DIRECTION('',(-1.,0.,0.));
#973 = ORIENTED_EDGE('',*,*,#974,.F.);
#974 = EDGE_CURVE('',#975,#967,#977,.T.);
#975 = VERTEX_POINT('',#976);
#976 = CARTESIAN_POINT('',(0.,-275.,140.));
#977 = LINE('',#978,#979);
#978 = CARTESIAN_POINT('',(0.,-275.,140.));
#979 = VECTOR('',#980,1.);
#980 = DIRECTION('',(-0.,1.,-0.));
#981 = ORIENTED_EDGE('',*,*,#982,.F.);
#982 = EDGE_CURVE('',#944,#975,#983,.T.);
#983 = LINE('',#984,#985);
#984 = CARTESIAN_POINT('',(50.,-275.,140.));
#985 = VECTOR('',#986,1.);
#986 = DIRECTION('',(-1.,0.,0.));
#987 = PLANE('',#988);
#988 = AXIS2_PLACEMENT_3D('',#989,#990,#991);
#989 = CARTESIAN_POINT('',(50.,-275.,140.));
#990 = DIRECTION('',(0.,0.,1.));
#991 = DIRECTION('',(-1.,0.,0.));
#992 = ADVANCED_FACE('',(#993),#1009,.T.);
#993 = FACE_BOUND('',#994,.T.);
#994 = EDGE_LOOP('',(#995,#996,#1002,#1003));
#995 = ORIENTED_EDGE('',*,*,#974,.T.);
#996 = ORIENTED_EDGE('',*,*,#997,.T.);
#997 = EDGE_CURVE('',#967,#897,#998,.T.);
#998 = LINE('',#999,#1000);
#999 = CARTESIAN_POINT('',(0.,-255.,140.));
#1000 = VECTOR('',#1001,1.);
#1001 = DIRECTION('',(0.,0.,-1.));
#1002 = ORIENTED_EDGE('',*,*,#894,.F.);
#1003 = ORIENTED_EDGE('',*,*,#1004,.F.);
#1004 = EDGE_CURVE('',#975,#895,#1005,.T.);
#1005 = LINE('',#1006,#1007);
#1006 = CARTESIAN_POINT('',(0.,-275.,140.));
#1007 = VECTOR('',#1008,1.);
#1008 = DIRECTION('',(0.,0.,-1.));
#1009 = PLANE('',#1010);
#1010 = AXIS2_PLACEMENT_3D('',#1011,#1012,#1013);
#1011 = CARTESIAN_POINT('',(0.,-275.,140.));
#1012 = DIRECTION('',(-1.,-0.,-0.));
#1013 = DIRECTION('',(0.,0.,-1.));
#1014 = ADVANCED_FACE('',(#1015),#1021,.T.);
#1015 = FACE_BOUND('',#1016,.T.);
#1016 = EDGE_LOOP('',(#1017,#1018,#1019,#1020));
#1017 = ORIENTED_EDGE('',*,*,#920,.T.);
#1018 = ORIENTED_EDGE('',*,*,#951,.T.);
#1019 = ORIENTED_EDGE('',*,*,#982,.T.);
#1020 = ORIENTED_EDGE('',*,*,#1004,.T.);
#1021 = PLANE('',#1022);
#1022 = AXIS2_PLACEMENT_3D('',#1023,#1024,#1025);
#1023 = CARTESIAN_POINT('',(25.,-275.,77.368602791856));
#1024 = DIRECTION('',(-0.,-1.,-0.));
#1025 = DIRECTION('',(0.,0.,-1.));
#1026 = ADVANCED_FACE('',(#1027),#1033,.F.);
#1027 = FACE_BOUND('',#1028,.F.);
#1028 = EDGE_LOOP('',(#1029,#1030,#1031,#1032));
#1029 = ORIENTED_EDGE('',*,*,#904,.T.);
#1030 = ORIENTED_EDGE('',*,*,#935,.T.);
#1031 = ORIENTED_EDGE('',*,*,#966,.T.);
#1032 = ORIENTED_EDGE('',*,*,#997,.T.);
#1033 = PLANE('',#1034);
#1034 = AXIS2_PLACEMENT_3D('',#1035,#1036,#1037);
#1035 = CARTESIAN_POINT('',(25.,-255.,77.368602791856));
#1036 = DIRECTION('',(-0.,-1.,-0.));
#1037 = DIRECTION('',(0.,0.,-1.));
#1038 = ( GEOMETRIC_REPRESENTATION_CONTEXT(3) 
GLOBAL_UNCERTAINTY_ASSIGNED_CONTEXT((#1042)) 
GLOBAL_UNIT_ASSIGNED_CONTEXT((#1039,#1040,#1041)) REPRESENTATION_CONTEXT
('Context #1','3D Context with UNIT and UNCERTAINTY') );
#1039 = ( LENGTH_UNIT() NAMED_UNIT(*) SI_UNIT(.MILLI.,.METRE.) );
#1040 = ( NAMED_UNIT(*) PLANE_ANGLE_UNIT() SI_UNIT($,.RADIAN.) );
#1041 = ( NAMED_UNIT(*) SI_UNIT($,.STERADIAN.) SOLID_ANGLE_UNIT() );
#1042 = UNCERTAINTY_MEASURE_WITH_UNIT(LENGTH_MEASURE(1.E-07),#1039,
  'distance_accuracy_value','confusion accuracy');
#1043 = CONTEXT_DEPENDENT_SHAPE_REPRESENTATION(#1044,#1046);
#1044 = ( REPRESENTATION_RELATIONSHIP('','',#887,#10) 
REPRESENTATION_RELATIONSHIP_WITH_TRANSFORMATION(#1045) 
SHAPE_REPRESENTATION_RELATIONSHIP() );
#1045 = ITEM_DEFINED_TRANSFORMATION('','',#11,#27);
#1046 = PRODUCT_DEFINITION_SHAPE('Placement','Placement of an item',
  #1047);
#1047 = NEXT_ASSEMBLY_USAGE_OCCURRENCE('4',
  'CAT-PORT-SIDE-PORT-01 | SidePort | nominal plywood 20 mm','',#5,#882,
  $);
#1048 = PRODUCT_RELATED_PRODUCT_CATEGORY('part',$,(#884));
#1049 = SHAPE_DEFINITION_REPRESENTATION(#1050,#1056);
#1050 = PRODUCT_DEFINITION_SHAPE('','',#1051);
#1051 = PRODUCT_DEFINITION('design','',#1052,#1055);
#1052 = PRODUCT_DEFINITION_FORMATION('','',#1053);
#1053 = PRODUCT(
  'CAT-PORT-SIDE-STARBOARD-01 | SideStarboard | nominal plywood 20 mm',
  'CAT-PORT-SIDE-STARBOARD-01 | SideStarboard | nominal plywood 20 mm',
  '',(#1054));
#1054 = PRODUCT_CONTEXT('',#2,'mechanical');
#1055 = PRODUCT_DEFINITION_CONTEXT('part definition',#2,'design');
#1056 = ADVANCED_BREP_SHAPE_REPRESENTATION('',(#11,#1057),#1207);
#1057 = MANIFOLD_SOLID_BREP('',#1058);
#1058 = CLOSED_SHELL('',(#1059,#1099,#1130,#1161,#1183,#1195));
#1059 = ADVANCED_FACE('',(#1060),#1094,.T.);
#1060 = FACE_BOUND('',#1061,.T.);
#1061 = EDGE_LOOP('',(#1062,#1072,#1080,#1088));
#1062 = ORIENTED_EDGE('',*,*,#1063,.T.);
#1063 = EDGE_CURVE('',#1064,#1066,#1068,.T.);
#1064 = VERTEX_POINT('',#1065);
#1065 = CARTESIAN_POINT('',(0.,-15.,14.737205583712));
#1066 = VERTEX_POINT('',#1067);
#1067 = CARTESIAN_POINT('',(0.,-35.,14.737205583712));
#1068 = LINE('',#1069,#1070);
#1069 = CARTESIAN_POINT('',(0.,-15.,14.737205583712));
#1070 = VECTOR('',#1071,1.);
#1071 = DIRECTION('',(-0.,-1.,-0.));
#1072 = ORIENTED_EDGE('',*,*,#1073,.T.);
#1073 = EDGE_CURVE('',#1066,#1074,#1076,.T.);
#1074 = VERTEX_POINT('',#1075);
#1075 = CARTESIAN_POINT('',(0.,-35.,140.));
#1076 = LINE('',#1077,#1078);
#1077 = CARTESIAN_POINT('',(0.,-35.,14.737205583712));
#1078 = VECTOR('',#1079,1.);
#1079 = DIRECTION('',(0.,0.,1.));
#1080 = ORIENTED_EDGE('',*,*,#1081,.F.);
#1081 = EDGE_CURVE('',#1082,#1074,#1084,.T.);
#1082 = VERTEX_POINT('',#1083);
#1083 = CARTESIAN_POINT('',(0.,-15.,140.));
#1084 = LINE('',#1085,#1086);
#1085 = CARTESIAN_POINT('',(0.,-15.,140.));
#1086 = VECTOR('',#1087,1.);
#1087 = DIRECTION('',(-0.,-1.,-0.));
#1088 = ORIENTED_EDGE('',*,*,#1089,.F.);
#1089 = EDGE_CURVE('',#1064,#1082,#1090,.T.);
#1090 = LINE('',#1091,#1092);
#1091 = CARTESIAN_POINT('',(0.,-15.,14.737205583712));
#1092 = VECTOR('',#1093,1.);
#1093 = DIRECTION('',(0.,0.,1.));
#1094 = PLANE('',#1095);
#1095 = AXIS2_PLACEMENT_3D('',#1096,#1097,#1098);
#1096 = CARTESIAN_POINT('',(0.,-15.,14.737205583712));
#1097 = DIRECTION('',(-1.,0.,0.));
#1098 = DIRECTION('',(0.,0.,1.));
#1099 = ADVANCED_FACE('',(#1100),#1125,.T.);
#1100 = FACE_BOUND('',#1101,.T.);
#1101 = EDGE_LOOP('',(#1102,#1103,#1111,#1119));
#1102 = ORIENTED_EDGE('',*,*,#1081,.T.);
#1103 = ORIENTED_EDGE('',*,*,#1104,.T.);
#1104 = EDGE_CURVE('',#1074,#1105,#1107,.T.);
#1105 = VERTEX_POINT('',#1106);
#1106 = CARTESIAN_POINT('',(50.,-35.,140.));
#1107 = LINE('',#1108,#1109);
#1108 = CARTESIAN_POINT('',(0.,-35.,140.));
#1109 = VECTOR('',#1110,1.);
#1110 = DIRECTION('',(1.,0.,0.));
#1111 = ORIENTED_EDGE('',*,*,#1112,.F.);
#1112 = EDGE_CURVE('',#1113,#1105,#1115,.T.);
#1113 = VERTEX_POINT('',#1114);
#1114 = CARTESIAN_POINT('',(50.,-15.,140.));
#1115 = LINE('',#1116,#1117);
#1116 = CARTESIAN_POINT('',(50.,-15.,140.));
#1117 = VECTOR('',#1118,1.);
#1118 = DIRECTION('',(-0.,-1.,-0.));
#1119 = ORIENTED_EDGE('',*,*,#1120,.F.);
#1120 = EDGE_CURVE('',#1082,#1113,#1121,.T.);
#1121 = LINE('',#1122,#1123);
#1122 = CARTESIAN_POINT('',(0.,-15.,140.));
#1123 = VECTOR('',#1124,1.);
#1124 = DIRECTION('',(1.,0.,0.));
#1125 = PLANE('',#1126);
#1126 = AXIS2_PLACEMENT_3D('',#1127,#1128,#1129);
#1127 = CARTESIAN_POINT('',(0.,-15.,140.));
#1128 = DIRECTION('',(0.,0.,1.));
#1129 = DIRECTION('',(1.,0.,-0.));
#1130 = ADVANCED_FACE('',(#1131),#1156,.T.);
#1131 = FACE_BOUND('',#1132,.T.);
#1132 = EDGE_LOOP('',(#1133,#1134,#1142,#1150));
#1133 = ORIENTED_EDGE('',*,*,#1112,.T.);
#1134 = ORIENTED_EDGE('',*,*,#1135,.T.);
#1135 = EDGE_CURVE('',#1105,#1136,#1138,.T.);
#1136 = VERTEX_POINT('',#1137);
#1137 = CARTESIAN_POINT('',(50.,-35.,14.737205583712));
#1138 = LINE('',#1139,#1140);
#1139 = CARTESIAN_POINT('',(50.,-35.,140.));
#1140 = VECTOR('',#1141,1.);
#1141 = DIRECTION('',(0.,0.,-1.));
#1142 = ORIENTED_EDGE('',*,*,#1143,.F.);
#1143 = EDGE_CURVE('',#1144,#1136,#1146,.T.);
#1144 = VERTEX_POINT('',#1145);
#1145 = CARTESIAN_POINT('',(50.,-15.,14.737205583712));
#1146 = LINE('',#1147,#1148);
#1147 = CARTESIAN_POINT('',(50.,-15.,14.737205583712));
#1148 = VECTOR('',#1149,1.);
#1149 = DIRECTION('',(-0.,-1.,-0.));
#1150 = ORIENTED_EDGE('',*,*,#1151,.F.);
#1151 = EDGE_CURVE('',#1113,#1144,#1152,.T.);
#1152 = LINE('',#1153,#1154);
#1153 = CARTESIAN_POINT('',(50.,-15.,140.));
#1154 = VECTOR('',#1155,1.);
#1155 = DIRECTION('',(0.,0.,-1.));
#1156 = PLANE('',#1157);
#1157 = AXIS2_PLACEMENT_3D('',#1158,#1159,#1160);
#1158 = CARTESIAN_POINT('',(50.,-15.,140.));
#1159 = DIRECTION('',(1.,-0.,0.));
#1160 = DIRECTION('',(0.,0.,-1.));
#1161 = ADVANCED_FACE('',(#1162),#1178,.T.);
#1162 = FACE_BOUND('',#1163,.T.);
#1163 = EDGE_LOOP('',(#1164,#1165,#1171,#1172));
#1164 = ORIENTED_EDGE('',*,*,#1143,.T.);
#1165 = ORIENTED_EDGE('',*,*,#1166,.T.);
#1166 = EDGE_CURVE('',#1136,#1066,#1167,.T.);
#1167 = LINE('',#1168,#1169);
#1168 = CARTESIAN_POINT('',(50.,-35.,14.737205583712));
#1169 = VECTOR('',#1170,1.);
#1170 = DIRECTION('',(-1.,0.,0.));
#1171 = ORIENTED_EDGE('',*,*,#1063,.F.);
#1172 = ORIENTED_EDGE('',*,*,#1173,.F.);
#1173 = EDGE_CURVE('',#1144,#1064,#1174,.T.);
#1174 = LINE('',#1175,#1176);
#1175 = CARTESIAN_POINT('',(50.,-15.,14.737205583712));
#1176 = VECTOR('',#1177,1.);
#1177 = DIRECTION('',(-1.,0.,0.));
#1178 = PLANE('',#1179);
#1179 = AXIS2_PLACEMENT_3D('',#1180,#1181,#1182);
#1180 = CARTESIAN_POINT('',(50.,-15.,14.737205583712));
#1181 = DIRECTION('',(0.,0.,-1.));
#1182 = DIRECTION('',(-1.,0.,0.));
#1183 = ADVANCED_FACE('',(#1184),#1190,.T.);
#1184 = FACE_BOUND('',#1185,.T.);
#1185 = EDGE_LOOP('',(#1186,#1187,#1188,#1189));
#1186 = ORIENTED_EDGE('',*,*,#1089,.T.);
#1187 = ORIENTED_EDGE('',*,*,#1120,.T.);
#1188 = ORIENTED_EDGE('',*,*,#1151,.T.);
#1189 = ORIENTED_EDGE('',*,*,#1173,.T.);
#1190 = PLANE('',#1191);
#1191 = AXIS2_PLACEMENT_3D('',#1192,#1193,#1194);
#1192 = CARTESIAN_POINT('',(25.,-15.,77.368602791856));
#1193 = DIRECTION('',(0.,1.,0.));
#1194 = DIRECTION('',(0.,-0.,1.));
#1195 = ADVANCED_FACE('',(#1196),#1202,.F.);
#1196 = FACE_BOUND('',#1197,.F.);
#1197 = EDGE_LOOP('',(#1198,#1199,#1200,#1201));
#1198 = ORIENTED_EDGE('',*,*,#1073,.T.);
#1199 = ORIENTED_EDGE('',*,*,#1104,.T.);
#1200 = ORIENTED_EDGE('',*,*,#1135,.T.);
#1201 = ORIENTED_EDGE('',*,*,#1166,.T.);
#1202 = PLANE('',#1203);
#1203 = AXIS2_PLACEMENT_3D('',#1204,#1205,#1206);
#1204 = CARTESIAN_POINT('',(25.,-35.,77.368602791856));
#1205 = DIRECTION('',(0.,1.,0.));
#1206 = DIRECTION('',(0.,-0.,1.));
#1207 = ( GEOMETRIC_REPRESENTATION_CONTEXT(3) 
GLOBAL_UNCERTAINTY_ASSIGNED_CONTEXT((#1211)) 
GLOBAL_UNIT_ASSIGNED_CONTEXT((#1208,#1209,#1210)) REPRESENTATION_CONTEXT
('Context #1','3D Context with UNIT and UNCERTAINTY') );
#1208 = ( LENGTH_UNIT() NAMED_UNIT(*) SI_UNIT(.MILLI.,.METRE.) );
#1209 = ( NAMED_UNIT(*) PLANE_ANGLE_UNIT() SI_UNIT($,.RADIAN.) );
#1210 = ( NAMED_UNIT(*) SI_UNIT($,.STERADIAN.) SOLID_ANGLE_UNIT() );
#1211 = UNCERTAINTY_MEASURE_WITH_UNIT(LENGTH_MEASURE(1.E-07),#1208,
  'distance_accuracy_value','confusion accuracy');
#1212 = CONTEXT_DEPENDENT_SHAPE_REPRESENTATION(#1213,#1215);
#1213 = ( REPRESENTATION_RELATIONSHIP('','',#1056,#10) 
REPRESENTATION_RELATIONSHIP_WITH_TRANSFORMATION(#1214) 
SHAPE_REPRESENTATION_RELATIONSHIP() );
#1214 = ITEM_DEFINED_TRANSFORMATION('','',#11,#31);
#1215 = PRODUCT_DEFINITION_SHAPE('Placement','Placement of an item',
  #1216);
#1216 = NEXT_ASSEMBLY_USAGE_OCCURRENCE('5',
  'CAT-PORT-SIDE-STARBOARD-01 | SideStarboard | nominal plywood 20 mm',
  '',#5,#1051,$);
#1217 = PRODUCT_RELATED_PRODUCT_CATEGORY('part',$,(#1053));
#1218 = SHAPE_DEFINITION_REPRESENTATION(#1219,#1225);
#1219 = PRODUCT_DEFINITION_SHAPE('','',#1220);
#1220 = PRODUCT_DEFINITION('design','',#1221,#1224);
#1221 = PRODUCT_DEFINITION_FORMATION('','',#1222);
#1222 = PRODUCT(
  'CAT-PORT-BOTTOM-02 | BottomFlat | nominal plywood 20 mm',
  'CAT-PORT-BOTTOM-02 | BottomFlat | nominal plywood 20 mm','',(#1223));
#1223 = PRODUCT_CONTEXT('',#2,'mechanical');
#1224 = PRODUCT_DEFINITION_CONTEXT('part definition',#2,'design');
#1225 = ADVANCED_BREP_SHAPE_REPRESENTATION('',(#11,#1226),#1376);
#1226 = MANIFOLD_SOLID_BREP('',#1227);
#1227 = CLOSED_SHELL('',(#1228,#1268,#1299,#1330,#1352,#1364));
#1228 = ADVANCED_FACE('',(#1229),#1263,.F.);
#1229 = FACE_BOUND('',#1230,.F.);
#1230 = EDGE_LOOP('',(#1231,#1241,#1249,#1257));
#1231 = ORIENTED_EDGE('',*,*,#1232,.T.);
#1232 = EDGE_CURVE('',#1233,#1235,#1237,.T.);
#1233 = VERTEX_POINT('',#1234);
#1234 = CARTESIAN_POINT('',(50.,-220.,0.));
#1235 = VERTEX_POINT('',#1236);
#1236 = CARTESIAN_POINT('',(50.,-220.,20.));
#1237 = LINE('',#1238,#1239);
#1238 = CARTESIAN_POINT('',(50.,-220.,0.));
#1239 = VECTOR('',#1240,1.);
#1240 = DIRECTION('',(0.,0.,1.));
#1241 = ORIENTED_EDGE('',*,*,#1242,.T.);
#1242 = EDGE_CURVE('',#1235,#1243,#1245,.T.);
#1243 = VERTEX_POINT('',#1244);
#1244 = CARTESIAN_POINT('',(220.,-220.,20.));
#1245 = LINE('',#1246,#1247);
#1246 = CARTESIAN_POINT('',(50.,-220.,20.));
#1247 = VECTOR('',#1248,1.);
#1248 = DIRECTION('',(1.,0.,0.));
#1249 = ORIENTED_EDGE('',*,*,#1250,.F.);
#1250 = EDGE_CURVE('',#1251,#1243,#1253,.T.);
#1251 = VERTEX_POINT('',#1252);
#1252 = CARTESIAN_POINT('',(220.,-220.,0.));
#1253 = LINE('',#1254,#1255);
#1254 = CARTESIAN_POINT('',(220.,-220.,0.));
#1255 = VECTOR('',#1256,1.);
#1256 = DIRECTION('',(0.,0.,1.));
#1257 = ORIENTED_EDGE('',*,*,#1258,.F.);
#1258 = EDGE_CURVE('',#1233,#1251,#1259,.T.);
#1259 = LINE('',#1260,#1261);
#1260 = CARTESIAN_POINT('',(50.,-220.,0.));
#1261 = VECTOR('',#1262,1.);
#1262 = DIRECTION('',(1.,0.,0.));
#1263 = PLANE('',#1264);
#1264 = AXIS2_PLACEMENT_3D('',#1265,#1266,#1267);
#1265 = CARTESIAN_POINT('',(50.,-220.,0.));
#1266 = DIRECTION('',(0.,1.,0.));
#1267 = DIRECTION('',(1.,0.,0.));
#1268 = ADVANCED_FACE('',(#1269),#1294,.F.);
#1269 = FACE_BOUND('',#1270,.F.);
#1270 = EDGE_LOOP('',(#1271,#1272,#1280,#1288));
#1271 = ORIENTED_EDGE('',*,*,#1250,.T.);
#1272 = ORIENTED_EDGE('',*,*,#1273,.T.);
#1273 = EDGE_CURVE('',#1243,#1274,#1276,.T.);
#1274 = VERTEX_POINT('',#1275);
#1275 = CARTESIAN_POINT('',(220.,-70.,20.));
#1276 = LINE('',#1277,#1278);
#1277 = CARTESIAN_POINT('',(220.,-220.,20.));
#1278 = VECTOR('',#1279,1.);
#1279 = DIRECTION('',(0.,1.,0.));
#1280 = ORIENTED_EDGE('',*,*,#1281,.F.);
#1281 = EDGE_CURVE('',#1282,#1274,#1284,.T.);
#1282 = VERTEX_POINT('',#1283);
#1283 = CARTESIAN_POINT('',(220.,-70.,0.));
#1284 = LINE('',#1285,#1286);
#1285 = CARTESIAN_POINT('',(220.,-70.,0.));
#1286 = VECTOR('',#1287,1.);
#1287 = DIRECTION('',(0.,0.,1.));
#1288 = ORIENTED_EDGE('',*,*,#1289,.F.);
#1289 = EDGE_CURVE('',#1251,#1282,#1290,.T.);
#1290 = LINE('',#1291,#1292);
#1291 = CARTESIAN_POINT('',(220.,-220.,0.));
#1292 = VECTOR('',#1293,1.);
#1293 = DIRECTION('',(0.,1.,0.));
#1294 = PLANE('',#1295);
#1295 = AXIS2_PLACEMENT_3D('',#1296,#1297,#1298);
#1296 = CARTESIAN_POINT('',(220.,-220.,0.));
#1297 = DIRECTION('',(-1.,0.,0.));
#1298 = DIRECTION('',(0.,1.,0.));
#1299 = ADVANCED_FACE('',(#1300),#1325,.F.);
#1300 = FACE_BOUND('',#1301,.F.);
#1301 = EDGE_LOOP('',(#1302,#1303,#1311,#1319));
#1302 = ORIENTED_EDGE('',*,*,#1281,.T.);
#1303 = ORIENTED_EDGE('',*,*,#1304,.T.);
#1304 = EDGE_CURVE('',#1274,#1305,#1307,.T.);
#1305 = VERTEX_POINT('',#1306);
#1306 = CARTESIAN_POINT('',(50.,-70.,20.));
#1307 = LINE('',#1308,#1309);
#1308 = CARTESIAN_POINT('',(220.,-70.,20.));
#1309 = VECTOR('',#1310,1.);
#1310 = DIRECTION('',(-1.,0.,0.));
#1311 = ORIENTED_EDGE('',*,*,#1312,.F.);
#1312 = EDGE_CURVE('',#1313,#1305,#1315,.T.);
#1313 = VERTEX_POINT('',#1314);
#1314 = CARTESIAN_POINT('',(50.,-70.,0.));
#1315 = LINE('',#1316,#1317);
#1316 = CARTESIAN_POINT('',(50.,-70.,0.));
#1317 = VECTOR('',#1318,1.);
#1318 = DIRECTION('',(0.,0.,1.));
#1319 = ORIENTED_EDGE('',*,*,#1320,.F.);
#1320 = EDGE_CURVE('',#1282,#1313,#1321,.T.);
#1321 = LINE('',#1322,#1323);
#1322 = CARTESIAN_POINT('',(220.,-70.,0.));
#1323 = VECTOR('',#1324,1.);
#1324 = DIRECTION('',(-1.,0.,0.));
#1325 = PLANE('',#1326);
#1326 = AXIS2_PLACEMENT_3D('',#1327,#1328,#1329);
#1327 = CARTESIAN_POINT('',(220.,-70.,0.));
#1328 = DIRECTION('',(0.,-1.,0.));
#1329 = DIRECTION('',(-1.,0.,0.));
#1330 = ADVANCED_FACE('',(#1331),#1347,.F.);
#1331 = FACE_BOUND('',#1332,.F.);
#1332 = EDGE_LOOP('',(#1333,#1334,#1340,#1341));
#1333 = ORIENTED_EDGE('',*,*,#1312,.T.);
#1334 = ORIENTED_EDGE('',*,*,#1335,.T.);
#1335 = EDGE_CURVE('',#1305,#1235,#1336,.T.);
#1336 = LINE('',#1337,#1338);
#1337 = CARTESIAN_POINT('',(50.,-70.,20.));
#1338 = VECTOR('',#1339,1.);
#1339 = DIRECTION('',(0.,-1.,0.));
#1340 = ORIENTED_EDGE('',*,*,#1232,.F.);
#1341 = ORIENTED_EDGE('',*,*,#1342,.F.);
#1342 = EDGE_CURVE('',#1313,#1233,#1343,.T.);
#1343 = LINE('',#1344,#1345);
#1344 = CARTESIAN_POINT('',(50.,-70.,0.));
#1345 = VECTOR('',#1346,1.);
#1346 = DIRECTION('',(0.,-1.,0.));
#1347 = PLANE('',#1348);
#1348 = AXIS2_PLACEMENT_3D('',#1349,#1350,#1351);
#1349 = CARTESIAN_POINT('',(50.,-70.,0.));
#1350 = DIRECTION('',(1.,0.,-0.));
#1351 = DIRECTION('',(0.,-1.,0.));
#1352 = ADVANCED_FACE('',(#1353),#1359,.F.);
#1353 = FACE_BOUND('',#1354,.F.);
#1354 = EDGE_LOOP('',(#1355,#1356,#1357,#1358));
#1355 = ORIENTED_EDGE('',*,*,#1258,.T.);
#1356 = ORIENTED_EDGE('',*,*,#1289,.T.);
#1357 = ORIENTED_EDGE('',*,*,#1320,.T.);
#1358 = ORIENTED_EDGE('',*,*,#1342,.T.);
#1359 = PLANE('',#1360);
#1360 = AXIS2_PLACEMENT_3D('',#1361,#1362,#1363);
#1361 = CARTESIAN_POINT('',(135.,-145.,0.));
#1362 = DIRECTION('',(0.,0.,1.));
#1363 = DIRECTION('',(1.,0.,-0.));
#1364 = ADVANCED_FACE('',(#1365),#1371,.T.);
#1365 = FACE_BOUND('',#1366,.T.);
#1366 = EDGE_LOOP('',(#1367,#1368,#1369,#1370));
#1367 = ORIENTED_EDGE('',*,*,#1242,.T.);
#1368 = ORIENTED_EDGE('',*,*,#1273,.T.);
#1369 = ORIENTED_EDGE('',*,*,#1304,.T.);
#1370 = ORIENTED_EDGE('',*,*,#1335,.T.);
#1371 = PLANE('',#1372);
#1372 = AXIS2_PLACEMENT_3D('',#1373,#1374,#1375);
#1373 = CARTESIAN_POINT('',(135.,-145.,20.));
#1374 = DIRECTION('',(0.,0.,1.));
#1375 = DIRECTION('',(1.,0.,-0.));
#1376 = ( GEOMETRIC_REPRESENTATION_CONTEXT(3) 
GLOBAL_UNCERTAINTY_ASSIGNED_CONTEXT((#1380)) 
GLOBAL_UNIT_ASSIGNED_CONTEXT((#1377,#1378,#1379)) REPRESENTATION_CONTEXT
('Context #1','3D Context with UNIT and UNCERTAINTY') );
#1377 = ( LENGTH_UNIT() NAMED_UNIT(*) SI_UNIT(.MILLI.,.METRE.) );
#1378 = ( NAMED_UNIT(*) PLANE_ANGLE_UNIT() SI_UNIT($,.RADIAN.) );
#1379 = ( NAMED_UNIT(*) SI_UNIT($,.STERADIAN.) SOLID_ANGLE_UNIT() );
#1380 = UNCERTAINTY_MEASURE_WITH_UNIT(LENGTH_MEASURE(1.E-07),#1377,
  'distance_accuracy_value','confusion accuracy');
#1381 = CONTEXT_DEPENDENT_SHAPE_REPRESENTATION(#1382,#1384);
#1382 = ( REPRESENTATION_RELATIONSHIP('','',#1225,#10) 
REPRESENTATION_RELATIONSHIP_WITH_TRANSFORMATION(#1383) 
SHAPE_REPRESENTATION_RELATIONSHIP() );
#1383 = ITEM_DEFINED_TRANSFORMATION('','',#11,#35);
#1384 = PRODUCT_DEFINITION_SHAPE('Placement','Placement of an item',
  #1385);
#1385 = NEXT_ASSEMBLY_USAGE_OCCURRENCE('6',
  'CAT-PORT-BOTTOM-02 | BottomFlat | nominal plywood 20 mm','',#5,#1220,
  $);
#1386 = PRODUCT_RELATED_PRODUCT_CATEGORY('part',$,(#1222));
#1387 = SHAPE_DEFINITION_REPRESENTATION(#1388,#1394);
#1388 = PRODUCT_DEFINITION_SHAPE('','',#1389);
#1389 = PRODUCT_DEFINITION('design','',#1390,#1393);
#1390 = PRODUCT_DEFINITION_FORMATION('','',#1391);
#1391 = PRODUCT(
  'CAT-PORT-CHINE-PORT-02 | ChinePort | nominal plywood 20 mm',
  'CAT-PORT-CHINE-PORT-02 | ChinePort | nominal plywood 20 mm','',(#1392
    ));
#1392 = PRODUCT_CONTEXT('',#2,'mechanical');
#1393 = PRODUCT_DEFINITION_CONTEXT('part definition',#2,'design');
#1394 = ADVANCED_BREP_SHAPE_REPRESENTATION('',(#11,#1395),#1545);
#1395 = MANIFOLD_SOLID_BREP('',#1396);
#1396 = CLOSED_SHELL('',(#1397,#1437,#1468,#1499,#1521,#1533));
#1397 = ADVANCED_FACE('',(#1398),#1432,.T.);
#1398 = FACE_BOUND('',#1399,.T.);
#1399 = EDGE_LOOP('',(#1400,#1410,#1418,#1426));
#1400 = ORIENTED_EDGE('',*,*,#1401,.T.);
#1401 = EDGE_CURVE('',#1402,#1404,#1406,.T.);
#1402 = VERTEX_POINT('',#1403);
#1403 = CARTESIAN_POINT('',(50.,-220.,0.));
#1404 = VERTEX_POINT('',#1405);
#1405 = CARTESIAN_POINT('',(50.,-214.8236190979,19.318516525781));
#1406 = LINE('',#1407,#1408);
#1407 = CARTESIAN_POINT('',(50.,-220.,0.));
#1408 = VECTOR('',#1409,1.);
#1409 = DIRECTION('',(-0.,0.258819045103,0.965925826289));
#1410 = ORIENTED_EDGE('',*,*,#1411,.T.);
#1411 = EDGE_CURVE('',#1404,#1412,#1414,.T.);
#1412 = VERTEX_POINT('',#1413);
#1413 = CARTESIAN_POINT('',(220.,-214.8236190979,19.318516525781));
#1414 = LINE('',#1415,#1416);
#1415 = CARTESIAN_POINT('',(50.,-214.8236190979,19.318516525781));
#1416 = VECTOR('',#1417,1.);
#1417 = DIRECTION('',(1.,0.,0.));
#1418 = ORIENTED_EDGE('',*,*,#1419,.F.);
#1419 = EDGE_CURVE('',#1420,#1412,#1422,.T.);
#1420 = VERTEX_POINT('',#1421);
#1421 = CARTESIAN_POINT('',(220.,-220.,0.));
#1422 = LINE('',#1423,#1424);
#1423 = CARTESIAN_POINT('',(220.,-220.,0.));
#1424 = VECTOR('',#1425,1.);
#1425 = DIRECTION('',(-0.,0.258819045103,0.965925826289));
#1426 = ORIENTED_EDGE('',*,*,#1427,.F.);
#1427 = EDGE_CURVE('',#1402,#1420,#1428,.T.);
#1428 = LINE('',#1429,#1430);
#1429 = CARTESIAN_POINT('',(50.,-220.,0.));
#1430 = VECTOR('',#1431,1.);
#1431 = DIRECTION('',(1.,0.,0.));
#1432 = PLANE('',#1433);
#1433 = AXIS2_PLACEMENT_3D('',#1434,#1435,#1436);
#1434 = CARTESIAN_POINT('',(50.,-220.,0.));
#1435 = DIRECTION('',(0.,0.965925826289,-0.258819045103));
#1436 = DIRECTION('',(1.,0.,0.));
#1437 = ADVANCED_FACE('',(#1438),#1463,.T.);
#1438 = FACE_BOUND('',#1439,.T.);
#1439 = EDGE_LOOP('',(#1440,#1441,#1449,#1457));
#1440 = ORIENTED_EDGE('',*,*,#1419,.T.);
#1441 = ORIENTED_EDGE('',*,*,#1442,.T.);
#1442 = EDGE_CURVE('',#1412,#1443,#1445,.T.);
#1443 = VERTEX_POINT('',#1444);
#1444 = CARTESIAN_POINT('',(220.,-269.8236190979,34.055722109493));
#1445 = LINE('',#1446,#1447);
#1446 = CARTESIAN_POINT('',(220.,-214.8236190979,19.318516525781));
#1447 = VECTOR('',#1448,1.);
#1448 = DIRECTION('',(0.,-0.965925826289,0.258819045103));
#1449 = ORIENTED_EDGE('',*,*,#1450,.F.);
#1450 = EDGE_CURVE('',#1451,#1443,#1453,.T.);
#1451 = VERTEX_POINT('',#1452);
#1452 = CARTESIAN_POINT('',(220.,-275.,14.737205583712));
#1453 = LINE('',#1454,#1455);
#1454 = CARTESIAN_POINT('',(220.,-275.,14.737205583712));
#1455 = VECTOR('',#1456,1.);
#1456 = DIRECTION('',(-0.,0.258819045103,0.965925826289));
#1457 = ORIENTED_EDGE('',*,*,#1458,.F.);
#1458 = EDGE_CURVE('',#1420,#1451,#1459,.T.);
#1459 = LINE('',#1460,#1461);
#1460 = CARTESIAN_POINT('',(220.,-220.,0.));
#1461 = VECTOR('',#1462,1.);
#1462 = DIRECTION('',(0.,-0.965925826289,0.258819045103));
#1463 = PLANE('',#1464);
#1464 = AXIS2_PLACEMENT_3D('',#1465,#1466,#1467);
#1465 = CARTESIAN_POINT('',(220.,-220.,0.));
#1466 = DIRECTION('',(1.,0.,0.));
#1467 = DIRECTION('',(0.,-0.965925826289,0.258819045103));
#1468 = ADVANCED_FACE('',(#1469),#1494,.T.);
#1469 = FACE_BOUND('',#1470,.T.);
#1470 = EDGE_LOOP('',(#1471,#1472,#1480,#1488));
#1471 = ORIENTED_EDGE('',*,*,#1450,.T.);
#1472 = ORIENTED_EDGE('',*,*,#1473,.T.);
#1473 = EDGE_CURVE('',#1443,#1474,#1476,.T.);
#1474 = VERTEX_POINT('',#1475);
#1475 = CARTESIAN_POINT('',(50.,-269.8236190979,34.055722109493));
#1476 = LINE('',#1477,#1478);
#1477 = CARTESIAN_POINT('',(220.,-269.8236190979,34.055722109493));
#1478 = VECTOR('',#1479,1.);
#1479 = DIRECTION('',(-1.,0.,0.));
#1480 = ORIENTED_EDGE('',*,*,#1481,.F.);
#1481 = EDGE_CURVE('',#1482,#1474,#1484,.T.);
#1482 = VERTEX_POINT('',#1483);
#1483 = CARTESIAN_POINT('',(50.,-275.,14.737205583712));
#1484 = LINE('',#1485,#1486);
#1485 = CARTESIAN_POINT('',(50.,-275.,14.737205583712));
#1486 = VECTOR('',#1487,1.);
#1487 = DIRECTION('',(-0.,0.258819045103,0.965925826289));
#1488 = ORIENTED_EDGE('',*,*,#1489,.F.);
#1489 = EDGE_CURVE('',#1451,#1482,#1490,.T.);
#1490 = LINE('',#1491,#1492);
#1491 = CARTESIAN_POINT('',(220.,-275.,14.737205583712));
#1492 = VECTOR('',#1493,1.);
#1493 = DIRECTION('',(-1.,0.,0.));
#1494 = PLANE('',#1495);
#1495 = AXIS2_PLACEMENT_3D('',#1496,#1497,#1498);
#1496 = CARTESIAN_POINT('',(220.,-275.,14.737205583712));
#1497 = DIRECTION('',(0.,-0.965925826289,0.258819045103));
#1498 = DIRECTION('',(-1.,0.,0.));
#1499 = ADVANCED_FACE('',(#1500),#1516,.T.);
#1500 = FACE_BOUND('',#1501,.T.);
#1501 = EDGE_LOOP('',(#1502,#1503,#1509,#1510));
#1502 = ORIENTED_EDGE('',*,*,#1481,.T.);
#1503 = ORIENTED_EDGE('',*,*,#1504,.T.);
#1504 = EDGE_CURVE('',#1474,#1404,#1505,.T.);
#1505 = LINE('',#1506,#1507);
#1506 = CARTESIAN_POINT('',(50.,-269.8236190979,34.055722109493));
#1507 = VECTOR('',#1508,1.);
#1508 = DIRECTION('',(0.,0.965925826289,-0.258819045103));
#1509 = ORIENTED_EDGE('',*,*,#1401,.F.);
#1510 = ORIENTED_EDGE('',*,*,#1511,.F.);
#1511 = EDGE_CURVE('',#1482,#1402,#1512,.T.);
#1512 = LINE('',#1513,#1514);
#1513 = CARTESIAN_POINT('',(50.,-275.,14.737205583712));
#1514 = VECTOR('',#1515,1.);
#1515 = DIRECTION('',(0.,0.965925826289,-0.258819045103));
#1516 = PLANE('',#1517);
#1517 = AXIS2_PLACEMENT_3D('',#1518,#1519,#1520);
#1518 = CARTESIAN_POINT('',(50.,-275.,14.737205583712));
#1519 = DIRECTION('',(-1.,0.,-0.));
#1520 = DIRECTION('',(0.,0.965925826289,-0.258819045103));
#1521 = ADVANCED_FACE('',(#1522),#1528,.T.);
#1522 = FACE_BOUND('',#1523,.T.);
#1523 = EDGE_LOOP('',(#1524,#1525,#1526,#1527));
#1524 = ORIENTED_EDGE('',*,*,#1427,.T.);
#1525 = ORIENTED_EDGE('',*,*,#1458,.T.);
#1526 = ORIENTED_EDGE('',*,*,#1489,.T.);
#1527 = ORIENTED_EDGE('',*,*,#1511,.T.);
#1528 = PLANE('',#1529);
#1529 = AXIS2_PLACEMENT_3D('',#1530,#1531,#1532);
#1530 = CARTESIAN_POINT('',(135.,-247.5,7.368602791856));
#1531 = DIRECTION('',(-0.,-0.258819045103,-0.965925826289));
#1532 = DIRECTION('',(0.,-0.965925826289,0.258819045103));
#1533 = ADVANCED_FACE('',(#1534),#1540,.F.);
#1534 = FACE_BOUND('',#1535,.F.);
#1535 = EDGE_LOOP('',(#1536,#1537,#1538,#1539));
#1536 = ORIENTED_EDGE('',*,*,#1411,.T.);
#1537 = ORIENTED_EDGE('',*,*,#1442,.T.);
#1538 = ORIENTED_EDGE('',*,*,#1473,.T.);
#1539 = ORIENTED_EDGE('',*,*,#1504,.T.);
#1540 = PLANE('',#1541);
#1541 = AXIS2_PLACEMENT_3D('',#1542,#1543,#1544);
#1542 = CARTESIAN_POINT('',(135.,-242.3236190979,26.687119317637));
#1543 = DIRECTION('',(-0.,-0.258819045103,-0.965925826289));
#1544 = DIRECTION('',(0.,-0.965925826289,0.258819045103));
#1545 = ( GEOMETRIC_REPRESENTATION_CONTEXT(3) 
GLOBAL_UNCERTAINTY_ASSIGNED_CONTEXT((#1549)) 
GLOBAL_UNIT_ASSIGNED_CONTEXT((#1546,#1547,#1548)) REPRESENTATION_CONTEXT
('Context #1','3D Context with UNIT and UNCERTAINTY') );
#1546 = ( LENGTH_UNIT() NAMED_UNIT(*) SI_UNIT(.MILLI.,.METRE.) );
#1547 = ( NAMED_UNIT(*) PLANE_ANGLE_UNIT() SI_UNIT($,.RADIAN.) );
#1548 = ( NAMED_UNIT(*) SI_UNIT($,.STERADIAN.) SOLID_ANGLE_UNIT() );
#1549 = UNCERTAINTY_MEASURE_WITH_UNIT(LENGTH_MEASURE(1.E-07),#1546,
  'distance_accuracy_value','confusion accuracy');
#1550 = CONTEXT_DEPENDENT_SHAPE_REPRESENTATION(#1551,#1553);
#1551 = ( REPRESENTATION_RELATIONSHIP('','',#1394,#10) 
REPRESENTATION_RELATIONSHIP_WITH_TRANSFORMATION(#1552) 
SHAPE_REPRESENTATION_RELATIONSHIP() );
#1552 = ITEM_DEFINED_TRANSFORMATION('','',#11,#39);
#1553 = PRODUCT_DEFINITION_SHAPE('Placement','Placement of an item',
  #1554);
#1554 = NEXT_ASSEMBLY_USAGE_OCCURRENCE('7',
  'CAT-PORT-CHINE-PORT-02 | ChinePort | nominal plywood 20 mm','',#5,
  #1389,$);
#1555 = PRODUCT_RELATED_PRODUCT_CATEGORY('part',$,(#1391));
#1556 = SHAPE_DEFINITION_REPRESENTATION(#1557,#1563);
#1557 = PRODUCT_DEFINITION_SHAPE('','',#1558);
#1558 = PRODUCT_DEFINITION('design','',#1559,#1562);
#1559 = PRODUCT_DEFINITION_FORMATION('','',#1560);
#1560 = PRODUCT(
  'CAT-PORT-CHINE-STARBOARD-02 | ChineStarboard | nominal plywood 20 mm'
  ,
  'CAT-PORT-CHINE-STARBOARD-02 | ChineStarboard | nominal plywood 20 mm'
  ,'',(#1561));
#1561 = PRODUCT_CONTEXT('',#2,'mechanical');
#1562 = PRODUCT_DEFINITION_CONTEXT('part definition',#2,'design');
#1563 = ADVANCED_BREP_SHAPE_REPRESENTATION('',(#11,#1564),#1714);
#1564 = MANIFOLD_SOLID_BREP('',#1565);
#1565 = CLOSED_SHELL('',(#1566,#1606,#1637,#1668,#1690,#1702));
#1566 = ADVANCED_FACE('',(#1567),#1601,.T.);
#1567 = FACE_BOUND('',#1568,.T.);
#1568 = EDGE_LOOP('',(#1569,#1579,#1587,#1595));
#1569 = ORIENTED_EDGE('',*,*,#1570,.T.);
#1570 = EDGE_CURVE('',#1571,#1573,#1575,.T.);
#1571 = VERTEX_POINT('',#1572);
#1572 = CARTESIAN_POINT('',(50.,-70.,0.));
#1573 = VERTEX_POINT('',#1574);
#1574 = CARTESIAN_POINT('',(50.,-75.17638090205,19.318516525781));
#1575 = LINE('',#1576,#1577);
#1576 = CARTESIAN_POINT('',(50.,-70.,0.));
#1577 = VECTOR('',#1578,1.);
#1578 = DIRECTION('',(-0.,-0.258819045103,0.965925826289));
#1579 = ORIENTED_EDGE('',*,*,#1580,.T.);
#1580 = EDGE_CURVE('',#1573,#1581,#1583,.T.);
#1581 = VERTEX_POINT('',#1582);
#1582 = CARTESIAN_POINT('',(50.,-20.17638090205,34.055722109493));
#1583 = LINE('',#1584,#1585);
#1584 = CARTESIAN_POINT('',(50.,-75.17638090205,19.318516525781));
#1585 = VECTOR('',#1586,1.);
#1586 = DIRECTION('',(0.,0.965925826289,0.258819045103));
#1587 = ORIENTED_EDGE('',*,*,#1588,.F.);
#1588 = EDGE_CURVE('',#1589,#1581,#1591,.T.);
#1589 = VERTEX_POINT('',#1590);
#1590 = CARTESIAN_POINT('',(50.,-15.,14.737205583712));
#1591 = LINE('',#1592,#1593);
#1592 = CARTESIAN_POINT('',(50.,-15.,14.737205583712));
#1593 = VECTOR('',#1594,1.);
#1594 = DIRECTION('',(-0.,-0.258819045103,0.965925826289));
#1595 = ORIENTED_EDGE('',*,*,#1596,.F.);
#1596 = EDGE_CURVE('',#1571,#1589,#1597,.T.);
#1597 = LINE('',#1598,#1599);
#1598 = CARTESIAN_POINT('',(50.,-70.,0.));
#1599 = VECTOR('',#1600,1.);
#1600 = DIRECTION('',(0.,0.965925826289,0.258819045103));
#1601 = PLANE('',#1602);
#1602 = AXIS2_PLACEMENT_3D('',#1603,#1604,#1605);
#1603 = CARTESIAN_POINT('',(50.,-70.,0.));
#1604 = DIRECTION('',(-1.,0.,0.));
#1605 = DIRECTION('',(0.,0.965925826289,0.258819045103));
#1606 = ADVANCED_FACE('',(#1607),#1632,.T.);
#1607 = FACE_BOUND('',#1608,.T.);
#1608 = EDGE_LOOP('',(#1609,#1610,#1618,#1626));
#1609 = ORIENTED_EDGE('',*,*,#1588,.T.);
#1610 = ORIENTED_EDGE('',*,*,#1611,.T.);
#1611 = EDGE_CURVE('',#1581,#1612,#1614,.T.);
#1612 = VERTEX_POINT('',#1613);
#1613 = CARTESIAN_POINT('',(220.,-20.17638090205,34.055722109493));
#1614 = LINE('',#1615,#1616);
#1615 = CARTESIAN_POINT('',(50.,-20.17638090205,34.055722109493));
#1616 = VECTOR('',#1617,1.);
#1617 = DIRECTION('',(1.,0.,0.));
#1618 = ORIENTED_EDGE('',*,*,#1619,.F.);
#1619 = EDGE_CURVE('',#1620,#1612,#1622,.T.);
#1620 = VERTEX_POINT('',#1621);
#1621 = CARTESIAN_POINT('',(220.,-15.,14.737205583712));
#1622 = LINE('',#1623,#1624);
#1623 = CARTESIAN_POINT('',(220.,-15.,14.737205583712));
#1624 = VECTOR('',#1625,1.);
#1625 = DIRECTION('',(-0.,-0.258819045103,0.965925826289));
#1626 = ORIENTED_EDGE('',*,*,#1627,.F.);
#1627 = EDGE_CURVE('',#1589,#1620,#1628,.T.);
#1628 = LINE('',#1629,#1630);
#1629 = CARTESIAN_POINT('',(50.,-15.,14.737205583712));
#1630 = VECTOR('',#1631,1.);
#1631 = DIRECTION('',(1.,0.,0.));
#1632 = PLANE('',#1633);
#1633 = AXIS2_PLACEMENT_3D('',#1634,#1635,#1636);
#1634 = CARTESIAN_POINT('',(50.,-15.,14.737205583712));
#1635 = DIRECTION('',(-0.,0.965925826289,0.258819045103));
#1636 = DIRECTION('',(1.,0.,0.));
#1637 = ADVANCED_FACE('',(#1638),#1663,.T.);
#1638 = FACE_BOUND('',#1639,.T.);
#1639 = EDGE_LOOP('',(#1640,#1641,#1649,#1657));
#1640 = ORIENTED_EDGE('',*,*,#1619,.T.);
#1641 = ORIENTED_EDGE('',*,*,#1642,.T.);
#1642 = EDGE_CURVE('',#1612,#1643,#1645,.T.);
#1643 = VERTEX_POINT('',#1644);
#1644 = CARTESIAN_POINT('',(220.,-75.17638090205,19.318516525781));
#1645 = LINE('',#1646,#1647);
#1646 = CARTESIAN_POINT('',(220.,-20.17638090205,34.055722109493));
#1647 = VECTOR('',#1648,1.);
#1648 = DIRECTION('',(0.,-0.965925826289,-0.258819045103));
#1649 = ORIENTED_EDGE('',*,*,#1650,.F.);
#1650 = EDGE_CURVE('',#1651,#1643,#1653,.T.);
#1651 = VERTEX_POINT('',#1652);
#1652 = CARTESIAN_POINT('',(220.,-70.,0.));
#1653 = LINE('',#1654,#1655);
#1654 = CARTESIAN_POINT('',(220.,-70.,0.));
#1655 = VECTOR('',#1656,1.);
#1656 = DIRECTION('',(-0.,-0.258819045103,0.965925826289));
#1657 = ORIENTED_EDGE('',*,*,#1658,.F.);
#1658 = EDGE_CURVE('',#1620,#1651,#1659,.T.);
#1659 = LINE('',#1660,#1661);
#1660 = CARTESIAN_POINT('',(220.,-15.,14.737205583712));
#1661 = VECTOR('',#1662,1.);
#1662 = DIRECTION('',(0.,-0.965925826289,-0.258819045103));
#1663 = PLANE('',#1664);
#1664 = AXIS2_PLACEMENT_3D('',#1665,#1666,#1667);
#1665 = CARTESIAN_POINT('',(220.,-15.,14.737205583712));
#1666 = DIRECTION('',(1.,0.,0.));
#1667 = DIRECTION('',(0.,-0.965925826289,-0.258819045103));
#1668 = ADVANCED_FACE('',(#1669),#1685,.T.);
#1669 = FACE_BOUND('',#1670,.T.);
#1670 = EDGE_LOOP('',(#1671,#1672,#1678,#1679));
#1671 = ORIENTED_EDGE('',*,*,#1650,.T.);
#1672 = ORIENTED_EDGE('',*,*,#1673,.T.);
#1673 = EDGE_CURVE('',#1643,#1573,#1674,.T.);
#1674 = LINE('',#1675,#1676);
#1675 = CARTESIAN_POINT('',(220.,-75.17638090205,19.318516525781));
#1676 = VECTOR('',#1677,1.);
#1677 = DIRECTION('',(-1.,0.,0.));
#1678 = ORIENTED_EDGE('',*,*,#1570,.F.);
#1679 = ORIENTED_EDGE('',*,*,#1680,.F.);
#1680 = EDGE_CURVE('',#1651,#1571,#1681,.T.);
#1681 = LINE('',#1682,#1683);
#1682 = CARTESIAN_POINT('',(220.,-70.,0.));
#1683 = VECTOR('',#1684,1.);
#1684 = DIRECTION('',(-1.,0.,0.));
#1685 = PLANE('',#1686);
#1686 = AXIS2_PLACEMENT_3D('',#1687,#1688,#1689);
#1687 = CARTESIAN_POINT('',(220.,-70.,0.));
#1688 = DIRECTION('',(-0.,-0.965925826289,-0.258819045103));
#1689 = DIRECTION('',(-1.,0.,0.));
#1690 = ADVANCED_FACE('',(#1691),#1697,.T.);
#1691 = FACE_BOUND('',#1692,.T.);
#1692 = EDGE_LOOP('',(#1693,#1694,#1695,#1696));
#1693 = ORIENTED_EDGE('',*,*,#1596,.T.);
#1694 = ORIENTED_EDGE('',*,*,#1627,.T.);
#1695 = ORIENTED_EDGE('',*,*,#1658,.T.);
#1696 = ORIENTED_EDGE('',*,*,#1680,.T.);
#1697 = PLANE('',#1698);
#1698 = AXIS2_PLACEMENT_3D('',#1699,#1700,#1701);
#1699 = CARTESIAN_POINT('',(135.,-42.5,7.368602791856));
#1700 = DIRECTION('',(-0.,0.258819045103,-0.965925826289));
#1701 = DIRECTION('',(0.,-0.965925826289,-0.258819045103));
#1702 = ADVANCED_FACE('',(#1703),#1709,.F.);
#1703 = FACE_BOUND('',#1704,.F.);
#1704 = EDGE_LOOP('',(#1705,#1706,#1707,#1708));
#1705 = ORIENTED_EDGE('',*,*,#1580,.T.);
#1706 = ORIENTED_EDGE('',*,*,#1611,.T.);
#1707 = ORIENTED_EDGE('',*,*,#1642,.T.);
#1708 = ORIENTED_EDGE('',*,*,#1673,.T.);
#1709 = PLANE('',#1710);
#1710 = AXIS2_PLACEMENT_3D('',#1711,#1712,#1713);
#1711 = CARTESIAN_POINT('',(135.,-47.67638090205,26.687119317637));
#1712 = DIRECTION('',(-0.,0.258819045103,-0.965925826289));
#1713 = DIRECTION('',(0.,-0.965925826289,-0.258819045103));
#1714 = ( GEOMETRIC_REPRESENTATION_CONTEXT(3) 
GLOBAL_UNCERTAINTY_ASSIGNED_CONTEXT((#1718)) 
GLOBAL_UNIT_ASSIGNED_CONTEXT((#1715,#1716,#1717)) REPRESENTATION_CONTEXT
('Context #1','3D Context with UNIT and UNCERTAINTY') );
#1715 = ( LENGTH_UNIT() NAMED_UNIT(*) SI_UNIT(.MILLI.,.METRE.) );
#1716 = ( NAMED_UNIT(*) PLANE_ANGLE_UNIT() SI_UNIT($,.RADIAN.) );
#1717 = ( NAMED_UNIT(*) SI_UNIT($,.STERADIAN.) SOLID_ANGLE_UNIT() );
#1718 = UNCERTAINTY_MEASURE_WITH_UNIT(LENGTH_MEASURE(1.E-07),#1715,
  'distance_accuracy_value','confusion accuracy');
#1719 = CONTEXT_DEPENDENT_SHAPE_REPRESENTATION(#1720,#1722);
#1720 = ( REPRESENTATION_RELATIONSHIP('','',#1563,#10) 
REPRESENTATION_RELATIONSHIP_WITH_TRANSFORMATION(#1721) 
SHAPE_REPRESENTATION_RELATIONSHIP() );
#1721 = ITEM_DEFINED_TRANSFORMATION('','',#11,#43);
#1722 = PRODUCT_DEFINITION_SHAPE('Placement','Placement of an item',
  #1723);
#1723 = NEXT_ASSEMBLY_USAGE_OCCURRENCE('8',
  'CAT-PORT-CHINE-STARBOARD-02 | ChineStarboard | nominal plywood 20 mm'
  ,'',#5,#1558,$);
#1724 = PRODUCT_RELATED_PRODUCT_CATEGORY('part',$,(#1560));
#1725 = SHAPE_DEFINITION_REPRESENTATION(#1726,#1732);
#1726 = PRODUCT_DEFINITION_SHAPE('','',#1727);
#1727 = PRODUCT_DEFINITION('design','',#1728,#1731);
#1728 = PRODUCT_DEFINITION_FORMATION('','',#1729);
#1729 = PRODUCT(
  'CAT-PORT-SIDE-PORT-02 | SidePort | nominal plywood 20 mm',
  'CAT-PORT-SIDE-PORT-02 | SidePort | nominal plywood 20 mm','',(#1730)
  );
#1730 = PRODUCT_CONTEXT('',#2,'mechanical');
#1731 = PRODUCT_DEFINITION_CONTEXT('part definition',#2,'design');
#1732 = ADVANCED_BREP_SHAPE_REPRESENTATION('',(#11,#1733),#1883);
#1733 = MANIFOLD_SOLID_BREP('',#1734);
#1734 = CLOSED_SHELL('',(#1735,#1775,#1806,#1837,#1859,#1871));
#1735 = ADVANCED_FACE('',(#1736),#1770,.T.);
#1736 = FACE_BOUND('',#1737,.T.);
#1737 = EDGE_LOOP('',(#1738,#1748,#1756,#1764));
#1738 = ORIENTED_EDGE('',*,*,#1739,.T.);
#1739 = EDGE_CURVE('',#1740,#1742,#1744,.T.);
#1740 = VERTEX_POINT('',#1741);
#1741 = CARTESIAN_POINT('',(50.,-275.,14.737205583712));
#1742 = VERTEX_POINT('',#1743);
#1743 = CARTESIAN_POINT('',(50.,-255.,14.737205583712));
#1744 = LINE('',#1745,#1746);
#1745 = CARTESIAN_POINT('',(50.,-275.,14.737205583712));
#1746 = VECTOR('',#1747,1.);
#1747 = DIRECTION('',(-0.,1.,-0.));
#1748 = ORIENTED_EDGE('',*,*,#1749,.T.);
#1749 = EDGE_CURVE('',#1742,#1750,#1752,.T.);
#1750 = VERTEX_POINT('',#1751);
#1751 = CARTESIAN_POINT('',(220.,-255.,14.737205583712));
#1752 = LINE('',#1753,#1754);
#1753 = CARTESIAN_POINT('',(50.,-255.,14.737205583712));
#1754 = VECTOR('',#1755,1.);
#1755 = DIRECTION('',(1.,0.,0.));
#1756 = ORIENTED_EDGE('',*,*,#1757,.F.);
#1757 = EDGE_CURVE('',#1758,#1750,#1760,.T.);
#1758 = VERTEX_POINT('',#1759);
#1759 = CARTESIAN_POINT('',(220.,-275.,14.737205583712));
#1760 = LINE('',#1761,#1762);
#1761 = CARTESIAN_POINT('',(220.,-275.,14.737205583712));
#1762 = VECTOR('',#1763,1.);
#1763 = DIRECTION('',(-0.,1.,-0.));
#1764 = ORIENTED_EDGE('',*,*,#1765,.F.);
#1765 = EDGE_CURVE('',#1740,#1758,#1766,.T.);
#1766 = LINE('',#1767,#1768);
#1767 = CARTESIAN_POINT('',(50.,-275.,14.737205583712));
#1768 = VECTOR('',#1769,1.);
#1769 = DIRECTION('',(1.,0.,0.));
#1770 = PLANE('',#1771);
#1771 = AXIS2_PLACEMENT_3D('',#1772,#1773,#1774);
#1772 = CARTESIAN_POINT('',(50.,-275.,14.737205583712));
#1773 = DIRECTION('',(0.,0.,-1.));
#1774 = DIRECTION('',(1.,0.,0.));
#1775 = ADVANCED_FACE('',(#1776),#1801,.T.);
#1776 = FACE_BOUND('',#1777,.T.);
#1777 = EDGE_LOOP('',(#1778,#1779,#1787,#1795));
#1778 = ORIENTED_EDGE('',*,*,#1757,.T.);
#1779 = ORIENTED_EDGE('',*,*,#1780,.T.);
#1780 = EDGE_CURVE('',#1750,#1781,#1783,.T.);
#1781 = VERTEX_POINT('',#1782);
#1782 = CARTESIAN_POINT('',(220.,-255.,140.));
#1783 = LINE('',#1784,#1785);
#1784 = CARTESIAN_POINT('',(220.,-255.,14.737205583712));
#1785 = VECTOR('',#1786,1.);
#1786 = DIRECTION('',(0.,0.,1.));
#1787 = ORIENTED_EDGE('',*,*,#1788,.F.);
#1788 = EDGE_CURVE('',#1789,#1781,#1791,.T.);
#1789 = VERTEX_POINT('',#1790);
#1790 = CARTESIAN_POINT('',(220.,-275.,140.));
#1791 = LINE('',#1792,#1793);
#1792 = CARTESIAN_POINT('',(220.,-275.,140.));
#1793 = VECTOR('',#1794,1.);
#1794 = DIRECTION('',(-0.,1.,-0.));
#1795 = ORIENTED_EDGE('',*,*,#1796,.F.);
#1796 = EDGE_CURVE('',#1758,#1789,#1797,.T.);
#1797 = LINE('',#1798,#1799);
#1798 = CARTESIAN_POINT('',(220.,-275.,14.737205583712));
#1799 = VECTOR('',#1800,1.);
#1800 = DIRECTION('',(0.,0.,1.));
#1801 = PLANE('',#1802);
#1802 = AXIS2_PLACEMENT_3D('',#1803,#1804,#1805);
#1803 = CARTESIAN_POINT('',(220.,-275.,14.737205583712));
#1804 = DIRECTION('',(1.,0.,-0.));
#1805 = DIRECTION('',(0.,0.,1.));
#1806 = ADVANCED_FACE('',(#1807),#1832,.T.);
#1807 = FACE_BOUND('',#1808,.T.);
#1808 = EDGE_LOOP('',(#1809,#1810,#1818,#1826));
#1809 = ORIENTED_EDGE('',*,*,#1788,.T.);
#1810 = ORIENTED_EDGE('',*,*,#1811,.T.);
#1811 = EDGE_CURVE('',#1781,#1812,#1814,.T.);
#1812 = VERTEX_POINT('',#1813);
#1813 = CARTESIAN_POINT('',(50.,-255.,140.));
#1814 = LINE('',#1815,#1816);
#1815 = CARTESIAN_POINT('',(220.,-255.,140.));
#1816 = VECTOR('',#1817,1.);
#1817 = DIRECTION('',(-1.,0.,0.));
#1818 = ORIENTED_EDGE('',*,*,#1819,.F.);
#1819 = EDGE_CURVE('',#1820,#1812,#1822,.T.);
#1820 = VERTEX_POINT('',#1821);
#1821 = CARTESIAN_POINT('',(50.,-275.,140.));
#1822 = LINE('',#1823,#1824);
#1823 = CARTESIAN_POINT('',(50.,-275.,140.));
#1824 = VECTOR('',#1825,1.);
#1825 = DIRECTION('',(-0.,1.,-0.));
#1826 = ORIENTED_EDGE('',*,*,#1827,.F.);
#1827 = EDGE_CURVE('',#1789,#1820,#1828,.T.);
#1828 = LINE('',#1829,#1830);
#1829 = CARTESIAN_POINT('',(220.,-275.,140.));
#1830 = VECTOR('',#1831,1.);
#1831 = DIRECTION('',(-1.,0.,0.));
#1832 = PLANE('',#1833);
#1833 = AXIS2_PLACEMENT_3D('',#1834,#1835,#1836);
#1834 = CARTESIAN_POINT('',(220.,-275.,140.));
#1835 = DIRECTION('',(0.,0.,1.));
#1836 = DIRECTION('',(-1.,0.,0.));
#1837 = ADVANCED_FACE('',(#1838),#1854,.T.);
#1838 = FACE_BOUND('',#1839,.T.);
#1839 = EDGE_LOOP('',(#1840,#1841,#1847,#1848));
#1840 = ORIENTED_EDGE('',*,*,#1819,.T.);
#1841 = ORIENTED_EDGE('',*,*,#1842,.T.);
#1842 = EDGE_CURVE('',#1812,#1742,#1843,.T.);
#1843 = LINE('',#1844,#1845);
#1844 = CARTESIAN_POINT('',(50.,-255.,140.));
#1845 = VECTOR('',#1846,1.);
#1846 = DIRECTION('',(0.,0.,-1.));
#1847 = ORIENTED_EDGE('',*,*,#1739,.F.);
#1848 = ORIENTED_EDGE('',*,*,#1849,.F.);
#1849 = EDGE_CURVE('',#1820,#1740,#1850,.T.);
#1850 = LINE('',#1851,#1852);
#1851 = CARTESIAN_POINT('',(50.,-275.,140.));
#1852 = VECTOR('',#1853,1.);
#1853 = DIRECTION('',(0.,0.,-1.));
#1854 = PLANE('',#1855);
#1855 = AXIS2_PLACEMENT_3D('',#1856,#1857,#1858);
#1856 = CARTESIAN_POINT('',(50.,-275.,140.));
#1857 = DIRECTION('',(-1.,-0.,-0.));
#1858 = DIRECTION('',(0.,0.,-1.));
#1859 = ADVANCED_FACE('',(#1860),#1866,.T.);
#1860 = FACE_BOUND('',#1861,.T.);
#1861 = EDGE_LOOP('',(#1862,#1863,#1864,#1865));
#1862 = ORIENTED_EDGE('',*,*,#1765,.T.);
#1863 = ORIENTED_EDGE('',*,*,#1796,.T.);
#1864 = ORIENTED_EDGE('',*,*,#1827,.T.);
#1865 = ORIENTED_EDGE('',*,*,#1849,.T.);
#1866 = PLANE('',#1867);
#1867 = AXIS2_PLACEMENT_3D('',#1868,#1869,#1870);
#1868 = CARTESIAN_POINT('',(135.,-275.,77.368602791856));
#1869 = DIRECTION('',(-0.,-1.,-0.));
#1870 = DIRECTION('',(0.,0.,-1.));
#1871 = ADVANCED_FACE('',(#1872),#1878,.F.);
#1872 = FACE_BOUND('',#1873,.F.);
#1873 = EDGE_LOOP('',(#1874,#1875,#1876,#1877));
#1874 = ORIENTED_EDGE('',*,*,#1749,.T.);
#1875 = ORIENTED_EDGE('',*,*,#1780,.T.);
#1876 = ORIENTED_EDGE('',*,*,#1811,.T.);
#1877 = ORIENTED_EDGE('',*,*,#1842,.T.);
#1878 = PLANE('',#1879);
#1879 = AXIS2_PLACEMENT_3D('',#1880,#1881,#1882);
#1880 = CARTESIAN_POINT('',(135.,-255.,77.368602791856));
#1881 = DIRECTION('',(-0.,-1.,-0.));
#1882 = DIRECTION('',(0.,0.,-1.));
#1883 = ( GEOMETRIC_REPRESENTATION_CONTEXT(3) 
GLOBAL_UNCERTAINTY_ASSIGNED_CONTEXT((#1887)) 
GLOBAL_UNIT_ASSIGNED_CONTEXT((#1884,#1885,#1886)) REPRESENTATION_CONTEXT
('Context #1','3D Context with UNIT and UNCERTAINTY') );
#1884 = ( LENGTH_UNIT() NAMED_UNIT(*) SI_UNIT(.MILLI.,.METRE.) );
#1885 = ( NAMED_UNIT(*) PLANE_ANGLE_UNIT() SI_UNIT($,.RADIAN.) );
#1886 = ( NAMED_UNIT(*) SI_UNIT($,.STERADIAN.) SOLID_ANGLE_UNIT() );
#1887 = UNCERTAINTY_MEASURE_WITH_UNIT(LENGTH_MEASURE(1.E-07),#1884,
  'distance_accuracy_value','confusion accuracy');
#1888 = CONTEXT_DEPENDENT_SHAPE_REPRESENTATION(#1889,#1891);
#1889 = ( REPRESENTATION_RELATIONSHIP('','',#1732,#10) 
REPRESENTATION_RELATIONSHIP_WITH_TRANSFORMATION(#1890) 
SHAPE_REPRESENTATION_RELATIONSHIP() );
#1890 = ITEM_DEFINED_TRANSFORMATION('','',#11,#47);
#1891 = PRODUCT_DEFINITION_SHAPE('Placement','Placement of an item',
  #1892);
#1892 = NEXT_ASSEMBLY_USAGE_OCCURRENCE('9',
  'CAT-PORT-SIDE-PORT-02 | SidePort | nominal plywood 20 mm','',#5,#1727
  ,$);
#1893 = PRODUCT_RELATED_PRODUCT_CATEGORY('part',$,(#1729));
#1894 = SHAPE_DEFINITION_REPRESENTATION(#1895,#1901);
#1895 = PRODUCT_DEFINITION_SHAPE('','',#1896);
#1896 = PRODUCT_DEFINITION('design','',#1897,#1900);
#1897 = PRODUCT_DEFINITION_FORMATION('','',#1898);
#1898 = PRODUCT(
  'CAT-PORT-SIDE-STARBOARD-02 | SideStarboard | nominal plywood 20 mm',
  'CAT-PORT-SIDE-STARBOARD-02 | SideStarboard | nominal plywood 20 mm',
  '',(#1899));
#1899 = PRODUCT_CONTEXT('',#2,'mechanical');
#1900 = PRODUCT_DEFINITION_CONTEXT('part definition',#2,'design');
#1901 = ADVANCED_BREP_SHAPE_REPRESENTATION('',(#11,#1902),#2052);
#1902 = MANIFOLD_SOLID_BREP('',#1903);
#1903 = CLOSED_SHELL('',(#1904,#1944,#1975,#2006,#2028,#2040));
#1904 = ADVANCED_FACE('',(#1905),#1939,.T.);
#1905 = FACE_BOUND('',#1906,.T.);
#1906 = EDGE_LOOP('',(#1907,#1917,#1925,#1933));
#1907 = ORIENTED_EDGE('',*,*,#1908,.T.);
#1908 = EDGE_CURVE('',#1909,#1911,#1913,.T.);
#1909 = VERTEX_POINT('',#1910);
#1910 = CARTESIAN_POINT('',(50.,-15.,14.737205583712));
#1911 = VERTEX_POINT('',#1912);
#1912 = CARTESIAN_POINT('',(50.,-35.,14.737205583712));
#1913 = LINE('',#1914,#1915);
#1914 = CARTESIAN_POINT('',(50.,-15.,14.737205583712));
#1915 = VECTOR('',#1916,1.);
#1916 = DIRECTION('',(-0.,-1.,-0.));
#1917 = ORIENTED_EDGE('',*,*,#1918,.T.);
#1918 = EDGE_CURVE('',#1911,#1919,#1921,.T.);
#1919 = VERTEX_POINT('',#1920);
#1920 = CARTESIAN_POINT('',(50.,-35.,140.));
#1921 = LINE('',#1922,#1923);
#1922 = CARTESIAN_POINT('',(50.,-35.,14.737205583712));
#1923 = VECTOR('',#1924,1.);
#1924 = DIRECTION('',(0.,0.,1.));
#1925 = ORIENTED_EDGE('',*,*,#1926,.F.);
#1926 = EDGE_CURVE('',#1927,#1919,#1929,.T.);
#1927 = VERTEX_POINT('',#1928);
#1928 = CARTESIAN_POINT('',(50.,-15.,140.));
#1929 = LINE('',#1930,#1931);
#1930 = CARTESIAN_POINT('',(50.,-15.,140.));
#1931 = VECTOR('',#1932,1.);
#1932 = DIRECTION('',(-0.,-1.,-0.));
#1933 = ORIENTED_EDGE('',*,*,#1934,.F.);
#1934 = EDGE_CURVE('',#1909,#1927,#1935,.T.);
#1935 = LINE('',#1936,#1937);
#1936 = CARTESIAN_POINT('',(50.,-15.,14.737205583712));
#1937 = VECTOR('',#1938,1.);
#1938 = DIRECTION('',(0.,0.,1.));
#1939 = PLANE('',#1940);
#1940 = AXIS2_PLACEMENT_3D('',#1941,#1942,#1943);
#1941 = CARTESIAN_POINT('',(50.,-15.,14.737205583712));
#1942 = DIRECTION('',(-1.,0.,0.));
#1943 = DIRECTION('',(0.,0.,1.));
#1944 = ADVANCED_FACE('',(#1945),#1970,.T.);
#1945 = FACE_BOUND('',#1946,.T.);
#1946 = EDGE_LOOP('',(#1947,#1948,#1956,#1964));
#1947 = ORIENTED_EDGE('',*,*,#1926,.T.);
#1948 = ORIENTED_EDGE('',*,*,#1949,.T.);
#1949 = EDGE_CURVE('',#1919,#1950,#1952,.T.);
#1950 = VERTEX_POINT('',#1951);
#1951 = CARTESIAN_POINT('',(220.,-35.,140.));
#1952 = LINE('',#1953,#1954);
#1953 = CARTESIAN_POINT('',(50.,-35.,140.));
#1954 = VECTOR('',#1955,1.);
#1955 = DIRECTION('',(1.,0.,0.));
#1956 = ORIENTED_EDGE('',*,*,#1957,.F.);
#1957 = EDGE_CURVE('',#1958,#1950,#1960,.T.);
#1958 = VERTEX_POINT('',#1959);
#1959 = CARTESIAN_POINT('',(220.,-15.,140.));
#1960 = LINE('',#1961,#1962);
#1961 = CARTESIAN_POINT('',(220.,-15.,140.));
#1962 = VECTOR('',#1963,1.);
#1963 = DIRECTION('',(-0.,-1.,-0.));
#1964 = ORIENTED_EDGE('',*,*,#1965,.F.);
#1965 = EDGE_CURVE('',#1927,#1958,#1966,.T.);
#1966 = LINE('',#1967,#1968);
#1967 = CARTESIAN_POINT('',(50.,-15.,140.));
#1968 = VECTOR('',#1969,1.);
#1969 = DIRECTION('',(1.,0.,0.));
#1970 = PLANE('',#1971);
#1971 = AXIS2_PLACEMENT_3D('',#1972,#1973,#1974);
#1972 = CARTESIAN_POINT('',(50.,-15.,140.));
#1973 = DIRECTION('',(0.,0.,1.));
#1974 = DIRECTION('',(1.,0.,-0.));
#1975 = ADVANCED_FACE('',(#1976),#2001,.T.);
#1976 = FACE_BOUND('',#1977,.T.);
#1977 = EDGE_LOOP('',(#1978,#1979,#1987,#1995));
#1978 = ORIENTED_EDGE('',*,*,#1957,.T.);
#1979 = ORIENTED_EDGE('',*,*,#1980,.T.);
#1980 = EDGE_CURVE('',#1950,#1981,#1983,.T.);
#1981 = VERTEX_POINT('',#1982);
#1982 = CARTESIAN_POINT('',(220.,-35.,14.737205583712));
#1983 = LINE('',#1984,#1985);
#1984 = CARTESIAN_POINT('',(220.,-35.,140.));
#1985 = VECTOR('',#1986,1.);
#1986 = DIRECTION('',(0.,0.,-1.));
#1987 = ORIENTED_EDGE('',*,*,#1988,.F.);
#1988 = EDGE_CURVE('',#1989,#1981,#1991,.T.);
#1989 = VERTEX_POINT('',#1990);
#1990 = CARTESIAN_POINT('',(220.,-15.,14.737205583712));
#1991 = LINE('',#1992,#1993);
#1992 = CARTESIAN_POINT('',(220.,-15.,14.737205583712));
#1993 = VECTOR('',#1994,1.);
#1994 = DIRECTION('',(-0.,-1.,-0.));
#1995 = ORIENTED_EDGE('',*,*,#1996,.F.);
#1996 = EDGE_CURVE('',#1958,#1989,#1997,.T.);
#1997 = LINE('',#1998,#1999);
#1998 = CARTESIAN_POINT('',(220.,-15.,140.));
#1999 = VECTOR('',#2000,1.);
#2000 = DIRECTION('',(0.,0.,-1.));
#2001 = PLANE('',#2002);
#2002 = AXIS2_PLACEMENT_3D('',#2003,#2004,#2005);
#2003 = CARTESIAN_POINT('',(220.,-15.,140.));
#2004 = DIRECTION('',(1.,-0.,0.));
#2005 = DIRECTION('',(0.,0.,-1.));
#2006 = ADVANCED_FACE('',(#2007),#2023,.T.);
#2007 = FACE_BOUND('',#2008,.T.);
#2008 = EDGE_LOOP('',(#2009,#2010,#2016,#2017));
#2009 = ORIENTED_EDGE('',*,*,#1988,.T.);
#2010 = ORIENTED_EDGE('',*,*,#2011,.T.);
#2011 = EDGE_CURVE('',#1981,#1911,#2012,.T.);
#2012 = LINE('',#2013,#2014);
#2013 = CARTESIAN_POINT('',(220.,-35.,14.737205583712));
#2014 = VECTOR('',#2015,1.);
#2015 = DIRECTION('',(-1.,0.,0.));
#2016 = ORIENTED_EDGE('',*,*,#1908,.F.);
#2017 = ORIENTED_EDGE('',*,*,#2018,.F.);
#2018 = EDGE_CURVE('',#1989,#1909,#2019,.T.);
#2019 = LINE('',#2020,#2021);
#2020 = CARTESIAN_POINT('',(220.,-15.,14.737205583712));
#2021 = VECTOR('',#2022,1.);
#2022 = DIRECTION('',(-1.,0.,0.));
#2023 = PLANE('',#2024);
#2024 = AXIS2_PLACEMENT_3D('',#2025,#2026,#2027);
#2025 = CARTESIAN_POINT('',(220.,-15.,14.737205583712));
#2026 = DIRECTION('',(0.,0.,-1.));
#2027 = DIRECTION('',(-1.,0.,0.));
#2028 = ADVANCED_FACE('',(#2029),#2035,.T.);
#2029 = FACE_BOUND('',#2030,.T.);
#2030 = EDGE_LOOP('',(#2031,#2032,#2033,#2034));
#2031 = ORIENTED_EDGE('',*,*,#1934,.T.);
#2032 = ORIENTED_EDGE('',*,*,#1965,.T.);
#2033 = ORIENTED_EDGE('',*,*,#1996,.T.);
#2034 = ORIENTED_EDGE('',*,*,#2018,.T.);
#2035 = PLANE('',#2036);
#2036 = AXIS2_PLACEMENT_3D('',#2037,#2038,#2039);
#2037 = CARTESIAN_POINT('',(135.,-15.,77.368602791856));
#2038 = DIRECTION('',(0.,1.,0.));
#2039 = DIRECTION('',(0.,-0.,1.));
#2040 = ADVANCED_FACE('',(#2041),#2047,.F.);
#2041 = FACE_BOUND('',#2042,.F.);
#2042 = EDGE_LOOP('',(#2043,#2044,#2045,#2046));
#2043 = ORIENTED_EDGE('',*,*,#1918,.T.);
#2044 = ORIENTED_EDGE('',*,*,#1949,.T.);
#2045 = ORIENTED_EDGE('',*,*,#1980,.T.);
#2046 = ORIENTED_EDGE('',*,*,#2011,.T.);
#2047 = PLANE('',#2048);
#2048 = AXIS2_PLACEMENT_3D('',#2049,#2050,#2051);
#2049 = CARTESIAN_POINT('',(135.,-35.,77.368602791856));
#2050 = DIRECTION('',(0.,1.,0.));
#2051 = DIRECTION('',(0.,-0.,1.));
#2052 = ( GEOMETRIC_REPRESENTATION_CONTEXT(3) 
GLOBAL_UNCERTAINTY_ASSIGNED_CONTEXT((#2056)) 
GLOBAL_UNIT_ASSIGNED_CONTEXT((#2053,#2054,#2055)) REPRESENTATION_CONTEXT
('Context #1','3D Context with UNIT and UNCERTAINTY') );
#2053 = ( LENGTH_UNIT() NAMED_UNIT(*) SI_UNIT(.MILLI.,.METRE.) );
#2054 = ( NAMED_UNIT(*) PLANE_ANGLE_UNIT() SI_UNIT($,.RADIAN.) );
#2055 = ( NAMED_UNIT(*) SI_UNIT($,.STERADIAN.) SOLID_ANGLE_UNIT() );
#2056 = UNCERTAINTY_MEASURE_WITH_UNIT(LENGTH_MEASURE(1.E-07),#2053,
  'distance_accuracy_value','confusion accuracy');
#2057 = CONTEXT_DEPENDENT_SHAPE_REPRESENTATION(#2058,#2060);
#2058 = ( REPRESENTATION_RELATIONSHIP('','',#1901,#10) 
REPRESENTATION_RELATIONSHIP_WITH_TRANSFORMATION(#2059) 
SHAPE_REPRESENTATION_RELATIONSHIP() );
#2059 = ITEM_DEFINED_TRANSFORMATION('','',#11,#51);
#2060 = PRODUCT_DEFINITION_SHAPE('Placement','Placement of an item',
  #2061);
#2061 = NEXT_ASSEMBLY_USAGE_OCCURRENCE('10',
  'CAT-PORT-SIDE-STARBOARD-02 | SideStarboard | nominal plywood 20 mm',
  '',#5,#1896,$);
#2062 = PRODUCT_RELATED_PRODUCT_CATEGORY('part',$,(#1898));
#2063 = SHAPE_DEFINITION_REPRESENTATION(#2064,#2070);
#2064 = PRODUCT_DEFINITION_SHAPE('','',#2065);
#2065 = PRODUCT_DEFINITION('design','',#2066,#2069);
#2066 = PRODUCT_DEFINITION_FORMATION('','',#2067);
#2067 = PRODUCT(
  'CAT-PORT-BOTTOM-03 | BottomFlat | nominal plywood 20 mm',
  'CAT-PORT-BOTTOM-03 | BottomFlat | nominal plywood 20 mm','',(#2068));
#2068 = PRODUCT_CONTEXT('',#2,'mechanical');
#2069 = PRODUCT_DEFINITION_CONTEXT('part definition',#2,'design');
#2070 = ADVANCED_BREP_SHAPE_REPRESENTATION('',(#11,#2071),#2221);
#2071 = MANIFOLD_SOLID_BREP('',#2072);
#2072 = CLOSED_SHELL('',(#2073,#2113,#2144,#2175,#2197,#2209));
#2073 = ADVANCED_FACE('',(#2074),#2108,.F.);
#2074 = FACE_BOUND('',#2075,.F.);
#2075 = EDGE_LOOP('',(#2076,#2086,#2094,#2102));
#2076 = ORIENTED_EDGE('',*,*,#2077,.T.);
#2077 = EDGE_CURVE('',#2078,#2080,#2082,.T.);
#2078 = VERTEX_POINT('',#2079);
#2079 = CARTESIAN_POINT('',(220.,-220.,0.));
#2080 = VERTEX_POINT('',#2081);
#2081 = CARTESIAN_POINT('',(220.,-220.,20.));
#2082 = LINE('',#2083,#2084);
#2083 = CARTESIAN_POINT('',(220.,-220.,0.));
#2084 = VECTOR('',#2085,1.);
#2085 = DIRECTION('',(0.,0.,1.));
#2086 = ORIENTED_EDGE('',*,*,#2087,.T.);
#2087 = EDGE_CURVE('',#2080,#2088,#2090,.T.);
#2088 = VERTEX_POINT('',#2089);
#2089 = CARTESIAN_POINT('',(390.,-220.,20.));
#2090 = LINE('',#2091,#2092);
#2091 = CARTESIAN_POINT('',(220.,-220.,20.));
#2092 = VECTOR('',#2093,1.);
#2093 = DIRECTION('',(1.,0.,0.));
#2094 = ORIENTED_EDGE('',*,*,#2095,.F.);
#2095 = EDGE_CURVE('',#2096,#2088,#2098,.T.);
#2096 = VERTEX_POINT('',#2097);
#2097 = CARTESIAN_POINT('',(390.,-220.,0.));
#2098 = LINE('',#2099,#2100);
#2099 = CARTESIAN_POINT('',(390.,-220.,0.));
#2100 = VECTOR('',#2101,1.);
#2101 = DIRECTION('',(0.,0.,1.));
#2102 = ORIENTED_EDGE('',*,*,#2103,.F.);
#2103 = EDGE_CURVE('',#2078,#2096,#2104,.T.);
#2104 = LINE('',#2105,#2106);
#2105 = CARTESIAN_POINT('',(220.,-220.,0.));
#2106 = VECTOR('',#2107,1.);
#2107 = DIRECTION('',(1.,0.,0.));
#2108 = PLANE('',#2109);
#2109 = AXIS2_PLACEMENT_3D('',#2110,#2111,#2112);
#2110 = CARTESIAN_POINT('',(220.,-220.,0.));
#2111 = DIRECTION('',(0.,1.,0.));
#2112 = DIRECTION('',(1.,0.,0.));
#2113 = ADVANCED_FACE('',(#2114),#2139,.F.);
#2114 = FACE_BOUND('',#2115,.F.);
#2115 = EDGE_LOOP('',(#2116,#2117,#2125,#2133));
#2116 = ORIENTED_EDGE('',*,*,#2095,.T.);
#2117 = ORIENTED_EDGE('',*,*,#2118,.T.);
#2118 = EDGE_CURVE('',#2088,#2119,#2121,.T.);
#2119 = VERTEX_POINT('',#2120);
#2120 = CARTESIAN_POINT('',(390.,-70.,20.));
#2121 = LINE('',#2122,#2123);
#2122 = CARTESIAN_POINT('',(390.,-220.,20.));
#2123 = VECTOR('',#2124,1.);
#2124 = DIRECTION('',(0.,1.,0.));
#2125 = ORIENTED_EDGE('',*,*,#2126,.F.);
#2126 = EDGE_CURVE('',#2127,#2119,#2129,.T.);
#2127 = VERTEX_POINT('',#2128);
#2128 = CARTESIAN_POINT('',(390.,-70.,0.));
#2129 = LINE('',#2130,#2131);
#2130 = CARTESIAN_POINT('',(390.,-70.,0.));
#2131 = VECTOR('',#2132,1.);
#2132 = DIRECTION('',(0.,0.,1.));
#2133 = ORIENTED_EDGE('',*,*,#2134,.F.);
#2134 = EDGE_CURVE('',#2096,#2127,#2135,.T.);
#2135 = LINE('',#2136,#2137);
#2136 = CARTESIAN_POINT('',(390.,-220.,0.));
#2137 = VECTOR('',#2138,1.);
#2138 = DIRECTION('',(0.,1.,0.));
#2139 = PLANE('',#2140);
#2140 = AXIS2_PLACEMENT_3D('',#2141,#2142,#2143);
#2141 = CARTESIAN_POINT('',(390.,-220.,0.));
#2142 = DIRECTION('',(-1.,0.,0.));
#2143 = DIRECTION('',(0.,1.,0.));
#2144 = ADVANCED_FACE('',(#2145),#2170,.F.);
#2145 = FACE_BOUND('',#2146,.F.);
#2146 = EDGE_LOOP('',(#2147,#2148,#2156,#2164));
#2147 = ORIENTED_EDGE('',*,*,#2126,.T.);
#2148 = ORIENTED_EDGE('',*,*,#2149,.T.);
#2149 = EDGE_CURVE('',#2119,#2150,#2152,.T.);
#2150 = VERTEX_POINT('',#2151);
#2151 = CARTESIAN_POINT('',(220.,-70.,20.));
#2152 = LINE('',#2153,#2154);
#2153 = CARTESIAN_POINT('',(390.,-70.,20.));
#2154 = VECTOR('',#2155,1.);
#2155 = DIRECTION('',(-1.,0.,0.));
#2156 = ORIENTED_EDGE('',*,*,#2157,.F.);
#2157 = EDGE_CURVE('',#2158,#2150,#2160,.T.);
#2158 = VERTEX_POINT('',#2159);
#2159 = CARTESIAN_POINT('',(220.,-70.,0.));
#2160 = LINE('',#2161,#2162);
#2161 = CARTESIAN_POINT('',(220.,-70.,0.));
#2162 = VECTOR('',#2163,1.);
#2163 = DIRECTION('',(0.,0.,1.));
#2164 = ORIENTED_EDGE('',*,*,#2165,.F.);
#2165 = EDGE_CURVE('',#2127,#2158,#2166,.T.);
#2166 = LINE('',#2167,#2168);
#2167 = CARTESIAN_POINT('',(390.,-70.,0.));
#2168 = VECTOR('',#2169,1.);
#2169 = DIRECTION('',(-1.,0.,0.));
#2170 = PLANE('',#2171);
#2171 = AXIS2_PLACEMENT_3D('',#2172,#2173,#2174);
#2172 = CARTESIAN_POINT('',(390.,-70.,0.));
#2173 = DIRECTION('',(0.,-1.,0.));
#2174 = DIRECTION('',(-1.,0.,0.));
#2175 = ADVANCED_FACE('',(#2176),#2192,.F.);
#2176 = FACE_BOUND('',#2177,.F.);
#2177 = EDGE_LOOP('',(#2178,#2179,#2185,#2186));
#2178 = ORIENTED_EDGE('',*,*,#2157,.T.);
#2179 = ORIENTED_EDGE('',*,*,#2180,.T.);
#2180 = EDGE_CURVE('',#2150,#2080,#2181,.T.);
#2181 = LINE('',#2182,#2183);
#2182 = CARTESIAN_POINT('',(220.,-70.,20.));
#2183 = VECTOR('',#2184,1.);
#2184 = DIRECTION('',(0.,-1.,0.));
#2185 = ORIENTED_EDGE('',*,*,#2077,.F.);
#2186 = ORIENTED_EDGE('',*,*,#2187,.F.);
#2187 = EDGE_CURVE('',#2158,#2078,#2188,.T.);
#2188 = LINE('',#2189,#2190);
#2189 = CARTESIAN_POINT('',(220.,-70.,0.));
#2190 = VECTOR('',#2191,1.);
#2191 = DIRECTION('',(0.,-1.,0.));
#2192 = PLANE('',#2193);
#2193 = AXIS2_PLACEMENT_3D('',#2194,#2195,#2196);
#2194 = CARTESIAN_POINT('',(220.,-70.,0.));
#2195 = DIRECTION('',(1.,0.,-0.));
#2196 = DIRECTION('',(0.,-1.,0.));
#2197 = ADVANCED_FACE('',(#2198),#2204,.F.);
#2198 = FACE_BOUND('',#2199,.F.);
#2199 = EDGE_LOOP('',(#2200,#2201,#2202,#2203));
#2200 = ORIENTED_EDGE('',*,*,#2103,.T.);
#2201 = ORIENTED_EDGE('',*,*,#2134,.T.);
#2202 = ORIENTED_EDGE('',*,*,#2165,.T.);
#2203 = ORIENTED_EDGE('',*,*,#2187,.T.);
#2204 = PLANE('',#2205);
#2205 = AXIS2_PLACEMENT_3D('',#2206,#2207,#2208);
#2206 = CARTESIAN_POINT('',(305.,-145.,0.));
#2207 = DIRECTION('',(0.,0.,1.));
#2208 = DIRECTION('',(1.,0.,-0.));
#2209 = ADVANCED_FACE('',(#2210),#2216,.T.);
#2210 = FACE_BOUND('',#2211,.T.);
#2211 = EDGE_LOOP('',(#2212,#2213,#2214,#2215));
#2212 = ORIENTED_EDGE('',*,*,#2087,.T.);
#2213 = ORIENTED_EDGE('',*,*,#2118,.T.);
#2214 = ORIENTED_EDGE('',*,*,#2149,.T.);
#2215 = ORIENTED_EDGE('',*,*,#2180,.T.);
#2216 = PLANE('',#2217);
#2217 = AXIS2_PLACEMENT_3D('',#2218,#2219,#2220);
#2218 = CARTESIAN_POINT('',(305.,-145.,20.));
#2219 = DIRECTION('',(0.,0.,1.));
#2220 = DIRECTION('',(1.,0.,-0.));
#2221 = ( GEOMETRIC_REPRESENTATION_CONTEXT(3) 
GLOBAL_UNCERTAINTY_ASSIGNED_CONTEXT((#2225)) 
GLOBAL_UNIT_ASSIGNED_CONTEXT((#2222,#2223,#2224)) REPRESENTATION_CONTEXT
('Context #1','3D Context with UNIT and UNCERTAINTY') );
#2222 = ( LENGTH_UNIT() NAMED_UNIT(*) SI_UNIT(.MILLI.,.METRE.) );
#2223 = ( NAMED_UNIT(*) PLANE_ANGLE_UNIT() SI_UNIT($,.RADIAN.) );
#2224 = ( NAMED_UNIT(*) SI_UNIT($,.STERADIAN.) SOLID_ANGLE_UNIT() );
#2225 = UNCERTAINTY_MEASURE_WITH_UNIT(LENGTH_MEASURE(1.E-07),#2222,
  'distance_accuracy_value','confusion accuracy');
#2226 = CONTEXT_DEPENDENT_SHAPE_REPRESENTATION(#2227,#2229);
#2227 = ( REPRESENTATION_RELATIONSHIP('','',#2070,#10) 
REPRESENTATION_RELATIONSHIP_WITH_TRANSFORMATION(#2228) 
SHAPE_REPRESENTATION_RELATIONSHIP() );
#2228 = ITEM_DEFINED_TRANSFORMATION('','',#11,#55);
#2229 = PRODUCT_DEFINITION_SHAPE('Placement','Placement of an item',
  #2230);
#2230 = NEXT_ASSEMBLY_USAGE_OCCURRENCE('11',
  'CAT-PORT-BOTTOM-03 | BottomFlat | nominal plywood 20 mm','',#5,#2065,
  $);
#2231 = PRODUCT_RELATED_PRODUCT_CATEGORY('part',$,(#2067));
#2232 = SHAPE_DEFINITION_REPRESENTATION(#2233,#2239);
#2233 = PRODUCT_DEFINITION_SHAPE('','',#2234);
#2234 = PRODUCT_DEFINITION('design','',#2235,#2238);
#2235 = PRODUCT_DEFINITION_FORMATION('','',#2236);
#2236 = PRODUCT(
  'CAT-PORT-CHINE-PORT-03 | ChinePort | nominal plywood 20 mm',
  'CAT-PORT-CHINE-PORT-03 | ChinePort | nominal plywood 20 mm','',(#2237
    ));
#2237 = PRODUCT_CONTEXT('',#2,'mechanical');
#2238 = PRODUCT_DEFINITION_CONTEXT('part definition',#2,'design');
#2239 = ADVANCED_BREP_SHAPE_REPRESENTATION('',(#11,#2240),#2390);
#2240 = MANIFOLD_SOLID_BREP('',#2241);
#2241 = CLOSED_SHELL('',(#2242,#2282,#2313,#2344,#2366,#2378));
#2242 = ADVANCED_FACE('',(#2243),#2277,.T.);
#2243 = FACE_BOUND('',#2244,.T.);
#2244 = EDGE_LOOP('',(#2245,#2255,#2263,#2271));
#2245 = ORIENTED_EDGE('',*,*,#2246,.T.);
#2246 = EDGE_CURVE('',#2247,#2249,#2251,.T.);
#2247 = VERTEX_POINT('',#2248);
#2248 = CARTESIAN_POINT('',(220.,-220.,0.));
#2249 = VERTEX_POINT('',#2250);
#2250 = CARTESIAN_POINT('',(220.,-214.8236190979,19.318516525781));
#2251 = LINE('',#2252,#2253);
#2252 = CARTESIAN_POINT('',(220.,-220.,0.));
#2253 = VECTOR('',#2254,1.);
#2254 = DIRECTION('',(-0.,0.258819045103,0.965925826289));
#2255 = ORIENTED_EDGE('',*,*,#2256,.T.);
#2256 = EDGE_CURVE('',#2249,#2257,#2259,.T.);
#2257 = VERTEX_POINT('',#2258);
#2258 = CARTESIAN_POINT('',(390.,-214.8236190979,19.318516525781));
#2259 = LINE('',#2260,#2261);
#2260 = CARTESIAN_POINT('',(220.,-214.8236190979,19.318516525781));
#2261 = VECTOR('',#2262,1.);
#2262 = DIRECTION('',(1.,0.,0.));
#2263 = ORIENTED_EDGE('',*,*,#2264,.F.);
#2264 = EDGE_CURVE('',#2265,#2257,#2267,.T.);
#2265 = VERTEX_POINT('',#2266);
#2266 = CARTESIAN_POINT('',(390.,-220.,0.));
#2267 = LINE('',#2268,#2269);
#2268 = CARTESIAN_POINT('',(390.,-220.,0.));
#2269 = VECTOR('',#2270,1.);
#2270 = DIRECTION('',(-0.,0.258819045103,0.965925826289));
#2271 = ORIENTED_EDGE('',*,*,#2272,.F.);
#2272 = EDGE_CURVE('',#2247,#2265,#2273,.T.);
#2273 = LINE('',#2274,#2275);
#2274 = CARTESIAN_POINT('',(220.,-220.,0.));
#2275 = VECTOR('',#2276,1.);
#2276 = DIRECTION('',(1.,0.,0.));
#2277 = PLANE('',#2278);
#2278 = AXIS2_PLACEMENT_3D('',#2279,#2280,#2281);
#2279 = CARTESIAN_POINT('',(220.,-220.,0.));
#2280 = DIRECTION('',(0.,0.965925826289,-0.258819045103));
#2281 = DIRECTION('',(1.,0.,0.));
#2282 = ADVANCED_FACE('',(#2283),#2308,.T.);
#2283 = FACE_BOUND('',#2284,.T.);
#2284 = EDGE_LOOP('',(#2285,#2286,#2294,#2302));
#2285 = ORIENTED_EDGE('',*,*,#2264,.T.);
#2286 = ORIENTED_EDGE('',*,*,#2287,.T.);
#2287 = EDGE_CURVE('',#2257,#2288,#2290,.T.);
#2288 = VERTEX_POINT('',#2289);
#2289 = CARTESIAN_POINT('',(390.,-269.8236190979,34.055722109493));
#2290 = LINE('',#2291,#2292);
#2291 = CARTESIAN_POINT('',(390.,-214.8236190979,19.318516525781));
#2292 = VECTOR('',#2293,1.);
#2293 = DIRECTION('',(0.,-0.965925826289,0.258819045103));
#2294 = ORIENTED_EDGE('',*,*,#2295,.F.);
#2295 = EDGE_CURVE('',#2296,#2288,#2298,.T.);
#2296 = VERTEX_POINT('',#2297);
#2297 = CARTESIAN_POINT('',(390.,-275.,14.737205583712));
#2298 = LINE('',#2299,#2300);
#2299 = CARTESIAN_POINT('',(390.,-275.,14.737205583712));
#2300 = VECTOR('',#2301,1.);
#2301 = DIRECTION('',(-0.,0.258819045103,0.965925826289));
#2302 = ORIENTED_EDGE('',*,*,#2303,.F.);
#2303 = EDGE_CURVE('',#2265,#2296,#2304,.T.);
#2304 = LINE('',#2305,#2306);
#2305 = CARTESIAN_POINT('',(390.,-220.,0.));
#2306 = VECTOR('',#2307,1.);
#2307 = DIRECTION('',(0.,-0.965925826289,0.258819045103));
#2308 = PLANE('',#2309);
#2309 = AXIS2_PLACEMENT_3D('',#2310,#2311,#2312);
#2310 = CARTESIAN_POINT('',(390.,-220.,0.));
#2311 = DIRECTION('',(1.,0.,0.));
#2312 = DIRECTION('',(0.,-0.965925826289,0.258819045103));
#2313 = ADVANCED_FACE('',(#2314),#2339,.T.);
#2314 = FACE_BOUND('',#2315,.T.);
#2315 = EDGE_LOOP('',(#2316,#2317,#2325,#2333));
#2316 = ORIENTED_EDGE('',*,*,#2295,.T.);
#2317 = ORIENTED_EDGE('',*,*,#2318,.T.);
#2318 = EDGE_CURVE('',#2288,#2319,#2321,.T.);
#2319 = VERTEX_POINT('',#2320);
#2320 = CARTESIAN_POINT('',(220.,-269.8236190979,34.055722109493));
#2321 = LINE('',#2322,#2323);
#2322 = CARTESIAN_POINT('',(390.,-269.8236190979,34.055722109493));
#2323 = VECTOR('',#2324,1.);
#2324 = DIRECTION('',(-1.,0.,0.));
#2325 = ORIENTED_EDGE('',*,*,#2326,.F.);
#2326 = EDGE_CURVE('',#2327,#2319,#2329,.T.);
#2327 = VERTEX_POINT('',#2328);
#2328 = CARTESIAN_POINT('',(220.,-275.,14.737205583712));
#2329 = LINE('',#2330,#2331);
#2330 = CARTESIAN_POINT('',(220.,-275.,14.737205583712));
#2331 = VECTOR('',#2332,1.);
#2332 = DIRECTION('',(-0.,0.258819045103,0.965925826289));
#2333 = ORIENTED_EDGE('',*,*,#2334,.F.);
#2334 = EDGE_CURVE('',#2296,#2327,#2335,.T.);
#2335 = LINE('',#2336,#2337);
#2336 = CARTESIAN_POINT('',(390.,-275.,14.737205583712));
#2337 = VECTOR('',#2338,1.);
#2338 = DIRECTION('',(-1.,0.,0.));
#2339 = PLANE('',#2340);
#2340 = AXIS2_PLACEMENT_3D('',#2341,#2342,#2343);
#2341 = CARTESIAN_POINT('',(390.,-275.,14.737205583712));
#2342 = DIRECTION('',(0.,-0.965925826289,0.258819045103));
#2343 = DIRECTION('',(-1.,0.,0.));
#2344 = ADVANCED_FACE('',(#2345),#2361,.T.);
#2345 = FACE_BOUND('',#2346,.T.);
#2346 = EDGE_LOOP('',(#2347,#2348,#2354,#2355));
#2347 = ORIENTED_EDGE('',*,*,#2326,.T.);
#2348 = ORIENTED_EDGE('',*,*,#2349,.T.);
#2349 = EDGE_CURVE('',#2319,#2249,#2350,.T.);
#2350 = LINE('',#2351,#2352);
#2351 = CARTESIAN_POINT('',(220.,-269.8236190979,34.055722109493));
#2352 = VECTOR('',#2353,1.);
#2353 = DIRECTION('',(0.,0.965925826289,-0.258819045103));
#2354 = ORIENTED_EDGE('',*,*,#2246,.F.);
#2355 = ORIENTED_EDGE('',*,*,#2356,.F.);
#2356 = EDGE_CURVE('',#2327,#2247,#2357,.T.);
#2357 = LINE('',#2358,#2359);
#2358 = CARTESIAN_POINT('',(220.,-275.,14.737205583712));
#2359 = VECTOR('',#2360,1.);
#2360 = DIRECTION('',(0.,0.965925826289,-0.258819045103));
#2361 = PLANE('',#2362);
#2362 = AXIS2_PLACEMENT_3D('',#2363,#2364,#2365);
#2363 = CARTESIAN_POINT('',(220.,-275.,14.737205583712));
#2364 = DIRECTION('',(-1.,0.,-0.));
#2365 = DIRECTION('',(0.,0.965925826289,-0.258819045103));
#2366 = ADVANCED_FACE('',(#2367),#2373,.T.);
#2367 = FACE_BOUND('',#2368,.T.);
#2368 = EDGE_LOOP('',(#2369,#2370,#2371,#2372));
#2369 = ORIENTED_EDGE('',*,*,#2272,.T.);
#2370 = ORIENTED_EDGE('',*,*,#2303,.T.);
#2371 = ORIENTED_EDGE('',*,*,#2334,.T.);
#2372 = ORIENTED_EDGE('',*,*,#2356,.T.);
#2373 = PLANE('',#2374);
#2374 = AXIS2_PLACEMENT_3D('',#2375,#2376,#2377);
#2375 = CARTESIAN_POINT('',(305.,-247.5,7.368602791856));
#2376 = DIRECTION('',(-0.,-0.258819045103,-0.965925826289));
#2377 = DIRECTION('',(0.,-0.965925826289,0.258819045103));
#2378 = ADVANCED_FACE('',(#2379),#2385,.F.);
#2379 = FACE_BOUND('',#2380,.F.);
#2380 = EDGE_LOOP('',(#2381,#2382,#2383,#2384));
#2381 = ORIENTED_EDGE('',*,*,#2256,.T.);
#2382 = ORIENTED_EDGE('',*,*,#2287,.T.);
#2383 = ORIENTED_EDGE('',*,*,#2318,.T.);
#2384 = ORIENTED_EDGE('',*,*,#2349,.T.);
#2385 = PLANE('',#2386);
#2386 = AXIS2_PLACEMENT_3D('',#2387,#2388,#2389);
#2387 = CARTESIAN_POINT('',(305.,-242.3236190979,26.687119317637));
#2388 = DIRECTION('',(-0.,-0.258819045103,-0.965925826289));
#2389 = DIRECTION('',(0.,-0.965925826289,0.258819045103));
#2390 = ( GEOMETRIC_REPRESENTATION_CONTEXT(3) 
GLOBAL_UNCERTAINTY_ASSIGNED_CONTEXT((#2394)) 
GLOBAL_UNIT_ASSIGNED_CONTEXT((#2391,#2392,#2393)) REPRESENTATION_CONTEXT
('Context #1','3D Context with UNIT and UNCERTAINTY') );
#2391 = ( LENGTH_UNIT() NAMED_UNIT(*) SI_UNIT(.MILLI.,.METRE.) );
#2392 = ( NAMED_UNIT(*) PLANE_ANGLE_UNIT() SI_UNIT($,.RADIAN.) );
#2393 = ( NAMED_UNIT(*) SI_UNIT($,.STERADIAN.) SOLID_ANGLE_UNIT() );
#2394 = UNCERTAINTY_MEASURE_WITH_UNIT(LENGTH_MEASURE(1.E-07),#2391,
  'distance_accuracy_value','confusion accuracy');
#2395 = CONTEXT_DEPENDENT_SHAPE_REPRESENTATION(#2396,#2398);
#2396 = ( REPRESENTATION_RELATIONSHIP('','',#2239,#10) 
REPRESENTATION_RELATIONSHIP_WITH_TRANSFORMATION(#2397) 
SHAPE_REPRESENTATION_RELATIONSHIP() );
#2397 = ITEM_DEFINED_TRANSFORMATION('','',#11,#59);
#2398 = PRODUCT_DEFINITION_SHAPE('Placement','Placement of an item',
  #2399);
#2399 = NEXT_ASSEMBLY_USAGE_OCCURRENCE('12',
  'CAT-PORT-CHINE-PORT-03 | ChinePort | nominal plywood 20 mm','',#5,
  #2234,$);
#2400 = PRODUCT_RELATED_PRODUCT_CATEGORY('part',$,(#2236));
#2401 = SHAPE_DEFINITION_REPRESENTATION(#2402,#2408);
#2402 = PRODUCT_DEFINITION_SHAPE('','',#2403);
#2403 = PRODUCT_DEFINITION('design','',#2404,#2407);
#2404 = PRODUCT_DEFINITION_FORMATION('','',#2405);
#2405 = PRODUCT(
  'CAT-PORT-CHINE-STARBOARD-03 | ChineStarboard | nominal plywood 20 mm'
  ,
  'CAT-PORT-CHINE-STARBOARD-03 | ChineStarboard | nominal plywood 20 mm'
  ,'',(#2406));
#2406 = PRODUCT_CONTEXT('',#2,'mechanical');
#2407 = PRODUCT_DEFINITION_CONTEXT('part definition',#2,'design');
#2408 = ADVANCED_BREP_SHAPE_REPRESENTATION('',(#11,#2409),#2559);
#2409 = MANIFOLD_SOLID_BREP('',#2410);
#2410 = CLOSED_SHELL('',(#2411,#2451,#2482,#2513,#2535,#2547));
#2411 = ADVANCED_FACE('',(#2412),#2446,.T.);
#2412 = FACE_BOUND('',#2413,.T.);
#2413 = EDGE_LOOP('',(#2414,#2424,#2432,#2440));
#2414 = ORIENTED_EDGE('',*,*,#2415,.T.);
#2415 = EDGE_CURVE('',#2416,#2418,#2420,.T.);
#2416 = VERTEX_POINT('',#2417);
#2417 = CARTESIAN_POINT('',(220.,-70.,0.));
#2418 = VERTEX_POINT('',#2419);
#2419 = CARTESIAN_POINT('',(220.,-75.17638090205,19.318516525781));
#2420 = LINE('',#2421,#2422);
#2421 = CARTESIAN_POINT('',(220.,-70.,0.));
#2422 = VECTOR('',#2423,1.);
#2423 = DIRECTION('',(-0.,-0.258819045103,0.965925826289));
#2424 = ORIENTED_EDGE('',*,*,#2425,.T.);
#2425 = EDGE_CURVE('',#2418,#2426,#2428,.T.);
#2426 = VERTEX_POINT('',#2427);
#2427 = CARTESIAN_POINT('',(220.,-20.17638090205,34.055722109493));
#2428 = LINE('',#2429,#2430);
#2429 = CARTESIAN_POINT('',(220.,-75.17638090205,19.318516525781));
#2430 = VECTOR('',#2431,1.);
#2431 = DIRECTION('',(0.,0.965925826289,0.258819045103));
#2432 = ORIENTED_EDGE('',*,*,#2433,.F.);
#2433 = EDGE_CURVE('',#2434,#2426,#2436,.T.);
#2434 = VERTEX_POINT('',#2435);
#2435 = CARTESIAN_POINT('',(220.,-15.,14.737205583712));
#2436 = LINE('',#2437,#2438);
#2437 = CARTESIAN_POINT('',(220.,-15.,14.737205583712));
#2438 = VECTOR('',#2439,1.);
#2439 = DIRECTION('',(-0.,-0.258819045103,0.965925826289));
#2440 = ORIENTED_EDGE('',*,*,#2441,.F.);
#2441 = EDGE_CURVE('',#2416,#2434,#2442,.T.);
#2442 = LINE('',#2443,#2444);
#2443 = CARTESIAN_POINT('',(220.,-70.,0.));
#2444 = VECTOR('',#2445,1.);
#2445 = DIRECTION('',(0.,0.965925826289,0.258819045103));
#2446 = PLANE('',#2447);
#2447 = AXIS2_PLACEMENT_3D('',#2448,#2449,#2450);
#2448 = CARTESIAN_POINT('',(220.,-70.,0.));
#2449 = DIRECTION('',(-1.,0.,0.));
#2450 = DIRECTION('',(0.,0.965925826289,0.258819045103));
#2451 = ADVANCED_FACE('',(#2452),#2477,.T.);
#2452 = FACE_BOUND('',#2453,.T.);
#2453 = EDGE_LOOP('',(#2454,#2455,#2463,#2471));
#2454 = ORIENTED_EDGE('',*,*,#2433,.T.);
#2455 = ORIENTED_EDGE('',*,*,#2456,.T.);
#2456 = EDGE_CURVE('',#2426,#2457,#2459,.T.);
#2457 = VERTEX_POINT('',#2458);
#2458 = CARTESIAN_POINT('',(390.,-20.17638090205,34.055722109493));
#2459 = LINE('',#2460,#2461);
#2460 = CARTESIAN_POINT('',(220.,-20.17638090205,34.055722109493));
#2461 = VECTOR('',#2462,1.);
#2462 = DIRECTION('',(1.,0.,0.));
#2463 = ORIENTED_EDGE('',*,*,#2464,.F.);
#2464 = EDGE_CURVE('',#2465,#2457,#2467,.T.);
#2465 = VERTEX_POINT('',#2466);
#2466 = CARTESIAN_POINT('',(390.,-15.,14.737205583712));
#2467 = LINE('',#2468,#2469);
#2468 = CARTESIAN_POINT('',(390.,-15.,14.737205583712));
#2469 = VECTOR('',#2470,1.);
#2470 = DIRECTION('',(-0.,-0.258819045103,0.965925826289));
#2471 = ORIENTED_EDGE('',*,*,#2472,.F.);
#2472 = EDGE_CURVE('',#2434,#2465,#2473,.T.);
#2473 = LINE('',#2474,#2475);
#2474 = CARTESIAN_POINT('',(220.,-15.,14.737205583712));
#2475 = VECTOR('',#2476,1.);
#2476 = DIRECTION('',(1.,0.,0.));
#2477 = PLANE('',#2478);
#2478 = AXIS2_PLACEMENT_3D('',#2479,#2480,#2481);
#2479 = CARTESIAN_POINT('',(220.,-15.,14.737205583712));
#2480 = DIRECTION('',(-0.,0.965925826289,0.258819045103));
#2481 = DIRECTION('',(1.,0.,0.));
#2482 = ADVANCED_FACE('',(#2483),#2508,.T.);
#2483 = FACE_BOUND('',#2484,.T.);
#2484 = EDGE_LOOP('',(#2485,#2486,#2494,#2502));
#2485 = ORIENTED_EDGE('',*,*,#2464,.T.);
#2486 = ORIENTED_EDGE('',*,*,#2487,.T.);
#2487 = EDGE_CURVE('',#2457,#2488,#2490,.T.);
#2488 = VERTEX_POINT('',#2489);
#2489 = CARTESIAN_POINT('',(390.,-75.17638090205,19.318516525781));
#2490 = LINE('',#2491,#2492);
#2491 = CARTESIAN_POINT('',(390.,-20.17638090205,34.055722109493));
#2492 = VECTOR('',#2493,1.);
#2493 = DIRECTION('',(0.,-0.965925826289,-0.258819045103));
#2494 = ORIENTED_EDGE('',*,*,#2495,.F.);
#2495 = EDGE_CURVE('',#2496,#2488,#2498,.T.);
#2496 = VERTEX_POINT('',#2497);
#2497 = CARTESIAN_POINT('',(390.,-70.,0.));
#2498 = LINE('',#2499,#2500);
#2499 = CARTESIAN_POINT('',(390.,-70.,0.));
#2500 = VECTOR('',#2501,1.);
#2501 = DIRECTION('',(-0.,-0.258819045103,0.965925826289));
#2502 = ORIENTED_EDGE('',*,*,#2503,.F.);
#2503 = EDGE_CURVE('',#2465,#2496,#2504,.T.);
#2504 = LINE('',#2505,#2506);
#2505 = CARTESIAN_POINT('',(390.,-15.,14.737205583712));
#2506 = VECTOR('',#2507,1.);
#2507 = DIRECTION('',(0.,-0.965925826289,-0.258819045103));
#2508 = PLANE('',#2509);
#2509 = AXIS2_PLACEMENT_3D('',#2510,#2511,#2512);
#2510 = CARTESIAN_POINT('',(390.,-15.,14.737205583712));
#2511 = DIRECTION('',(1.,0.,0.));
#2512 = DIRECTION('',(0.,-0.965925826289,-0.258819045103));
#2513 = ADVANCED_FACE('',(#2514),#2530,.T.);
#2514 = FACE_BOUND('',#2515,.T.);
#2515 = EDGE_LOOP('',(#2516,#2517,#2523,#2524));
#2516 = ORIENTED_EDGE('',*,*,#2495,.T.);
#2517 = ORIENTED_EDGE('',*,*,#2518,.T.);
#2518 = EDGE_CURVE('',#2488,#2418,#2519,.T.);
#2519 = LINE('',#2520,#2521);
#2520 = CARTESIAN_POINT('',(390.,-75.17638090205,19.318516525781));
#2521 = VECTOR('',#2522,1.);
#2522 = DIRECTION('',(-1.,0.,0.));
#2523 = ORIENTED_EDGE('',*,*,#2415,.F.);
#2524 = ORIENTED_EDGE('',*,*,#2525,.F.);
#2525 = EDGE_CURVE('',#2496,#2416,#2526,.T.);
#2526 = LINE('',#2527,#2528);
#2527 = CARTESIAN_POINT('',(390.,-70.,0.));
#2528 = VECTOR('',#2529,1.);
#2529 = DIRECTION('',(-1.,0.,0.));
#2530 = PLANE('',#2531);
#2531 = AXIS2_PLACEMENT_3D('',#2532,#2533,#2534);
#2532 = CARTESIAN_POINT('',(390.,-70.,0.));
#2533 = DIRECTION('',(-0.,-0.965925826289,-0.258819045103));
#2534 = DIRECTION('',(-1.,0.,0.));
#2535 = ADVANCED_FACE('',(#2536),#2542,.T.);
#2536 = FACE_BOUND('',#2537,.T.);
#2537 = EDGE_LOOP('',(#2538,#2539,#2540,#2541));
#2538 = ORIENTED_EDGE('',*,*,#2441,.T.);
#2539 = ORIENTED_EDGE('',*,*,#2472,.T.);
#2540 = ORIENTED_EDGE('',*,*,#2503,.T.);
#2541 = ORIENTED_EDGE('',*,*,#2525,.T.);
#2542 = PLANE('',#2543);
#2543 = AXIS2_PLACEMENT_3D('',#2544,#2545,#2546);
#2544 = CARTESIAN_POINT('',(305.,-42.5,7.368602791856));
#2545 = DIRECTION('',(-0.,0.258819045103,-0.965925826289));
#2546 = DIRECTION('',(0.,-0.965925826289,-0.258819045103));
#2547 = ADVANCED_FACE('',(#2548),#2554,.F.);
#2548 = FACE_BOUND('',#2549,.F.);
#2549 = EDGE_LOOP('',(#2550,#2551,#2552,#2553));
#2550 = ORIENTED_EDGE('',*,*,#2425,.T.);
#2551 = ORIENTED_EDGE('',*,*,#2456,.T.);
#2552 = ORIENTED_EDGE('',*,*,#2487,.T.);
#2553 = ORIENTED_EDGE('',*,*,#2518,.T.);
#2554 = PLANE('',#2555);
#2555 = AXIS2_PLACEMENT_3D('',#2556,#2557,#2558);
#2556 = CARTESIAN_POINT('',(305.,-47.67638090205,26.687119317637));
#2557 = DIRECTION('',(-0.,0.258819045103,-0.965925826289));
#2558 = DIRECTION('',(0.,-0.965925826289,-0.258819045103));
#2559 = ( GEOMETRIC_REPRESENTATION_CONTEXT(3) 
GLOBAL_UNCERTAINTY_ASSIGNED_CONTEXT((#2563)) 
GLOBAL_UNIT_ASSIGNED_CONTEXT((#2560,#2561,#2562)) REPRESENTATION_CONTEXT
('Context #1','3D Context with UNIT and UNCERTAINTY') );
#2560 = ( LENGTH_UNIT() NAMED_UNIT(*) SI_UNIT(.MILLI.,.METRE.) );
#2561 = ( NAMED_UNIT(*) PLANE_ANGLE_UNIT() SI_UNIT($,.RADIAN.) );
#2562 = ( NAMED_UNIT(*) SI_UNIT($,.STERADIAN.) SOLID_ANGLE_UNIT() );
#2563 = UNCERTAINTY_MEASURE_WITH_UNIT(LENGTH_MEASURE(1.E-07),#2560,
  'distance_accuracy_value','confusion accuracy');
#2564 = CONTEXT_DEPENDENT_SHAPE_REPRESENTATION(#2565,#2567);
#2565 = ( REPRESENTATION_RELATIONSHIP('','',#2408,#10) 
REPRESENTATION_RELATIONSHIP_WITH_TRANSFORMATION(#2566) 
SHAPE_REPRESENTATION_RELATIONSHIP() );
#2566 = ITEM_DEFINED_TRANSFORMATION('','',#11,#63);
#2567 = PRODUCT_DEFINITION_SHAPE('Placement','Placement of an item',
  #2568);
#2568 = NEXT_ASSEMBLY_USAGE_OCCURRENCE('13',
  'CAT-PORT-CHINE-STARBOARD-03 | ChineStarboard | nominal plywood 20 mm'
  ,'',#5,#2403,$);
#2569 = PRODUCT_RELATED_PRODUCT_CATEGORY('part',$,(#2405));
#2570 = SHAPE_DEFINITION_REPRESENTATION(#2571,#2577);
#2571 = PRODUCT_DEFINITION_SHAPE('','',#2572);
#2572 = PRODUCT_DEFINITION('design','',#2573,#2576);
#2573 = PRODUCT_DEFINITION_FORMATION('','',#2574);
#2574 = PRODUCT(
  'CAT-PORT-SIDE-PORT-03 | SidePort | nominal plywood 20 mm',
  'CAT-PORT-SIDE-PORT-03 | SidePort | nominal plywood 20 mm','',(#2575)
  );
#2575 = PRODUCT_CONTEXT('',#2,'mechanical');
#2576 = PRODUCT_DEFINITION_CONTEXT('part definition',#2,'design');
#2577 = ADVANCED_BREP_SHAPE_REPRESENTATION('',(#11,#2578),#2728);
#2578 = MANIFOLD_SOLID_BREP('',#2579);
#2579 = CLOSED_SHELL('',(#2580,#2620,#2651,#2682,#2704,#2716));
#2580 = ADVANCED_FACE('',(#2581),#2615,.T.);
#2581 = FACE_BOUND('',#2582,.T.);
#2582 = EDGE_LOOP('',(#2583,#2593,#2601,#2609));
#2583 = ORIENTED_EDGE('',*,*,#2584,.T.);
#2584 = EDGE_CURVE('',#2585,#2587,#2589,.T.);
#2585 = VERTEX_POINT('',#2586);
#2586 = CARTESIAN_POINT('',(220.,-275.,14.737205583712));
#2587 = VERTEX_POINT('',#2588);
#2588 = CARTESIAN_POINT('',(220.,-255.,14.737205583712));
#2589 = LINE('',#2590,#2591);
#2590 = CARTESIAN_POINT('',(220.,-275.,14.737205583712));
#2591 = VECTOR('',#2592,1.);
#2592 = DIRECTION('',(-0.,1.,-0.));
#2593 = ORIENTED_EDGE('',*,*,#2594,.T.);
#2594 = EDGE_CURVE('',#2587,#2595,#2597,.T.);
#2595 = VERTEX_POINT('',#2596);
#2596 = CARTESIAN_POINT('',(390.,-255.,14.737205583712));
#2597 = LINE('',#2598,#2599);
#2598 = CARTESIAN_POINT('',(220.,-255.,14.737205583712));
#2599 = VECTOR('',#2600,1.);
#2600 = DIRECTION('',(1.,0.,0.));
#2601 = ORIENTED_EDGE('',*,*,#2602,.F.);
#2602 = EDGE_CURVE('',#2603,#2595,#2605,.T.);
#2603 = VERTEX_POINT('',#2604);
#2604 = CARTESIAN_POINT('',(390.,-275.,14.737205583712));
#2605 = LINE('',#2606,#2607);
#2606 = CARTESIAN_POINT('',(390.,-275.,14.737205583712));
#2607 = VECTOR('',#2608,1.);
#2608 = DIRECTION('',(-0.,1.,-0.));
#2609 = ORIENTED_EDGE('',*,*,#2610,.F.);
#2610 = EDGE_CURVE('',#2585,#2603,#2611,.T.);
#2611 = LINE('',#2612,#2613);
#2612 = CARTESIAN_POINT('',(220.,-275.,14.737205583712));
#2613 = VECTOR('',#2614,1.);
#2614 = DIRECTION('',(1.,0.,0.));
#2615 = PLANE('',#2616);
#2616 = AXIS2_PLACEMENT_3D('',#2617,#2618,#2619);
#2617 = CARTESIAN_POINT('',(220.,-275.,14.737205583712));
#2618 = DIRECTION('',(0.,0.,-1.));
#2619 = DIRECTION('',(1.,0.,0.));
#2620 = ADVANCED_FACE('',(#2621),#2646,.T.);
#2621 = FACE_BOUND('',#2622,.T.);
#2622 = EDGE_LOOP('',(#2623,#2624,#2632,#2640));
#2623 = ORIENTED_EDGE('',*,*,#2602,.T.);
#2624 = ORIENTED_EDGE('',*,*,#2625,.T.);
#2625 = EDGE_CURVE('',#2595,#2626,#2628,.T.);
#2626 = VERTEX_POINT('',#2627);
#2627 = CARTESIAN_POINT('',(390.,-255.,140.));
#2628 = LINE('',#2629,#2630);
#2629 = CARTESIAN_POINT('',(390.,-255.,14.737205583712));
#2630 = VECTOR('',#2631,1.);
#2631 = DIRECTION('',(0.,0.,1.));
#2632 = ORIENTED_EDGE('',*,*,#2633,.F.);
#2633 = EDGE_CURVE('',#2634,#2626,#2636,.T.);
#2634 = VERTEX_POINT('',#2635);
#2635 = CARTESIAN_POINT('',(390.,-275.,140.));
#2636 = LINE('',#2637,#2638);
#2637 = CARTESIAN_POINT('',(390.,-275.,140.));
#2638 = VECTOR('',#2639,1.);
#2639 = DIRECTION('',(-0.,1.,-0.));
#2640 = ORIENTED_EDGE('',*,*,#2641,.F.);
#2641 = EDGE_CURVE('',#2603,#2634,#2642,.T.);
#2642 = LINE('',#2643,#2644);
#2643 = CARTESIAN_POINT('',(390.,-275.,14.737205583712));
#2644 = VECTOR('',#2645,1.);
#2645 = DIRECTION('',(0.,0.,1.));
#2646 = PLANE('',#2647);
#2647 = AXIS2_PLACEMENT_3D('',#2648,#2649,#2650);
#2648 = CARTESIAN_POINT('',(390.,-275.,14.737205583712));
#2649 = DIRECTION('',(1.,0.,-0.));
#2650 = DIRECTION('',(0.,0.,1.));
#2651 = ADVANCED_FACE('',(#2652),#2677,.T.);
#2652 = FACE_BOUND('',#2653,.T.);
#2653 = EDGE_LOOP('',(#2654,#2655,#2663,#2671));
#2654 = ORIENTED_EDGE('',*,*,#2633,.T.);
#2655 = ORIENTED_EDGE('',*,*,#2656,.T.);
#2656 = EDGE_CURVE('',#2626,#2657,#2659,.T.);
#2657 = VERTEX_POINT('',#2658);
#2658 = CARTESIAN_POINT('',(220.,-255.,140.));
#2659 = LINE('',#2660,#2661);
#2660 = CARTESIAN_POINT('',(390.,-255.,140.));
#2661 = VECTOR('',#2662,1.);
#2662 = DIRECTION('',(-1.,0.,0.));
#2663 = ORIENTED_EDGE('',*,*,#2664,.F.);
#2664 = EDGE_CURVE('',#2665,#2657,#2667,.T.);
#2665 = VERTEX_POINT('',#2666);
#2666 = CARTESIAN_POINT('',(220.,-275.,140.));
#2667 = LINE('',#2668,#2669);
#2668 = CARTESIAN_POINT('',(220.,-275.,140.));
#2669 = VECTOR('',#2670,1.);
#2670 = DIRECTION('',(-0.,1.,-0.));
#2671 = ORIENTED_EDGE('',*,*,#2672,.F.);
#2672 = EDGE_CURVE('',#2634,#2665,#2673,.T.);
#2673 = LINE('',#2674,#2675);
#2674 = CARTESIAN_POINT('',(390.,-275.,140.));
#2675 = VECTOR('',#2676,1.);
#2676 = DIRECTION('',(-1.,0.,0.));
#2677 = PLANE('',#2678);
#2678 = AXIS2_PLACEMENT_3D('',#2679,#2680,#2681);
#2679 = CARTESIAN_POINT('',(390.,-275.,140.));
#2680 = DIRECTION('',(0.,0.,1.));
#2681 = DIRECTION('',(-1.,0.,0.));
#2682 = ADVANCED_FACE('',(#2683),#2699,.T.);
#2683 = FACE_BOUND('',#2684,.T.);
#2684 = EDGE_LOOP('',(#2685,#2686,#2692,#2693));
#2685 = ORIENTED_EDGE('',*,*,#2664,.T.);
#2686 = ORIENTED_EDGE('',*,*,#2687,.T.);
#2687 = EDGE_CURVE('',#2657,#2587,#2688,.T.);
#2688 = LINE('',#2689,#2690);
#2689 = CARTESIAN_POINT('',(220.,-255.,140.));
#2690 = VECTOR('',#2691,1.);
#2691 = DIRECTION('',(0.,0.,-1.));
#2692 = ORIENTED_EDGE('',*,*,#2584,.F.);
#2693 = ORIENTED_EDGE('',*,*,#2694,.F.);
#2694 = EDGE_CURVE('',#2665,#2585,#2695,.T.);
#2695 = LINE('',#2696,#2697);
#2696 = CARTESIAN_POINT('',(220.,-275.,140.));
#2697 = VECTOR('',#2698,1.);
#2698 = DIRECTION('',(0.,0.,-1.));
#2699 = PLANE('',#2700);
#2700 = AXIS2_PLACEMENT_3D('',#2701,#2702,#2703);
#2701 = CARTESIAN_POINT('',(220.,-275.,140.));
#2702 = DIRECTION('',(-1.,-0.,-0.));
#2703 = DIRECTION('',(0.,0.,-1.));
#2704 = ADVANCED_FACE('',(#2705),#2711,.T.);
#2705 = FACE_BOUND('',#2706,.T.);
#2706 = EDGE_LOOP('',(#2707,#2708,#2709,#2710));
#2707 = ORIENTED_EDGE('',*,*,#2610,.T.);
#2708 = ORIENTED_EDGE('',*,*,#2641,.T.);
#2709 = ORIENTED_EDGE('',*,*,#2672,.T.);
#2710 = ORIENTED_EDGE('',*,*,#2694,.T.);
#2711 = PLANE('',#2712);
#2712 = AXIS2_PLACEMENT_3D('',#2713,#2714,#2715);
#2713 = CARTESIAN_POINT('',(305.,-275.,77.368602791856));
#2714 = DIRECTION('',(-0.,-1.,-0.));
#2715 = DIRECTION('',(0.,0.,-1.));
#2716 = ADVANCED_FACE('',(#2717),#2723,.F.);
#2717 = FACE_BOUND('',#2718,.F.);
#2718 = EDGE_LOOP('',(#2719,#2720,#2721,#2722));
#2719 = ORIENTED_EDGE('',*,*,#2594,.T.);
#2720 = ORIENTED_EDGE('',*,*,#2625,.T.);
#2721 = ORIENTED_EDGE('',*,*,#2656,.T.);
#2722 = ORIENTED_EDGE('',*,*,#2687,.T.);
#2723 = PLANE('',#2724);
#2724 = AXIS2_PLACEMENT_3D('',#2725,#2726,#2727);
#2725 = CARTESIAN_POINT('',(305.,-255.,77.368602791856));
#2726 = DIRECTION('',(-0.,-1.,-0.));
#2727 = DIRECTION('',(0.,0.,-1.));
#2728 = ( GEOMETRIC_REPRESENTATION_CONTEXT(3) 
GLOBAL_UNCERTAINTY_ASSIGNED_CONTEXT((#2732)) 
GLOBAL_UNIT_ASSIGNED_CONTEXT((#2729,#2730,#2731)) REPRESENTATION_CONTEXT
('Context #1','3D Context with UNIT and UNCERTAINTY') );
#2729 = ( LENGTH_UNIT() NAMED_UNIT(*) SI_UNIT(.MILLI.,.METRE.) );
#2730 = ( NAMED_UNIT(*) PLANE_ANGLE_UNIT() SI_UNIT($,.RADIAN.) );
#2731 = ( NAMED_UNIT(*) SI_UNIT($,.STERADIAN.) SOLID_ANGLE_UNIT() );
#2732 = UNCERTAINTY_MEASURE_WITH_UNIT(LENGTH_MEASURE(1.E-07),#2729,
  'distance_accuracy_value','confusion accuracy');
#2733 = CONTEXT_DEPENDENT_SHAPE_REPRESENTATION(#2734,#2736);
#2734 = ( REPRESENTATION_RELATIONSHIP('','',#2577,#10) 
REPRESENTATION_RELATIONSHIP_WITH_TRANSFORMATION(#2735) 
SHAPE_REPRESENTATION_RELATIONSHIP() );
#2735 = ITEM_DEFINED_TRANSFORMATION('','',#11,#67);
#2736 = PRODUCT_DEFINITION_SHAPE('Placement','Placement of an item',
  #2737);
#2737 = NEXT_ASSEMBLY_USAGE_OCCURRENCE('14',
  'CAT-PORT-SIDE-PORT-03 | SidePort | nominal plywood 20 mm','',#5,#2572
  ,$);
#2738 = PRODUCT_RELATED_PRODUCT_CATEGORY('part',$,(#2574));
#2739 = SHAPE_DEFINITION_REPRESENTATION(#2740,#2746);
#2740 = PRODUCT_DEFINITION_SHAPE('','',#2741);
#2741 = PRODUCT_DEFINITION('design','',#2742,#2745);
#2742 = PRODUCT_DEFINITION_FORMATION('','',#2743);
#2743 = PRODUCT(
  'CAT-PORT-SIDE-STARBOARD-03 | SideStarboard | nominal plywood 20 mm',
  'CAT-PORT-SIDE-STARBOARD-03 | SideStarboard | nominal plywood 20 mm',
  '',(#2744));
#2744 = PRODUCT_CONTEXT('',#2,'mechanical');
#2745 = PRODUCT_DEFINITION_CONTEXT('part definition',#2,'design');
#2746 = ADVANCED_BREP_SHAPE_REPRESENTATION('',(#11,#2747),#2897);
#2747 = MANIFOLD_SOLID_BREP('',#2748);
#2748 = CLOSED_SHELL('',(#2749,#2789,#2820,#2851,#2873,#2885));
#2749 = ADVANCED_FACE('',(#2750),#2784,.T.);
#2750 = FACE_BOUND('',#2751,.T.);
#2751 = EDGE_LOOP('',(#2752,#2762,#2770,#2778));
#2752 = ORIENTED_EDGE('',*,*,#2753,.T.);
#2753 = EDGE_CURVE('',#2754,#2756,#2758,.T.);
#2754 = VERTEX_POINT('',#2755);
#2755 = CARTESIAN_POINT('',(220.,-15.,14.737205583712));
#2756 = VERTEX_POINT('',#2757);
#2757 = CARTESIAN_POINT('',(220.,-35.,14.737205583712));
#2758 = LINE('',#2759,#2760);
#2759 = CARTESIAN_POINT('',(220.,-15.,14.737205583712));
#2760 = VECTOR('',#2761,1.);
#2761 = DIRECTION('',(-0.,-1.,-0.));
#2762 = ORIENTED_EDGE('',*,*,#2763,.T.);
#2763 = EDGE_CURVE('',#2756,#2764,#2766,.T.);
#2764 = VERTEX_POINT('',#2765);
#2765 = CARTESIAN_POINT('',(220.,-35.,140.));
#2766 = LINE('',#2767,#2768);
#2767 = CARTESIAN_POINT('',(220.,-35.,14.737205583712));
#2768 = VECTOR('',#2769,1.);
#2769 = DIRECTION('',(0.,0.,1.));
#2770 = ORIENTED_EDGE('',*,*,#2771,.F.);
#2771 = EDGE_CURVE('',#2772,#2764,#2774,.T.);
#2772 = VERTEX_POINT('',#2773);
#2773 = CARTESIAN_POINT('',(220.,-15.,140.));
#2774 = LINE('',#2775,#2776);
#2775 = CARTESIAN_POINT('',(220.,-15.,140.));
#2776 = VECTOR('',#2777,1.);
#2777 = DIRECTION('',(-0.,-1.,-0.));
#2778 = ORIENTED_EDGE('',*,*,#2779,.F.);
#2779 = EDGE_CURVE('',#2754,#2772,#2780,.T.);
#2780 = LINE('',#2781,#2782);
#2781 = CARTESIAN_POINT('',(220.,-15.,14.737205583712));
#2782 = VECTOR('',#2783,1.);
#2783 = DIRECTION('',(0.,0.,1.));
#2784 = PLANE('',#2785);
#2785 = AXIS2_PLACEMENT_3D('',#2786,#2787,#2788);
#2786 = CARTESIAN_POINT('',(220.,-15.,14.737205583712));
#2787 = DIRECTION('',(-1.,0.,0.));
#2788 = DIRECTION('',(0.,0.,1.));
#2789 = ADVANCED_FACE('',(#2790),#2815,.T.);
#2790 = FACE_BOUND('',#2791,.T.);
#2791 = EDGE_LOOP('',(#2792,#2793,#2801,#2809));
#2792 = ORIENTED_EDGE('',*,*,#2771,.T.);
#2793 = ORIENTED_EDGE('',*,*,#2794,.T.);
#2794 = EDGE_CURVE('',#2764,#2795,#2797,.T.);
#2795 = VERTEX_POINT('',#2796);
#2796 = CARTESIAN_POINT('',(390.,-35.,140.));
#2797 = LINE('',#2798,#2799);
#2798 = CARTESIAN_POINT('',(220.,-35.,140.));
#2799 = VECTOR('',#2800,1.);
#2800 = DIRECTION('',(1.,0.,0.));
#2801 = ORIENTED_EDGE('',*,*,#2802,.F.);
#2802 = EDGE_CURVE('',#2803,#2795,#2805,.T.);
#2803 = VERTEX_POINT('',#2804);
#2804 = CARTESIAN_POINT('',(390.,-15.,140.));
#2805 = LINE('',#2806,#2807);
#2806 = CARTESIAN_POINT('',(390.,-15.,140.));
#2807 = VECTOR('',#2808,1.);
#2808 = DIRECTION('',(-0.,-1.,-0.));
#2809 = ORIENTED_EDGE('',*,*,#2810,.F.);
#2810 = EDGE_CURVE('',#2772,#2803,#2811,.T.);
#2811 = LINE('',#2812,#2813);
#2812 = CARTESIAN_POINT('',(220.,-15.,140.));
#2813 = VECTOR('',#2814,1.);
#2814 = DIRECTION('',(1.,0.,0.));
#2815 = PLANE('',#2816);
#2816 = AXIS2_PLACEMENT_3D('',#2817,#2818,#2819);
#2817 = CARTESIAN_POINT('',(220.,-15.,140.));
#2818 = DIRECTION('',(0.,0.,1.));
#2819 = DIRECTION('',(1.,0.,-0.));
#2820 = ADVANCED_FACE('',(#2821),#2846,.T.);
#2821 = FACE_BOUND('',#2822,.T.);
#2822 = EDGE_LOOP('',(#2823,#2824,#2832,#2840));
#2823 = ORIENTED_EDGE('',*,*,#2802,.T.);
#2824 = ORIENTED_EDGE('',*,*,#2825,.T.);
#2825 = EDGE_CURVE('',#2795,#2826,#2828,.T.);
#2826 = VERTEX_POINT('',#2827);
#2827 = CARTESIAN_POINT('',(390.,-35.,14.737205583712));
#2828 = LINE('',#2829,#2830);
#2829 = CARTESIAN_POINT('',(390.,-35.,140.));
#2830 = VECTOR('',#2831,1.);
#2831 = DIRECTION('',(0.,0.,-1.));
#2832 = ORIENTED_EDGE('',*,*,#2833,.F.);
#2833 = EDGE_CURVE('',#2834,#2826,#2836,.T.);
#2834 = VERTEX_POINT('',#2835);
#2835 = CARTESIAN_POINT('',(390.,-15.,14.737205583712));
#2836 = LINE('',#2837,#2838);
#2837 = CARTESIAN_POINT('',(390.,-15.,14.737205583712));
#2838 = VECTOR('',#2839,1.);
#2839 = DIRECTION('',(-0.,-1.,-0.));
#2840 = ORIENTED_EDGE('',*,*,#2841,.F.);
#2841 = EDGE_CURVE('',#2803,#2834,#2842,.T.);
#2842 = LINE('',#2843,#2844);
#2843 = CARTESIAN_POINT('',(390.,-15.,140.));
#2844 = VECTOR('',#2845,1.);
#2845 = DIRECTION('',(0.,0.,-1.));
#2846 = PLANE('',#2847);
#2847 = AXIS2_PLACEMENT_3D('',#2848,#2849,#2850);
#2848 = CARTESIAN_POINT('',(390.,-15.,140.));
#2849 = DIRECTION('',(1.,-0.,0.));
#2850 = DIRECTION('',(0.,0.,-1.));
#2851 = ADVANCED_FACE('',(#2852),#2868,.T.);
#2852 = FACE_BOUND('',#2853,.T.);
#2853 = EDGE_LOOP('',(#2854,#2855,#2861,#2862));
#2854 = ORIENTED_EDGE('',*,*,#2833,.T.);
#2855 = ORIENTED_EDGE('',*,*,#2856,.T.);
#2856 = EDGE_CURVE('',#2826,#2756,#2857,.T.);
#2857 = LINE('',#2858,#2859);
#2858 = CARTESIAN_POINT('',(390.,-35.,14.737205583712));
#2859 = VECTOR('',#2860,1.);
#2860 = DIRECTION('',(-1.,0.,0.));
#2861 = ORIENTED_EDGE('',*,*,#2753,.F.);
#2862 = ORIENTED_EDGE('',*,*,#2863,.F.);
#2863 = EDGE_CURVE('',#2834,#2754,#2864,.T.);
#2864 = LINE('',#2865,#2866);
#2865 = CARTESIAN_POINT('',(390.,-15.,14.737205583712));
#2866 = VECTOR('',#2867,1.);
#2867 = DIRECTION('',(-1.,0.,0.));
#2868 = PLANE('',#2869);
#2869 = AXIS2_PLACEMENT_3D('',#2870,#2871,#2872);
#2870 = CARTESIAN_POINT('',(390.,-15.,14.737205583712));
#2871 = DIRECTION('',(0.,0.,-1.));
#2872 = DIRECTION('',(-1.,0.,0.));
#2873 = ADVANCED_FACE('',(#2874),#2880,.T.);
#2874 = FACE_BOUND('',#2875,.T.);
#2875 = EDGE_LOOP('',(#2876,#2877,#2878,#2879));
#2876 = ORIENTED_EDGE('',*,*,#2779,.T.);
#2877 = ORIENTED_EDGE('',*,*,#2810,.T.);
#2878 = ORIENTED_EDGE('',*,*,#2841,.T.);
#2879 = ORIENTED_EDGE('',*,*,#2863,.T.);
#2880 = PLANE('',#2881);
#2881 = AXIS2_PLACEMENT_3D('',#2882,#2883,#2884);
#2882 = CARTESIAN_POINT('',(305.,-15.,77.368602791856));
#2883 = DIRECTION('',(0.,1.,0.));
#2884 = DIRECTION('',(0.,-0.,1.));
#2885 = ADVANCED_FACE('',(#2886),#2892,.F.);
#2886 = FACE_BOUND('',#2887,.F.);
#2887 = EDGE_LOOP('',(#2888,#2889,#2890,#2891));
#2888 = ORIENTED_EDGE('',*,*,#2763,.T.);
#2889 = ORIENTED_EDGE('',*,*,#2794,.T.);
#2890 = ORIENTED_EDGE('',*,*,#2825,.T.);
#2891 = ORIENTED_EDGE('',*,*,#2856,.T.);
#2892 = PLANE('',#2893);
#2893 = AXIS2_PLACEMENT_3D('',#2894,#2895,#2896);
#2894 = CARTESIAN_POINT('',(305.,-35.,77.368602791856));
#2895 = DIRECTION('',(0.,1.,0.));
#2896 = DIRECTION('',(0.,-0.,1.));
#2897 = ( GEOMETRIC_REPRESENTATION_CONTEXT(3) 
GLOBAL_UNCERTAINTY_ASSIGNED_CONTEXT((#2901)) 
GLOBAL_UNIT_ASSIGNED_CONTEXT((#2898,#2899,#2900)) REPRESENTATION_CONTEXT
('Context #1','3D Context with UNIT and UNCERTAINTY') );
#2898 = ( LENGTH_UNIT() NAMED_UNIT(*) SI_UNIT(.MILLI.,.METRE.) );
#2899 = ( NAMED_UNIT(*) PLANE_ANGLE_UNIT() SI_UNIT($,.RADIAN.) );
#2900 = ( NAMED_UNIT(*) SI_UNIT($,.STERADIAN.) SOLID_ANGLE_UNIT() );
#2901 = UNCERTAINTY_MEASURE_WITH_UNIT(LENGTH_MEASURE(1.E-07),#2898,
  'distance_accuracy_value','confusion accuracy');
#2902 = CONTEXT_DEPENDENT_SHAPE_REPRESENTATION(#2903,#2905);
#2903 = ( REPRESENTATION_RELATIONSHIP('','',#2746,#10) 
REPRESENTATION_RELATIONSHIP_WITH_TRANSFORMATION(#2904) 
SHAPE_REPRESENTATION_RELATIONSHIP() );
#2904 = ITEM_DEFINED_TRANSFORMATION('','',#11,#71);
#2905 = PRODUCT_DEFINITION_SHAPE('Placement','Placement of an item',
  #2906);
#2906 = NEXT_ASSEMBLY_USAGE_OCCURRENCE('15',
  'CAT-PORT-SIDE-STARBOARD-03 | SideStarboard | nominal plywood 20 mm',
  '',#5,#2741,$);
#2907 = PRODUCT_RELATED_PRODUCT_CATEGORY('part',$,(#2743));
#2908 = SHAPE_DEFINITION_REPRESENTATION(#2909,#2915);
#2909 = PRODUCT_DEFINITION_SHAPE('','',#2910);
#2910 = PRODUCT_DEFINITION('design','',#2911,#2914);
#2911 = PRODUCT_DEFINITION_FORMATION('','',#2912);
#2912 = PRODUCT(
  'CAT-PORT-BOTTOM-04 | BottomFlat | nominal plywood 20 mm',
  'CAT-PORT-BOTTOM-04 | BottomFlat | nominal plywood 20 mm','',(#2913));
#2913 = PRODUCT_CONTEXT('',#2,'mechanical');
#2914 = PRODUCT_DEFINITION_CONTEXT('part definition',#2,'design');
#2915 = ADVANCED_BREP_SHAPE_REPRESENTATION('',(#11,#2916),#3066);
#2916 = MANIFOLD_SOLID_BREP('',#2917);
#2917 = CLOSED_SHELL('',(#2918,#2958,#2989,#3020,#3042,#3054));
#2918 = ADVANCED_FACE('',(#2919),#2953,.F.);
#2919 = FACE_BOUND('',#2920,.F.);
#2920 = EDGE_LOOP('',(#2921,#2931,#2939,#2947));
#2921 = ORIENTED_EDGE('',*,*,#2922,.T.);
#2922 = EDGE_CURVE('',#2923,#2925,#2927,.T.);
#2923 = VERTEX_POINT('',#2924);
#2924 = CARTESIAN_POINT('',(390.,-220.,0.));
#2925 = VERTEX_POINT('',#2926);
#2926 = CARTESIAN_POINT('',(390.,-220.,20.));
#2927 = LINE('',#2928,#2929);
#2928 = CARTESIAN_POINT('',(390.,-220.,0.));
#2929 = VECTOR('',#2930,1.);
#2930 = DIRECTION('',(0.,0.,1.));
#2931 = ORIENTED_EDGE('',*,*,#2932,.T.);
#2932 = EDGE_CURVE('',#2925,#2933,#2935,.T.);
#2933 = VERTEX_POINT('',#2934);
#2934 = CARTESIAN_POINT('',(560.,-220.,20.));
#2935 = LINE('',#2936,#2937);
#2936 = CARTESIAN_POINT('',(390.,-220.,20.));
#2937 = VECTOR('',#2938,1.);
#2938 = DIRECTION('',(1.,0.,0.));
#2939 = ORIENTED_EDGE('',*,*,#2940,.F.);
#2940 = EDGE_CURVE('',#2941,#2933,#2943,.T.);
#2941 = VERTEX_POINT('',#2942);
#2942 = CARTESIAN_POINT('',(560.,-220.,0.));
#2943 = LINE('',#2944,#2945);
#2944 = CARTESIAN_POINT('',(560.,-220.,0.));
#2945 = VECTOR('',#2946,1.);
#2946 = DIRECTION('',(0.,0.,1.));
#2947 = ORIENTED_EDGE('',*,*,#2948,.F.);
#2948 = EDGE_CURVE('',#2923,#2941,#2949,.T.);
#2949 = LINE('',#2950,#2951);
#2950 = CARTESIAN_POINT('',(390.,-220.,0.));
#2951 = VECTOR('',#2952,1.);
#2952 = DIRECTION('',(1.,0.,0.));
#2953 = PLANE('',#2954);
#2954 = AXIS2_PLACEMENT_3D('',#2955,#2956,#2957);
#2955 = CARTESIAN_POINT('',(390.,-220.,0.));
#2956 = DIRECTION('',(0.,1.,0.));
#2957 = DIRECTION('',(1.,0.,0.));
#2958 = ADVANCED_FACE('',(#2959),#2984,.F.);
#2959 = FACE_BOUND('',#2960,.F.);
#2960 = EDGE_LOOP('',(#2961,#2962,#2970,#2978));
#2961 = ORIENTED_EDGE('',*,*,#2940,.T.);
#2962 = ORIENTED_EDGE('',*,*,#2963,.T.);
#2963 = EDGE_CURVE('',#2933,#2964,#2966,.T.);
#2964 = VERTEX_POINT('',#2965);
#2965 = CARTESIAN_POINT('',(560.,-70.,20.));
#2966 = LINE('',#2967,#2968);
#2967 = CARTESIAN_POINT('',(560.,-220.,20.));
#2968 = VECTOR('',#2969,1.);
#2969 = DIRECTION('',(0.,1.,0.));
#2970 = ORIENTED_EDGE('',*,*,#2971,.F.);
#2971 = EDGE_CURVE('',#2972,#2964,#2974,.T.);
#2972 = VERTEX_POINT('',#2973);
#2973 = CARTESIAN_POINT('',(560.,-70.,0.));
#2974 = LINE('',#2975,#2976);
#2975 = CARTESIAN_POINT('',(560.,-70.,0.));
#2976 = VECTOR('',#2977,1.);
#2977 = DIRECTION('',(0.,0.,1.));
#2978 = ORIENTED_EDGE('',*,*,#2979,.F.);
#2979 = EDGE_CURVE('',#2941,#2972,#2980,.T.);
#2980 = LINE('',#2981,#2982);
#2981 = CARTESIAN_POINT('',(560.,-220.,0.));
#2982 = VECTOR('',#2983,1.);
#2983 = DIRECTION('',(0.,1.,0.));
#2984 = PLANE('',#2985);
#2985 = AXIS2_PLACEMENT_3D('',#2986,#2987,#2988);
#2986 = CARTESIAN_POINT('',(560.,-220.,0.));
#2987 = DIRECTION('',(-1.,0.,0.));
#2988 = DIRECTION('',(0.,1.,0.));
#2989 = ADVANCED_FACE('',(#2990),#3015,.F.);
#2990 = FACE_BOUND('',#2991,.F.);
#2991 = EDGE_LOOP('',(#2992,#2993,#3001,#3009));
#2992 = ORIENTED_EDGE('',*,*,#2971,.T.);
#2993 = ORIENTED_EDGE('',*,*,#2994,.T.);
#2994 = EDGE_CURVE('',#2964,#2995,#2997,.T.);
#2995 = VERTEX_POINT('',#2996);
#2996 = CARTESIAN_POINT('',(390.,-70.,20.));
#2997 = LINE('',#2998,#2999);
#2998 = CARTESIAN_POINT('',(560.,-70.,20.));
#2999 = VECTOR('',#3000,1.);
#3000 = DIRECTION('',(-1.,0.,0.));
#3001 = ORIENTED_EDGE('',*,*,#3002,.F.);
#3002 = EDGE_CURVE('',#3003,#2995,#3005,.T.);
#3003 = VERTEX_POINT('',#3004);
#3004 = CARTESIAN_POINT('',(390.,-70.,0.));
#3005 = LINE('',#3006,#3007);
#3006 = CARTESIAN_POINT('',(390.,-70.,0.));
#3007 = VECTOR('',#3008,1.);
#3008 = DIRECTION('',(0.,0.,1.));
#3009 = ORIENTED_EDGE('',*,*,#3010,.F.);
#3010 = EDGE_CURVE('',#2972,#3003,#3011,.T.);
#3011 = LINE('',#3012,#3013);
#3012 = CARTESIAN_POINT('',(560.,-70.,0.));
#3013 = VECTOR('',#3014,1.);
#3014 = DIRECTION('',(-1.,0.,0.));
#3015 = PLANE('',#3016);
#3016 = AXIS2_PLACEMENT_3D('',#3017,#3018,#3019);
#3017 = CARTESIAN_POINT('',(560.,-70.,0.));
#3018 = DIRECTION('',(0.,-1.,0.));
#3019 = DIRECTION('',(-1.,0.,0.));
#3020 = ADVANCED_FACE('',(#3021),#3037,.F.);
#3021 = FACE_BOUND('',#3022,.F.);
#3022 = EDGE_LOOP('',(#3023,#3024,#3030,#3031));
#3023 = ORIENTED_EDGE('',*,*,#3002,.T.);
#3024 = ORIENTED_EDGE('',*,*,#3025,.T.);
#3025 = EDGE_CURVE('',#2995,#2925,#3026,.T.);
#3026 = LINE('',#3027,#3028);
#3027 = CARTESIAN_POINT('',(390.,-70.,20.));
#3028 = VECTOR('',#3029,1.);
#3029 = DIRECTION('',(0.,-1.,0.));
#3030 = ORIENTED_EDGE('',*,*,#2922,.F.);
#3031 = ORIENTED_EDGE('',*,*,#3032,.F.);
#3032 = EDGE_CURVE('',#3003,#2923,#3033,.T.);
#3033 = LINE('',#3034,#3035);
#3034 = CARTESIAN_POINT('',(390.,-70.,0.));
#3035 = VECTOR('',#3036,1.);
#3036 = DIRECTION('',(0.,-1.,0.));
#3037 = PLANE('',#3038);
#3038 = AXIS2_PLACEMENT_3D('',#3039,#3040,#3041);
#3039 = CARTESIAN_POINT('',(390.,-70.,0.));
#3040 = DIRECTION('',(1.,0.,-0.));
#3041 = DIRECTION('',(0.,-1.,0.));
#3042 = ADVANCED_FACE('',(#3043),#3049,.F.);
#3043 = FACE_BOUND('',#3044,.F.);
#3044 = EDGE_LOOP('',(#3045,#3046,#3047,#3048));
#3045 = ORIENTED_EDGE('',*,*,#2948,.T.);
#3046 = ORIENTED_EDGE('',*,*,#2979,.T.);
#3047 = ORIENTED_EDGE('',*,*,#3010,.T.);
#3048 = ORIENTED_EDGE('',*,*,#3032,.T.);
#3049 = PLANE('',#3050);
#3050 = AXIS2_PLACEMENT_3D('',#3051,#3052,#3053);
#3051 = CARTESIAN_POINT('',(475.,-145.,0.));
#3052 = DIRECTION('',(0.,0.,1.));
#3053 = DIRECTION('',(1.,0.,-0.));
#3054 = ADVANCED_FACE('',(#3055),#3061,.T.);
#3055 = FACE_BOUND('',#3056,.T.);
#3056 = EDGE_LOOP('',(#3057,#3058,#3059,#3060));
#3057 = ORIENTED_EDGE('',*,*,#2932,.T.);
#3058 = ORIENTED_EDGE('',*,*,#2963,.T.);
#3059 = ORIENTED_EDGE('',*,*,#2994,.T.);
#3060 = ORIENTED_EDGE('',*,*,#3025,.T.);
#3061 = PLANE('',#3062);
#3062 = AXIS2_PLACEMENT_3D('',#3063,#3064,#3065);
#3063 = CARTESIAN_POINT('',(475.,-145.,20.));
#3064 = DIRECTION('',(0.,0.,1.));
#3065 = DIRECTION('',(1.,0.,-0.));
#3066 = ( GEOMETRIC_REPRESENTATION_CONTEXT(3) 
GLOBAL_UNCERTAINTY_ASSIGNED_CONTEXT((#3070)) 
GLOBAL_UNIT_ASSIGNED_CONTEXT((#3067,#3068,#3069)) REPRESENTATION_CONTEXT
('Context #1','3D Context with UNIT and UNCERTAINTY') );
#3067 = ( LENGTH_UNIT() NAMED_UNIT(*) SI_UNIT(.MILLI.,.METRE.) );
#3068 = ( NAMED_UNIT(*) PLANE_ANGLE_UNIT() SI_UNIT($,.RADIAN.) );
#3069 = ( NAMED_UNIT(*) SI_UNIT($,.STERADIAN.) SOLID_ANGLE_UNIT() );
#3070 = UNCERTAINTY_MEASURE_WITH_UNIT(LENGTH_MEASURE(1.E-07),#3067,
  'distance_accuracy_value','confusion accuracy');
#3071 = CONTEXT_DEPENDENT_SHAPE_REPRESENTATION(#3072,#3074);
#3072 = ( REPRESENTATION_RELATIONSHIP('','',#2915,#10) 
REPRESENTATION_RELATIONSHIP_WITH_TRANSFORMATION(#3073) 
SHAPE_REPRESENTATION_RELATIONSHIP() );
#3073 = ITEM_DEFINED_TRANSFORMATION('','',#11,#75);
#3074 = PRODUCT_DEFINITION_SHAPE('Placement','Placement of an item',
  #3075);
#3075 = NEXT_ASSEMBLY_USAGE_OCCURRENCE('16',
  'CAT-PORT-BOTTOM-04 | BottomFlat | nominal plywood 20 mm','',#5,#2910,
  $);
#3076 = PRODUCT_RELATED_PRODUCT_CATEGORY('part',$,(#2912));
#3077 = SHAPE_DEFINITION_REPRESENTATION(#3078,#3084);
#3078 = PRODUCT_DEFINITION_SHAPE('','',#3079);
#3079 = PRODUCT_DEFINITION('design','',#3080,#3083);
#3080 = PRODUCT_DEFINITION_FORMATION('','',#3081);
#3081 = PRODUCT(
  'CAT-PORT-CHINE-PORT-04 | ChinePort | nominal plywood 20 mm',
  'CAT-PORT-CHINE-PORT-04 | ChinePort | nominal plywood 20 mm','',(#3082
    ));
#3082 = PRODUCT_CONTEXT('',#2,'mechanical');
#3083 = PRODUCT_DEFINITION_CONTEXT('part definition',#2,'design');
#3084 = ADVANCED_BREP_SHAPE_REPRESENTATION('',(#11,#3085),#3235);
#3085 = MANIFOLD_SOLID_BREP('',#3086);
#3086 = CLOSED_SHELL('',(#3087,#3127,#3158,#3189,#3211,#3223));
#3087 = ADVANCED_FACE('',(#3088),#3122,.T.);
#3088 = FACE_BOUND('',#3089,.T.);
#3089 = EDGE_LOOP('',(#3090,#3100,#3108,#3116));
#3090 = ORIENTED_EDGE('',*,*,#3091,.T.);
#3091 = EDGE_CURVE('',#3092,#3094,#3096,.T.);
#3092 = VERTEX_POINT('',#3093);
#3093 = CARTESIAN_POINT('',(390.,-220.,0.));
#3094 = VERTEX_POINT('',#3095);
#3095 = CARTESIAN_POINT('',(390.,-214.8236190979,19.318516525781));
#3096 = LINE('',#3097,#3098);
#3097 = CARTESIAN_POINT('',(390.,-220.,0.));
#3098 = VECTOR('',#3099,1.);
#3099 = DIRECTION('',(-0.,0.258819045103,0.965925826289));
#3100 = ORIENTED_EDGE('',*,*,#3101,.T.);
#3101 = EDGE_CURVE('',#3094,#3102,#3104,.T.);
#3102 = VERTEX_POINT('',#3103);
#3103 = CARTESIAN_POINT('',(560.,-214.8236190979,19.318516525781));
#3104 = LINE('',#3105,#3106);
#3105 = CARTESIAN_POINT('',(390.,-214.8236190979,19.318516525781));
#3106 = VECTOR('',#3107,1.);
#3107 = DIRECTION('',(1.,0.,0.));
#3108 = ORIENTED_EDGE('',*,*,#3109,.F.);
#3109 = EDGE_CURVE('',#3110,#3102,#3112,.T.);
#3110 = VERTEX_POINT('',#3111);
#3111 = CARTESIAN_POINT('',(560.,-220.,0.));
#3112 = LINE('',#3113,#3114);
#3113 = CARTESIAN_POINT('',(560.,-220.,0.));
#3114 = VECTOR('',#3115,1.);
#3115 = DIRECTION('',(-0.,0.258819045103,0.965925826289));
#3116 = ORIENTED_EDGE('',*,*,#3117,.F.);
#3117 = EDGE_CURVE('',#3092,#3110,#3118,.T.);
#3118 = LINE('',#3119,#3120);
#3119 = CARTESIAN_POINT('',(390.,-220.,0.));
#3120 = VECTOR('',#3121,1.);
#3121 = DIRECTION('',(1.,0.,0.));
#3122 = PLANE('',#3123);
#3123 = AXIS2_PLACEMENT_3D('',#3124,#3125,#3126);
#3124 = CARTESIAN_POINT('',(390.,-220.,0.));
#3125 = DIRECTION('',(0.,0.965925826289,-0.258819045103));
#3126 = DIRECTION('',(1.,0.,0.));
#3127 = ADVANCED_FACE('',(#3128),#3153,.T.);
#3128 = FACE_BOUND('',#3129,.T.);
#3129 = EDGE_LOOP('',(#3130,#3131,#3139,#3147));
#3130 = ORIENTED_EDGE('',*,*,#3109,.T.);
#3131 = ORIENTED_EDGE('',*,*,#3132,.T.);
#3132 = EDGE_CURVE('',#3102,#3133,#3135,.T.);
#3133 = VERTEX_POINT('',#3134);
#3134 = CARTESIAN_POINT('',(560.,-269.8236190979,34.055722109493));
#3135 = LINE('',#3136,#3137);
#3136 = CARTESIAN_POINT('',(560.,-214.8236190979,19.318516525781));
#3137 = VECTOR('',#3138,1.);
#3138 = DIRECTION('',(0.,-0.965925826289,0.258819045103));
#3139 = ORIENTED_EDGE('',*,*,#3140,.F.);
#3140 = EDGE_CURVE('',#3141,#3133,#3143,.T.);
#3141 = VERTEX_POINT('',#3142);
#3142 = CARTESIAN_POINT('',(560.,-275.,14.737205583712));
#3143 = LINE('',#3144,#3145);
#3144 = CARTESIAN_POINT('',(560.,-275.,14.737205583712));
#3145 = VECTOR('',#3146,1.);
#3146 = DIRECTION('',(-0.,0.258819045103,0.965925826289));
#3147 = ORIENTED_EDGE('',*,*,#3148,.F.);
#3148 = EDGE_CURVE('',#3110,#3141,#3149,.T.);
#3149 = LINE('',#3150,#3151);
#3150 = CARTESIAN_POINT('',(560.,-220.,0.));
#3151 = VECTOR('',#3152,1.);
#3152 = DIRECTION('',(0.,-0.965925826289,0.258819045103));
#3153 = PLANE('',#3154);
#3154 = AXIS2_PLACEMENT_3D('',#3155,#3156,#3157);
#3155 = CARTESIAN_POINT('',(560.,-220.,0.));
#3156 = DIRECTION('',(1.,0.,0.));
#3157 = DIRECTION('',(0.,-0.965925826289,0.258819045103));
#3158 = ADVANCED_FACE('',(#3159),#3184,.T.);
#3159 = FACE_BOUND('',#3160,.T.);
#3160 = EDGE_LOOP('',(#3161,#3162,#3170,#3178));
#3161 = ORIENTED_EDGE('',*,*,#3140,.T.);
#3162 = ORIENTED_EDGE('',*,*,#3163,.T.);
#3163 = EDGE_CURVE('',#3133,#3164,#3166,.T.);
#3164 = VERTEX_POINT('',#3165);
#3165 = CARTESIAN_POINT('',(390.,-269.8236190979,34.055722109493));
#3166 = LINE('',#3167,#3168);
#3167 = CARTESIAN_POINT('',(560.,-269.8236190979,34.055722109493));
#3168 = VECTOR('',#3169,1.);
#3169 = DIRECTION('',(-1.,0.,0.));
#3170 = ORIENTED_EDGE('',*,*,#3171,.F.);
#3171 = EDGE_CURVE('',#3172,#3164,#3174,.T.);
#3172 = VERTEX_POINT('',#3173);
#3173 = CARTESIAN_POINT('',(390.,-275.,14.737205583712));
#3174 = LINE('',#3175,#3176);
#3175 = CARTESIAN_POINT('',(390.,-275.,14.737205583712));
#3176 = VECTOR('',#3177,1.);
#3177 = DIRECTION('',(-0.,0.258819045103,0.965925826289));
#3178 = ORIENTED_EDGE('',*,*,#3179,.F.);
#3179 = EDGE_CURVE('',#3141,#3172,#3180,.T.);
#3180 = LINE('',#3181,#3182);
#3181 = CARTESIAN_POINT('',(560.,-275.,14.737205583712));
#3182 = VECTOR('',#3183,1.);
#3183 = DIRECTION('',(-1.,0.,0.));
#3184 = PLANE('',#3185);
#3185 = AXIS2_PLACEMENT_3D('',#3186,#3187,#3188);
#3186 = CARTESIAN_POINT('',(560.,-275.,14.737205583712));
#3187 = DIRECTION('',(0.,-0.965925826289,0.258819045103));
#3188 = DIRECTION('',(-1.,0.,0.));
#3189 = ADVANCED_FACE('',(#3190),#3206,.T.);
#3190 = FACE_BOUND('',#3191,.T.);
#3191 = EDGE_LOOP('',(#3192,#3193,#3199,#3200));
#3192 = ORIENTED_EDGE('',*,*,#3171,.T.);
#3193 = ORIENTED_EDGE('',*,*,#3194,.T.);
#3194 = EDGE_CURVE('',#3164,#3094,#3195,.T.);
#3195 = LINE('',#3196,#3197);
#3196 = CARTESIAN_POINT('',(390.,-269.8236190979,34.055722109493));
#3197 = VECTOR('',#3198,1.);
#3198 = DIRECTION('',(0.,0.965925826289,-0.258819045103));
#3199 = ORIENTED_EDGE('',*,*,#3091,.F.);
#3200 = ORIENTED_EDGE('',*,*,#3201,.F.);
#3201 = EDGE_CURVE('',#3172,#3092,#3202,.T.);
#3202 = LINE('',#3203,#3204);
#3203 = CARTESIAN_POINT('',(390.,-275.,14.737205583712));
#3204 = VECTOR('',#3205,1.);
#3205 = DIRECTION('',(0.,0.965925826289,-0.258819045103));
#3206 = PLANE('',#3207);
#3207 = AXIS2_PLACEMENT_3D('',#3208,#3209,#3210);
#3208 = CARTESIAN_POINT('',(390.,-275.,14.737205583712));
#3209 = DIRECTION('',(-1.,0.,-0.));
#3210 = DIRECTION('',(0.,0.965925826289,-0.258819045103));
#3211 = ADVANCED_FACE('',(#3212),#3218,.T.);
#3212 = FACE_BOUND('',#3213,.T.);
#3213 = EDGE_LOOP('',(#3214,#3215,#3216,#3217));
#3214 = ORIENTED_EDGE('',*,*,#3117,.T.);
#3215 = ORIENTED_EDGE('',*,*,#3148,.T.);
#3216 = ORIENTED_EDGE('',*,*,#3179,.T.);
#3217 = ORIENTED_EDGE('',*,*,#3201,.T.);
#3218 = PLANE('',#3219);
#3219 = AXIS2_PLACEMENT_3D('',#3220,#3221,#3222);
#3220 = CARTESIAN_POINT('',(475.,-247.5,7.368602791856));
#3221 = DIRECTION('',(-0.,-0.258819045103,-0.965925826289));
#3222 = DIRECTION('',(0.,-0.965925826289,0.258819045103));
#3223 = ADVANCED_FACE('',(#3224),#3230,.F.);
#3224 = FACE_BOUND('',#3225,.F.);
#3225 = EDGE_LOOP('',(#3226,#3227,#3228,#3229));
#3226 = ORIENTED_EDGE('',*,*,#3101,.T.);
#3227 = ORIENTED_EDGE('',*,*,#3132,.T.);
#3228 = ORIENTED_EDGE('',*,*,#3163,.T.);
#3229 = ORIENTED_EDGE('',*,*,#3194,.T.);
#3230 = PLANE('',#3231);
#3231 = AXIS2_PLACEMENT_3D('',#3232,#3233,#3234);
#3232 = CARTESIAN_POINT('',(475.,-242.3236190979,26.687119317637));
#3233 = DIRECTION('',(-0.,-0.258819045103,-0.965925826289));
#3234 = DIRECTION('',(0.,-0.965925826289,0.258819045103));
#3235 = ( GEOMETRIC_REPRESENTATION_CONTEXT(3) 
GLOBAL_UNCERTAINTY_ASSIGNED_CONTEXT((#3239)) 
GLOBAL_UNIT_ASSIGNED_CONTEXT((#3236,#3237,#3238)) REPRESENTATION_CONTEXT
('Context #1','3D Context with UNIT and UNCERTAINTY') );
#3236 = ( LENGTH_UNIT() NAMED_UNIT(*) SI_UNIT(.MILLI.,.METRE.) );
#3237 = ( NAMED_UNIT(*) PLANE_ANGLE_UNIT() SI_UNIT($,.RADIAN.) );
#3238 = ( NAMED_UNIT(*) SI_UNIT($,.STERADIAN.) SOLID_ANGLE_UNIT() );
#3239 = UNCERTAINTY_MEASURE_WITH_UNIT(LENGTH_MEASURE(1.E-07),#3236,
  'distance_accuracy_value','confusion accuracy');
#3240 = CONTEXT_DEPENDENT_SHAPE_REPRESENTATION(#3241,#3243);
#3241 = ( REPRESENTATION_RELATIONSHIP('','',#3084,#10) 
REPRESENTATION_RELATIONSHIP_WITH_TRANSFORMATION(#3242) 
SHAPE_REPRESENTATION_RELATIONSHIP() );
#3242 = ITEM_DEFINED_TRANSFORMATION('','',#11,#79);
#3243 = PRODUCT_DEFINITION_SHAPE('Placement','Placement of an item',
  #3244);
#3244 = NEXT_ASSEMBLY_USAGE_OCCURRENCE('17',
  'CAT-PORT-CHINE-PORT-04 | ChinePort | nominal plywood 20 mm','',#5,
  #3079,$);
#3245 = PRODUCT_RELATED_PRODUCT_CATEGORY('part',$,(#3081));
#3246 = SHAPE_DEFINITION_REPRESENTATION(#3247,#3253);
#3247 = PRODUCT_DEFINITION_SHAPE('','',#3248);
#3248 = PRODUCT_DEFINITION('design','',#3249,#3252);
#3249 = PRODUCT_DEFINITION_FORMATION('','',#3250);
#3250 = PRODUCT(
  'CAT-PORT-CHINE-STARBOARD-04 | ChineStarboard | nominal plywood 20 mm'
  ,
  'CAT-PORT-CHINE-STARBOARD-04 | ChineStarboard | nominal plywood 20 mm'
  ,'',(#3251));
#3251 = PRODUCT_CONTEXT('',#2,'mechanical');
#3252 = PRODUCT_DEFINITION_CONTEXT('part definition',#2,'design');
#3253 = ADVANCED_BREP_SHAPE_REPRESENTATION('',(#11,#3254),#3404);
#3254 = MANIFOLD_SOLID_BREP('',#3255);
#3255 = CLOSED_SHELL('',(#3256,#3296,#3327,#3358,#3380,#3392));
#3256 = ADVANCED_FACE('',(#3257),#3291,.T.);
#3257 = FACE_BOUND('',#3258,.T.);
#3258 = EDGE_LOOP('',(#3259,#3269,#3277,#3285));
#3259 = ORIENTED_EDGE('',*,*,#3260,.T.);
#3260 = EDGE_CURVE('',#3261,#3263,#3265,.T.);
#3261 = VERTEX_POINT('',#3262);
#3262 = CARTESIAN_POINT('',(390.,-70.,0.));
#3263 = VERTEX_POINT('',#3264);
#3264 = CARTESIAN_POINT('',(390.,-75.17638090205,19.318516525781));
#3265 = LINE('',#3266,#3267);
#3266 = CARTESIAN_POINT('',(390.,-70.,0.));
#3267 = VECTOR('',#3268,1.);
#3268 = DIRECTION('',(-0.,-0.258819045103,0.965925826289));
#3269 = ORIENTED_EDGE('',*,*,#3270,.T.);
#3270 = EDGE_CURVE('',#3263,#3271,#3273,.T.);
#3271 = VERTEX_POINT('',#3272);
#3272 = CARTESIAN_POINT('',(390.,-20.17638090205,34.055722109493));
#3273 = LINE('',#3274,#3275);
#3274 = CARTESIAN_POINT('',(390.,-75.17638090205,19.318516525781));
#3275 = VECTOR('',#3276,1.);
#3276 = DIRECTION('',(0.,0.965925826289,0.258819045103));
#3277 = ORIENTED_EDGE('',*,*,#3278,.F.);
#3278 = EDGE_CURVE('',#3279,#3271,#3281,.T.);
#3279 = VERTEX_POINT('',#3280);
#3280 = CARTESIAN_POINT('',(390.,-15.,14.737205583712));
#3281 = LINE('',#3282,#3283);
#3282 = CARTESIAN_POINT('',(390.,-15.,14.737205583712));
#3283 = VECTOR('',#3284,1.);
#3284 = DIRECTION('',(-0.,-0.258819045103,0.965925826289));
#3285 = ORIENTED_EDGE('',*,*,#3286,.F.);
#3286 = EDGE_CURVE('',#3261,#3279,#3287,.T.);
#3287 = LINE('',#3288,#3289);
#3288 = CARTESIAN_POINT('',(390.,-70.,0.));
#3289 = VECTOR('',#3290,1.);
#3290 = DIRECTION('',(0.,0.965925826289,0.258819045103));
#3291 = PLANE('',#3292);
#3292 = AXIS2_PLACEMENT_3D('',#3293,#3294,#3295);
#3293 = CARTESIAN_POINT('',(390.,-70.,0.));
#3294 = DIRECTION('',(-1.,0.,0.));
#3295 = DIRECTION('',(0.,0.965925826289,0.258819045103));
#3296 = ADVANCED_FACE('',(#3297),#3322,.T.);
#3297 = FACE_BOUND('',#3298,.T.);
#3298 = EDGE_LOOP('',(#3299,#3300,#3308,#3316));
#3299 = ORIENTED_EDGE('',*,*,#3278,.T.);
#3300 = ORIENTED_EDGE('',*,*,#3301,.T.);
#3301 = EDGE_CURVE('',#3271,#3302,#3304,.T.);
#3302 = VERTEX_POINT('',#3303);
#3303 = CARTESIAN_POINT('',(560.,-20.17638090205,34.055722109493));
#3304 = LINE('',#3305,#3306);
#3305 = CARTESIAN_POINT('',(390.,-20.17638090205,34.055722109493));
#3306 = VECTOR('',#3307,1.);
#3307 = DIRECTION('',(1.,0.,0.));
#3308 = ORIENTED_EDGE('',*,*,#3309,.F.);
#3309 = EDGE_CURVE('',#3310,#3302,#3312,.T.);
#3310 = VERTEX_POINT('',#3311);
#3311 = CARTESIAN_POINT('',(560.,-15.,14.737205583712));
#3312 = LINE('',#3313,#3314);
#3313 = CARTESIAN_POINT('',(560.,-15.,14.737205583712));
#3314 = VECTOR('',#3315,1.);
#3315 = DIRECTION('',(-0.,-0.258819045103,0.965925826289));
#3316 = ORIENTED_EDGE('',*,*,#3317,.F.);
#3317 = EDGE_CURVE('',#3279,#3310,#3318,.T.);
#3318 = LINE('',#3319,#3320);
#3319 = CARTESIAN_POINT('',(390.,-15.,14.737205583712));
#3320 = VECTOR('',#3321,1.);
#3321 = DIRECTION('',(1.,0.,0.));
#3322 = PLANE('',#3323);
#3323 = AXIS2_PLACEMENT_3D('',#3324,#3325,#3326);
#3324 = CARTESIAN_POINT('',(390.,-15.,14.737205583712));
#3325 = DIRECTION('',(-0.,0.965925826289,0.258819045103));
#3326 = DIRECTION('',(1.,0.,0.));
#3327 = ADVANCED_FACE('',(#3328),#3353,.T.);
#3328 = FACE_BOUND('',#3329,.T.);
#3329 = EDGE_LOOP('',(#3330,#3331,#3339,#3347));
#3330 = ORIENTED_EDGE('',*,*,#3309,.T.);
#3331 = ORIENTED_EDGE('',*,*,#3332,.T.);
#3332 = EDGE_CURVE('',#3302,#3333,#3335,.T.);
#3333 = VERTEX_POINT('',#3334);
#3334 = CARTESIAN_POINT('',(560.,-75.17638090205,19.318516525781));
#3335 = LINE('',#3336,#3337);
#3336 = CARTESIAN_POINT('',(560.,-20.17638090205,34.055722109493));
#3337 = VECTOR('',#3338,1.);
#3338 = DIRECTION('',(0.,-0.965925826289,-0.258819045103));
#3339 = ORIENTED_EDGE('',*,*,#3340,.F.);
#3340 = EDGE_CURVE('',#3341,#3333,#3343,.T.);
#3341 = VERTEX_POINT('',#3342);
#3342 = CARTESIAN_POINT('',(560.,-70.,0.));
#3343 = LINE('',#3344,#3345);
#3344 = CARTESIAN_POINT('',(560.,-70.,0.));
#3345 = VECTOR('',#3346,1.);
#3346 = DIRECTION('',(-0.,-0.258819045103,0.965925826289));
#3347 = ORIENTED_EDGE('',*,*,#3348,.F.);
#3348 = EDGE_CURVE('',#3310,#3341,#3349,.T.);
#3349 = LINE('',#3350,#3351);
#3350 = CARTESIAN_POINT('',(560.,-15.,14.737205583712));
#3351 = VECTOR('',#3352,1.);
#3352 = DIRECTION('',(0.,-0.965925826289,-0.258819045103));
#3353 = PLANE('',#3354);
#3354 = AXIS2_PLACEMENT_3D('',#3355,#3356,#3357);
#3355 = CARTESIAN_POINT('',(560.,-15.,14.737205583712));
#3356 = DIRECTION('',(1.,0.,0.));
#3357 = DIRECTION('',(0.,-0.965925826289,-0.258819045103));
#3358 = ADVANCED_FACE('',(#3359),#3375,.T.);
#3359 = FACE_BOUND('',#3360,.T.);
#3360 = EDGE_LOOP('',(#3361,#3362,#3368,#3369));
#3361 = ORIENTED_EDGE('',*,*,#3340,.T.);
#3362 = ORIENTED_EDGE('',*,*,#3363,.T.);
#3363 = EDGE_CURVE('',#3333,#3263,#3364,.T.);
#3364 = LINE('',#3365,#3366);
#3365 = CARTESIAN_POINT('',(560.,-75.17638090205,19.318516525781));
#3366 = VECTOR('',#3367,1.);
#3367 = DIRECTION('',(-1.,0.,0.));
#3368 = ORIENTED_EDGE('',*,*,#3260,.F.);
#3369 = ORIENTED_EDGE('',*,*,#3370,.F.);
#3370 = EDGE_CURVE('',#3341,#3261,#3371,.T.);
#3371 = LINE('',#3372,#3373);
#3372 = CARTESIAN_POINT('',(560.,-70.,0.));
#3373 = VECTOR('',#3374,1.);
#3374 = DIRECTION('',(-1.,0.,0.));
#3375 = PLANE('',#3376);
#3376 = AXIS2_PLACEMENT_3D('',#3377,#3378,#3379);
#3377 = CARTESIAN_POINT('',(560.,-70.,0.));
#3378 = DIRECTION('',(-0.,-0.965925826289,-0.258819045103));
#3379 = DIRECTION('',(-1.,0.,0.));
#3380 = ADVANCED_FACE('',(#3381),#3387,.T.);
#3381 = FACE_BOUND('',#3382,.T.);
#3382 = EDGE_LOOP('',(#3383,#3384,#3385,#3386));
#3383 = ORIENTED_EDGE('',*,*,#3286,.T.);
#3384 = ORIENTED_EDGE('',*,*,#3317,.T.);
#3385 = ORIENTED_EDGE('',*,*,#3348,.T.);
#3386 = ORIENTED_EDGE('',*,*,#3370,.T.);
#3387 = PLANE('',#3388);
#3388 = AXIS2_PLACEMENT_3D('',#3389,#3390,#3391);
#3389 = CARTESIAN_POINT('',(475.,-42.5,7.368602791856));
#3390 = DIRECTION('',(-0.,0.258819045103,-0.965925826289));
#3391 = DIRECTION('',(0.,-0.965925826289,-0.258819045103));
#3392 = ADVANCED_FACE('',(#3393),#3399,.F.);
#3393 = FACE_BOUND('',#3394,.F.);
#3394 = EDGE_LOOP('',(#3395,#3396,#3397,#3398));
#3395 = ORIENTED_EDGE('',*,*,#3270,.T.);
#3396 = ORIENTED_EDGE('',*,*,#3301,.T.);
#3397 = ORIENTED_EDGE('',*,*,#3332,.T.);
#3398 = ORIENTED_EDGE('',*,*,#3363,.T.);
#3399 = PLANE('',#3400);
#3400 = AXIS2_PLACEMENT_3D('',#3401,#3402,#3403);
#3401 = CARTESIAN_POINT('',(475.,-47.67638090205,26.687119317637));
#3402 = DIRECTION('',(-0.,0.258819045103,-0.965925826289));
#3403 = DIRECTION('',(0.,-0.965925826289,-0.258819045103));
#3404 = ( GEOMETRIC_REPRESENTATION_CONTEXT(3) 
GLOBAL_UNCERTAINTY_ASSIGNED_CONTEXT((#3408)) 
GLOBAL_UNIT_ASSIGNED_CONTEXT((#3405,#3406,#3407)) REPRESENTATION_CONTEXT
('Context #1','3D Context with UNIT and UNCERTAINTY') );
#3405 = ( LENGTH_UNIT() NAMED_UNIT(*) SI_UNIT(.MILLI.,.METRE.) );
#3406 = ( NAMED_UNIT(*) PLANE_ANGLE_UNIT() SI_UNIT($,.RADIAN.) );
#3407 = ( NAMED_UNIT(*) SI_UNIT($,.STERADIAN.) SOLID_ANGLE_UNIT() );
#3408 = UNCERTAINTY_MEASURE_WITH_UNIT(LENGTH_MEASURE(1.E-07),#3405,
  'distance_accuracy_value','confusion accuracy');
#3409 = CONTEXT_DEPENDENT_SHAPE_REPRESENTATION(#3410,#3412);
#3410 = ( REPRESENTATION_RELATIONSHIP('','',#3253,#10) 
REPRESENTATION_RELATIONSHIP_WITH_TRANSFORMATION(#3411) 
SHAPE_REPRESENTATION_RELATIONSHIP() );
#3411 = ITEM_DEFINED_TRANSFORMATION('','',#11,#83);
#3412 = PRODUCT_DEFINITION_SHAPE('Placement','Placement of an item',
  #3413);
#3413 = NEXT_ASSEMBLY_USAGE_OCCURRENCE('18',
  'CAT-PORT-CHINE-STARBOARD-04 | ChineStarboard | nominal plywood 20 mm'
  ,'',#5,#3248,$);
#3414 = PRODUCT_RELATED_PRODUCT_CATEGORY('part',$,(#3250));
#3415 = SHAPE_DEFINITION_REPRESENTATION(#3416,#3422);
#3416 = PRODUCT_DEFINITION_SHAPE('','',#3417);
#3417 = PRODUCT_DEFINITION('design','',#3418,#3421);
#3418 = PRODUCT_DEFINITION_FORMATION('','',#3419);
#3419 = PRODUCT(
  'CAT-PORT-SIDE-PORT-04 | SidePort | nominal plywood 20 mm',
  'CAT-PORT-SIDE-PORT-04 | SidePort | nominal plywood 20 mm','',(#3420)
  );
#3420 = PRODUCT_CONTEXT('',#2,'mechanical');
#3421 = PRODUCT_DEFINITION_CONTEXT('part definition',#2,'design');
#3422 = ADVANCED_BREP_SHAPE_REPRESENTATION('',(#11,#3423),#3573);
#3423 = MANIFOLD_SOLID_BREP('',#3424);
#3424 = CLOSED_SHELL('',(#3425,#3465,#3496,#3527,#3549,#3561));
#3425 = ADVANCED_FACE('',(#3426),#3460,.T.);
#3426 = FACE_BOUND('',#3427,.T.);
#3427 = EDGE_LOOP('',(#3428,#3438,#3446,#3454));
#3428 = ORIENTED_EDGE('',*,*,#3429,.T.);
#3429 = EDGE_CURVE('',#3430,#3432,#3434,.T.);
#3430 = VERTEX_POINT('',#3431);
#3431 = CARTESIAN_POINT('',(390.,-275.,14.737205583712));
#3432 = VERTEX_POINT('',#3433);
#3433 = CARTESIAN_POINT('',(390.,-255.,14.737205583712));
#3434 = LINE('',#3435,#3436);
#3435 = CARTESIAN_POINT('',(390.,-275.,14.737205583712));
#3436 = VECTOR('',#3437,1.);
#3437 = DIRECTION('',(-0.,1.,-0.));
#3438 = ORIENTED_EDGE('',*,*,#3439,.T.);
#3439 = EDGE_CURVE('',#3432,#3440,#3442,.T.);
#3440 = VERTEX_POINT('',#3441);
#3441 = CARTESIAN_POINT('',(560.,-255.,14.737205583712));
#3442 = LINE('',#3443,#3444);
#3443 = CARTESIAN_POINT('',(390.,-255.,14.737205583712));
#3444 = VECTOR('',#3445,1.);
#3445 = DIRECTION('',(1.,0.,0.));
#3446 = ORIENTED_EDGE('',*,*,#3447,.F.);
#3447 = EDGE_CURVE('',#3448,#3440,#3450,.T.);
#3448 = VERTEX_POINT('',#3449);
#3449 = CARTESIAN_POINT('',(560.,-275.,14.737205583712));
#3450 = LINE('',#3451,#3452);
#3451 = CARTESIAN_POINT('',(560.,-275.,14.737205583712));
#3452 = VECTOR('',#3453,1.);
#3453 = DIRECTION('',(-0.,1.,-0.));
#3454 = ORIENTED_EDGE('',*,*,#3455,.F.);
#3455 = EDGE_CURVE('',#3430,#3448,#3456,.T.);
#3456 = LINE('',#3457,#3458);
#3457 = CARTESIAN_POINT('',(390.,-275.,14.737205583712));
#3458 = VECTOR('',#3459,1.);
#3459 = DIRECTION('',(1.,0.,0.));
#3460 = PLANE('',#3461);
#3461 = AXIS2_PLACEMENT_3D('',#3462,#3463,#3464);
#3462 = CARTESIAN_POINT('',(390.,-275.,14.737205583712));
#3463 = DIRECTION('',(0.,0.,-1.));
#3464 = DIRECTION('',(1.,0.,0.));
#3465 = ADVANCED_FACE('',(#3466),#3491,.T.);
#3466 = FACE_BOUND('',#3467,.T.);
#3467 = EDGE_LOOP('',(#3468,#3469,#3477,#3485));
#3468 = ORIENTED_EDGE('',*,*,#3447,.T.);
#3469 = ORIENTED_EDGE('',*,*,#3470,.T.);
#3470 = EDGE_CURVE('',#3440,#3471,#3473,.T.);
#3471 = VERTEX_POINT('',#3472);
#3472 = CARTESIAN_POINT('',(560.,-255.,140.));
#3473 = LINE('',#3474,#3475);
#3474 = CARTESIAN_POINT('',(560.,-255.,14.737205583712));
#3475 = VECTOR('',#3476,1.);
#3476 = DIRECTION('',(0.,0.,1.));
#3477 = ORIENTED_EDGE('',*,*,#3478,.F.);
#3478 = EDGE_CURVE('',#3479,#3471,#3481,.T.);
#3479 = VERTEX_POINT('',#3480);
#3480 = CARTESIAN_POINT('',(560.,-275.,140.));
#3481 = LINE('',#3482,#3483);
#3482 = CARTESIAN_POINT('',(560.,-275.,140.));
#3483 = VECTOR('',#3484,1.);
#3484 = DIRECTION('',(-0.,1.,-0.));
#3485 = ORIENTED_EDGE('',*,*,#3486,.F.);
#3486 = EDGE_CURVE('',#3448,#3479,#3487,.T.);
#3487 = LINE('',#3488,#3489);
#3488 = CARTESIAN_POINT('',(560.,-275.,14.737205583712));
#3489 = VECTOR('',#3490,1.);
#3490 = DIRECTION('',(0.,0.,1.));
#3491 = PLANE('',#3492);
#3492 = AXIS2_PLACEMENT_3D('',#3493,#3494,#3495);
#3493 = CARTESIAN_POINT('',(560.,-275.,14.737205583712));
#3494 = DIRECTION('',(1.,0.,-0.));
#3495 = DIRECTION('',(0.,0.,1.));
#3496 = ADVANCED_FACE('',(#3497),#3522,.T.);
#3497 = FACE_BOUND('',#3498,.T.);
#3498 = EDGE_LOOP('',(#3499,#3500,#3508,#3516));
#3499 = ORIENTED_EDGE('',*,*,#3478,.T.);
#3500 = ORIENTED_EDGE('',*,*,#3501,.T.);
#3501 = EDGE_CURVE('',#3471,#3502,#3504,.T.);
#3502 = VERTEX_POINT('',#3503);
#3503 = CARTESIAN_POINT('',(390.,-255.,140.));
#3504 = LINE('',#3505,#3506);
#3505 = CARTESIAN_POINT('',(560.,-255.,140.));
#3506 = VECTOR('',#3507,1.);
#3507 = DIRECTION('',(-1.,0.,0.));
#3508 = ORIENTED_EDGE('',*,*,#3509,.F.);
#3509 = EDGE_CURVE('',#3510,#3502,#3512,.T.);
#3510 = VERTEX_POINT('',#3511);
#3511 = CARTESIAN_POINT('',(390.,-275.,140.));
#3512 = LINE('',#3513,#3514);
#3513 = CARTESIAN_POINT('',(390.,-275.,140.));
#3514 = VECTOR('',#3515,1.);
#3515 = DIRECTION('',(-0.,1.,-0.));
#3516 = ORIENTED_EDGE('',*,*,#3517,.F.);
#3517 = EDGE_CURVE('',#3479,#3510,#3518,.T.);
#3518 = LINE('',#3519,#3520);
#3519 = CARTESIAN_POINT('',(560.,-275.,140.));
#3520 = VECTOR('',#3521,1.);
#3521 = DIRECTION('',(-1.,0.,0.));
#3522 = PLANE('',#3523);
#3523 = AXIS2_PLACEMENT_3D('',#3524,#3525,#3526);
#3524 = CARTESIAN_POINT('',(560.,-275.,140.));
#3525 = DIRECTION('',(0.,0.,1.));
#3526 = DIRECTION('',(-1.,0.,0.));
#3527 = ADVANCED_FACE('',(#3528),#3544,.T.);
#3528 = FACE_BOUND('',#3529,.T.);
#3529 = EDGE_LOOP('',(#3530,#3531,#3537,#3538));
#3530 = ORIENTED_EDGE('',*,*,#3509,.T.);
#3531 = ORIENTED_EDGE('',*,*,#3532,.T.);
#3532 = EDGE_CURVE('',#3502,#3432,#3533,.T.);
#3533 = LINE('',#3534,#3535);
#3534 = CARTESIAN_POINT('',(390.,-255.,140.));
#3535 = VECTOR('',#3536,1.);
#3536 = DIRECTION('',(0.,0.,-1.));
#3537 = ORIENTED_EDGE('',*,*,#3429,.F.);
#3538 = ORIENTED_EDGE('',*,*,#3539,.F.);
#3539 = EDGE_CURVE('',#3510,#3430,#3540,.T.);
#3540 = LINE('',#3541,#3542);
#3541 = CARTESIAN_POINT('',(390.,-275.,140.));
#3542 = VECTOR('',#3543,1.);
#3543 = DIRECTION('',(0.,0.,-1.));
#3544 = PLANE('',#3545);
#3545 = AXIS2_PLACEMENT_3D('',#3546,#3547,#3548);
#3546 = CARTESIAN_POINT('',(390.,-275.,140.));
#3547 = DIRECTION('',(-1.,-0.,-0.));
#3548 = DIRECTION('',(0.,0.,-1.));
#3549 = ADVANCED_FACE('',(#3550),#3556,.T.);
#3550 = FACE_BOUND('',#3551,.T.);
#3551 = EDGE_LOOP('',(#3552,#3553,#3554,#3555));
#3552 = ORIENTED_EDGE('',*,*,#3455,.T.);
#3553 = ORIENTED_EDGE('',*,*,#3486,.T.);
#3554 = ORIENTED_EDGE('',*,*,#3517,.T.);
#3555 = ORIENTED_EDGE('',*,*,#3539,.T.);
#3556 = PLANE('',#3557);
#3557 = AXIS2_PLACEMENT_3D('',#3558,#3559,#3560);
#3558 = CARTESIAN_POINT('',(475.,-275.,77.368602791856));
#3559 = DIRECTION('',(-0.,-1.,-0.));
#3560 = DIRECTION('',(0.,0.,-1.));
#3561 = ADVANCED_FACE('',(#3562),#3568,.F.);
#3562 = FACE_BOUND('',#3563,.F.);
#3563 = EDGE_LOOP('',(#3564,#3565,#3566,#3567));
#3564 = ORIENTED_EDGE('',*,*,#3439,.T.);
#3565 = ORIENTED_EDGE('',*,*,#3470,.T.);
#3566 = ORIENTED_EDGE('',*,*,#3501,.T.);
#3567 = ORIENTED_EDGE('',*,*,#3532,.T.);
#3568 = PLANE('',#3569);
#3569 = AXIS2_PLACEMENT_3D('',#3570,#3571,#3572);
#3570 = CARTESIAN_POINT('',(475.,-255.,77.368602791856));
#3571 = DIRECTION('',(-0.,-1.,-0.));
#3572 = DIRECTION('',(0.,0.,-1.));
#3573 = ( GEOMETRIC_REPRESENTATION_CONTEXT(3) 
GLOBAL_UNCERTAINTY_ASSIGNED_CONTEXT((#3577)) 
GLOBAL_UNIT_ASSIGNED_CONTEXT((#3574,#3575,#3576)) REPRESENTATION_CONTEXT
('Context #1','3D Context with UNIT and UNCERTAINTY') );
#3574 = ( LENGTH_UNIT() NAMED_UNIT(*) SI_UNIT(.MILLI.,.METRE.) );
#3575 = ( NAMED_UNIT(*) PLANE_ANGLE_UNIT() SI_UNIT($,.RADIAN.) );
#3576 = ( NAMED_UNIT(*) SI_UNIT($,.STERADIAN.) SOLID_ANGLE_UNIT() );
#3577 = UNCERTAINTY_MEASURE_WITH_UNIT(LENGTH_MEASURE(1.E-07),#3574,
  'distance_accuracy_value','confusion accuracy');
#3578 = CONTEXT_DEPENDENT_SHAPE_REPRESENTATION(#3579,#3581);
#3579 = ( REPRESENTATION_RELATIONSHIP('','',#3422,#10) 
REPRESENTATION_RELATIONSHIP_WITH_TRANSFORMATION(#3580) 
SHAPE_REPRESENTATION_RELATIONSHIP() );
#3580 = ITEM_DEFINED_TRANSFORMATION('','',#11,#87);
#3581 = PRODUCT_DEFINITION_SHAPE('Placement','Placement of an item',
  #3582);
#3582 = NEXT_ASSEMBLY_USAGE_OCCURRENCE('19',
  'CAT-PORT-SIDE-PORT-04 | SidePort | nominal plywood 20 mm','',#5,#3417
  ,$);
#3583 = PRODUCT_RELATED_PRODUCT_CATEGORY('part',$,(#3419));
#3584 = SHAPE_DEFINITION_REPRESENTATION(#3585,#3591);
#3585 = PRODUCT_DEFINITION_SHAPE('','',#3586);
#3586 = PRODUCT_DEFINITION('design','',#3587,#3590);
#3587 = PRODUCT_DEFINITION_FORMATION('','',#3588);
#3588 = PRODUCT(
  'CAT-PORT-SIDE-STARBOARD-04 | SideStarboard | nominal plywood 20 mm',
  'CAT-PORT-SIDE-STARBOARD-04 | SideStarboard | nominal plywood 20 mm',
  '',(#3589));
#3589 = PRODUCT_CONTEXT('',#2,'mechanical');
#3590 = PRODUCT_DEFINITION_CONTEXT('part definition',#2,'design');
#3591 = ADVANCED_BREP_SHAPE_REPRESENTATION('',(#11,#3592),#3742);
#3592 = MANIFOLD_SOLID_BREP('',#3593);
#3593 = CLOSED_SHELL('',(#3594,#3634,#3665,#3696,#3718,#3730));
#3594 = ADVANCED_FACE('',(#3595),#3629,.T.);
#3595 = FACE_BOUND('',#3596,.T.);
#3596 = EDGE_LOOP('',(#3597,#3607,#3615,#3623));
#3597 = ORIENTED_EDGE('',*,*,#3598,.T.);
#3598 = EDGE_CURVE('',#3599,#3601,#3603,.T.);
#3599 = VERTEX_POINT('',#3600);
#3600 = CARTESIAN_POINT('',(390.,-15.,14.737205583712));
#3601 = VERTEX_POINT('',#3602);
#3602 = CARTESIAN_POINT('',(390.,-35.,14.737205583712));
#3603 = LINE('',#3604,#3605);
#3604 = CARTESIAN_POINT('',(390.,-15.,14.737205583712));
#3605 = VECTOR('',#3606,1.);
#3606 = DIRECTION('',(-0.,-1.,-0.));
#3607 = ORIENTED_EDGE('',*,*,#3608,.T.);
#3608 = EDGE_CURVE('',#3601,#3609,#3611,.T.);
#3609 = VERTEX_POINT('',#3610);
#3610 = CARTESIAN_POINT('',(390.,-35.,140.));
#3611 = LINE('',#3612,#3613);
#3612 = CARTESIAN_POINT('',(390.,-35.,14.737205583712));
#3613 = VECTOR('',#3614,1.);
#3614 = DIRECTION('',(0.,0.,1.));
#3615 = ORIENTED_EDGE('',*,*,#3616,.F.);
#3616 = EDGE_CURVE('',#3617,#3609,#3619,.T.);
#3617 = VERTEX_POINT('',#3618);
#3618 = CARTESIAN_POINT('',(390.,-15.,140.));
#3619 = LINE('',#3620,#3621);
#3620 = CARTESIAN_POINT('',(390.,-15.,140.));
#3621 = VECTOR('',#3622,1.);
#3622 = DIRECTION('',(-0.,-1.,-0.));
#3623 = ORIENTED_EDGE('',*,*,#3624,.F.);
#3624 = EDGE_CURVE('',#3599,#3617,#3625,.T.);
#3625 = LINE('',#3626,#3627);
#3626 = CARTESIAN_POINT('',(390.,-15.,14.737205583712));
#3627 = VECTOR('',#3628,1.);
#3628 = DIRECTION('',(0.,0.,1.));
#3629 = PLANE('',#3630);
#3630 = AXIS2_PLACEMENT_3D('',#3631,#3632,#3633);
#3631 = CARTESIAN_POINT('',(390.,-15.,14.737205583712));
#3632 = DIRECTION('',(-1.,0.,0.));
#3633 = DIRECTION('',(0.,0.,1.));
#3634 = ADVANCED_FACE('',(#3635),#3660,.T.);
#3635 = FACE_BOUND('',#3636,.T.);
#3636 = EDGE_LOOP('',(#3637,#3638,#3646,#3654));
#3637 = ORIENTED_EDGE('',*,*,#3616,.T.);
#3638 = ORIENTED_EDGE('',*,*,#3639,.T.);
#3639 = EDGE_CURVE('',#3609,#3640,#3642,.T.);
#3640 = VERTEX_POINT('',#3641);
#3641 = CARTESIAN_POINT('',(560.,-35.,140.));
#3642 = LINE('',#3643,#3644);
#3643 = CARTESIAN_POINT('',(390.,-35.,140.));
#3644 = VECTOR('',#3645,1.);
#3645 = DIRECTION('',(1.,0.,0.));
#3646 = ORIENTED_EDGE('',*,*,#3647,.F.);
#3647 = EDGE_CURVE('',#3648,#3640,#3650,.T.);
#3648 = VERTEX_POINT('',#3649);
#3649 = CARTESIAN_POINT('',(560.,-15.,140.));
#3650 = LINE('',#3651,#3652);
#3651 = CARTESIAN_POINT('',(560.,-15.,140.));
#3652 = VECTOR('',#3653,1.);
#3653 = DIRECTION('',(-0.,-1.,-0.));
#3654 = ORIENTED_EDGE('',*,*,#3655,.F.);
#3655 = EDGE_CURVE('',#3617,#3648,#3656,.T.);
#3656 = LINE('',#3657,#3658);
#3657 = CARTESIAN_POINT('',(390.,-15.,140.));
#3658 = VECTOR('',#3659,1.);
#3659 = DIRECTION('',(1.,0.,0.));
#3660 = PLANE('',#3661);
#3661 = AXIS2_PLACEMENT_3D('',#3662,#3663,#3664);
#3662 = CARTESIAN_POINT('',(390.,-15.,140.));
#3663 = DIRECTION('',(0.,0.,1.));
#3664 = DIRECTION('',(1.,0.,-0.));
#3665 = ADVANCED_FACE('',(#3666),#3691,.T.);
#3666 = FACE_BOUND('',#3667,.T.);
#3667 = EDGE_LOOP('',(#3668,#3669,#3677,#3685));
#3668 = ORIENTED_EDGE('',*,*,#3647,.T.);
#3669 = ORIENTED_EDGE('',*,*,#3670,.T.);
#3670 = EDGE_CURVE('',#3640,#3671,#3673,.T.);
#3671 = VERTEX_POINT('',#3672);
#3672 = CARTESIAN_POINT('',(560.,-35.,14.737205583712));
#3673 = LINE('',#3674,#3675);
#3674 = CARTESIAN_POINT('',(560.,-35.,140.));
#3675 = VECTOR('',#3676,1.);
#3676 = DIRECTION('',(0.,0.,-1.));
#3677 = ORIENTED_EDGE('',*,*,#3678,.F.);
#3678 = EDGE_CURVE('',#3679,#3671,#3681,.T.);
#3679 = VERTEX_POINT('',#3680);
#3680 = CARTESIAN_POINT('',(560.,-15.,14.737205583712));
#3681 = LINE('',#3682,#3683);
#3682 = CARTESIAN_POINT('',(560.,-15.,14.737205583712));
#3683 = VECTOR('',#3684,1.);
#3684 = DIRECTION('',(-0.,-1.,-0.));
#3685 = ORIENTED_EDGE('',*,*,#3686,.F.);
#3686 = EDGE_CURVE('',#3648,#3679,#3687,.T.);
#3687 = LINE('',#3688,#3689);
#3688 = CARTESIAN_POINT('',(560.,-15.,140.));
#3689 = VECTOR('',#3690,1.);
#3690 = DIRECTION('',(0.,0.,-1.));
#3691 = PLANE('',#3692);
#3692 = AXIS2_PLACEMENT_3D('',#3693,#3694,#3695);
#3693 = CARTESIAN_POINT('',(560.,-15.,140.));
#3694 = DIRECTION('',(1.,-0.,0.));
#3695 = DIRECTION('',(0.,0.,-1.));
#3696 = ADVANCED_FACE('',(#3697),#3713,.T.);
#3697 = FACE_BOUND('',#3698,.T.);
#3698 = EDGE_LOOP('',(#3699,#3700,#3706,#3707));
#3699 = ORIENTED_EDGE('',*,*,#3678,.T.);
#3700 = ORIENTED_EDGE('',*,*,#3701,.T.);
#3701 = EDGE_CURVE('',#3671,#3601,#3702,.T.);
#3702 = LINE('',#3703,#3704);
#3703 = CARTESIAN_POINT('',(560.,-35.,14.737205583712));
#3704 = VECTOR('',#3705,1.);
#3705 = DIRECTION('',(-1.,0.,0.));
#3706 = ORIENTED_EDGE('',*,*,#3598,.F.);
#3707 = ORIENTED_EDGE('',*,*,#3708,.F.);
#3708 = EDGE_CURVE('',#3679,#3599,#3709,.T.);
#3709 = LINE('',#3710,#3711);
#3710 = CARTESIAN_POINT('',(560.,-15.,14.737205583712));
#3711 = VECTOR('',#3712,1.);
#3712 = DIRECTION('',(-1.,0.,0.));
#3713 = PLANE('',#3714);
#3714 = AXIS2_PLACEMENT_3D('',#3715,#3716,#3717);
#3715 = CARTESIAN_POINT('',(560.,-15.,14.737205583712));
#3716 = DIRECTION('',(0.,0.,-1.));
#3717 = DIRECTION('',(-1.,0.,0.));
#3718 = ADVANCED_FACE('',(#3719),#3725,.T.);
#3719 = FACE_BOUND('',#3720,.T.);
#3720 = EDGE_LOOP('',(#3721,#3722,#3723,#3724));
#3721 = ORIENTED_EDGE('',*,*,#3624,.T.);
#3722 = ORIENTED_EDGE('',*,*,#3655,.T.);
#3723 = ORIENTED_EDGE('',*,*,#3686,.T.);
#3724 = ORIENTED_EDGE('',*,*,#3708,.T.);
#3725 = PLANE('',#3726);
#3726 = AXIS2_PLACEMENT_3D('',#3727,#3728,#3729);
#3727 = CARTESIAN_POINT('',(475.,-15.,77.368602791856));
#3728 = DIRECTION('',(0.,1.,0.));
#3729 = DIRECTION('',(0.,-0.,1.));
#3730 = ADVANCED_FACE('',(#3731),#3737,.F.);
#3731 = FACE_BOUND('',#3732,.F.);
#3732 = EDGE_LOOP('',(#3733,#3734,#3735,#3736));
#3733 = ORIENTED_EDGE('',*,*,#3608,.T.);
#3734 = ORIENTED_EDGE('',*,*,#3639,.T.);
#3735 = ORIENTED_EDGE('',*,*,#3670,.T.);
#3736 = ORIENTED_EDGE('',*,*,#3701,.T.);
#3737 = PLANE('',#3738);
#3738 = AXIS2_PLACEMENT_3D('',#3739,#3740,#3741);
#3739 = CARTESIAN_POINT('',(475.,-35.,77.368602791856));
#3740 = DIRECTION('',(0.,1.,0.));
#3741 = DIRECTION('',(0.,-0.,1.));
#3742 = ( GEOMETRIC_REPRESENTATION_CONTEXT(3) 
GLOBAL_UNCERTAINTY_ASSIGNED_CONTEXT((#3746)) 
GLOBAL_UNIT_ASSIGNED_CONTEXT((#3743,#3744,#3745)) REPRESENTATION_CONTEXT
('Context #1','3D Context with UNIT and UNCERTAINTY') );
#3743 = ( LENGTH_UNIT() NAMED_UNIT(*) SI_UNIT(.MILLI.,.METRE.) );
#3744 = ( NAMED_UNIT(*) PLANE_ANGLE_UNIT() SI_UNIT($,.RADIAN.) );
#3745 = ( NAMED_UNIT(*) SI_UNIT($,.STERADIAN.) SOLID_ANGLE_UNIT() );
#3746 = UNCERTAINTY_MEASURE_WITH_UNIT(LENGTH_MEASURE(1.E-07),#3743,
  'distance_accuracy_value','confusion accuracy');
#3747 = CONTEXT_DEPENDENT_SHAPE_REPRESENTATION(#3748,#3750);
#3748 = ( REPRESENTATION_RELATIONSHIP('','',#3591,#10) 
REPRESENTATION_RELATIONSHIP_WITH_TRANSFORMATION(#3749) 
SHAPE_REPRESENTATION_RELATIONSHIP() );
#3749 = ITEM_DEFINED_TRANSFORMATION('','',#11,#91);
#3750 = PRODUCT_DEFINITION_SHAPE('Placement','Placement of an item',
  #3751);
#3751 = NEXT_ASSEMBLY_USAGE_OCCURRENCE('20',
  'CAT-PORT-SIDE-STARBOARD-04 | SideStarboard | nominal plywood 20 mm',
  '',#5,#3586,$);
#3752 = PRODUCT_RELATED_PRODUCT_CATEGORY('part',$,(#3588));
#3753 = SHAPE_DEFINITION_REPRESENTATION(#3754,#3760);
#3754 = PRODUCT_DEFINITION_SHAPE('','',#3755);
#3755 = PRODUCT_DEFINITION('design','',#3756,#3759);
#3756 = PRODUCT_DEFINITION_FORMATION('','',#3757);
#3757 = PRODUCT(
  'CAT-PORT-BOTTOM-05 | BottomFlat | nominal plywood 20 mm',
  'CAT-PORT-BOTTOM-05 | BottomFlat | nominal plywood 20 mm','',(#3758));
#3758 = PRODUCT_CONTEXT('',#2,'mechanical');
#3759 = PRODUCT_DEFINITION_CONTEXT('part definition',#2,'design');
#3760 = ADVANCED_BREP_SHAPE_REPRESENTATION('',(#11,#3761),#3911);
#3761 = MANIFOLD_SOLID_BREP('',#3762);
#3762 = CLOSED_SHELL('',(#3763,#3803,#3834,#3865,#3887,#3899));
#3763 = ADVANCED_FACE('',(#3764),#3798,.F.);
#3764 = FACE_BOUND('',#3765,.F.);
#3765 = EDGE_LOOP('',(#3766,#3776,#3784,#3792));
#3766 = ORIENTED_EDGE('',*,*,#3767,.T.);
#3767 = EDGE_CURVE('',#3768,#3770,#3772,.T.);
#3768 = VERTEX_POINT('',#3769);
#3769 = CARTESIAN_POINT('',(560.,-220.,0.));
#3770 = VERTEX_POINT('',#3771);
#3771 = CARTESIAN_POINT('',(560.,-220.,20.));
#3772 = LINE('',#3773,#3774);
#3773 = CARTESIAN_POINT('',(560.,-220.,0.));
#3774 = VECTOR('',#3775,1.);
#3775 = DIRECTION('',(0.,0.,1.));
#3776 = ORIENTED_EDGE('',*,*,#3777,.T.);
#3777 = EDGE_CURVE('',#3770,#3778,#3780,.T.);
#3778 = VERTEX_POINT('',#3779);
#3779 = CARTESIAN_POINT('',(730.,-190.4545454545,20.));
#3780 = LINE('',#3781,#3782);
#3781 = CARTESIAN_POINT('',(560.,-220.,20.));
#3782 = VECTOR('',#3783,1.);
#3783 = DIRECTION('',(0.985231082916,0.171230001042,0.));
#3784 = ORIENTED_EDGE('',*,*,#3785,.F.);
#3785 = EDGE_CURVE('',#3786,#3778,#3788,.T.);
#3786 = VERTEX_POINT('',#3787);
#3787 = CARTESIAN_POINT('',(730.,-190.4545454545,0.));
#3788 = LINE('',#3789,#3790);
#3789 = CARTESIAN_POINT('',(730.,-190.4545454545,0.));
#3790 = VECTOR('',#3791,1.);
#3791 = DIRECTION('',(0.,0.,1.));
#3792 = ORIENTED_EDGE('',*,*,#3793,.F.);
#3793 = EDGE_CURVE('',#3768,#3786,#3794,.T.);
#3794 = LINE('',#3795,#3796);
#3795 = CARTESIAN_POINT('',(560.,-220.,0.));
#3796 = VECTOR('',#3797,1.);
#3797 = DIRECTION('',(0.985231082916,0.171230001042,0.));
#3798 = PLANE('',#3799);
#3799 = AXIS2_PLACEMENT_3D('',#3800,#3801,#3802);
#3800 = CARTESIAN_POINT('',(560.,-220.,0.));
#3801 = DIRECTION('',(-0.171230001042,0.985231082916,0.));
#3802 = DIRECTION('',(0.985231082916,0.171230001042,0.));
#3803 = ADVANCED_FACE('',(#3804),#3829,.F.);
#3804 = FACE_BOUND('',#3805,.F.);
#3805 = EDGE_LOOP('',(#3806,#3807,#3815,#3823));
#3806 = ORIENTED_EDGE('',*,*,#3785,.T.);
#3807 = ORIENTED_EDGE('',*,*,#3808,.T.);
#3808 = EDGE_CURVE('',#3778,#3809,#3811,.T.);
#3809 = VERTEX_POINT('',#3810);
#3810 = CARTESIAN_POINT('',(730.,-99.54545454545,20.));
#3811 = LINE('',#3812,#3813);
#3812 = CARTESIAN_POINT('',(730.,-190.4545454545,20.));
#3813 = VECTOR('',#3814,1.);
#3814 = DIRECTION('',(0.,1.,0.));
#3815 = ORIENTED_EDGE('',*,*,#3816,.F.);
#3816 = EDGE_CURVE('',#3817,#3809,#3819,.T.);
#3817 = VERTEX_POINT('',#3818);
#3818 = CARTESIAN_POINT('',(730.,-99.54545454545,0.));
#3819 = LINE('',#3820,#3821);
#3820 = CARTESIAN_POINT('',(730.,-99.54545454545,0.));
#3821 = VECTOR('',#3822,1.);
#3822 = DIRECTION('',(0.,0.,1.));
#3823 = ORIENTED_EDGE('',*,*,#3824,.F.);
#3824 = EDGE_CURVE('',#3786,#3817,#3825,.T.);
#3825 = LINE('',#3826,#3827);
#3826 = CARTESIAN_POINT('',(730.,-190.4545454545,0.));
#3827 = VECTOR('',#3828,1.);
#3828 = DIRECTION('',(0.,1.,0.));
#3829 = PLANE('',#3830);
#3830 = AXIS2_PLACEMENT_3D('',#3831,#3832,#3833);
#3831 = CARTESIAN_POINT('',(730.,-190.4545454545,0.));
#3832 = DIRECTION('',(-1.,0.,0.));
#3833 = DIRECTION('',(0.,1.,0.));
#3834 = ADVANCED_FACE('',(#3835),#3860,.F.);
#3835 = FACE_BOUND('',#3836,.F.);
#3836 = EDGE_LOOP('',(#3837,#3838,#3846,#3854));
#3837 = ORIENTED_EDGE('',*,*,#3816,.T.);
#3838 = ORIENTED_EDGE('',*,*,#3839,.T.);
#3839 = EDGE_CURVE('',#3809,#3840,#3842,.T.);
#3840 = VERTEX_POINT('',#3841);
#3841 = CARTESIAN_POINT('',(560.,-70.,20.));
#3842 = LINE('',#3843,#3844);
#3843 = CARTESIAN_POINT('',(730.,-99.54545454545,20.));
#3844 = VECTOR('',#3845,1.);
#3845 = DIRECTION('',(-0.985231082916,0.171230001042,0.));
#3846 = ORIENTED_EDGE('',*,*,#3847,.F.);
#3847 = EDGE_CURVE('',#3848,#3840,#3850,.T.);
#3848 = VERTEX_POINT('',#3849);
#3849 = CARTESIAN_POINT('',(560.,-70.,0.));
#3850 = LINE('',#3851,#3852);
#3851 = CARTESIAN_POINT('',(560.,-70.,0.));
#3852 = VECTOR('',#3853,1.);
#3853 = DIRECTION('',(0.,0.,1.));
#3854 = ORIENTED_EDGE('',*,*,#3855,.F.);
#3855 = EDGE_CURVE('',#3817,#3848,#3856,.T.);
#3856 = LINE('',#3857,#3858);
#3857 = CARTESIAN_POINT('',(730.,-99.54545454545,0.));
#3858 = VECTOR('',#3859,1.);
#3859 = DIRECTION('',(-0.985231082916,0.171230001042,0.));
#3860 = PLANE('',#3861);
#3861 = AXIS2_PLACEMENT_3D('',#3862,#3863,#3864);
#3862 = CARTESIAN_POINT('',(730.,-99.54545454545,0.));
#3863 = DIRECTION('',(-0.171230001042,-0.985231082916,0.));
#3864 = DIRECTION('',(-0.985231082916,0.171230001042,0.));
#3865 = ADVANCED_FACE('',(#3866),#3882,.F.);
#3866 = FACE_BOUND('',#3867,.F.);
#3867 = EDGE_LOOP('',(#3868,#3869,#3875,#3876));
#3868 = ORIENTED_EDGE('',*,*,#3847,.T.);
#3869 = ORIENTED_EDGE('',*,*,#3870,.T.);
#3870 = EDGE_CURVE('',#3840,#3770,#3871,.T.);
#3871 = LINE('',#3872,#3873);
#3872 = CARTESIAN_POINT('',(560.,-70.,20.));
#3873 = VECTOR('',#3874,1.);
#3874 = DIRECTION('',(0.,-1.,0.));
#3875 = ORIENTED_EDGE('',*,*,#3767,.F.);
#3876 = ORIENTED_EDGE('',*,*,#3877,.F.);
#3877 = EDGE_CURVE('',#3848,#3768,#3878,.T.);
#3878 = LINE('',#3879,#3880);
#3879 = CARTESIAN_POINT('',(560.,-70.,0.));
#3880 = VECTOR('',#3881,1.);
#3881 = DIRECTION('',(0.,-1.,0.));
#3882 = PLANE('',#3883);
#3883 = AXIS2_PLACEMENT_3D('',#3884,#3885,#3886);
#3884 = CARTESIAN_POINT('',(560.,-70.,0.));
#3885 = DIRECTION('',(1.,0.,-0.));
#3886 = DIRECTION('',(0.,-1.,0.));
#3887 = ADVANCED_FACE('',(#3888),#3894,.F.);
#3888 = FACE_BOUND('',#3889,.F.);
#3889 = EDGE_LOOP('',(#3890,#3891,#3892,#3893));
#3890 = ORIENTED_EDGE('',*,*,#3793,.T.);
#3891 = ORIENTED_EDGE('',*,*,#3824,.T.);
#3892 = ORIENTED_EDGE('',*,*,#3855,.T.);
#3893 = ORIENTED_EDGE('',*,*,#3877,.T.);
#3894 = PLANE('',#3895);
#3895 = AXIS2_PLACEMENT_3D('',#3896,#3897,#3898);
#3896 = CARTESIAN_POINT('',(636.42887781814,-145.,0.));
#3897 = DIRECTION('',(0.,0.,1.));
#3898 = DIRECTION('',(1.,0.,-0.));
#3899 = ADVANCED_FACE('',(#3900),#3906,.T.);
#3900 = FACE_BOUND('',#3901,.T.);
#3901 = EDGE_LOOP('',(#3902,#3903,#3904,#3905));
#3902 = ORIENTED_EDGE('',*,*,#3777,.T.);
#3903 = ORIENTED_EDGE('',*,*,#3808,.T.);
#3904 = ORIENTED_EDGE('',*,*,#3839,.T.);
#3905 = ORIENTED_EDGE('',*,*,#3870,.T.);
#3906 = PLANE('',#3907);
#3907 = AXIS2_PLACEMENT_3D('',#3908,#3909,#3910);
#3908 = CARTESIAN_POINT('',(636.42887781814,-145.,20.));
#3909 = DIRECTION('',(0.,0.,1.));
#3910 = DIRECTION('',(1.,0.,-0.));
#3911 = ( GEOMETRIC_REPRESENTATION_CONTEXT(3) 
GLOBAL_UNCERTAINTY_ASSIGNED_CONTEXT((#3915)) 
GLOBAL_UNIT_ASSIGNED_CONTEXT((#3912,#3913,#3914)) REPRESENTATION_CONTEXT
('Context #1','3D Context with UNIT and UNCERTAINTY') );
#3912 = ( LENGTH_UNIT() NAMED_UNIT(*) SI_UNIT(.MILLI.,.METRE.) );
#3913 = ( NAMED_UNIT(*) PLANE_ANGLE_UNIT() SI_UNIT($,.RADIAN.) );
#3914 = ( NAMED_UNIT(*) SI_UNIT($,.STERADIAN.) SOLID_ANGLE_UNIT() );
#3915 = UNCERTAINTY_MEASURE_WITH_UNIT(LENGTH_MEASURE(1.E-07),#3912,
  'distance_accuracy_value','confusion accuracy');
#3916 = CONTEXT_DEPENDENT_SHAPE_REPRESENTATION(#3917,#3919);
#3917 = ( REPRESENTATION_RELATIONSHIP('','',#3760,#10) 
REPRESENTATION_RELATIONSHIP_WITH_TRANSFORMATION(#3918) 
SHAPE_REPRESENTATION_RELATIONSHIP() );
#3918 = ITEM_DEFINED_TRANSFORMATION('','',#11,#95);
#3919 = PRODUCT_DEFINITION_SHAPE('Placement','Placement of an item',
  #3920);
#3920 = NEXT_ASSEMBLY_USAGE_OCCURRENCE('21',
  'CAT-PORT-BOTTOM-05 | BottomFlat | nominal plywood 20 mm','',#5,#3755,
  $);
#3921 = PRODUCT_RELATED_PRODUCT_CATEGORY('part',$,(#3757));
#3922 = SHAPE_DEFINITION_REPRESENTATION(#3923,#3929);
#3923 = PRODUCT_DEFINITION_SHAPE('','',#3924);
#3924 = PRODUCT_DEFINITION('design','',#3925,#3928);
#3925 = PRODUCT_DEFINITION_FORMATION('','',#3926);
#3926 = PRODUCT(
  'CAT-PORT-CHINE-PORT-05 | ChinePort | nominal plywood 20 mm',
  'CAT-PORT-CHINE-PORT-05 | ChinePort | nominal plywood 20 mm','',(#3927
    ));
#3927 = PRODUCT_CONTEXT('',#2,'mechanical');
#3928 = PRODUCT_DEFINITION_CONTEXT('part definition',#2,'design');
#3929 = ADVANCED_BREP_SHAPE_REPRESENTATION('',(#11,#3930),#4080);
#3930 = MANIFOLD_SOLID_BREP('',#3931);
#3931 = CLOSED_SHELL('',(#3932,#3972,#4003,#4034,#4056,#4068));
#3932 = ADVANCED_FACE('',(#3933),#3967,.T.);
#3933 = FACE_BOUND('',#3934,.T.);
#3934 = EDGE_LOOP('',(#3935,#3945,#3953,#3961));
#3935 = ORIENTED_EDGE('',*,*,#3936,.T.);
#3936 = EDGE_CURVE('',#3937,#3939,#3941,.T.);
#3937 = VERTEX_POINT('',#3938);
#3938 = CARTESIAN_POINT('',(560.,-220.,0.));
#3939 = VERTEX_POINT('',#3940);
#3940 = CARTESIAN_POINT('',(559.10127038113,-214.8288480391,
    19.299001851643));
#3941 = LINE('',#3942,#3943);
#3942 = CARTESIAN_POINT('',(560.,-220.,0.));
#3943 = VECTOR('',#3944,1.);
#3944 = DIRECTION('',(-4.493648094343E-02,0.258557598044,0.964950092582)
  );
#3945 = ORIENTED_EDGE('',*,*,#3946,.T.);
#3946 = EDGE_CURVE('',#3939,#3947,#3949,.T.);
#3947 = VERTEX_POINT('',#3948);
#3948 = CARTESIAN_POINT('',(729.10127038113,-185.2833934936,
    19.299001851643));
#3949 = LINE('',#3950,#3951);
#3950 = CARTESIAN_POINT('',(559.10127038113,-214.8288480391,
    19.299001851643));
#3951 = VECTOR('',#3952,1.);
#3952 = DIRECTION('',(0.985231082916,0.171230001042,0.));
#3953 = ORIENTED_EDGE('',*,*,#3954,.F.);
#3954 = EDGE_CURVE('',#3955,#3947,#3957,.T.);
#3955 = VERTEX_POINT('',#3956);
#3956 = CARTESIAN_POINT('',(730.,-190.4545454545,0.));
#3957 = LINE('',#3958,#3959);
#3958 = CARTESIAN_POINT('',(730.,-190.4545454545,0.));
#3959 = VECTOR('',#3960,1.);
#3960 = DIRECTION('',(-4.493648094343E-02,0.258557598044,0.964950092582)
  );
#3961 = ORIENTED_EDGE('',*,*,#3962,.F.);
#3962 = EDGE_CURVE('',#3937,#3955,#3963,.T.);
#3963 = LINE('',#3964,#3965);
#3964 = CARTESIAN_POINT('',(560.,-220.,0.));
#3965 = VECTOR('',#3966,1.);
#3966 = DIRECTION('',(0.985231082916,0.171230001042,0.));
#3967 = PLANE('',#3968);
#3968 = AXIS2_PLACEMENT_3D('',#3969,#3970,#3971);
#3969 = CARTESIAN_POINT('',(560.,-220.,0.));
#3970 = DIRECTION('',(-0.165228405358,0.950698824674,-0.262433455995));
#3971 = DIRECTION('',(0.985231082916,0.171230001042,0.));
#3972 = ADVANCED_FACE('',(#3973),#3998,.T.);
#3973 = FACE_BOUND('',#3974,.T.);
#3974 = EDGE_LOOP('',(#3975,#3976,#3984,#3992));
#3975 = ORIENTED_EDGE('',*,*,#3954,.T.);
#3976 = ORIENTED_EDGE('',*,*,#3977,.T.);
#3977 = EDGE_CURVE('',#3947,#3978,#3980,.T.);
#3978 = VERTEX_POINT('',#3979);
#3979 = CARTESIAN_POINT('',(729.10127038113,-240.2833934936,
    34.036207435355));
#3980 = LINE('',#3981,#3982);
#3981 = CARTESIAN_POINT('',(729.10127038113,-185.2833934936,
    19.299001851643));
#3982 = VECTOR('',#3983,1.);
#3983 = DIRECTION('',(0.,-0.965925826289,0.258819045103));
#3984 = ORIENTED_EDGE('',*,*,#3985,.F.);
#3985 = EDGE_CURVE('',#3986,#3978,#3988,.T.);
#3986 = VERTEX_POINT('',#3987);
#3987 = CARTESIAN_POINT('',(730.,-245.4545454545,14.737205583712));
#3988 = LINE('',#3989,#3990);
#3989 = CARTESIAN_POINT('',(730.,-245.4545454545,14.737205583712));
#3990 = VECTOR('',#3991,1.);
#3991 = DIRECTION('',(-4.493648094343E-02,0.258557598044,0.964950092582)
  );
#3992 = ORIENTED_EDGE('',*,*,#3993,.F.);
#3993 = EDGE_CURVE('',#3955,#3986,#3994,.T.);
#3994 = LINE('',#3995,#3996);
#3995 = CARTESIAN_POINT('',(730.,-190.4545454545,0.));
#3996 = VECTOR('',#3997,1.);
#3997 = DIRECTION('',(0.,-0.965925826289,0.258819045103));
#3998 = PLANE('',#3999);
#3999 = AXIS2_PLACEMENT_3D('',#4000,#4001,#4002);
#4000 = CARTESIAN_POINT('',(730.,-190.4545454545,0.));
#4001 = DIRECTION('',(0.998989846135,1.163041708805E-02,
    4.34053074858E-02));
#4002 = DIRECTION('',(1.734723475977E-18,-0.965925826289,0.258819045103)
  );
#4003 = ADVANCED_FACE('',(#4004),#4029,.T.);
#4004 = FACE_BOUND('',#4005,.T.);
#4005 = EDGE_LOOP('',(#4006,#4007,#4015,#4023));
#4006 = ORIENTED_EDGE('',*,*,#3985,.T.);
#4007 = ORIENTED_EDGE('',*,*,#4008,.T.);
#4008 = EDGE_CURVE('',#3978,#4009,#4011,.T.);
#4009 = VERTEX_POINT('',#4010);
#4010 = CARTESIAN_POINT('',(559.10127038113,-269.8288480391,
    34.036207435355));
#4011 = LINE('',#4012,#4013);
#4012 = CARTESIAN_POINT('',(729.10127038113,-240.2833934936,
    34.036207435355));
#4013 = VECTOR('',#4014,1.);
#4014 = DIRECTION('',(-0.985231082916,-0.171230001042,0.));
#4015 = ORIENTED_EDGE('',*,*,#4016,.F.);
#4016 = EDGE_CURVE('',#4017,#4009,#4019,.T.);
#4017 = VERTEX_POINT('',#4018);
#4018 = CARTESIAN_POINT('',(560.,-275.,14.737205583712));
#4019 = LINE('',#4020,#4021);
#4020 = CARTESIAN_POINT('',(560.,-275.,14.737205583712));
#4021 = VECTOR('',#4022,1.);
#4022 = DIRECTION('',(-4.493648094343E-02,0.258557598044,0.964950092582)
  );
#4023 = ORIENTED_EDGE('',*,*,#4024,.F.);
#4024 = EDGE_CURVE('',#3986,#4017,#4025,.T.);
#4025 = LINE('',#4026,#4027);
#4026 = CARTESIAN_POINT('',(730.,-245.4545454545,14.737205583712));
#4027 = VECTOR('',#4028,1.);
#4028 = DIRECTION('',(-0.985231082916,-0.171230001042,0.));
#4029 = PLANE('',#4030);
#4030 = AXIS2_PLACEMENT_3D('',#4031,#4032,#4033);
#4031 = CARTESIAN_POINT('',(730.,-245.4545454545,14.737205583712));
#4032 = DIRECTION('',(0.165228405358,-0.950698824674,0.262433455995));
#4033 = DIRECTION('',(-0.985231082916,-0.171230001042,0.));
#4034 = ADVANCED_FACE('',(#4035),#4051,.T.);
#4035 = FACE_BOUND('',#4036,.T.);
#4036 = EDGE_LOOP('',(#4037,#4038,#4044,#4045));
#4037 = ORIENTED_EDGE('',*,*,#4016,.T.);
#4038 = ORIENTED_EDGE('',*,*,#4039,.T.);
#4039 = EDGE_CURVE('',#4009,#3939,#4040,.T.);
#4040 = LINE('',#4041,#4042);
#4041 = CARTESIAN_POINT('',(559.10127038113,-269.8288480391,
    34.036207435355));
#4042 = VECTOR('',#4043,1.);
#4043 = DIRECTION('',(0.,0.965925826289,-0.258819045103));
#4044 = ORIENTED_EDGE('',*,*,#3936,.F.);
#4045 = ORIENTED_EDGE('',*,*,#4046,.F.);
#4046 = EDGE_CURVE('',#4017,#3937,#4047,.T.);
#4047 = LINE('',#4048,#4049);
#4048 = CARTESIAN_POINT('',(560.,-275.,14.737205583712));
#4049 = VECTOR('',#4050,1.);
#4050 = DIRECTION('',(0.,0.965925826289,-0.258819045103));
#4051 = PLANE('',#4052);
#4052 = AXIS2_PLACEMENT_3D('',#4053,#4054,#4055);
#4053 = CARTESIAN_POINT('',(560.,-275.,14.737205583712));
#4054 = DIRECTION('',(-0.998989846135,-1.163041708805E-02,
    -4.34053074858E-02));
#4055 = DIRECTION('',(-1.734723475977E-18,0.965925826289,-0.258819045103
    ));
#4056 = ADVANCED_FACE('',(#4057),#4063,.T.);
#4057 = FACE_BOUND('',#4058,.T.);
#4058 = EDGE_LOOP('',(#4059,#4060,#4061,#4062));
#4059 = ORIENTED_EDGE('',*,*,#3962,.T.);
#4060 = ORIENTED_EDGE('',*,*,#3993,.T.);
#4061 = ORIENTED_EDGE('',*,*,#4024,.T.);
#4062 = ORIENTED_EDGE('',*,*,#4046,.T.);
#4063 = PLANE('',#4064);
#4064 = AXIS2_PLACEMENT_3D('',#4065,#4066,#4067);
#4065 = CARTESIAN_POINT('',(645.,-232.7272727272,7.368602791856));
#4066 = DIRECTION('',(4.493648094343E-02,-0.258557598044,-0.964950092582
    ));
#4067 = DIRECTION('',(0.,-0.965925826289,0.258819045103));
#4068 = ADVANCED_FACE('',(#4069),#4075,.F.);
#4069 = FACE_BOUND('',#4070,.F.);
#4070 = EDGE_LOOP('',(#4071,#4072,#4073,#4074));
#4071 = ORIENTED_EDGE('',*,*,#3946,.T.);
#4072 = ORIENTED_EDGE('',*,*,#3977,.T.);
#4073 = ORIENTED_EDGE('',*,*,#4008,.T.);
#4074 = ORIENTED_EDGE('',*,*,#4039,.T.);
#4075 = PLANE('',#4076);
#4076 = AXIS2_PLACEMENT_3D('',#4077,#4078,#4079);
#4077 = CARTESIAN_POINT('',(644.10127038113,-227.5561207663,
    26.667604643499));
#4078 = DIRECTION('',(4.493648094343E-02,-0.258557598044,-0.964950092582
    ));
#4079 = DIRECTION('',(0.,-0.965925826289,0.258819045103));
#4080 = ( GEOMETRIC_REPRESENTATION_CONTEXT(3) 
GLOBAL_UNCERTAINTY_ASSIGNED_CONTEXT((#4084)) 
GLOBAL_UNIT_ASSIGNED_CONTEXT((#4081,#4082,#4083)) REPRESENTATION_CONTEXT
('Context #1','3D Context with UNIT and UNCERTAINTY') );
#4081 = ( LENGTH_UNIT() NAMED_UNIT(*) SI_UNIT(.MILLI.,.METRE.) );
#4082 = ( NAMED_UNIT(*) PLANE_ANGLE_UNIT() SI_UNIT($,.RADIAN.) );
#4083 = ( NAMED_UNIT(*) SI_UNIT($,.STERADIAN.) SOLID_ANGLE_UNIT() );
#4084 = UNCERTAINTY_MEASURE_WITH_UNIT(LENGTH_MEASURE(1.E-07),#4081,
  'distance_accuracy_value','confusion accuracy');
#4085 = CONTEXT_DEPENDENT_SHAPE_REPRESENTATION(#4086,#4088);
#4086 = ( REPRESENTATION_RELATIONSHIP('','',#3929,#10) 
REPRESENTATION_RELATIONSHIP_WITH_TRANSFORMATION(#4087) 
SHAPE_REPRESENTATION_RELATIONSHIP() );
#4087 = ITEM_DEFINED_TRANSFORMATION('','',#11,#99);
#4088 = PRODUCT_DEFINITION_SHAPE('Placement','Placement of an item',
  #4089);
#4089 = NEXT_ASSEMBLY_USAGE_OCCURRENCE('22',
  'CAT-PORT-CHINE-PORT-05 | ChinePort | nominal plywood 20 mm','',#5,
  #3924,$);
#4090 = PRODUCT_RELATED_PRODUCT_CATEGORY('part',$,(#3926));
#4091 = SHAPE_DEFINITION_REPRESENTATION(#4092,#4098);
#4092 = PRODUCT_DEFINITION_SHAPE('','',#4093);
#4093 = PRODUCT_DEFINITION('design','',#4094,#4097);
#4094 = PRODUCT_DEFINITION_FORMATION('','',#4095);
#4095 = PRODUCT(
  'CAT-PORT-CHINE-STARBOARD-05 | ChineStarboard | nominal plywood 20 mm'
  ,
  'CAT-PORT-CHINE-STARBOARD-05 | ChineStarboard | nominal plywood 20 mm'
  ,'',(#4096));
#4096 = PRODUCT_CONTEXT('',#2,'mechanical');
#4097 = PRODUCT_DEFINITION_CONTEXT('part definition',#2,'design');
#4098 = ADVANCED_BREP_SHAPE_REPRESENTATION('',(#11,#4099),#4249);
#4099 = MANIFOLD_SOLID_BREP('',#4100);
#4100 = CLOSED_SHELL('',(#4101,#4141,#4172,#4203,#4225,#4237));
#4101 = ADVANCED_FACE('',(#4102),#4136,.T.);
#4102 = FACE_BOUND('',#4103,.T.);
#4103 = EDGE_LOOP('',(#4104,#4114,#4122,#4130));
#4104 = ORIENTED_EDGE('',*,*,#4105,.T.);
#4105 = EDGE_CURVE('',#4106,#4108,#4110,.T.);
#4106 = VERTEX_POINT('',#4107);
#4107 = CARTESIAN_POINT('',(560.,-70.,0.));
#4108 = VERTEX_POINT('',#4109);
#4109 = CARTESIAN_POINT('',(559.10127038113,-75.17115196087,
    19.299001851643));
#4110 = LINE('',#4111,#4112);
#4111 = CARTESIAN_POINT('',(560.,-70.,0.));
#4112 = VECTOR('',#4113,1.);
#4113 = DIRECTION('',(-4.493648094343E-02,-0.258557598044,0.964950092582
    ));
#4114 = ORIENTED_EDGE('',*,*,#4115,.T.);
#4115 = EDGE_CURVE('',#4108,#4116,#4118,.T.);
#4116 = VERTEX_POINT('',#4117);
#4117 = CARTESIAN_POINT('',(559.10127038113,-20.17115196087,
    34.036207435355));
#4118 = LINE('',#4119,#4120);
#4119 = CARTESIAN_POINT('',(559.10127038113,-75.17115196087,
    19.299001851643));
#4120 = VECTOR('',#4121,1.);
#4121 = DIRECTION('',(0.,0.965925826289,0.258819045103));
#4122 = ORIENTED_EDGE('',*,*,#4123,.F.);
#4123 = EDGE_CURVE('',#4124,#4116,#4126,.T.);
#4124 = VERTEX_POINT('',#4125);
#4125 = CARTESIAN_POINT('',(560.,-15.,14.737205583712));
#4126 = LINE('',#4127,#4128);
#4127 = CARTESIAN_POINT('',(560.,-15.,14.737205583712));
#4128 = VECTOR('',#4129,1.);
#4129 = DIRECTION('',(-4.493648094343E-02,-0.258557598044,0.964950092582
    ));
#4130 = ORIENTED_EDGE('',*,*,#4131,.F.);
#4131 = EDGE_CURVE('',#4106,#4124,#4132,.T.);
#4132 = LINE('',#4133,#4134);
#4133 = CARTESIAN_POINT('',(560.,-70.,0.));
#4134 = VECTOR('',#4135,1.);
#4135 = DIRECTION('',(0.,0.965925826289,0.258819045103));
#4136 = PLANE('',#4137);
#4137 = AXIS2_PLACEMENT_3D('',#4138,#4139,#4140);
#4138 = CARTESIAN_POINT('',(560.,-70.,0.));
#4139 = DIRECTION('',(-0.998989846135,1.163041708805E-02,
    -4.34053074858E-02));
#4140 = DIRECTION('',(1.734723475977E-18,0.965925826289,0.258819045103)
  );
#4141 = ADVANCED_FACE('',(#4142),#4167,.T.);
#4142 = FACE_BOUND('',#4143,.T.);
#4143 = EDGE_LOOP('',(#4144,#4145,#4153,#4161));
#4144 = ORIENTED_EDGE('',*,*,#4123,.T.);
#4145 = ORIENTED_EDGE('',*,*,#4146,.T.);
#4146 = EDGE_CURVE('',#4116,#4147,#4149,.T.);
#4147 = VERTEX_POINT('',#4148);
#4148 = CARTESIAN_POINT('',(729.10127038113,-49.71660650632,
    34.036207435355));
#4149 = LINE('',#4150,#4151);
#4150 = CARTESIAN_POINT('',(559.10127038113,-20.17115196087,
    34.036207435355));
#4151 = VECTOR('',#4152,1.);
#4152 = DIRECTION('',(0.985231082916,-0.171230001042,0.));
#4153 = ORIENTED_EDGE('',*,*,#4154,.F.);
#4154 = EDGE_CURVE('',#4155,#4147,#4157,.T.);
#4155 = VERTEX_POINT('',#4156);
#4156 = CARTESIAN_POINT('',(730.,-44.54545454545,14.737205583712));
#4157 = LINE('',#4158,#4159);
#4158 = CARTESIAN_POINT('',(730.,-44.54545454545,14.737205583712));
#4159 = VECTOR('',#4160,1.);
#4160 = DIRECTION('',(-4.493648094343E-02,-0.258557598044,0.964950092582
    ));
#4161 = ORIENTED_EDGE('',*,*,#4162,.F.);
#4162 = EDGE_CURVE('',#4124,#4155,#4163,.T.);
#4163 = LINE('',#4164,#4165);
#4164 = CARTESIAN_POINT('',(560.,-15.,14.737205583712));
#4165 = VECTOR('',#4166,1.);
#4166 = DIRECTION('',(0.985231082916,-0.171230001042,0.));
#4167 = PLANE('',#4168);
#4168 = AXIS2_PLACEMENT_3D('',#4169,#4170,#4171);
#4169 = CARTESIAN_POINT('',(560.,-15.,14.737205583712));
#4170 = DIRECTION('',(0.165228405358,0.950698824674,0.262433455995));
#4171 = DIRECTION('',(0.985231082916,-0.171230001042,0.));
#4172 = ADVANCED_FACE('',(#4173),#4198,.T.);
#4173 = FACE_BOUND('',#4174,.T.);
#4174 = EDGE_LOOP('',(#4175,#4176,#4184,#4192));
#4175 = ORIENTED_EDGE('',*,*,#4154,.T.);
#4176 = ORIENTED_EDGE('',*,*,#4177,.T.);
#4177 = EDGE_CURVE('',#4147,#4178,#4180,.T.);
#4178 = VERTEX_POINT('',#4179);
#4179 = CARTESIAN_POINT('',(729.10127038113,-104.7166065063,
    19.299001851643));
#4180 = LINE('',#4181,#4182);
#4181 = CARTESIAN_POINT('',(729.10127038113,-49.71660650632,
    34.036207435355));
#4182 = VECTOR('',#4183,1.);
#4183 = DIRECTION('',(0.,-0.965925826289,-0.258819045103));
#4184 = ORIENTED_EDGE('',*,*,#4185,.F.);
#4185 = EDGE_CURVE('',#4186,#4178,#4188,.T.);
#4186 = VERTEX_POINT('',#4187);
#4187 = CARTESIAN_POINT('',(730.,-99.54545454545,0.));
#4188 = LINE('',#4189,#4190);
#4189 = CARTESIAN_POINT('',(730.,-99.54545454545,0.));
#4190 = VECTOR('',#4191,1.);
#4191 = DIRECTION('',(-4.493648094343E-02,-0.258557598044,0.964950092582
    ));
#4192 = ORIENTED_EDGE('',*,*,#4193,.F.);
#4193 = EDGE_CURVE('',#4155,#4186,#4194,.T.);
#4194 = LINE('',#4195,#4196);
#4195 = CARTESIAN_POINT('',(730.,-44.54545454545,14.737205583712));
#4196 = VECTOR('',#4197,1.);
#4197 = DIRECTION('',(0.,-0.965925826289,-0.258819045103));
#4198 = PLANE('',#4199);
#4199 = AXIS2_PLACEMENT_3D('',#4200,#4201,#4202);
#4200 = CARTESIAN_POINT('',(730.,-44.54545454545,14.737205583712));
#4201 = DIRECTION('',(0.998989846135,-1.163041708805E-02,
    4.34053074858E-02));
#4202 = DIRECTION('',(-1.734723475977E-18,-0.965925826289,
    -0.258819045103));
#4203 = ADVANCED_FACE('',(#4204),#4220,.T.);
#4204 = FACE_BOUND('',#4205,.T.);
#4205 = EDGE_LOOP('',(#4206,#4207,#4213,#4214));
#4206 = ORIENTED_EDGE('',*,*,#4185,.T.);
#4207 = ORIENTED_EDGE('',*,*,#4208,.T.);
#4208 = EDGE_CURVE('',#4178,#4108,#4209,.T.);
#4209 = LINE('',#4210,#4211);
#4210 = CARTESIAN_POINT('',(729.10127038113,-104.7166065063,
    19.299001851643));
#4211 = VECTOR('',#4212,1.);
#4212 = DIRECTION('',(-0.985231082916,0.171230001042,0.));
#4213 = ORIENTED_EDGE('',*,*,#4105,.F.);
#4214 = ORIENTED_EDGE('',*,*,#4215,.F.);
#4215 = EDGE_CURVE('',#4186,#4106,#4216,.T.);
#4216 = LINE('',#4217,#4218);
#4217 = CARTESIAN_POINT('',(730.,-99.54545454545,0.));
#4218 = VECTOR('',#4219,1.);
#4219 = DIRECTION('',(-0.985231082916,0.171230001042,0.));
#4220 = PLANE('',#4221);
#4221 = AXIS2_PLACEMENT_3D('',#4222,#4223,#4224);
#4222 = CARTESIAN_POINT('',(730.,-99.54545454545,0.));
#4223 = DIRECTION('',(-0.165228405358,-0.950698824674,-0.262433455995));
#4224 = DIRECTION('',(-0.985231082916,0.171230001042,0.));
#4225 = ADVANCED_FACE('',(#4226),#4232,.T.);
#4226 = FACE_BOUND('',#4227,.T.);
#4227 = EDGE_LOOP('',(#4228,#4229,#4230,#4231));
#4228 = ORIENTED_EDGE('',*,*,#4131,.T.);
#4229 = ORIENTED_EDGE('',*,*,#4162,.T.);
#4230 = ORIENTED_EDGE('',*,*,#4193,.T.);
#4231 = ORIENTED_EDGE('',*,*,#4215,.T.);
#4232 = PLANE('',#4233);
#4233 = AXIS2_PLACEMENT_3D('',#4234,#4235,#4236);
#4234 = CARTESIAN_POINT('',(645.,-57.27272727272,7.368602791856));
#4235 = DIRECTION('',(4.493648094343E-02,0.258557598044,-0.964950092582)
  );
#4236 = DIRECTION('',(-1.734723475977E-18,-0.965925826289,
    -0.258819045103));
#4237 = ADVANCED_FACE('',(#4238),#4244,.F.);
#4238 = FACE_BOUND('',#4239,.F.);
#4239 = EDGE_LOOP('',(#4240,#4241,#4242,#4243));
#4240 = ORIENTED_EDGE('',*,*,#4115,.T.);
#4241 = ORIENTED_EDGE('',*,*,#4146,.T.);
#4242 = ORIENTED_EDGE('',*,*,#4177,.T.);
#4243 = ORIENTED_EDGE('',*,*,#4208,.T.);
#4244 = PLANE('',#4245);
#4245 = AXIS2_PLACEMENT_3D('',#4246,#4247,#4248);
#4246 = CARTESIAN_POINT('',(644.10127038113,-62.4438792336,
    26.667604643499));
#4247 = DIRECTION('',(4.493648094343E-02,0.258557598044,-0.964950092582)
  );
#4248 = DIRECTION('',(-1.734723475977E-18,-0.965925826289,
    -0.258819045103));
#4249 = ( GEOMETRIC_REPRESENTATION_CONTEXT(3) 
GLOBAL_UNCERTAINTY_ASSIGNED_CONTEXT((#4253)) 
GLOBAL_UNIT_ASSIGNED_CONTEXT((#4250,#4251,#4252)) REPRESENTATION_CONTEXT
('Context #1','3D Context with UNIT and UNCERTAINTY') );
#4250 = ( LENGTH_UNIT() NAMED_UNIT(*) SI_UNIT(.MILLI.,.METRE.) );
#4251 = ( NAMED_UNIT(*) PLANE_ANGLE_UNIT() SI_UNIT($,.RADIAN.) );
#4252 = ( NAMED_UNIT(*) SI_UNIT($,.STERADIAN.) SOLID_ANGLE_UNIT() );
#4253 = UNCERTAINTY_MEASURE_WITH_UNIT(LENGTH_MEASURE(1.E-07),#4250,
  'distance_accuracy_value','confusion accuracy');
#4254 = CONTEXT_DEPENDENT_SHAPE_REPRESENTATION(#4255,#4257);
#4255 = ( REPRESENTATION_RELATIONSHIP('','',#4098,#10) 
REPRESENTATION_RELATIONSHIP_WITH_TRANSFORMATION(#4256) 
SHAPE_REPRESENTATION_RELATIONSHIP() );
#4256 = ITEM_DEFINED_TRANSFORMATION('','',#11,#103);
#4257 = PRODUCT_DEFINITION_SHAPE('Placement','Placement of an item',
  #4258);
#4258 = NEXT_ASSEMBLY_USAGE_OCCURRENCE('23',
  'CAT-PORT-CHINE-STARBOARD-05 | ChineStarboard | nominal plywood 20 mm'
  ,'',#5,#4093,$);
#4259 = PRODUCT_RELATED_PRODUCT_CATEGORY('part',$,(#4095));
#4260 = SHAPE_DEFINITION_REPRESENTATION(#4261,#4267);
#4261 = PRODUCT_DEFINITION_SHAPE('','',#4262);
#4262 = PRODUCT_DEFINITION('design','',#4263,#4266);
#4263 = PRODUCT_DEFINITION_FORMATION('','',#4264);
#4264 = PRODUCT(
  'CAT-PORT-SIDE-PORT-05 | SidePort | nominal plywood 20 mm',
  'CAT-PORT-SIDE-PORT-05 | SidePort | nominal plywood 20 mm','',(#4265)
  );
#4265 = PRODUCT_CONTEXT('',#2,'mechanical');
#4266 = PRODUCT_DEFINITION_CONTEXT('part definition',#2,'design');
#4267 = ADVANCED_BREP_SHAPE_REPRESENTATION('',(#11,#4268),#4418);
#4268 = MANIFOLD_SOLID_BREP('',#4269);
#4269 = CLOSED_SHELL('',(#4270,#4310,#4341,#4372,#4394,#4406));
#4270 = ADVANCED_FACE('',(#4271),#4305,.T.);
#4271 = FACE_BOUND('',#4272,.T.);
#4272 = EDGE_LOOP('',(#4273,#4283,#4291,#4299));
#4273 = ORIENTED_EDGE('',*,*,#4274,.T.);
#4274 = EDGE_CURVE('',#4275,#4277,#4279,.T.);
#4275 = VERTEX_POINT('',#4276);
#4276 = CARTESIAN_POINT('',(560.,-275.,14.737205583712));
#4277 = VERTEX_POINT('',#4278);
#4278 = CARTESIAN_POINT('',(556.57539997917,-255.2953783416,
    14.737205583712));
#4279 = LINE('',#4280,#4281);
#4280 = CARTESIAN_POINT('',(560.,-275.,14.737205583712));
#4281 = VECTOR('',#4282,1.);
#4282 = DIRECTION('',(-0.171230001042,0.985231082916,-0.));
#4283 = ORIENTED_EDGE('',*,*,#4284,.T.);
#4284 = EDGE_CURVE('',#4277,#4285,#4287,.T.);
#4285 = VERTEX_POINT('',#4286);
#4286 = CARTESIAN_POINT('',(726.57539997917,-225.7499237962,
    14.737205583712));
#4287 = LINE('',#4288,#4289);
#4288 = CARTESIAN_POINT('',(556.57539997917,-255.2953783416,
    14.737205583712));
#4289 = VECTOR('',#4290,1.);
#4290 = DIRECTION('',(0.985231082916,0.171230001042,0.));
#4291 = ORIENTED_EDGE('',*,*,#4292,.F.);
#4292 = EDGE_CURVE('',#4293,#4285,#4295,.T.);
#4293 = VERTEX_POINT('',#4294);
#4294 = CARTESIAN_POINT('',(730.,-245.4545454545,14.737205583712));
#4295 = LINE('',#4296,#4297);
#4296 = CARTESIAN_POINT('',(730.,-245.4545454545,14.737205583712));
#4297 = VECTOR('',#4298,1.);
#4298 = DIRECTION('',(-0.171230001042,0.985231082916,-0.));
#4299 = ORIENTED_EDGE('',*,*,#4300,.F.);
#4300 = EDGE_CURVE('',#4275,#4293,#4301,.T.);
#4301 = LINE('',#4302,#4303);
#4302 = CARTESIAN_POINT('',(560.,-275.,14.737205583712));
#4303 = VECTOR('',#4304,1.);
#4304 = DIRECTION('',(0.985231082916,0.171230001042,0.));
#4305 = PLANE('',#4306);
#4306 = AXIS2_PLACEMENT_3D('',#4307,#4308,#4309);
#4307 = CARTESIAN_POINT('',(560.,-275.,14.737205583712));
#4308 = DIRECTION('',(0.,0.,-1.));
#4309 = DIRECTION('',(0.985231082916,0.171230001042,0.));
#4310 = ADVANCED_FACE('',(#4311),#4336,.T.);
#4311 = FACE_BOUND('',#4312,.T.);
#4312 = EDGE_LOOP('',(#4313,#4314,#4322,#4330));
#4313 = ORIENTED_EDGE('',*,*,#4292,.T.);
#4314 = ORIENTED_EDGE('',*,*,#4315,.T.);
#4315 = EDGE_CURVE('',#4285,#4316,#4318,.T.);
#4316 = VERTEX_POINT('',#4317);
#4317 = CARTESIAN_POINT('',(726.57539997917,-225.7499237962,140.));
#4318 = LINE('',#4319,#4320);
#4319 = CARTESIAN_POINT('',(726.57539997917,-225.7499237962,
    14.737205583712));
#4320 = VECTOR('',#4321,1.);
#4321 = DIRECTION('',(0.,0.,1.));
#4322 = ORIENTED_EDGE('',*,*,#4323,.F.);
#4323 = EDGE_CURVE('',#4324,#4316,#4326,.T.);
#4324 = VERTEX_POINT('',#4325);
#4325 = CARTESIAN_POINT('',(730.,-245.4545454545,140.));
#4326 = LINE('',#4327,#4328);
#4327 = CARTESIAN_POINT('',(730.,-245.4545454545,140.));
#4328 = VECTOR('',#4329,1.);
#4329 = DIRECTION('',(-0.171230001042,0.985231082916,-0.));
#4330 = ORIENTED_EDGE('',*,*,#4331,.F.);
#4331 = EDGE_CURVE('',#4293,#4324,#4332,.T.);
#4332 = LINE('',#4333,#4334);
#4333 = CARTESIAN_POINT('',(730.,-245.4545454545,14.737205583712));
#4334 = VECTOR('',#4335,1.);
#4335 = DIRECTION('',(0.,0.,1.));
#4336 = PLANE('',#4337);
#4337 = AXIS2_PLACEMENT_3D('',#4338,#4339,#4340);
#4338 = CARTESIAN_POINT('',(730.,-245.4545454545,14.737205583712));
#4339 = DIRECTION('',(0.985231082916,0.171230001042,-0.));
#4340 = DIRECTION('',(0.,0.,1.));
#4341 = ADVANCED_FACE('',(#4342),#4367,.T.);
#4342 = FACE_BOUND('',#4343,.T.);
#4343 = EDGE_LOOP('',(#4344,#4345,#4353,#4361));
#4344 = ORIENTED_EDGE('',*,*,#4323,.T.);
#4345 = ORIENTED_EDGE('',*,*,#4346,.T.);
#4346 = EDGE_CURVE('',#4316,#4347,#4349,.T.);
#4347 = VERTEX_POINT('',#4348);
#4348 = CARTESIAN_POINT('',(556.57539997917,-255.2953783416,140.));
#4349 = LINE('',#4350,#4351);
#4350 = CARTESIAN_POINT('',(726.57539997917,-225.7499237962,140.));
#4351 = VECTOR('',#4352,1.);
#4352 = DIRECTION('',(-0.985231082916,-0.171230001042,0.));
#4353 = ORIENTED_EDGE('',*,*,#4354,.F.);
#4354 = EDGE_CURVE('',#4355,#4347,#4357,.T.);
#4355 = VERTEX_POINT('',#4356);
#4356 = CARTESIAN_POINT('',(560.,-275.,140.));
#4357 = LINE('',#4358,#4359);
#4358 = CARTESIAN_POINT('',(560.,-275.,140.));
#4359 = VECTOR('',#4360,1.);
#4360 = DIRECTION('',(-0.171230001042,0.985231082916,-0.));
#4361 = ORIENTED_EDGE('',*,*,#4362,.F.);
#4362 = EDGE_CURVE('',#4324,#4355,#4363,.T.);
#4363 = LINE('',#4364,#4365);
#4364 = CARTESIAN_POINT('',(730.,-245.4545454545,140.));
#4365 = VECTOR('',#4366,1.);
#4366 = DIRECTION('',(-0.985231082916,-0.171230001042,0.));
#4367 = PLANE('',#4368);
#4368 = AXIS2_PLACEMENT_3D('',#4369,#4370,#4371);
#4369 = CARTESIAN_POINT('',(730.,-245.4545454545,140.));
#4370 = DIRECTION('',(0.,0.,1.));
#4371 = DIRECTION('',(-0.985231082916,-0.171230001042,0.));
#4372 = ADVANCED_FACE('',(#4373),#4389,.T.);
#4373 = FACE_BOUND('',#4374,.T.);
#4374 = EDGE_LOOP('',(#4375,#4376,#4382,#4383));
#4375 = ORIENTED_EDGE('',*,*,#4354,.T.);
#4376 = ORIENTED_EDGE('',*,*,#4377,.T.);
#4377 = EDGE_CURVE('',#4347,#4277,#4378,.T.);
#4378 = LINE('',#4379,#4380);
#4379 = CARTESIAN_POINT('',(556.57539997917,-255.2953783416,140.));
#4380 = VECTOR('',#4381,1.);
#4381 = DIRECTION('',(0.,0.,-1.));
#4382 = ORIENTED_EDGE('',*,*,#4274,.F.);
#4383 = ORIENTED_EDGE('',*,*,#4384,.F.);
#4384 = EDGE_CURVE('',#4355,#4275,#4385,.T.);
#4385 = LINE('',#4386,#4387);
#4386 = CARTESIAN_POINT('',(560.,-275.,140.));
#4387 = VECTOR('',#4388,1.);
#4388 = DIRECTION('',(0.,0.,-1.));
#4389 = PLANE('',#4390);
#4390 = AXIS2_PLACEMENT_3D('',#4391,#4392,#4393);
#4391 = CARTESIAN_POINT('',(560.,-275.,140.));
#4392 = DIRECTION('',(-0.985231082916,-0.171230001042,-0.));
#4393 = DIRECTION('',(0.,0.,-1.));
#4394 = ADVANCED_FACE('',(#4395),#4401,.T.);
#4395 = FACE_BOUND('',#4396,.T.);
#4396 = EDGE_LOOP('',(#4397,#4398,#4399,#4400));
#4397 = ORIENTED_EDGE('',*,*,#4300,.T.);
#4398 = ORIENTED_EDGE('',*,*,#4331,.T.);
#4399 = ORIENTED_EDGE('',*,*,#4362,.T.);
#4400 = ORIENTED_EDGE('',*,*,#4384,.T.);
#4401 = PLANE('',#4402);
#4402 = AXIS2_PLACEMENT_3D('',#4403,#4404,#4405);
#4403 = CARTESIAN_POINT('',(645.,-260.2272727272,77.368602791856));
#4404 = DIRECTION('',(0.171230001042,-0.985231082916,-0.));
#4405 = DIRECTION('',(-0.985231082916,-0.171230001042,0.));
#4406 = ADVANCED_FACE('',(#4407),#4413,.F.);
#4407 = FACE_BOUND('',#4408,.F.);
#4408 = EDGE_LOOP('',(#4409,#4410,#4411,#4412));
#4409 = ORIENTED_EDGE('',*,*,#4284,.T.);
#4410 = ORIENTED_EDGE('',*,*,#4315,.T.);
#4411 = ORIENTED_EDGE('',*,*,#4346,.T.);
#4412 = ORIENTED_EDGE('',*,*,#4377,.T.);
#4413 = PLANE('',#4414);
#4414 = AXIS2_PLACEMENT_3D('',#4415,#4416,#4417);
#4415 = CARTESIAN_POINT('',(641.57539997917,-240.5226510689,
    77.368602791856));
#4416 = DIRECTION('',(0.171230001042,-0.985231082916,-0.));
#4417 = DIRECTION('',(-0.985231082916,-0.171230001042,0.));
#4418 = ( GEOMETRIC_REPRESENTATION_CONTEXT(3) 
GLOBAL_UNCERTAINTY_ASSIGNED_CONTEXT((#4422)) 
GLOBAL_UNIT_ASSIGNED_CONTEXT((#4419,#4420,#4421)) REPRESENTATION_CONTEXT
('Context #1','3D Context with UNIT and UNCERTAINTY') );
#4419 = ( LENGTH_UNIT() NAMED_UNIT(*) SI_UNIT(.MILLI.,.METRE.) );
#4420 = ( NAMED_UNIT(*) PLANE_ANGLE_UNIT() SI_UNIT($,.RADIAN.) );
#4421 = ( NAMED_UNIT(*) SI_UNIT($,.STERADIAN.) SOLID_ANGLE_UNIT() );
#4422 = UNCERTAINTY_MEASURE_WITH_UNIT(LENGTH_MEASURE(1.E-07),#4419,
  'distance_accuracy_value','confusion accuracy');
#4423 = CONTEXT_DEPENDENT_SHAPE_REPRESENTATION(#4424,#4426);
#4424 = ( REPRESENTATION_RELATIONSHIP('','',#4267,#10) 
REPRESENTATION_RELATIONSHIP_WITH_TRANSFORMATION(#4425) 
SHAPE_REPRESENTATION_RELATIONSHIP() );
#4425 = ITEM_DEFINED_TRANSFORMATION('','',#11,#107);
#4426 = PRODUCT_DEFINITION_SHAPE('Placement','Placement of an item',
  #4427);
#4427 = NEXT_ASSEMBLY_USAGE_OCCURRENCE('24',
  'CAT-PORT-SIDE-PORT-05 | SidePort | nominal plywood 20 mm','',#5,#4262
  ,$);
#4428 = PRODUCT_RELATED_PRODUCT_CATEGORY('part',$,(#4264));
#4429 = SHAPE_DEFINITION_REPRESENTATION(#4430,#4436);
#4430 = PRODUCT_DEFINITION_SHAPE('','',#4431);
#4431 = PRODUCT_DEFINITION('design','',#4432,#4435);
#4432 = PRODUCT_DEFINITION_FORMATION('','',#4433);
#4433 = PRODUCT(
  'CAT-PORT-SIDE-STARBOARD-05 | SideStarboard | nominal plywood 20 mm',
  'CAT-PORT-SIDE-STARBOARD-05 | SideStarboard | nominal plywood 20 mm',
  '',(#4434));
#4434 = PRODUCT_CONTEXT('',#2,'mechanical');
#4435 = PRODUCT_DEFINITION_CONTEXT('part definition',#2,'design');
#4436 = ADVANCED_BREP_SHAPE_REPRESENTATION('',(#11,#4437),#4587);
#4437 = MANIFOLD_SOLID_BREP('',#4438);
#4438 = CLOSED_SHELL('',(#4439,#4479,#4510,#4541,#4563,#4575));
#4439 = ADVANCED_FACE('',(#4440),#4474,.T.);
#4440 = FACE_BOUND('',#4441,.T.);
#4441 = EDGE_LOOP('',(#4442,#4452,#4460,#4468));
#4442 = ORIENTED_EDGE('',*,*,#4443,.T.);
#4443 = EDGE_CURVE('',#4444,#4446,#4448,.T.);
#4444 = VERTEX_POINT('',#4445);
#4445 = CARTESIAN_POINT('',(560.,-15.,14.737205583712));
#4446 = VERTEX_POINT('',#4447);
#4447 = CARTESIAN_POINT('',(556.57539997917,-34.70462165831,
    14.737205583712));
#4448 = LINE('',#4449,#4450);
#4449 = CARTESIAN_POINT('',(560.,-15.,14.737205583712));
#4450 = VECTOR('',#4451,1.);
#4451 = DIRECTION('',(-0.171230001042,-0.985231082916,0.));
#4452 = ORIENTED_EDGE('',*,*,#4453,.T.);
#4453 = EDGE_CURVE('',#4446,#4454,#4456,.T.);
#4454 = VERTEX_POINT('',#4455);
#4455 = CARTESIAN_POINT('',(556.57539997917,-34.70462165831,140.));
#4456 = LINE('',#4457,#4458);
#4457 = CARTESIAN_POINT('',(556.57539997917,-34.70462165831,
    14.737205583712));
#4458 = VECTOR('',#4459,1.);
#4459 = DIRECTION('',(0.,0.,1.));
#4460 = ORIENTED_EDGE('',*,*,#4461,.F.);
#4461 = EDGE_CURVE('',#4462,#4454,#4464,.T.);
#4462 = VERTEX_POINT('',#4463);
#4463 = CARTESIAN_POINT('',(560.,-15.,140.));
#4464 = LINE('',#4465,#4466);
#4465 = CARTESIAN_POINT('',(560.,-15.,140.));
#4466 = VECTOR('',#4467,1.);
#4467 = DIRECTION('',(-0.171230001042,-0.985231082916,0.));
#4468 = ORIENTED_EDGE('',*,*,#4469,.F.);
#4469 = EDGE_CURVE('',#4444,#4462,#4470,.T.);
#4470 = LINE('',#4471,#4472);
#4471 = CARTESIAN_POINT('',(560.,-15.,14.737205583712));
#4472 = VECTOR('',#4473,1.);
#4473 = DIRECTION('',(0.,0.,1.));
#4474 = PLANE('',#4475);
#4475 = AXIS2_PLACEMENT_3D('',#4476,#4477,#4478);
#4476 = CARTESIAN_POINT('',(560.,-15.,14.737205583712));
#4477 = DIRECTION('',(-0.985231082916,0.171230001042,0.));
#4478 = DIRECTION('',(0.,0.,1.));
#4479 = ADVANCED_FACE('',(#4480),#4505,.T.);
#4480 = FACE_BOUND('',#4481,.T.);
#4481 = EDGE_LOOP('',(#4482,#4483,#4491,#4499));
#4482 = ORIENTED_EDGE('',*,*,#4461,.T.);
#4483 = ORIENTED_EDGE('',*,*,#4484,.T.);
#4484 = EDGE_CURVE('',#4454,#4485,#4487,.T.);
#4485 = VERTEX_POINT('',#4486);
#4486 = CARTESIAN_POINT('',(726.57539997917,-64.25007620376,140.));
#4487 = LINE('',#4488,#4489);
#4488 = CARTESIAN_POINT('',(556.57539997917,-34.70462165831,140.));
#4489 = VECTOR('',#4490,1.);
#4490 = DIRECTION('',(0.985231082916,-0.171230001042,0.));
#4491 = ORIENTED_EDGE('',*,*,#4492,.F.);
#4492 = EDGE_CURVE('',#4493,#4485,#4495,.T.);
#4493 = VERTEX_POINT('',#4494);
#4494 = CARTESIAN_POINT('',(730.,-44.54545454545,140.));
#4495 = LINE('',#4496,#4497);
#4496 = CARTESIAN_POINT('',(730.,-44.54545454545,140.));
#4497 = VECTOR('',#4498,1.);
#4498 = DIRECTION('',(-0.171230001042,-0.985231082916,0.));
#4499 = ORIENTED_EDGE('',*,*,#4500,.F.);
#4500 = EDGE_CURVE('',#4462,#4493,#4501,.T.);
#4501 = LINE('',#4502,#4503);
#4502 = CARTESIAN_POINT('',(560.,-15.,140.));
#4503 = VECTOR('',#4504,1.);
#4504 = DIRECTION('',(0.985231082916,-0.171230001042,0.));
#4505 = PLANE('',#4506);
#4506 = AXIS2_PLACEMENT_3D('',#4507,#4508,#4509);
#4507 = CARTESIAN_POINT('',(560.,-15.,140.));
#4508 = DIRECTION('',(0.,0.,1.));
#4509 = DIRECTION('',(0.985231082916,-0.171230001042,0.));
#4510 = ADVANCED_FACE('',(#4511),#4536,.T.);
#4511 = FACE_BOUND('',#4512,.T.);
#4512 = EDGE_LOOP('',(#4513,#4514,#4522,#4530));
#4513 = ORIENTED_EDGE('',*,*,#4492,.T.);
#4514 = ORIENTED_EDGE('',*,*,#4515,.T.);
#4515 = EDGE_CURVE('',#4485,#4516,#4518,.T.);
#4516 = VERTEX_POINT('',#4517);
#4517 = CARTESIAN_POINT('',(726.57539997917,-64.25007620376,
    14.737205583712));
#4518 = LINE('',#4519,#4520);
#4519 = CARTESIAN_POINT('',(726.57539997917,-64.25007620376,140.));
#4520 = VECTOR('',#4521,1.);
#4521 = DIRECTION('',(0.,0.,-1.));
#4522 = ORIENTED_EDGE('',*,*,#4523,.F.);
#4523 = EDGE_CURVE('',#4524,#4516,#4526,.T.);
#4524 = VERTEX_POINT('',#4525);
#4525 = CARTESIAN_POINT('',(730.,-44.54545454545,14.737205583712));
#4526 = LINE('',#4527,#4528);
#4527 = CARTESIAN_POINT('',(730.,-44.54545454545,14.737205583712));
#4528 = VECTOR('',#4529,1.);
#4529 = DIRECTION('',(-0.171230001042,-0.985231082916,0.));
#4530 = ORIENTED_EDGE('',*,*,#4531,.F.);
#4531 = EDGE_CURVE('',#4493,#4524,#4532,.T.);
#4532 = LINE('',#4533,#4534);
#4533 = CARTESIAN_POINT('',(730.,-44.54545454545,140.));
#4534 = VECTOR('',#4535,1.);
#4535 = DIRECTION('',(0.,0.,-1.));
#4536 = PLANE('',#4537);
#4537 = AXIS2_PLACEMENT_3D('',#4538,#4539,#4540);
#4538 = CARTESIAN_POINT('',(730.,-44.54545454545,140.));
#4539 = DIRECTION('',(0.985231082916,-0.171230001042,0.));
#4540 = DIRECTION('',(0.,0.,-1.));
#4541 = ADVANCED_FACE('',(#4542),#4558,.T.);
#4542 = FACE_BOUND('',#4543,.T.);
#4543 = EDGE_LOOP('',(#4544,#4545,#4551,#4552));
#4544 = ORIENTED_EDGE('',*,*,#4523,.T.);
#4545 = ORIENTED_EDGE('',*,*,#4546,.T.);
#4546 = EDGE_CURVE('',#4516,#4446,#4547,.T.);
#4547 = LINE('',#4548,#4549);
#4548 = CARTESIAN_POINT('',(726.57539997917,-64.25007620376,
    14.737205583712));
#4549 = VECTOR('',#4550,1.);
#4550 = DIRECTION('',(-0.985231082916,0.171230001042,0.));
#4551 = ORIENTED_EDGE('',*,*,#4443,.F.);
#4552 = ORIENTED_EDGE('',*,*,#4553,.F.);
#4553 = EDGE_CURVE('',#4524,#4444,#4554,.T.);
#4554 = LINE('',#4555,#4556);
#4555 = CARTESIAN_POINT('',(730.,-44.54545454545,14.737205583712));
#4556 = VECTOR('',#4557,1.);
#4557 = DIRECTION('',(-0.985231082916,0.171230001042,0.));
#4558 = PLANE('',#4559);
#4559 = AXIS2_PLACEMENT_3D('',#4560,#4561,#4562);
#4560 = CARTESIAN_POINT('',(730.,-44.54545454545,14.737205583712));
#4561 = DIRECTION('',(-0.,0.,-1.));
#4562 = DIRECTION('',(-0.985231082916,0.171230001042,0.));
#4563 = ADVANCED_FACE('',(#4564),#4570,.T.);
#4564 = FACE_BOUND('',#4565,.T.);
#4565 = EDGE_LOOP('',(#4566,#4567,#4568,#4569));
#4566 = ORIENTED_EDGE('',*,*,#4469,.T.);
#4567 = ORIENTED_EDGE('',*,*,#4500,.T.);
#4568 = ORIENTED_EDGE('',*,*,#4531,.T.);
#4569 = ORIENTED_EDGE('',*,*,#4553,.T.);
#4570 = PLANE('',#4571);
#4571 = AXIS2_PLACEMENT_3D('',#4572,#4573,#4574);
#4572 = CARTESIAN_POINT('',(645.,-29.77272727272,77.368602791856));
#4573 = DIRECTION('',(0.171230001042,0.985231082916,0.));
#4574 = DIRECTION('',(0.985231082916,-0.171230001042,0.));
#4575 = ADVANCED_FACE('',(#4576),#4582,.F.);
#4576 = FACE_BOUND('',#4577,.F.);
#4577 = EDGE_LOOP('',(#4578,#4579,#4580,#4581));
#4578 = ORIENTED_EDGE('',*,*,#4453,.T.);
#4579 = ORIENTED_EDGE('',*,*,#4484,.T.);
#4580 = ORIENTED_EDGE('',*,*,#4515,.T.);
#4581 = ORIENTED_EDGE('',*,*,#4546,.T.);
#4582 = PLANE('',#4583);
#4583 = AXIS2_PLACEMENT_3D('',#4584,#4585,#4586);
#4584 = CARTESIAN_POINT('',(641.57539997917,-49.47734893104,
    77.368602791856));
#4585 = DIRECTION('',(0.171230001042,0.985231082916,0.));
#4586 = DIRECTION('',(0.985231082916,-0.171230001042,0.));
#4587 = ( GEOMETRIC_REPRESENTATION_CONTEXT(3) 
GLOBAL_UNCERTAINTY_ASSIGNED_CONTEXT((#4591)) 
GLOBAL_UNIT_ASSIGNED_CONTEXT((#4588,#4589,#4590)) REPRESENTATION_CONTEXT
('Context #1','3D Context with UNIT and UNCERTAINTY') );
#4588 = ( LENGTH_UNIT() NAMED_UNIT(*) SI_UNIT(.MILLI.,.METRE.) );
#4589 = ( NAMED_UNIT(*) PLANE_ANGLE_UNIT() SI_UNIT($,.RADIAN.) );
#4590 = ( NAMED_UNIT(*) SI_UNIT($,.STERADIAN.) SOLID_ANGLE_UNIT() );
#4591 = UNCERTAINTY_MEASURE_WITH_UNIT(LENGTH_MEASURE(1.E-07),#4588,
  'distance_accuracy_value','confusion accuracy');
#4592 = CONTEXT_DEPENDENT_SHAPE_REPRESENTATION(#4593,#4595);
#4593 = ( REPRESENTATION_RELATIONSHIP('','',#4436,#10) 
REPRESENTATION_RELATIONSHIP_WITH_TRANSFORMATION(#4594) 
SHAPE_REPRESENTATION_RELATIONSHIP() );
#4594 = ITEM_DEFINED_TRANSFORMATION('','',#11,#111);
#4595 = PRODUCT_DEFINITION_SHAPE('Placement','Placement of an item',
  #4596);
#4596 = NEXT_ASSEMBLY_USAGE_OCCURRENCE('25',
  'CAT-PORT-SIDE-STARBOARD-05 | SideStarboard | nominal plywood 20 mm',
  '',#5,#4431,$);
#4597 = PRODUCT_RELATED_PRODUCT_CATEGORY('part',$,(#4433));
#4598 = SHAPE_DEFINITION_REPRESENTATION(#4599,#4605);
#4599 = PRODUCT_DEFINITION_SHAPE('','',#4600);
#4600 = PRODUCT_DEFINITION('design','',#4601,#4604);
#4601 = PRODUCT_DEFINITION_FORMATION('','',#4602);
#4602 = PRODUCT(
  'CAT-PORT-BOTTOM-06 | BottomFlat | nominal plywood 20 mm',
  'CAT-PORT-BOTTOM-06 | BottomFlat | nominal plywood 20 mm','',(#4603));
#4603 = PRODUCT_CONTEXT('',#2,'mechanical');
#4604 = PRODUCT_DEFINITION_CONTEXT('part definition',#2,'design');
#4605 = ADVANCED_BREP_SHAPE_REPRESENTATION('',(#11,#4606),#4723);
#4606 = MANIFOLD_SOLID_BREP('',#4607);
#4607 = CLOSED_SHELL('',(#4608,#4648,#4679,#4701,#4712));
#4608 = ADVANCED_FACE('',(#4609),#4643,.F.);
#4609 = FACE_BOUND('',#4610,.F.);
#4610 = EDGE_LOOP('',(#4611,#4621,#4629,#4637));
#4611 = ORIENTED_EDGE('',*,*,#4612,.T.);
#4612 = EDGE_CURVE('',#4613,#4615,#4617,.T.);
#4613 = VERTEX_POINT('',#4614);
#4614 = CARTESIAN_POINT('',(730.,-190.4545454545,0.));
#4615 = VERTEX_POINT('',#4616);
#4616 = CARTESIAN_POINT('',(730.,-190.4545454545,20.));
#4617 = LINE('',#4618,#4619);
#4618 = CARTESIAN_POINT('',(730.,-190.4545454545,0.));
#4619 = VECTOR('',#4620,1.);
#4620 = DIRECTION('',(0.,0.,1.));
#4621 = ORIENTED_EDGE('',*,*,#4622,.T.);
#4622 = EDGE_CURVE('',#4615,#4623,#4625,.T.);
#4623 = VERTEX_POINT('',#4624);
#4624 = CARTESIAN_POINT('',(900.,-145.,20.));
#4625 = LINE('',#4626,#4627);
#4626 = CARTESIAN_POINT('',(730.,-190.4545454545,20.));
#4627 = VECTOR('',#4628,1.);
#4628 = DIRECTION('',(0.966063236349,0.258305678168,0.));
#4629 = ORIENTED_EDGE('',*,*,#4630,.F.);
#4630 = EDGE_CURVE('',#4631,#4623,#4633,.T.);
#4631 = VERTEX_POINT('',#4632);
#4632 = CARTESIAN_POINT('',(900.,-145.,0.));
#4633 = LINE('',#4634,#4635);
#4634 = CARTESIAN_POINT('',(900.,-145.,0.));
#4635 = VECTOR('',#4636,1.);
#4636 = DIRECTION('',(0.,0.,1.));
#4637 = ORIENTED_EDGE('',*,*,#4638,.F.);
#4638 = EDGE_CURVE('',#4613,#4631,#4639,.T.);
#4639 = LINE('',#4640,#4641);
#4640 = CARTESIAN_POINT('',(730.,-190.4545454545,0.));
#4641 = VECTOR('',#4642,1.);
#4642 = DIRECTION('',(0.966063236349,0.258305678168,0.));
#4643 = PLANE('',#4644);
#4644 = AXIS2_PLACEMENT_3D('',#4645,#4646,#4647);
#4645 = CARTESIAN_POINT('',(730.,-190.4545454545,0.));
#4646 = DIRECTION('',(-0.258305678168,0.966063236349,0.));
#4647 = DIRECTION('',(0.966063236349,0.258305678168,0.));
#4648 = ADVANCED_FACE('',(#4649),#4674,.F.);
#4649 = FACE_BOUND('',#4650,.F.);
#4650 = EDGE_LOOP('',(#4651,#4652,#4660,#4668));
#4651 = ORIENTED_EDGE('',*,*,#4630,.T.);
#4652 = ORIENTED_EDGE('',*,*,#4653,.T.);
#4653 = EDGE_CURVE('',#4623,#4654,#4656,.T.);
#4654 = VERTEX_POINT('',#4655);
#4655 = CARTESIAN_POINT('',(730.,-99.54545454545,20.));
#4656 = LINE('',#4657,#4658);
#4657 = CARTESIAN_POINT('',(900.,-145.,20.));
#4658 = VECTOR('',#4659,1.);
#4659 = DIRECTION('',(-0.966063236349,0.258305678168,0.));
#4660 = ORIENTED_EDGE('',*,*,#4661,.F.);
#4661 = EDGE_CURVE('',#4662,#4654,#4664,.T.);
#4662 = VERTEX_POINT('',#4663);
#4663 = CARTESIAN_POINT('',(730.,-99.54545454545,0.));
#4664 = LINE('',#4665,#4666);
#4665 = CARTESIAN_POINT('',(730.,-99.54545454545,0.));
#4666 = VECTOR('',#4667,1.);
#4667 = DIRECTION('',(0.,0.,1.));
#4668 = ORIENTED_EDGE('',*,*,#4669,.F.);
#4669 = EDGE_CURVE('',#4631,#4662,#4670,.T.);
#4670 = LINE('',#4671,#4672);
#4671 = CARTESIAN_POINT('',(900.,-145.,0.));
#4672 = VECTOR('',#4673,1.);
#4673 = DIRECTION('',(-0.966063236349,0.258305678168,0.));
#4674 = PLANE('',#4675);
#4675 = AXIS2_PLACEMENT_3D('',#4676,#4677,#4678);
#4676 = CARTESIAN_POINT('',(900.,-145.,0.));
#4677 = DIRECTION('',(-0.258305678168,-0.966063236349,0.));
#4678 = DIRECTION('',(-0.966063236349,0.258305678168,0.));
#4679 = ADVANCED_FACE('',(#4680),#4696,.F.);
#4680 = FACE_BOUND('',#4681,.F.);
#4681 = EDGE_LOOP('',(#4682,#4683,#4689,#4690));
#4682 = ORIENTED_EDGE('',*,*,#4661,.T.);
#4683 = ORIENTED_EDGE('',*,*,#4684,.T.);
#4684 = EDGE_CURVE('',#4654,#4615,#4685,.T.);
#4685 = LINE('',#4686,#4687);
#4686 = CARTESIAN_POINT('',(730.,-99.54545454545,20.));
#4687 = VECTOR('',#4688,1.);
#4688 = DIRECTION('',(0.,-1.,0.));
#4689 = ORIENTED_EDGE('',*,*,#4612,.F.);
#4690 = ORIENTED_EDGE('',*,*,#4691,.F.);
#4691 = EDGE_CURVE('',#4662,#4613,#4692,.T.);
#4692 = LINE('',#4693,#4694);
#4693 = CARTESIAN_POINT('',(730.,-99.54545454545,0.));
#4694 = VECTOR('',#4695,1.);
#4695 = DIRECTION('',(0.,-1.,0.));
#4696 = PLANE('',#4697);
#4697 = AXIS2_PLACEMENT_3D('',#4698,#4699,#4700);
#4698 = CARTESIAN_POINT('',(730.,-99.54545454545,0.));
#4699 = DIRECTION('',(1.,0.,-0.));
#4700 = DIRECTION('',(0.,-1.,0.));
#4701 = ADVANCED_FACE('',(#4702),#4707,.F.);
#4702 = FACE_BOUND('',#4703,.F.);
#4703 = EDGE_LOOP('',(#4704,#4705,#4706));
#4704 = ORIENTED_EDGE('',*,*,#4638,.T.);
#4705 = ORIENTED_EDGE('',*,*,#4669,.T.);
#4706 = ORIENTED_EDGE('',*,*,#4691,.T.);
#4707 = PLANE('',#4708);
#4708 = AXIS2_PLACEMENT_3D('',#4709,#4710,#4711);
#4709 = CARTESIAN_POINT('',(797.55115348738,-145.,0.));
#4710 = DIRECTION('',(0.,0.,1.));
#4711 = DIRECTION('',(1.,0.,-0.));
#4712 = ADVANCED_FACE('',(#4713),#4718,.T.);
#4713 = FACE_BOUND('',#4714,.T.);
#4714 = EDGE_LOOP('',(#4715,#4716,#4717));
#4715 = ORIENTED_EDGE('',*,*,#4622,.T.);
#4716 = ORIENTED_EDGE('',*,*,#4653,.T.);
#4717 = ORIENTED_EDGE('',*,*,#4684,.T.);
#4718 = PLANE('',#4719);
#4719 = AXIS2_PLACEMENT_3D('',#4720,#4721,#4722);
#4720 = CARTESIAN_POINT('',(797.55115348738,-145.,20.));
#4721 = DIRECTION('',(0.,0.,1.));
#4722 = DIRECTION('',(1.,0.,-0.));
#4723 = ( GEOMETRIC_REPRESENTATION_CONTEXT(3) 
GLOBAL_UNCERTAINTY_ASSIGNED_CONTEXT((#4727)) 
GLOBAL_UNIT_ASSIGNED_CONTEXT((#4724,#4725,#4726)) REPRESENTATION_CONTEXT
('Context #1','3D Context with UNIT and UNCERTAINTY') );
#4724 = ( LENGTH_UNIT() NAMED_UNIT(*) SI_UNIT(.MILLI.,.METRE.) );
#4725 = ( NAMED_UNIT(*) PLANE_ANGLE_UNIT() SI_UNIT($,.RADIAN.) );
#4726 = ( NAMED_UNIT(*) SI_UNIT($,.STERADIAN.) SOLID_ANGLE_UNIT() );
#4727 = UNCERTAINTY_MEASURE_WITH_UNIT(LENGTH_MEASURE(1.E-07),#4724,
  'distance_accuracy_value','confusion accuracy');
#4728 = CONTEXT_DEPENDENT_SHAPE_REPRESENTATION(#4729,#4731);
#4729 = ( REPRESENTATION_RELATIONSHIP('','',#4605,#10) 
REPRESENTATION_RELATIONSHIP_WITH_TRANSFORMATION(#4730) 
SHAPE_REPRESENTATION_RELATIONSHIP() );
#4730 = ITEM_DEFINED_TRANSFORMATION('','',#11,#115);
#4731 = PRODUCT_DEFINITION_SHAPE('Placement','Placement of an item',
  #4732);
#4732 = NEXT_ASSEMBLY_USAGE_OCCURRENCE('26',
  'CAT-PORT-BOTTOM-06 | BottomFlat | nominal plywood 20 mm','',#5,#4600,
  $);
#4733 = PRODUCT_RELATED_PRODUCT_CATEGORY('part',$,(#4602));
#4734 = SHAPE_DEFINITION_REPRESENTATION(#4735,#4741);
#4735 = PRODUCT_DEFINITION_SHAPE('','',#4736);
#4736 = PRODUCT_DEFINITION('design','',#4737,#4740);
#4737 = PRODUCT_DEFINITION_FORMATION('','',#4738);
#4738 = PRODUCT(
  'CAT-PORT-CHINE-PORT-06 | ChinePort | nominal plywood 20 mm',
  'CAT-PORT-CHINE-PORT-06 | ChinePort | nominal plywood 20 mm','',(#4739
    ));
#4739 = PRODUCT_CONTEXT('',#2,'mechanical');
#4740 = PRODUCT_DEFINITION_CONTEXT('part definition',#2,'design');
#4741 = ADVANCED_BREP_SHAPE_REPRESENTATION('',(#11,#4742),#4859);
#4742 = MANIFOLD_SOLID_BREP('',#4743);
#4743 = CLOSED_SHELL('',(#4744,#4784,#4815,#4837,#4848));
#4744 = ADVANCED_FACE('',(#4745),#4779,.T.);
#4745 = FACE_BOUND('',#4746,.T.);
#4746 = EDGE_LOOP('',(#4747,#4757,#4765,#4773));
#4747 = ORIENTED_EDGE('',*,*,#4748,.T.);
#4748 = EDGE_CURVE('',#4749,#4751,#4753,.T.);
#4749 = VERTEX_POINT('',#4750);
#4750 = CARTESIAN_POINT('',(730.,-190.4545454545,0.));
#4751 = VERTEX_POINT('',#4752);
#4752 = CARTESIAN_POINT('',(728.61924324198,-185.2905151795,
    19.272423358107));
#4753 = LINE('',#4754,#4755);
#4754 = CARTESIAN_POINT('',(730.,-190.4545454545,0.));
#4755 = VECTOR('',#4756,1.);
#4756 = DIRECTION('',(-6.903783790101E-02,0.25820151375,0.963621167905)
  );
#4757 = ORIENTED_EDGE('',*,*,#4758,.T.);
#4758 = EDGE_CURVE('',#4751,#4759,#4761,.T.);
#4759 = VERTEX_POINT('',#4760);
#4760 = CARTESIAN_POINT('',(898.61924324198,-139.835969725,
    19.272423358107));
#4761 = LINE('',#4762,#4763);
#4762 = CARTESIAN_POINT('',(728.61924324198,-185.2905151795,
    19.272423358107));
#4763 = VECTOR('',#4764,1.);
#4764 = DIRECTION('',(0.966063236349,0.258305678168,0.));
#4765 = ORIENTED_EDGE('',*,*,#4766,.F.);
#4766 = EDGE_CURVE('',#4767,#4759,#4769,.T.);
#4767 = VERTEX_POINT('',#4768);
#4768 = CARTESIAN_POINT('',(900.,-145.,0.));
#4769 = LINE('',#4770,#4771);
#4770 = CARTESIAN_POINT('',(900.,-145.,0.));
#4771 = VECTOR('',#4772,1.);
#4772 = DIRECTION('',(-6.903783790101E-02,0.25820151375,0.963621167905)
  );
#4773 = ORIENTED_EDGE('',*,*,#4774,.F.);
#4774 = EDGE_CURVE('',#4749,#4767,#4775,.T.);
#4775 = LINE('',#4776,#4777);
#4776 = CARTESIAN_POINT('',(730.,-190.4545454545,0.));
#4777 = VECTOR('',#4778,1.);
#4778 = DIRECTION('',(0.966063236349,0.258305678168,0.));
#4779 = PLANE('',#4780);
#4780 = AXIS2_PLACEMENT_3D('',#4781,#4782,#4783);
#4781 = CARTESIAN_POINT('',(730.,-190.4545454545,0.));
#4782 = DIRECTION('',(-0.248908819273,0.930918984082,-0.267271855542));
#4783 = DIRECTION('',(0.966063236349,0.258305678168,0.));
#4784 = ADVANCED_FACE('',(#4785),#4810,.T.);
#4785 = FACE_BOUND('',#4786,.T.);
#4786 = EDGE_LOOP('',(#4787,#4788,#4796,#4804));
#4787 = ORIENTED_EDGE('',*,*,#4766,.T.);
#4788 = ORIENTED_EDGE('',*,*,#4789,.T.);
#4789 = EDGE_CURVE('',#4759,#4790,#4792,.T.);
#4790 = VERTEX_POINT('',#4791);
#4791 = CARTESIAN_POINT('',(728.61924324198,-240.2905151795,
    34.009628941819));
#4792 = LINE('',#4793,#4794);
#4793 = CARTESIAN_POINT('',(898.61924324198,-139.835969725,
    19.272423358107));
#4794 = VECTOR('',#4795,1.);
#4795 = DIRECTION('',(-0.858538766266,-0.507318361884,7.442624882379E-02
    ));
#4796 = ORIENTED_EDGE('',*,*,#4797,.F.);
#4797 = EDGE_CURVE('',#4798,#4790,#4800,.T.);
#4798 = VERTEX_POINT('',#4799);
#4799 = CARTESIAN_POINT('',(730.,-245.4545454545,14.737205583712));
#4800 = LINE('',#4801,#4802);
#4801 = CARTESIAN_POINT('',(730.,-245.4545454545,14.737205583712));
#4802 = VECTOR('',#4803,1.);
#4803 = DIRECTION('',(-6.903783790101E-02,0.25820151375,0.963621167905)
  );
#4804 = ORIENTED_EDGE('',*,*,#4805,.F.);
#4805 = EDGE_CURVE('',#4767,#4798,#4806,.T.);
#4806 = LINE('',#4807,#4808);
#4807 = CARTESIAN_POINT('',(900.,-145.,0.));
#4808 = VECTOR('',#4809,1.);
#4809 = DIRECTION('',(-0.858538766266,-0.507318361884,7.442624882379E-02
    ));
#4810 = PLANE('',#4811);
#4811 = AXIS2_PLACEMENT_3D('',#4812,#4813,#4814);
#4812 = CARTESIAN_POINT('',(900.,-145.,0.));
#4813 = DIRECTION('',(0.508079682488,-0.822167901339,0.256700171895));
#4814 = DIRECTION('',(-0.858538766266,-0.507318361884,7.442624882379E-02
    ));
#4815 = ADVANCED_FACE('',(#4816),#4832,.T.);
#4816 = FACE_BOUND('',#4817,.T.);
#4817 = EDGE_LOOP('',(#4818,#4819,#4825,#4826));
#4818 = ORIENTED_EDGE('',*,*,#4797,.T.);
#4819 = ORIENTED_EDGE('',*,*,#4820,.T.);
#4820 = EDGE_CURVE('',#4790,#4751,#4821,.T.);
#4821 = LINE('',#4822,#4823);
#4822 = CARTESIAN_POINT('',(728.61924324198,-240.2905151795,
    34.009628941819));
#4823 = VECTOR('',#4824,1.);
#4824 = DIRECTION('',(0.,0.965925826289,-0.258819045103));
#4825 = ORIENTED_EDGE('',*,*,#4748,.F.);
#4826 = ORIENTED_EDGE('',*,*,#4827,.F.);
#4827 = EDGE_CURVE('',#4798,#4749,#4828,.T.);
#4828 = LINE('',#4829,#4830);
#4829 = CARTESIAN_POINT('',(730.,-245.4545454545,14.737205583712));
#4830 = VECTOR('',#4831,1.);
#4831 = DIRECTION('',(0.,0.965925826289,-0.258819045103));
#4832 = PLANE('',#4833);
#4833 = AXIS2_PLACEMENT_3D('',#4834,#4835,#4836);
#4834 = CARTESIAN_POINT('',(730.,-245.4545454545,14.737205583712));
#4835 = DIRECTION('',(-0.997614042071,-1.786830728148E-02,
    -6.668543061974E-02));
#4836 = DIRECTION('',(3.469446951954E-18,0.965925826289,-0.258819045103)
  );
#4837 = ADVANCED_FACE('',(#4838),#4843,.T.);
#4838 = FACE_BOUND('',#4839,.T.);
#4839 = EDGE_LOOP('',(#4840,#4841,#4842));
#4840 = ORIENTED_EDGE('',*,*,#4774,.T.);
#4841 = ORIENTED_EDGE('',*,*,#4805,.T.);
#4842 = ORIENTED_EDGE('',*,*,#4827,.T.);
#4843 = PLANE('',#4844);
#4844 = AXIS2_PLACEMENT_3D('',#4845,#4846,#4847);
#4845 = CARTESIAN_POINT('',(803.76848879356,-187.0004369214,
    4.359556493301));
#4846 = DIRECTION('',(6.903783790101E-02,-0.25820151375,-0.963621167905)
  );
#4847 = DIRECTION('',(0.,-0.965925826289,0.258819045103));
#4848 = ADVANCED_FACE('',(#4849),#4854,.F.);
#4849 = FACE_BOUND('',#4850,.F.);
#4850 = EDGE_LOOP('',(#4851,#4852,#4853));
#4851 = ORIENTED_EDGE('',*,*,#4758,.T.);
#4852 = ORIENTED_EDGE('',*,*,#4789,.T.);
#4853 = ORIENTED_EDGE('',*,*,#4820,.T.);
#4854 = PLANE('',#4855);
#4855 = AXIS2_PLACEMENT_3D('',#4856,#4857,#4858);
#4856 = CARTESIAN_POINT('',(802.38773203554,-181.8364066464,
    23.631979851408));
#4857 = DIRECTION('',(6.903783790101E-02,-0.25820151375,-0.963621167905)
  );
#4858 = DIRECTION('',(0.,-0.965925826289,0.258819045103));
#4859 = ( GEOMETRIC_REPRESENTATION_CONTEXT(3) 
GLOBAL_UNCERTAINTY_ASSIGNED_CONTEXT((#4863)) 
GLOBAL_UNIT_ASSIGNED_CONTEXT((#4860,#4861,#4862)) REPRESENTATION_CONTEXT
('Context #1','3D Context with UNIT and UNCERTAINTY') );
#4860 = ( LENGTH_UNIT() NAMED_UNIT(*) SI_UNIT(.MILLI.,.METRE.) );
#4861 = ( NAMED_UNIT(*) PLANE_ANGLE_UNIT() SI_UNIT($,.RADIAN.) );
#4862 = ( NAMED_UNIT(*) SI_UNIT($,.STERADIAN.) SOLID_ANGLE_UNIT() );
#4863 = UNCERTAINTY_MEASURE_WITH_UNIT(LENGTH_MEASURE(1.E-07),#4860,
  'distance_accuracy_value','confusion accuracy');
#4864 = CONTEXT_DEPENDENT_SHAPE_REPRESENTATION(#4865,#4867);
#4865 = ( REPRESENTATION_RELATIONSHIP('','',#4741,#10) 
REPRESENTATION_RELATIONSHIP_WITH_TRANSFORMATION(#4866) 
SHAPE_REPRESENTATION_RELATIONSHIP() );
#4866 = ITEM_DEFINED_TRANSFORMATION('','',#11,#119);
#4867 = PRODUCT_DEFINITION_SHAPE('Placement','Placement of an item',
  #4868);
#4868 = NEXT_ASSEMBLY_USAGE_OCCURRENCE('27',
  'CAT-PORT-CHINE-PORT-06 | ChinePort | nominal plywood 20 mm','',#5,
  #4736,$);
#4869 = PRODUCT_RELATED_PRODUCT_CATEGORY('part',$,(#4738));
#4870 = SHAPE_DEFINITION_REPRESENTATION(#4871,#4877);
#4871 = PRODUCT_DEFINITION_SHAPE('','',#4872);
#4872 = PRODUCT_DEFINITION('design','',#4873,#4876);
#4873 = PRODUCT_DEFINITION_FORMATION('','',#4874);
#4874 = PRODUCT(
  'CAT-PORT-CHINE-STARBOARD-06 | ChineStarboard | nominal plywood 20 mm'
  ,
  'CAT-PORT-CHINE-STARBOARD-06 | ChineStarboard | nominal plywood 20 mm'
  ,'',(#4875));
#4875 = PRODUCT_CONTEXT('',#2,'mechanical');
#4876 = PRODUCT_DEFINITION_CONTEXT('part definition',#2,'design');
#4877 = ADVANCED_BREP_SHAPE_REPRESENTATION('',(#11,#4878),#4995);
#4878 = MANIFOLD_SOLID_BREP('',#4879);
#4879 = CLOSED_SHELL('',(#4880,#4920,#4951,#4973,#4984));
#4880 = ADVANCED_FACE('',(#4881),#4915,.T.);
#4881 = FACE_BOUND('',#4882,.T.);
#4882 = EDGE_LOOP('',(#4883,#4893,#4901,#4909));
#4883 = ORIENTED_EDGE('',*,*,#4884,.T.);
#4884 = EDGE_CURVE('',#4885,#4887,#4889,.T.);
#4885 = VERTEX_POINT('',#4886);
#4886 = CARTESIAN_POINT('',(730.,-99.54545454545,0.));
#4887 = VERTEX_POINT('',#4888);
#4888 = CARTESIAN_POINT('',(728.61924324198,-104.7094848204,
    19.272423358107));
#4889 = LINE('',#4890,#4891);
#4890 = CARTESIAN_POINT('',(730.,-99.54545454545,0.));
#4891 = VECTOR('',#4892,1.);
#4892 = DIRECTION('',(-6.903783790101E-02,-0.25820151375,0.963621167905)
  );
#4893 = ORIENTED_EDGE('',*,*,#4894,.T.);
#4894 = EDGE_CURVE('',#4887,#4895,#4897,.T.);
#4895 = VERTEX_POINT('',#4896);
#4896 = CARTESIAN_POINT('',(728.61924324198,-49.70948482045,
    34.009628941819));
#4897 = LINE('',#4898,#4899);
#4898 = CARTESIAN_POINT('',(728.61924324198,-104.7094848204,
    19.272423358107));
#4899 = VECTOR('',#4900,1.);
#4900 = DIRECTION('',(0.,0.965925826289,0.258819045103));
#4901 = ORIENTED_EDGE('',*,*,#4902,.F.);
#4902 = EDGE_CURVE('',#4903,#4895,#4905,.T.);
#4903 = VERTEX_POINT('',#4904);
#4904 = CARTESIAN_POINT('',(730.,-44.54545454545,14.737205583712));
#4905 = LINE('',#4906,#4907);
#4906 = CARTESIAN_POINT('',(730.,-44.54545454545,14.737205583712));
#4907 = VECTOR('',#4908,1.);
#4908 = DIRECTION('',(-6.903783790101E-02,-0.25820151375,0.963621167905)
  );
#4909 = ORIENTED_EDGE('',*,*,#4910,.F.);
#4910 = EDGE_CURVE('',#4885,#4903,#4911,.T.);
#4911 = LINE('',#4912,#4913);
#4912 = CARTESIAN_POINT('',(730.,-99.54545454545,0.));
#4913 = VECTOR('',#4914,1.);
#4914 = DIRECTION('',(0.,0.965925826289,0.258819045103));
#4915 = PLANE('',#4916);
#4916 = AXIS2_PLACEMENT_3D('',#4917,#4918,#4919);
#4917 = CARTESIAN_POINT('',(730.,-99.54545454545,0.));
#4918 = DIRECTION('',(-0.997614042071,1.786830728148E-02,
    -6.668543061974E-02));
#4919 = DIRECTION('',(-3.469446951954E-18,0.965925826289,0.258819045103)
  );
#4920 = ADVANCED_FACE('',(#4921),#4946,.T.);
#4921 = FACE_BOUND('',#4922,.T.);
#4922 = EDGE_LOOP('',(#4923,#4924,#4932,#4940));
#4923 = ORIENTED_EDGE('',*,*,#4902,.T.);
#4924 = ORIENTED_EDGE('',*,*,#4925,.T.);
#4925 = EDGE_CURVE('',#4895,#4926,#4928,.T.);
#4926 = VERTEX_POINT('',#4927);
#4927 = CARTESIAN_POINT('',(898.61924324198,-150.1640302749,
    19.272423358107));
#4928 = LINE('',#4929,#4930);
#4929 = CARTESIAN_POINT('',(728.61924324198,-49.70948482045,
    34.009628941819));
#4930 = VECTOR('',#4931,1.);
#4931 = DIRECTION('',(0.858538766266,-0.507318361884,-7.442624882379E-02
    ));
#4932 = ORIENTED_EDGE('',*,*,#4933,.F.);
#4933 = EDGE_CURVE('',#4934,#4926,#4936,.T.);
#4934 = VERTEX_POINT('',#4935);
#4935 = CARTESIAN_POINT('',(900.,-145.,0.));
#4936 = LINE('',#4937,#4938);
#4937 = CARTESIAN_POINT('',(900.,-145.,0.));
#4938 = VECTOR('',#4939,1.);
#4939 = DIRECTION('',(-6.903783790101E-02,-0.25820151375,0.963621167905)
  );
#4940 = ORIENTED_EDGE('',*,*,#4941,.F.);
#4941 = EDGE_CURVE('',#4903,#4934,#4942,.T.);
#4942 = LINE('',#4943,#4944);
#4943 = CARTESIAN_POINT('',(730.,-44.54545454545,14.737205583712));
#4944 = VECTOR('',#4945,1.);
#4945 = DIRECTION('',(0.858538766266,-0.507318361884,-7.442624882379E-02
    ));
#4946 = PLANE('',#4947);
#4947 = AXIS2_PLACEMENT_3D('',#4948,#4949,#4950);
#4948 = CARTESIAN_POINT('',(730.,-44.54545454545,14.737205583712));
#4949 = DIRECTION('',(0.508079682488,0.822167901339,0.256700171895));
#4950 = DIRECTION('',(0.858538766266,-0.507318361884,-7.442624882379E-02
    ));
#4951 = ADVANCED_FACE('',(#4952),#4968,.T.);
#4952 = FACE_BOUND('',#4953,.T.);
#4953 = EDGE_LOOP('',(#4954,#4955,#4961,#4962));
#4954 = ORIENTED_EDGE('',*,*,#4933,.T.);
#4955 = ORIENTED_EDGE('',*,*,#4956,.T.);
#4956 = EDGE_CURVE('',#4926,#4887,#4957,.T.);
#4957 = LINE('',#4958,#4959);
#4958 = CARTESIAN_POINT('',(898.61924324198,-150.1640302749,
    19.272423358107));
#4959 = VECTOR('',#4960,1.);
#4960 = DIRECTION('',(-0.966063236349,0.258305678168,0.));
#4961 = ORIENTED_EDGE('',*,*,#4884,.F.);
#4962 = ORIENTED_EDGE('',*,*,#4963,.F.);
#4963 = EDGE_CURVE('',#4934,#4885,#4964,.T.);
#4964 = LINE('',#4965,#4966);
#4965 = CARTESIAN_POINT('',(900.,-145.,0.));
#4966 = VECTOR('',#4967,1.);
#4967 = DIRECTION('',(-0.966063236349,0.258305678168,0.));
#4968 = PLANE('',#4969);
#4969 = AXIS2_PLACEMENT_3D('',#4970,#4971,#4972);
#4970 = CARTESIAN_POINT('',(900.,-145.,0.));
#4971 = DIRECTION('',(-0.248908819273,-0.930918984082,-0.267271855542));
#4972 = DIRECTION('',(-0.966063236349,0.258305678168,0.));
#4973 = ADVANCED_FACE('',(#4974),#4979,.T.);
#4974 = FACE_BOUND('',#4975,.T.);
#4975 = EDGE_LOOP('',(#4976,#4977,#4978));
#4976 = ORIENTED_EDGE('',*,*,#4910,.T.);
#4977 = ORIENTED_EDGE('',*,*,#4941,.T.);
#4978 = ORIENTED_EDGE('',*,*,#4963,.T.);
#4979 = PLANE('',#4980);
#4980 = AXIS2_PLACEMENT_3D('',#4981,#4982,#4983);
#4981 = CARTESIAN_POINT('',(803.76848879356,-102.9995630785,
    4.359556493301));
#4982 = DIRECTION('',(6.903783790101E-02,0.25820151375,-0.963621167905)
  );
#4983 = DIRECTION('',(-3.469446951954E-18,-0.965925826289,
    -0.258819045103));
#4984 = ADVANCED_FACE('',(#4985),#4990,.F.);
#4985 = FACE_BOUND('',#4986,.F.);
#4986 = EDGE_LOOP('',(#4987,#4988,#4989));
#4987 = ORIENTED_EDGE('',*,*,#4894,.T.);
#4988 = ORIENTED_EDGE('',*,*,#4925,.T.);
#4989 = ORIENTED_EDGE('',*,*,#4956,.T.);
#4990 = PLANE('',#4991);
#4991 = AXIS2_PLACEMENT_3D('',#4992,#4993,#4994);
#4992 = CARTESIAN_POINT('',(802.38773203554,-108.1635933535,
    23.631979851408));
#4993 = DIRECTION('',(6.903783790101E-02,0.25820151375,-0.963621167905)
  );
#4994 = DIRECTION('',(-3.469446951954E-18,-0.965925826289,
    -0.258819045103));
#4995 = ( GEOMETRIC_REPRESENTATION_CONTEXT(3) 
GLOBAL_UNCERTAINTY_ASSIGNED_CONTEXT((#4999)) 
GLOBAL_UNIT_ASSIGNED_CONTEXT((#4996,#4997,#4998)) REPRESENTATION_CONTEXT
('Context #1','3D Context with UNIT and UNCERTAINTY') );
#4996 = ( LENGTH_UNIT() NAMED_UNIT(*) SI_UNIT(.MILLI.,.METRE.) );
#4997 = ( NAMED_UNIT(*) PLANE_ANGLE_UNIT() SI_UNIT($,.RADIAN.) );
#4998 = ( NAMED_UNIT(*) SI_UNIT($,.STERADIAN.) SOLID_ANGLE_UNIT() );
#4999 = UNCERTAINTY_MEASURE_WITH_UNIT(LENGTH_MEASURE(1.E-07),#4996,
  'distance_accuracy_value','confusion accuracy');
#5000 = CONTEXT_DEPENDENT_SHAPE_REPRESENTATION(#5001,#5003);
#5001 = ( REPRESENTATION_RELATIONSHIP('','',#4877,#10) 
REPRESENTATION_RELATIONSHIP_WITH_TRANSFORMATION(#5002) 
SHAPE_REPRESENTATION_RELATIONSHIP() );
#5002 = ITEM_DEFINED_TRANSFORMATION('','',#11,#123);
#5003 = PRODUCT_DEFINITION_SHAPE('Placement','Placement of an item',
  #5004);
#5004 = NEXT_ASSEMBLY_USAGE_OCCURRENCE('28',
  'CAT-PORT-CHINE-STARBOARD-06 | ChineStarboard | nominal plywood 20 mm'
  ,'',#5,#4872,$);
#5005 = PRODUCT_RELATED_PRODUCT_CATEGORY('part',$,(#4874));
#5006 = SHAPE_DEFINITION_REPRESENTATION(#5007,#5013);
#5007 = PRODUCT_DEFINITION_SHAPE('','',#5008);
#5008 = PRODUCT_DEFINITION('design','',#5009,#5012);
#5009 = PRODUCT_DEFINITION_FORMATION('','',#5010);
#5010 = PRODUCT(
  'CAT-PORT-SIDE-PORT-06 | SidePort | nominal plywood 20 mm',
  'CAT-PORT-SIDE-PORT-06 | SidePort | nominal plywood 20 mm','',(#5011)
  );
#5011 = PRODUCT_CONTEXT('',#2,'mechanical');
#5012 = PRODUCT_DEFINITION_CONTEXT('part definition',#2,'design');
#5013 = ADVANCED_BREP_SHAPE_REPRESENTATION('',(#11,#5014),#5164);
#5014 = MANIFOLD_SOLID_BREP('',#5015);
#5015 = CLOSED_SHELL('',(#5016,#5056,#5087,#5118,#5140,#5152));
#5016 = ADVANCED_FACE('',(#5017),#5051,.T.);
#5017 = FACE_BOUND('',#5018,.T.);
#5018 = EDGE_LOOP('',(#5019,#5029,#5037,#5045));
#5019 = ORIENTED_EDGE('',*,*,#5020,.T.);
#5020 = EDGE_CURVE('',#5021,#5023,#5025,.T.);
#5021 = VERTEX_POINT('',#5022);
#5022 = CARTESIAN_POINT('',(730.,-245.4545454545,14.737205583712));
#5023 = VERTEX_POINT('',#5024);
#5024 = CARTESIAN_POINT('',(719.82541375746,-228.2360148902,
    14.737205583712));
#5025 = LINE('',#5026,#5027);
#5026 = CARTESIAN_POINT('',(730.,-245.4545454545,14.737205583712));
#5027 = VECTOR('',#5028,1.);
#5028 = DIRECTION('',(-0.508729312127,0.860926528214,-0.));
#5029 = ORIENTED_EDGE('',*,*,#5030,.T.);
#5030 = EDGE_CURVE('',#5023,#5031,#5033,.T.);
#5031 = VERTEX_POINT('',#5032);
#5032 = CARTESIAN_POINT('',(889.82541375746,-127.7814694357,0.));
#5033 = LINE('',#5034,#5035);
#5034 = CARTESIAN_POINT('',(719.82541375746,-228.2360148902,
    14.737205583712));
#5035 = VECTOR('',#5036,1.);
#5036 = DIRECTION('',(0.858538766266,0.507318361884,-7.442624882379E-02)
  );
#5037 = ORIENTED_EDGE('',*,*,#5038,.F.);
#5038 = EDGE_CURVE('',#5039,#5031,#5041,.T.);
#5039 = VERTEX_POINT('',#5040);
#5040 = CARTESIAN_POINT('',(900.,-145.,0.));
#5041 = LINE('',#5042,#5043);
#5042 = CARTESIAN_POINT('',(900.,-145.,0.));
#5043 = VECTOR('',#5044,1.);
#5044 = DIRECTION('',(-0.508729312127,0.860926528214,-0.));
#5045 = ORIENTED_EDGE('',*,*,#5046,.F.);
#5046 = EDGE_CURVE('',#5021,#5039,#5047,.T.);
#5047 = LINE('',#5048,#5049);
#5048 = CARTESIAN_POINT('',(730.,-245.4545454545,14.737205583712));
#5049 = VECTOR('',#5050,1.);
#5050 = DIRECTION('',(0.858538766266,0.507318361884,-7.442624882379E-02)
  );
#5051 = PLANE('',#5052);
#5052 = AXIS2_PLACEMENT_3D('',#5053,#5054,#5055);
#5053 = CARTESIAN_POINT('',(730.,-245.4545454545,14.737205583712));
#5054 = DIRECTION('',(-6.407553200788E-02,-3.786281436829E-02,
    -0.997226520649));
#5055 = DIRECTION('',(0.858538766266,0.507318361884,-7.442624882379E-02)
  );
#5056 = ADVANCED_FACE('',(#5057),#5082,.T.);
#5057 = FACE_BOUND('',#5058,.T.);
#5058 = EDGE_LOOP('',(#5059,#5060,#5068,#5076));
#5059 = ORIENTED_EDGE('',*,*,#5038,.T.);
#5060 = ORIENTED_EDGE('',*,*,#5061,.T.);
#5061 = EDGE_CURVE('',#5031,#5062,#5064,.T.);
#5062 = VERTEX_POINT('',#5063);
#5063 = CARTESIAN_POINT('',(889.82541375746,-127.7814694357,140.));
#5064 = LINE('',#5065,#5066);
#5065 = CARTESIAN_POINT('',(889.82541375746,-127.7814694357,0.));
#5066 = VECTOR('',#5067,1.);
#5067 = DIRECTION('',(0.,0.,1.));
#5068 = ORIENTED_EDGE('',*,*,#5069,.F.);
#5069 = EDGE_CURVE('',#5070,#5062,#5072,.T.);
#5070 = VERTEX_POINT('',#5071);
#5071 = CARTESIAN_POINT('',(900.,-145.,140.));
#5072 = LINE('',#5073,#5074);
#5073 = CARTESIAN_POINT('',(900.,-145.,140.));
#5074 = VECTOR('',#5075,1.);
#5075 = DIRECTION('',(-0.508729312127,0.860926528214,-0.));
#5076 = ORIENTED_EDGE('',*,*,#5077,.F.);
#5077 = EDGE_CURVE('',#5039,#5070,#5078,.T.);
#5078 = LINE('',#5079,#5080);
#5079 = CARTESIAN_POINT('',(900.,-145.,0.));
#5080 = VECTOR('',#5081,1.);
#5081 = DIRECTION('',(0.,0.,1.));
#5082 = PLANE('',#5083);
#5083 = AXIS2_PLACEMENT_3D('',#5084,#5085,#5086);
#5084 = CARTESIAN_POINT('',(900.,-145.,0.));
#5085 = DIRECTION('',(0.860926528214,0.508729312127,-0.));
#5086 = DIRECTION('',(0.,0.,1.));
#5087 = ADVANCED_FACE('',(#5088),#5113,.T.);
#5088 = FACE_BOUND('',#5089,.T.);
#5089 = EDGE_LOOP('',(#5090,#5091,#5099,#5107));
#5090 = ORIENTED_EDGE('',*,*,#5069,.T.);
#5091 = ORIENTED_EDGE('',*,*,#5092,.T.);
#5092 = EDGE_CURVE('',#5062,#5093,#5095,.T.);
#5093 = VERTEX_POINT('',#5094);
#5094 = CARTESIAN_POINT('',(719.82541375746,-228.2360148902,140.));
#5095 = LINE('',#5096,#5097);
#5096 = CARTESIAN_POINT('',(889.82541375746,-127.7814694357,140.));
#5097 = VECTOR('',#5098,1.);
#5098 = DIRECTION('',(-0.860926528214,-0.508729312127,0.));
#5099 = ORIENTED_EDGE('',*,*,#5100,.F.);
#5100 = EDGE_CURVE('',#5101,#5093,#5103,.T.);
#5101 = VERTEX_POINT('',#5102);
#5102 = CARTESIAN_POINT('',(730.,-245.4545454545,140.));
#5103 = LINE('',#5104,#5105);
#5104 = CARTESIAN_POINT('',(730.,-245.4545454545,140.));
#5105 = VECTOR('',#5106,1.);
#5106 = DIRECTION('',(-0.508729312127,0.860926528214,-0.));
#5107 = ORIENTED_EDGE('',*,*,#5108,.F.);
#5108 = EDGE_CURVE('',#5070,#5101,#5109,.T.);
#5109 = LINE('',#5110,#5111);
#5110 = CARTESIAN_POINT('',(900.,-145.,140.));
#5111 = VECTOR('',#5112,1.);
#5112 = DIRECTION('',(-0.860926528214,-0.508729312127,0.));
#5113 = PLANE('',#5114);
#5114 = AXIS2_PLACEMENT_3D('',#5115,#5116,#5117);
#5115 = CARTESIAN_POINT('',(900.,-145.,140.));
#5116 = DIRECTION('',(0.,0.,1.));
#5117 = DIRECTION('',(-0.860926528214,-0.508729312127,0.));
#5118 = ADVANCED_FACE('',(#5119),#5135,.T.);
#5119 = FACE_BOUND('',#5120,.T.);
#5120 = EDGE_LOOP('',(#5121,#5122,#5128,#5129));
#5121 = ORIENTED_EDGE('',*,*,#5100,.T.);
#5122 = ORIENTED_EDGE('',*,*,#5123,.T.);
#5123 = EDGE_CURVE('',#5093,#5023,#5124,.T.);
#5124 = LINE('',#5125,#5126);
#5125 = CARTESIAN_POINT('',(719.82541375746,-228.2360148902,140.));
#5126 = VECTOR('',#5127,1.);
#5127 = DIRECTION('',(0.,0.,-1.));
#5128 = ORIENTED_EDGE('',*,*,#5020,.F.);
#5129 = ORIENTED_EDGE('',*,*,#5130,.F.);
#5130 = EDGE_CURVE('',#5101,#5021,#5131,.T.);
#5131 = LINE('',#5132,#5133);
#5132 = CARTESIAN_POINT('',(730.,-245.4545454545,140.));
#5133 = VECTOR('',#5134,1.);
#5134 = DIRECTION('',(0.,0.,-1.));
#5135 = PLANE('',#5136);
#5136 = AXIS2_PLACEMENT_3D('',#5137,#5138,#5139);
#5137 = CARTESIAN_POINT('',(730.,-245.4545454545,140.));
#5138 = DIRECTION('',(-0.860926528214,-0.508729312127,-0.));
#5139 = DIRECTION('',(0.,0.,-1.));
#5140 = ADVANCED_FACE('',(#5141),#5147,.T.);
#5141 = FACE_BOUND('',#5142,.T.);
#5142 = EDGE_LOOP('',(#5143,#5144,#5145,#5146));
#5143 = ORIENTED_EDGE('',*,*,#5046,.T.);
#5144 = ORIENTED_EDGE('',*,*,#5077,.T.);
#5145 = ORIENTED_EDGE('',*,*,#5108,.T.);
#5146 = ORIENTED_EDGE('',*,*,#5130,.T.);
#5147 = PLANE('',#5148);
#5148 = AXIS2_PLACEMENT_3D('',#5149,#5150,#5151);
#5149 = CARTESIAN_POINT('',(816.89586117937,-194.1069911212,
    73.547006637622));
#5150 = DIRECTION('',(0.508729312127,-0.860926528214,-0.));
#5151 = DIRECTION('',(-0.860926528214,-0.508729312127,0.));
#5152 = ADVANCED_FACE('',(#5153),#5159,.F.);
#5153 = FACE_BOUND('',#5154,.F.);
#5154 = EDGE_LOOP('',(#5155,#5156,#5157,#5158));
#5155 = ORIENTED_EDGE('',*,*,#5030,.T.);
#5156 = ORIENTED_EDGE('',*,*,#5061,.T.);
#5157 = ORIENTED_EDGE('',*,*,#5092,.T.);
#5158 = ORIENTED_EDGE('',*,*,#5123,.T.);
#5159 = PLANE('',#5160);
#5160 = AXIS2_PLACEMENT_3D('',#5161,#5162,#5163);
#5161 = CARTESIAN_POINT('',(806.72127493684,-176.8884605569,
    73.547006637622));
#5162 = DIRECTION('',(0.508729312127,-0.860926528214,-0.));
#5163 = DIRECTION('',(-0.860926528214,-0.508729312127,0.));
#5164 = ( GEOMETRIC_REPRESENTATION_CONTEXT(3) 
GLOBAL_UNCERTAINTY_ASSIGNED_CONTEXT((#5168)) 
GLOBAL_UNIT_ASSIGNED_CONTEXT((#5165,#5166,#5167)) REPRESENTATION_CONTEXT
('Context #1','3D Context with UNIT and UNCERTAINTY') );
#5165 = ( LENGTH_UNIT() NAMED_UNIT(*) SI_UNIT(.MILLI.,.METRE.) );
#5166 = ( NAMED_UNIT(*) PLANE_ANGLE_UNIT() SI_UNIT($,.RADIAN.) );
#5167 = ( NAMED_UNIT(*) SI_UNIT($,.STERADIAN.) SOLID_ANGLE_UNIT() );
#5168 = UNCERTAINTY_MEASURE_WITH_UNIT(LENGTH_MEASURE(1.E-07),#5165,
  'distance_accuracy_value','confusion accuracy');
#5169 = CONTEXT_DEPENDENT_SHAPE_REPRESENTATION(#5170,#5172);
#5170 = ( REPRESENTATION_RELATIONSHIP('','',#5013,#10) 
REPRESENTATION_RELATIONSHIP_WITH_TRANSFORMATION(#5171) 
SHAPE_REPRESENTATION_RELATIONSHIP() );
#5171 = ITEM_DEFINED_TRANSFORMATION('','',#11,#127);
#5172 = PRODUCT_DEFINITION_SHAPE('Placement','Placement of an item',
  #5173);
#5173 = NEXT_ASSEMBLY_USAGE_OCCURRENCE('29',
  'CAT-PORT-SIDE-PORT-06 | SidePort | nominal plywood 20 mm','',#5,#5008
  ,$);
#5174 = PRODUCT_RELATED_PRODUCT_CATEGORY('part',$,(#5010));
#5175 = SHAPE_DEFINITION_REPRESENTATION(#5176,#5182);
#5176 = PRODUCT_DEFINITION_SHAPE('','',#5177);
#5177 = PRODUCT_DEFINITION('design','',#5178,#5181);
#5178 = PRODUCT_DEFINITION_FORMATION('','',#5179);
#5179 = PRODUCT(
  'CAT-PORT-SIDE-STARBOARD-06 | SideStarboard | nominal plywood 20 mm',
  'CAT-PORT-SIDE-STARBOARD-06 | SideStarboard | nominal plywood 20 mm',
  '',(#5180));
#5180 = PRODUCT_CONTEXT('',#2,'mechanical');
#5181 = PRODUCT_DEFINITION_CONTEXT('part definition',#2,'design');
#5182 = ADVANCED_BREP_SHAPE_REPRESENTATION('',(#11,#5183),#5333);
#5183 = MANIFOLD_SOLID_BREP('',#5184);
#5184 = CLOSED_SHELL('',(#5185,#5225,#5256,#5287,#5309,#5321));
#5185 = ADVANCED_FACE('',(#5186),#5220,.T.);
#5186 = FACE_BOUND('',#5187,.T.);
#5187 = EDGE_LOOP('',(#5188,#5198,#5206,#5214));
#5188 = ORIENTED_EDGE('',*,*,#5189,.T.);
#5189 = EDGE_CURVE('',#5190,#5192,#5194,.T.);
#5190 = VERTEX_POINT('',#5191);
#5191 = CARTESIAN_POINT('',(730.,-44.54545454545,14.737205583712));
#5192 = VERTEX_POINT('',#5193);
#5193 = CARTESIAN_POINT('',(719.82541375746,-61.76398510974,
    14.737205583712));
#5194 = LINE('',#5195,#5196);
#5195 = CARTESIAN_POINT('',(730.,-44.54545454545,14.737205583712));
#5196 = VECTOR('',#5197,1.);
#5197 = DIRECTION('',(-0.508729312127,-0.860926528214,0.));
#5198 = ORIENTED_EDGE('',*,*,#5199,.T.);
#5199 = EDGE_CURVE('',#5192,#5200,#5202,.T.);
#5200 = VERTEX_POINT('',#5201);
#5201 = CARTESIAN_POINT('',(719.82541375746,-61.76398510974,140.));
#5202 = LINE('',#5203,#5204);
#5203 = CARTESIAN_POINT('',(719.82541375746,-61.76398510974,
    14.737205583712));
#5204 = VECTOR('',#5205,1.);
#5205 = DIRECTION('',(0.,0.,1.));
#5206 = ORIENTED_EDGE('',*,*,#5207,.F.);
#5207 = EDGE_CURVE('',#5208,#5200,#5210,.T.);
#5208 = VERTEX_POINT('',#5209);
#5209 = CARTESIAN_POINT('',(730.,-44.54545454545,140.));
#5210 = LINE('',#5211,#5212);
#5211 = CARTESIAN_POINT('',(730.,-44.54545454545,140.));
#5212 = VECTOR('',#5213,1.);
#5213 = DIRECTION('',(-0.508729312127,-0.860926528214,0.));
#5214 = ORIENTED_EDGE('',*,*,#5215,.F.);
#5215 = EDGE_CURVE('',#5190,#5208,#5216,.T.);
#5216 = LINE('',#5217,#5218);
#5217 = CARTESIAN_POINT('',(730.,-44.54545454545,14.737205583712));
#5218 = VECTOR('',#5219,1.);
#5219 = DIRECTION('',(0.,0.,1.));
#5220 = PLANE('',#5221);
#5221 = AXIS2_PLACEMENT_3D('',#5222,#5223,#5224);
#5222 = CARTESIAN_POINT('',(730.,-44.54545454545,14.737205583712));
#5223 = DIRECTION('',(-0.860926528214,0.508729312127,0.));
#5224 = DIRECTION('',(0.,0.,1.));
#5225 = ADVANCED_FACE('',(#5226),#5251,.T.);
#5226 = FACE_BOUND('',#5227,.T.);
#5227 = EDGE_LOOP('',(#5228,#5229,#5237,#5245));
#5228 = ORIENTED_EDGE('',*,*,#5207,.T.);
#5229 = ORIENTED_EDGE('',*,*,#5230,.T.);
#5230 = EDGE_CURVE('',#5200,#5231,#5233,.T.);
#5231 = VERTEX_POINT('',#5232);
#5232 = CARTESIAN_POINT('',(889.82541375746,-162.2185305642,140.));
#5233 = LINE('',#5234,#5235);
#5234 = CARTESIAN_POINT('',(719.82541375746,-61.76398510974,140.));
#5235 = VECTOR('',#5236,1.);
#5236 = DIRECTION('',(0.860926528214,-0.508729312127,0.));
#5237 = ORIENTED_EDGE('',*,*,#5238,.F.);
#5238 = EDGE_CURVE('',#5239,#5231,#5241,.T.);
#5239 = VERTEX_POINT('',#5240);
#5240 = CARTESIAN_POINT('',(900.,-145.,140.));
#5241 = LINE('',#5242,#5243);
#5242 = CARTESIAN_POINT('',(900.,-145.,140.));
#5243 = VECTOR('',#5244,1.);
#5244 = DIRECTION('',(-0.508729312127,-0.860926528214,0.));
#5245 = ORIENTED_EDGE('',*,*,#5246,.F.);
#5246 = EDGE_CURVE('',#5208,#5239,#5247,.T.);
#5247 = LINE('',#5248,#5249);
#5248 = CARTESIAN_POINT('',(730.,-44.54545454545,140.));
#5249 = VECTOR('',#5250,1.);
#5250 = DIRECTION('',(0.860926528214,-0.508729312127,0.));
#5251 = PLANE('',#5252);
#5252 = AXIS2_PLACEMENT_3D('',#5253,#5254,#5255);
#5253 = CARTESIAN_POINT('',(730.,-44.54545454545,140.));
#5254 = DIRECTION('',(0.,0.,1.));
#5255 = DIRECTION('',(0.860926528214,-0.508729312127,0.));
#5256 = ADVANCED_FACE('',(#5257),#5282,.T.);
#5257 = FACE_BOUND('',#5258,.T.);
#5258 = EDGE_LOOP('',(#5259,#5260,#5268,#5276));
#5259 = ORIENTED_EDGE('',*,*,#5238,.T.);
#5260 = ORIENTED_EDGE('',*,*,#5261,.T.);
#5261 = EDGE_CURVE('',#5231,#5262,#5264,.T.);
#5262 = VERTEX_POINT('',#5263);
#5263 = CARTESIAN_POINT('',(889.82541375746,-162.2185305642,0.));
#5264 = LINE('',#5265,#5266);
#5265 = CARTESIAN_POINT('',(889.82541375746,-162.2185305642,140.));
#5266 = VECTOR('',#5267,1.);
#5267 = DIRECTION('',(0.,0.,-1.));
#5268 = ORIENTED_EDGE('',*,*,#5269,.F.);
#5269 = EDGE_CURVE('',#5270,#5262,#5272,.T.);
#5270 = VERTEX_POINT('',#5271);
#5271 = CARTESIAN_POINT('',(900.,-145.,0.));
#5272 = LINE('',#5273,#5274);
#5273 = CARTESIAN_POINT('',(900.,-145.,0.));
#5274 = VECTOR('',#5275,1.);
#5275 = DIRECTION('',(-0.508729312127,-0.860926528214,0.));
#5276 = ORIENTED_EDGE('',*,*,#5277,.F.);
#5277 = EDGE_CURVE('',#5239,#5270,#5278,.T.);
#5278 = LINE('',#5279,#5280);
#5279 = CARTESIAN_POINT('',(900.,-145.,140.));
#5280 = VECTOR('',#5281,1.);
#5281 = DIRECTION('',(0.,0.,-1.));
#5282 = PLANE('',#5283);
#5283 = AXIS2_PLACEMENT_3D('',#5284,#5285,#5286);
#5284 = CARTESIAN_POINT('',(900.,-145.,140.));
#5285 = DIRECTION('',(0.860926528214,-0.508729312127,0.));
#5286 = DIRECTION('',(0.,0.,-1.));
#5287 = ADVANCED_FACE('',(#5288),#5304,.T.);
#5288 = FACE_BOUND('',#5289,.T.);
#5289 = EDGE_LOOP('',(#5290,#5291,#5297,#5298));
#5290 = ORIENTED_EDGE('',*,*,#5269,.T.);
#5291 = ORIENTED_EDGE('',*,*,#5292,.T.);
#5292 = EDGE_CURVE('',#5262,#5192,#5293,.T.);
#5293 = LINE('',#5294,#5295);
#5294 = CARTESIAN_POINT('',(889.82541375746,-162.2185305642,0.));
#5295 = VECTOR('',#5296,1.);
#5296 = DIRECTION('',(-0.858538766266,0.507318361884,7.442624882379E-02)
  );
#5297 = ORIENTED_EDGE('',*,*,#5189,.F.);
#5298 = ORIENTED_EDGE('',*,*,#5299,.F.);
#5299 = EDGE_CURVE('',#5270,#5190,#5300,.T.);
#5300 = LINE('',#5301,#5302);
#5301 = CARTESIAN_POINT('',(900.,-145.,0.));
#5302 = VECTOR('',#5303,1.);
#5303 = DIRECTION('',(-0.858538766266,0.507318361884,7.442624882379E-02)
  );
#5304 = PLANE('',#5305);
#5305 = AXIS2_PLACEMENT_3D('',#5306,#5307,#5308);
#5306 = CARTESIAN_POINT('',(900.,-145.,0.));
#5307 = DIRECTION('',(-6.407553200788E-02,3.786281436829E-02,
    -0.997226520649));
#5308 = DIRECTION('',(-0.858538766266,0.507318361884,7.442624882379E-02)
  );
#5309 = ADVANCED_FACE('',(#5310),#5316,.T.);
#5310 = FACE_BOUND('',#5311,.T.);
#5311 = EDGE_LOOP('',(#5312,#5313,#5314,#5315));
#5312 = ORIENTED_EDGE('',*,*,#5215,.T.);
#5313 = ORIENTED_EDGE('',*,*,#5246,.T.);
#5314 = ORIENTED_EDGE('',*,*,#5277,.T.);
#5315 = ORIENTED_EDGE('',*,*,#5299,.T.);
#5316 = PLANE('',#5317);
#5317 = AXIS2_PLACEMENT_3D('',#5318,#5319,#5320);
#5318 = CARTESIAN_POINT('',(816.89586117937,-95.89300887872,
    73.547006637622));
#5319 = DIRECTION('',(0.508729312127,0.860926528214,0.));
#5320 = DIRECTION('',(0.860926528214,-0.508729312127,0.));
#5321 = ADVANCED_FACE('',(#5322),#5328,.F.);
#5322 = FACE_BOUND('',#5323,.F.);
#5323 = EDGE_LOOP('',(#5324,#5325,#5326,#5327));
#5324 = ORIENTED_EDGE('',*,*,#5199,.T.);
#5325 = ORIENTED_EDGE('',*,*,#5230,.T.);
#5326 = ORIENTED_EDGE('',*,*,#5261,.T.);
#5327 = ORIENTED_EDGE('',*,*,#5292,.T.);
#5328 = PLANE('',#5329);
#5329 = AXIS2_PLACEMENT_3D('',#5330,#5331,#5332);
#5330 = CARTESIAN_POINT('',(806.72127493684,-113.111539443,
    73.547006637622));
#5331 = DIRECTION('',(0.508729312127,0.860926528214,0.));
#5332 = DIRECTION('',(0.860926528214,-0.508729312127,0.));
#5333 = ( GEOMETRIC_REPRESENTATION_CONTEXT(3) 
GLOBAL_UNCERTAINTY_ASSIGNED_CONTEXT((#5337)) 
GLOBAL_UNIT_ASSIGNED_CONTEXT((#5334,#5335,#5336)) REPRESENTATION_CONTEXT
('Context #1','3D Context with UNIT and UNCERTAINTY') );
#5334 = ( LENGTH_UNIT() NAMED_UNIT(*) SI_UNIT(.MILLI.,.METRE.) );
#5335 = ( NAMED_UNIT(*) PLANE_ANGLE_UNIT() SI_UNIT($,.RADIAN.) );
#5336 = ( NAMED_UNIT(*) SI_UNIT($,.STERADIAN.) SOLID_ANGLE_UNIT() );
#5337 = UNCERTAINTY_MEASURE_WITH_UNIT(LENGTH_MEASURE(1.E-07),#5334,
  'distance_accuracy_value','confusion accuracy');
#5338 = CONTEXT_DEPENDENT_SHAPE_REPRESENTATION(#5339,#5341);
#5339 = ( REPRESENTATION_RELATIONSHIP('','',#5182,#10) 
REPRESENTATION_RELATIONSHIP_WITH_TRANSFORMATION(#5340) 
SHAPE_REPRESENTATION_RELATIONSHIP() );
#5340 = ITEM_DEFINED_TRANSFORMATION('','',#11,#131);
#5341 = PRODUCT_DEFINITION_SHAPE('Placement','Placement of an item',
  #5342);
#5342 = NEXT_ASSEMBLY_USAGE_OCCURRENCE('30',
  'CAT-PORT-SIDE-STARBOARD-06 | SideStarboard | nominal plywood 20 mm',
  '',#5,#5177,$);
#5343 = PRODUCT_RELATED_PRODUCT_CATEGORY('part',$,(#5179));
#5344 = SHAPE_DEFINITION_REPRESENTATION(#5345,#5351);
#5345 = PRODUCT_DEFINITION_SHAPE('','',#5346);
#5346 = PRODUCT_DEFINITION('design','',#5347,#5350);
#5347 = PRODUCT_DEFINITION_FORMATION('','',#5348);
#5348 = PRODUCT('CAT-PORT-TRANSOM-01 | Transom | nominal plywood 20 mm',
  'CAT-PORT-TRANSOM-01 | Transom | nominal plywood 20 mm','',(#5349));
#5349 = PRODUCT_CONTEXT('',#2,'mechanical');
#5350 = PRODUCT_DEFINITION_CONTEXT('part definition',#2,'design');
#5351 = ADVANCED_BREP_SHAPE_REPRESENTATION('',(#11,#5352),#5568);
#5352 = MANIFOLD_SOLID_BREP('',#5353);
#5353 = CLOSED_SHELL('',(#5354,#5394,#5425,#5456,#5487,#5518,#5540,#5554
    ));
#5354 = ADVANCED_FACE('',(#5355),#5389,.F.);
#5355 = FACE_BOUND('',#5356,.F.);
#5356 = EDGE_LOOP('',(#5357,#5367,#5375,#5383));
#5357 = ORIENTED_EDGE('',*,*,#5358,.T.);
#5358 = EDGE_CURVE('',#5359,#5361,#5363,.T.);
#5359 = VERTEX_POINT('',#5360);
#5360 = CARTESIAN_POINT('',(0.,-220.,0.));
#5361 = VERTEX_POINT('',#5362);
#5362 = CARTESIAN_POINT('',(20.,-220.,0.));
#5363 = LINE('',#5364,#5365);
#5364 = CARTESIAN_POINT('',(0.,-220.,0.));
#5365 = VECTOR('',#5366,1.);
#5366 = DIRECTION('',(1.,0.,0.));
#5367 = ORIENTED_EDGE('',*,*,#5368,.T.);
#5368 = EDGE_CURVE('',#5361,#5369,#5371,.T.);
#5369 = VERTEX_POINT('',#5370);
#5370 = CARTESIAN_POINT('',(20.,-70.,0.));
#5371 = LINE('',#5372,#5373);
#5372 = CARTESIAN_POINT('',(20.,-220.,0.));
#5373 = VECTOR('',#5374,1.);
#5374 = DIRECTION('',(0.,1.,0.));
#5375 = ORIENTED_EDGE('',*,*,#5376,.F.);
#5376 = EDGE_CURVE('',#5377,#5369,#5379,.T.);
#5377 = VERTEX_POINT('',#5378);
#5378 = CARTESIAN_POINT('',(0.,-70.,0.));
#5379 = LINE('',#5380,#5381);
#5380 = CARTESIAN_POINT('',(0.,-70.,0.));
#5381 = VECTOR('',#5382,1.);
#5382 = DIRECTION('',(1.,0.,0.));
#5383 = ORIENTED_EDGE('',*,*,#5384,.F.);
#5384 = EDGE_CURVE('',#5359,#5377,#5385,.T.);
#5385 = LINE('',#5386,#5387);
#5386 = CARTESIAN_POINT('',(0.,-220.,0.));
#5387 = VECTOR('',#5388,1.);
#5388 = DIRECTION('',(0.,1.,0.));
#5389 = PLANE('',#5390);
#5390 = AXIS2_PLACEMENT_3D('',#5391,#5392,#5393);
#5391 = CARTESIAN_POINT('',(0.,-220.,0.));
#5392 = DIRECTION('',(0.,0.,1.));
#5393 = DIRECTION('',(0.,1.,0.));
#5394 = ADVANCED_FACE('',(#5395),#5420,.F.);
#5395 = FACE_BOUND('',#5396,.F.);
#5396 = EDGE_LOOP('',(#5397,#5398,#5406,#5414));
#5397 = ORIENTED_EDGE('',*,*,#5376,.T.);
#5398 = ORIENTED_EDGE('',*,*,#5399,.T.);
#5399 = EDGE_CURVE('',#5369,#5400,#5402,.T.);
#5400 = VERTEX_POINT('',#5401);
#5401 = CARTESIAN_POINT('',(20.,-15.,14.737205583712));
#5402 = LINE('',#5403,#5404);
#5403 = CARTESIAN_POINT('',(20.,-70.,0.));
#5404 = VECTOR('',#5405,1.);
#5405 = DIRECTION('',(0.,0.965925826289,0.258819045103));
#5406 = ORIENTED_EDGE('',*,*,#5407,.F.);
#5407 = EDGE_CURVE('',#5408,#5400,#5410,.T.);
#5408 = VERTEX_POINT('',#5409);
#5409 = CARTESIAN_POINT('',(0.,-15.,14.737205583712));
#5410 = LINE('',#5411,#5412);
#5411 = CARTESIAN_POINT('',(0.,-15.,14.737205583712));
#5412 = VECTOR('',#5413,1.);
#5413 = DIRECTION('',(1.,0.,0.));
#5414 = ORIENTED_EDGE('',*,*,#5415,.F.);
#5415 = EDGE_CURVE('',#5377,#5408,#5416,.T.);
#5416 = LINE('',#5417,#5418);
#5417 = CARTESIAN_POINT('',(0.,-70.,0.));
#5418 = VECTOR('',#5419,1.);
#5419 = DIRECTION('',(0.,0.965925826289,0.258819045103));
#5420 = PLANE('',#5421);
#5421 = AXIS2_PLACEMENT_3D('',#5422,#5423,#5424);
#5422 = CARTESIAN_POINT('',(0.,-70.,0.));
#5423 = DIRECTION('',(0.,-0.258819045103,0.965925826289));
#5424 = DIRECTION('',(0.,0.965925826289,0.258819045103));
#5425 = ADVANCED_FACE('',(#5426),#5451,.F.);
#5426 = FACE_BOUND('',#5427,.F.);
#5427 = EDGE_LOOP('',(#5428,#5429,#5437,#5445));
#5428 = ORIENTED_EDGE('',*,*,#5407,.T.);
#5429 = ORIENTED_EDGE('',*,*,#5430,.T.);
#5430 = EDGE_CURVE('',#5400,#5431,#5433,.T.);
#5431 = VERTEX_POINT('',#5432);
#5432 = CARTESIAN_POINT('',(20.,-15.,140.));
#5433 = LINE('',#5434,#5435);
#5434 = CARTESIAN_POINT('',(20.,-15.,14.737205583712));
#5435 = VECTOR('',#5436,1.);
#5436 = DIRECTION('',(0.,0.,1.));
#5437 = ORIENTED_EDGE('',*,*,#5438,.F.);
#5438 = EDGE_CURVE('',#5439,#5431,#5441,.T.);
#5439 = VERTEX_POINT('',#5440);
#5440 = CARTESIAN_POINT('',(0.,-15.,140.));
#5441 = LINE('',#5442,#5443);
#5442 = CARTESIAN_POINT('',(0.,-15.,140.));
#5443 = VECTOR('',#5444,1.);
#5444 = DIRECTION('',(1.,0.,0.));
#5445 = ORIENTED_EDGE('',*,*,#5446,.F.);
#5446 = EDGE_CURVE('',#5408,#5439,#5447,.T.);
#5447 = LINE('',#5448,#5449);
#5448 = CARTESIAN_POINT('',(0.,-15.,14.737205583712));
#5449 = VECTOR('',#5450,1.);
#5450 = DIRECTION('',(0.,0.,1.));
#5451 = PLANE('',#5452);
#5452 = AXIS2_PLACEMENT_3D('',#5453,#5454,#5455);
#5453 = CARTESIAN_POINT('',(0.,-15.,14.737205583712));
#5454 = DIRECTION('',(0.,-1.,0.));
#5455 = DIRECTION('',(0.,0.,1.));
#5456 = ADVANCED_FACE('',(#5457),#5482,.F.);
#5457 = FACE_BOUND('',#5458,.F.);
#5458 = EDGE_LOOP('',(#5459,#5460,#5468,#5476));
#5459 = ORIENTED_EDGE('',*,*,#5438,.T.);
#5460 = ORIENTED_EDGE('',*,*,#5461,.T.);
#5461 = EDGE_CURVE('',#5431,#5462,#5464,.T.);
#5462 = VERTEX_POINT('',#5463);
#5463 = CARTESIAN_POINT('',(20.,-275.,140.));
#5464 = LINE('',#5465,#5466);
#5465 = CARTESIAN_POINT('',(20.,-15.,140.));
#5466 = VECTOR('',#5467,1.);
#5467 = DIRECTION('',(0.,-1.,0.));
#5468 = ORIENTED_EDGE('',*,*,#5469,.F.);
#5469 = EDGE_CURVE('',#5470,#5462,#5472,.T.);
#5470 = VERTEX_POINT('',#5471);
#5471 = CARTESIAN_POINT('',(0.,-275.,140.));
#5472 = LINE('',#5473,#5474);
#5473 = CARTESIAN_POINT('',(0.,-275.,140.));
#5474 = VECTOR('',#5475,1.);
#5475 = DIRECTION('',(1.,0.,0.));
#5476 = ORIENTED_EDGE('',*,*,#5477,.F.);
#5477 = EDGE_CURVE('',#5439,#5470,#5478,.T.);
#5478 = LINE('',#5479,#5480);
#5479 = CARTESIAN_POINT('',(0.,-15.,140.));
#5480 = VECTOR('',#5481,1.);
#5481 = DIRECTION('',(0.,-1.,0.));
#5482 = PLANE('',#5483);
#5483 = AXIS2_PLACEMENT_3D('',#5484,#5485,#5486);
#5484 = CARTESIAN_POINT('',(0.,-15.,140.));
#5485 = DIRECTION('',(0.,0.,-1.));
#5486 = DIRECTION('',(0.,-1.,0.));
#5487 = ADVANCED_FACE('',(#5488),#5513,.F.);
#5488 = FACE_BOUND('',#5489,.F.);
#5489 = EDGE_LOOP('',(#5490,#5491,#5499,#5507));
#5490 = ORIENTED_EDGE('',*,*,#5469,.T.);
#5491 = ORIENTED_EDGE('',*,*,#5492,.T.);
#5492 = EDGE_CURVE('',#5462,#5493,#5495,.T.);
#5493 = VERTEX_POINT('',#5494);
#5494 = CARTESIAN_POINT('',(20.,-275.,14.737205583712));
#5495 = LINE('',#5496,#5497);
#5496 = CARTESIAN_POINT('',(20.,-275.,140.));
#5497 = VECTOR('',#5498,1.);
#5498 = DIRECTION('',(0.,0.,-1.));
#5499 = ORIENTED_EDGE('',*,*,#5500,.F.);
#5500 = EDGE_CURVE('',#5501,#5493,#5503,.T.);
#5501 = VERTEX_POINT('',#5502);
#5502 = CARTESIAN_POINT('',(0.,-275.,14.737205583712));
#5503 = LINE('',#5504,#5505);
#5504 = CARTESIAN_POINT('',(0.,-275.,14.737205583712));
#5505 = VECTOR('',#5506,1.);
#5506 = DIRECTION('',(1.,0.,0.));
#5507 = ORIENTED_EDGE('',*,*,#5508,.F.);
#5508 = EDGE_CURVE('',#5470,#5501,#5509,.T.);
#5509 = LINE('',#5510,#5511);
#5510 = CARTESIAN_POINT('',(0.,-275.,140.));
#5511 = VECTOR('',#5512,1.);
#5512 = DIRECTION('',(0.,0.,-1.));
#5513 = PLANE('',#5514);
#5514 = AXIS2_PLACEMENT_3D('',#5515,#5516,#5517);
#5515 = CARTESIAN_POINT('',(0.,-275.,140.));
#5516 = DIRECTION('',(-0.,1.,0.));
#5517 = DIRECTION('',(0.,0.,-1.));
#5518 = ADVANCED_FACE('',(#5519),#5535,.F.);
#5519 = FACE_BOUND('',#5520,.F.);
#5520 = EDGE_LOOP('',(#5521,#5522,#5528,#5529));
#5521 = ORIENTED_EDGE('',*,*,#5500,.T.);
#5522 = ORIENTED_EDGE('',*,*,#5523,.T.);
#5523 = EDGE_CURVE('',#5493,#5361,#5524,.T.);
#5524 = LINE('',#5525,#5526);
#5525 = CARTESIAN_POINT('',(20.,-275.,14.737205583712));
#5526 = VECTOR('',#5527,1.);
#5527 = DIRECTION('',(0.,0.965925826289,-0.258819045103));
#5528 = ORIENTED_EDGE('',*,*,#5358,.F.);
#5529 = ORIENTED_EDGE('',*,*,#5530,.F.);
#5530 = EDGE_CURVE('',#5501,#5359,#5531,.T.);
#5531 = LINE('',#5532,#5533);
#5532 = CARTESIAN_POINT('',(0.,-275.,14.737205583712));
#5533 = VECTOR('',#5534,1.);
#5534 = DIRECTION('',(0.,0.965925826289,-0.258819045103));
#5535 = PLANE('',#5536);
#5536 = AXIS2_PLACEMENT_3D('',#5537,#5538,#5539);
#5537 = CARTESIAN_POINT('',(0.,-275.,14.737205583712));
#5538 = DIRECTION('',(-0.,0.258819045103,0.965925826289));
#5539 = DIRECTION('',(0.,0.965925826289,-0.258819045103));
#5540 = ADVANCED_FACE('',(#5541),#5549,.F.);
#5541 = FACE_BOUND('',#5542,.F.);
#5542 = EDGE_LOOP('',(#5543,#5544,#5545,#5546,#5547,#5548));
#5543 = ORIENTED_EDGE('',*,*,#5384,.T.);
#5544 = ORIENTED_EDGE('',*,*,#5415,.T.);
#5545 = ORIENTED_EDGE('',*,*,#5446,.T.);
#5546 = ORIENTED_EDGE('',*,*,#5477,.T.);
#5547 = ORIENTED_EDGE('',*,*,#5508,.T.);
#5548 = ORIENTED_EDGE('',*,*,#5530,.T.);
#5549 = PLANE('',#5550);
#5550 = AXIS2_PLACEMENT_3D('',#5551,#5552,#5553);
#5551 = CARTESIAN_POINT('',(0.,-145.,73.116629192736));
#5552 = DIRECTION('',(1.,0.,0.));
#5553 = DIRECTION('',(-0.,0.,1.));
#5554 = ADVANCED_FACE('',(#5555),#5563,.T.);
#5555 = FACE_BOUND('',#5556,.T.);
#5556 = EDGE_LOOP('',(#5557,#5558,#5559,#5560,#5561,#5562));
#5557 = ORIENTED_EDGE('',*,*,#5368,.T.);
#5558 = ORIENTED_EDGE('',*,*,#5399,.T.);
#5559 = ORIENTED_EDGE('',*,*,#5430,.T.);
#5560 = ORIENTED_EDGE('',*,*,#5461,.T.);
#5561 = ORIENTED_EDGE('',*,*,#5492,.T.);
#5562 = ORIENTED_EDGE('',*,*,#5523,.T.);
#5563 = PLANE('',#5564);
#5564 = AXIS2_PLACEMENT_3D('',#5565,#5566,#5567);
#5565 = CARTESIAN_POINT('',(20.,-145.,73.116629192736));
#5566 = DIRECTION('',(1.,0.,0.));
#5567 = DIRECTION('',(-0.,0.,1.));
#5568 = ( GEOMETRIC_REPRESENTATION_CONTEXT(3) 
GLOBAL_UNCERTAINTY_ASSIGNED_CONTEXT((#5572)) 
GLOBAL_UNIT_ASSIGNED_CONTEXT((#5569,#5570,#5571)) REPRESENTATION_CONTEXT
('Context #1','3D Context with UNIT and UNCERTAINTY') );
#5569 = ( LENGTH_UNIT() NAMED_UNIT(*) SI_UNIT(.MILLI.,.METRE.) );
#5570 = ( NAMED_UNIT(*) PLANE_ANGLE_UNIT() SI_UNIT($,.RADIAN.) );
#5571 = ( NAMED_UNIT(*) SI_UNIT($,.STERADIAN.) SOLID_ANGLE_UNIT() );
#5572 = UNCERTAINTY_MEASURE_WITH_UNIT(LENGTH_MEASURE(1.E-07),#5569,
  'distance_accuracy_value','confusion accuracy');
#5573 = CONTEXT_DEPENDENT_SHAPE_REPRESENTATION(#5574,#5576);
#5574 = ( REPRESENTATION_RELATIONSHIP('','',#5351,#10) 
REPRESENTATION_RELATIONSHIP_WITH_TRANSFORMATION(#5575) 
SHAPE_REPRESENTATION_RELATIONSHIP() );
#5575 = ITEM_DEFINED_TRANSFORMATION('','',#11,#135);
#5576 = PRODUCT_DEFINITION_SHAPE('Placement','Placement of an item',
  #5577);
#5577 = NEXT_ASSEMBLY_USAGE_OCCURRENCE('31',
  'CAT-PORT-TRANSOM-01 | Transom | nominal plywood 20 mm','',#5,#5346,$
  );
#5578 = PRODUCT_RELATED_PRODUCT_CATEGORY('part',$,(#5348));
#5579 = SHAPE_DEFINITION_REPRESENTATION(#5580,#5586);
#5580 = PRODUCT_DEFINITION_SHAPE('','',#5581);
#5581 = PRODUCT_DEFINITION('design','',#5582,#5585);
#5582 = PRODUCT_DEFINITION_FORMATION('','',#5583);
#5583 = PRODUCT(
  'CAT-PORT-BULKHEAD-01 | Bulkhead | nominal plywood 20 mm',
  'CAT-PORT-BULKHEAD-01 | Bulkhead | nominal plywood 20 mm','',(#5584));
#5584 = PRODUCT_CONTEXT('',#2,'mechanical');
#5585 = PRODUCT_DEFINITION_CONTEXT('part definition',#2,'design');
#5586 = ADVANCED_BREP_SHAPE_REPRESENTATION('',(#11,#5587),#5803);
#5587 = MANIFOLD_SOLID_BREP('',#5588);
#5588 = CLOSED_SHELL('',(#5589,#5629,#5660,#5691,#5722,#5753,#5775,#5789
    ));
#5589 = ADVANCED_FACE('',(#5590),#5624,.F.);
#5590 = FACE_BOUND('',#5591,.F.);
#5591 = EDGE_LOOP('',(#5592,#5602,#5610,#5618));
#5592 = ORIENTED_EDGE('',*,*,#5593,.T.);
#5593 = EDGE_CURVE('',#5594,#5596,#5598,.T.);
#5594 = VERTEX_POINT('',#5595);
#5595 = CARTESIAN_POINT('',(50.,-220.,0.));
#5596 = VERTEX_POINT('',#5597);
#5597 = CARTESIAN_POINT('',(70.,-220.,0.));
#5598 = LINE('',#5599,#5600);
#5599 = CARTESIAN_POINT('',(50.,-220.,0.));
#5600 = VECTOR('',#5601,1.);
#5601 = DIRECTION('',(1.,0.,0.));
#5602 = ORIENTED_EDGE('',*,*,#5603,.T.);
#5603 = EDGE_CURVE('',#5596,#5604,#5606,.T.);
#5604 = VERTEX_POINT('',#5605);
#5605 = CARTESIAN_POINT('',(70.,-70.,0.));
#5606 = LINE('',#5607,#5608);
#5607 = CARTESIAN_POINT('',(70.,-220.,0.));
#5608 = VECTOR('',#5609,1.);
#5609 = DIRECTION('',(0.,1.,0.));
#5610 = ORIENTED_EDGE('',*,*,#5611,.F.);
#5611 = EDGE_CURVE('',#5612,#5604,#5614,.T.);
#5612 = VERTEX_POINT('',#5613);
#5613 = CARTESIAN_POINT('',(50.,-70.,0.));
#5614 = LINE('',#5615,#5616);
#5615 = CARTESIAN_POINT('',(50.,-70.,0.));
#5616 = VECTOR('',#5617,1.);
#5617 = DIRECTION('',(1.,0.,0.));
#5618 = ORIENTED_EDGE('',*,*,#5619,.F.);
#5619 = EDGE_CURVE('',#5594,#5612,#5620,.T.);
#5620 = LINE('',#5621,#5622);
#5621 = CARTESIAN_POINT('',(50.,-220.,0.));
#5622 = VECTOR('',#5623,1.);
#5623 = DIRECTION('',(0.,1.,0.));
#5624 = PLANE('',#5625);
#5625 = AXIS2_PLACEMENT_3D('',#5626,#5627,#5628);
#5626 = CARTESIAN_POINT('',(50.,-220.,0.));
#5627 = DIRECTION('',(0.,0.,1.));
#5628 = DIRECTION('',(0.,1.,0.));
#5629 = ADVANCED_FACE('',(#5630),#5655,.F.);
#5630 = FACE_BOUND('',#5631,.F.);
#5631 = EDGE_LOOP('',(#5632,#5633,#5641,#5649));
#5632 = ORIENTED_EDGE('',*,*,#5611,.T.);
#5633 = ORIENTED_EDGE('',*,*,#5634,.T.);
#5634 = EDGE_CURVE('',#5604,#5635,#5637,.T.);
#5635 = VERTEX_POINT('',#5636);
#5636 = CARTESIAN_POINT('',(70.,-15.,14.737205583712));
#5637 = LINE('',#5638,#5639);
#5638 = CARTESIAN_POINT('',(70.,-70.,0.));
#5639 = VECTOR('',#5640,1.);
#5640 = DIRECTION('',(0.,0.965925826289,0.258819045103));
#5641 = ORIENTED_EDGE('',*,*,#5642,.F.);
#5642 = EDGE_CURVE('',#5643,#5635,#5645,.T.);
#5643 = VERTEX_POINT('',#5644);
#5644 = CARTESIAN_POINT('',(50.,-15.,14.737205583712));
#5645 = LINE('',#5646,#5647);
#5646 = CARTESIAN_POINT('',(50.,-15.,14.737205583712));
#5647 = VECTOR('',#5648,1.);
#5648 = DIRECTION('',(1.,0.,0.));
#5649 = ORIENTED_EDGE('',*,*,#5650,.F.);
#5650 = EDGE_CURVE('',#5612,#5643,#5651,.T.);
#5651 = LINE('',#5652,#5653);
#5652 = CARTESIAN_POINT('',(50.,-70.,0.));
#5653 = VECTOR('',#5654,1.);
#5654 = DIRECTION('',(0.,0.965925826289,0.258819045103));
#5655 = PLANE('',#5656);
#5656 = AXIS2_PLACEMENT_3D('',#5657,#5658,#5659);
#5657 = CARTESIAN_POINT('',(50.,-70.,0.));
#5658 = DIRECTION('',(0.,-0.258819045103,0.965925826289));
#5659 = DIRECTION('',(0.,0.965925826289,0.258819045103));
#5660 = ADVANCED_FACE('',(#5661),#5686,.F.);
#5661 = FACE_BOUND('',#5662,.F.);
#5662 = EDGE_LOOP('',(#5663,#5664,#5672,#5680));
#5663 = ORIENTED_EDGE('',*,*,#5642,.T.);
#5664 = ORIENTED_EDGE('',*,*,#5665,.T.);
#5665 = EDGE_CURVE('',#5635,#5666,#5668,.T.);
#5666 = VERTEX_POINT('',#5667);
#5667 = CARTESIAN_POINT('',(70.,-15.,120.));
#5668 = LINE('',#5669,#5670);
#5669 = CARTESIAN_POINT('',(70.,-15.,14.737205583712));
#5670 = VECTOR('',#5671,1.);
#5671 = DIRECTION('',(0.,0.,1.));
#5672 = ORIENTED_EDGE('',*,*,#5673,.F.);
#5673 = EDGE_CURVE('',#5674,#5666,#5676,.T.);
#5674 = VERTEX_POINT('',#5675);
#5675 = CARTESIAN_POINT('',(50.,-15.,120.));
#5676 = LINE('',#5677,#5678);
#5677 = CARTESIAN_POINT('',(50.,-15.,120.));
#5678 = VECTOR('',#5679,1.);
#5679 = DIRECTION('',(1.,0.,0.));
#5680 = ORIENTED_EDGE('',*,*,#5681,.F.);
#5681 = EDGE_CURVE('',#5643,#5674,#5682,.T.);
#5682 = LINE('',#5683,#5684);
#5683 = CARTESIAN_POINT('',(50.,-15.,14.737205583712));
#5684 = VECTOR('',#5685,1.);
#5685 = DIRECTION('',(0.,0.,1.));
#5686 = PLANE('',#5687);
#5687 = AXIS2_PLACEMENT_3D('',#5688,#5689,#5690);
#5688 = CARTESIAN_POINT('',(50.,-15.,14.737205583712));
#5689 = DIRECTION('',(0.,-1.,0.));
#5690 = DIRECTION('',(0.,0.,1.));
#5691 = ADVANCED_FACE('',(#5692),#5717,.F.);
#5692 = FACE_BOUND('',#5693,.F.);
#5693 = EDGE_LOOP('',(#5694,#5695,#5703,#5711));
#5694 = ORIENTED_EDGE('',*,*,#5673,.T.);
#5695 = ORIENTED_EDGE('',*,*,#5696,.T.);
#5696 = EDGE_CURVE('',#5666,#5697,#5699,.T.);
#5697 = VERTEX_POINT('',#5698);
#5698 = CARTESIAN_POINT('',(70.,-275.,120.));
#5699 = LINE('',#5700,#5701);
#5700 = CARTESIAN_POINT('',(70.,-15.,120.));
#5701 = VECTOR('',#5702,1.);
#5702 = DIRECTION('',(0.,-1.,0.));
#5703 = ORIENTED_EDGE('',*,*,#5704,.F.);
#5704 = EDGE_CURVE('',#5705,#5697,#5707,.T.);
#5705 = VERTEX_POINT('',#5706);
#5706 = CARTESIAN_POINT('',(50.,-275.,120.));
#5707 = LINE('',#5708,#5709);
#5708 = CARTESIAN_POINT('',(50.,-275.,120.));
#5709 = VECTOR('',#5710,1.);
#5710 = DIRECTION('',(1.,0.,0.));
#5711 = ORIENTED_EDGE('',*,*,#5712,.F.);
#5712 = EDGE_CURVE('',#5674,#5705,#5713,.T.);
#5713 = LINE('',#5714,#5715);
#5714 = CARTESIAN_POINT('',(50.,-15.,120.));
#5715 = VECTOR('',#5716,1.);
#5716 = DIRECTION('',(0.,-1.,0.));
#5717 = PLANE('',#5718);
#5718 = AXIS2_PLACEMENT_3D('',#5719,#5720,#5721);
#5719 = CARTESIAN_POINT('',(50.,-15.,120.));
#5720 = DIRECTION('',(0.,0.,-1.));
#5721 = DIRECTION('',(0.,-1.,0.));
#5722 = ADVANCED_FACE('',(#5723),#5748,.F.);
#5723 = FACE_BOUND('',#5724,.F.);
#5724 = EDGE_LOOP('',(#5725,#5726,#5734,#5742));
#5725 = ORIENTED_EDGE('',*,*,#5704,.T.);
#5726 = ORIENTED_EDGE('',*,*,#5727,.T.);
#5727 = EDGE_CURVE('',#5697,#5728,#5730,.T.);
#5728 = VERTEX_POINT('',#5729);
#5729 = CARTESIAN_POINT('',(70.,-275.,14.737205583712));
#5730 = LINE('',#5731,#5732);
#5731 = CARTESIAN_POINT('',(70.,-275.,120.));
#5732 = VECTOR('',#5733,1.);
#5733 = DIRECTION('',(0.,0.,-1.));
#5734 = ORIENTED_EDGE('',*,*,#5735,.F.);
#5735 = EDGE_CURVE('',#5736,#5728,#5738,.T.);
#5736 = VERTEX_POINT('',#5737);
#5737 = CARTESIAN_POINT('',(50.,-275.,14.737205583712));
#5738 = LINE('',#5739,#5740);
#5739 = CARTESIAN_POINT('',(50.,-275.,14.737205583712));
#5740 = VECTOR('',#5741,1.);
#5741 = DIRECTION('',(1.,0.,0.));
#5742 = ORIENTED_EDGE('',*,*,#5743,.F.);
#5743 = EDGE_CURVE('',#5705,#5736,#5744,.T.);
#5744 = LINE('',#5745,#5746);
#5745 = CARTESIAN_POINT('',(50.,-275.,120.));
#5746 = VECTOR('',#5747,1.);
#5747 = DIRECTION('',(0.,0.,-1.));
#5748 = PLANE('',#5749);
#5749 = AXIS2_PLACEMENT_3D('',#5750,#5751,#5752);
#5750 = CARTESIAN_POINT('',(50.,-275.,120.));
#5751 = DIRECTION('',(-0.,1.,0.));
#5752 = DIRECTION('',(0.,0.,-1.));
#5753 = ADVANCED_FACE('',(#5754),#5770,.F.);
#5754 = FACE_BOUND('',#5755,.F.);
#5755 = EDGE_LOOP('',(#5756,#5757,#5763,#5764));
#5756 = ORIENTED_EDGE('',*,*,#5735,.T.);
#5757 = ORIENTED_EDGE('',*,*,#5758,.T.);
#5758 = EDGE_CURVE('',#5728,#5596,#5759,.T.);
#5759 = LINE('',#5760,#5761);
#5760 = CARTESIAN_POINT('',(70.,-275.,14.737205583712));
#5761 = VECTOR('',#5762,1.);
#5762 = DIRECTION('',(0.,0.965925826289,-0.258819045103));
#5763 = ORIENTED_EDGE('',*,*,#5593,.F.);
#5764 = ORIENTED_EDGE('',*,*,#5765,.F.);
#5765 = EDGE_CURVE('',#5736,#5594,#5766,.T.);
#5766 = LINE('',#5767,#5768);
#5767 = CARTESIAN_POINT('',(50.,-275.,14.737205583712));
#5768 = VECTOR('',#5769,1.);
#5769 = DIRECTION('',(0.,0.965925826289,-0.258819045103));
#5770 = PLANE('',#5771);
#5771 = AXIS2_PLACEMENT_3D('',#5772,#5773,#5774);
#5772 = CARTESIAN_POINT('',(50.,-275.,14.737205583712));
#5773 = DIRECTION('',(-0.,0.258819045103,0.965925826289));
#5774 = DIRECTION('',(0.,0.965925826289,-0.258819045103));
#5775 = ADVANCED_FACE('',(#5776),#5784,.F.);
#5776 = FACE_BOUND('',#5777,.F.);
#5777 = EDGE_LOOP('',(#5778,#5779,#5780,#5781,#5782,#5783));
#5778 = ORIENTED_EDGE('',*,*,#5619,.T.);
#5779 = ORIENTED_EDGE('',*,*,#5650,.T.);
#5780 = ORIENTED_EDGE('',*,*,#5681,.T.);
#5781 = ORIENTED_EDGE('',*,*,#5712,.T.);
#5782 = ORIENTED_EDGE('',*,*,#5743,.T.);
#5783 = ORIENTED_EDGE('',*,*,#5765,.T.);
#5784 = PLANE('',#5785);
#5785 = AXIS2_PLACEMENT_3D('',#5786,#5787,#5788);
#5786 = CARTESIAN_POINT('',(50.,-145.,62.937879085693));
#5787 = DIRECTION('',(1.,0.,0.));
#5788 = DIRECTION('',(-0.,0.,1.));
#5789 = ADVANCED_FACE('',(#5790),#5798,.T.);
#5790 = FACE_BOUND('',#5791,.T.);
#5791 = EDGE_LOOP('',(#5792,#5793,#5794,#5795,#5796,#5797));
#5792 = ORIENTED_EDGE('',*,*,#5603,.T.);
#5793 = ORIENTED_EDGE('',*,*,#5634,.T.);
#5794 = ORIENTED_EDGE('',*,*,#5665,.T.);
#5795 = ORIENTED_EDGE('',*,*,#5696,.T.);
#5796 = ORIENTED_EDGE('',*,*,#5727,.T.);
#5797 = ORIENTED_EDGE('',*,*,#5758,.T.);
#5798 = PLANE('',#5799);
#5799 = AXIS2_PLACEMENT_3D('',#5800,#5801,#5802);
#5800 = CARTESIAN_POINT('',(70.,-145.,62.937879085693));
#5801 = DIRECTION('',(1.,0.,0.));
#5802 = DIRECTION('',(-0.,0.,1.));
#5803 = ( GEOMETRIC_REPRESENTATION_CONTEXT(3) 
GLOBAL_UNCERTAINTY_ASSIGNED_CONTEXT((#5807)) 
GLOBAL_UNIT_ASSIGNED_CONTEXT((#5804,#5805,#5806)) REPRESENTATION_CONTEXT
('Context #1','3D Context with UNIT and UNCERTAINTY') );
#5804 = ( LENGTH_UNIT() NAMED_UNIT(*) SI_UNIT(.MILLI.,.METRE.) );
#5805 = ( NAMED_UNIT(*) PLANE_ANGLE_UNIT() SI_UNIT($,.RADIAN.) );
#5806 = ( NAMED_UNIT(*) SI_UNIT($,.STERADIAN.) SOLID_ANGLE_UNIT() );
#5807 = UNCERTAINTY_MEASURE_WITH_UNIT(LENGTH_MEASURE(1.E-07),#5804,
  'distance_accuracy_value','confusion accuracy');
#5808 = CONTEXT_DEPENDENT_SHAPE_REPRESENTATION(#5809,#5811);
#5809 = ( REPRESENTATION_RELATIONSHIP('','',#5586,#10) 
REPRESENTATION_RELATIONSHIP_WITH_TRANSFORMATION(#5810) 
SHAPE_REPRESENTATION_RELATIONSHIP() );
#5810 = ITEM_DEFINED_TRANSFORMATION('','',#11,#139);
#5811 = PRODUCT_DEFINITION_SHAPE('Placement','Placement of an item',
  #5812);
#5812 = NEXT_ASSEMBLY_USAGE_OCCURRENCE('32',
  'CAT-PORT-BULKHEAD-01 | Bulkhead | nominal plywood 20 mm','',#5,#5581,
  $);
#5813 = PRODUCT_RELATED_PRODUCT_CATEGORY('part',$,(#5583));
#5814 = SHAPE_DEFINITION_REPRESENTATION(#5815,#5821);
#5815 = PRODUCT_DEFINITION_SHAPE('','',#5816);
#5816 = PRODUCT_DEFINITION('design','',#5817,#5820);
#5817 = PRODUCT_DEFINITION_FORMATION('','',#5818);
#5818 = PRODUCT(
  'CAT-PORT-BULKHEAD-02 | Bulkhead | nominal plywood 20 mm',
  'CAT-PORT-BULKHEAD-02 | Bulkhead | nominal plywood 20 mm','',(#5819));
#5819 = PRODUCT_CONTEXT('',#2,'mechanical');
#5820 = PRODUCT_DEFINITION_CONTEXT('part definition',#2,'design');
#5821 = ADVANCED_BREP_SHAPE_REPRESENTATION('',(#11,#5822),#6038);
#5822 = MANIFOLD_SOLID_BREP('',#5823);
#5823 = CLOSED_SHELL('',(#5824,#5864,#5895,#5926,#5957,#5988,#6010,#6024
    ));
#5824 = ADVANCED_FACE('',(#5825),#5859,.F.);
#5825 = FACE_BOUND('',#5826,.F.);
#5826 = EDGE_LOOP('',(#5827,#5837,#5845,#5853));
#5827 = ORIENTED_EDGE('',*,*,#5828,.T.);
#5828 = EDGE_CURVE('',#5829,#5831,#5833,.T.);
#5829 = VERTEX_POINT('',#5830);
#5830 = CARTESIAN_POINT('',(220.,-220.,0.));
#5831 = VERTEX_POINT('',#5832);
#5832 = CARTESIAN_POINT('',(240.,-220.,0.));
#5833 = LINE('',#5834,#5835);
#5834 = CARTESIAN_POINT('',(220.,-220.,0.));
#5835 = VECTOR('',#5836,1.);
#5836 = DIRECTION('',(1.,0.,0.));
#5837 = ORIENTED_EDGE('',*,*,#5838,.T.);
#5838 = EDGE_CURVE('',#5831,#5839,#5841,.T.);
#5839 = VERTEX_POINT('',#5840);
#5840 = CARTESIAN_POINT('',(240.,-70.,0.));
#5841 = LINE('',#5842,#5843);
#5842 = CARTESIAN_POINT('',(240.,-220.,0.));
#5843 = VECTOR('',#5844,1.);
#5844 = DIRECTION('',(0.,1.,0.));
#5845 = ORIENTED_EDGE('',*,*,#5846,.F.);
#5846 = EDGE_CURVE('',#5847,#5839,#5849,.T.);
#5847 = VERTEX_POINT('',#5848);
#5848 = CARTESIAN_POINT('',(220.,-70.,0.));
#5849 = LINE('',#5850,#5851);
#5850 = CARTESIAN_POINT('',(220.,-70.,0.));
#5851 = VECTOR('',#5852,1.);
#5852 = DIRECTION('',(1.,0.,0.));
#5853 = ORIENTED_EDGE('',*,*,#5854,.F.);
#5854 = EDGE_CURVE('',#5829,#5847,#5855,.T.);
#5855 = LINE('',#5856,#5857);
#5856 = CARTESIAN_POINT('',(220.,-220.,0.));
#5857 = VECTOR('',#5858,1.);
#5858 = DIRECTION('',(0.,1.,0.));
#5859 = PLANE('',#5860);
#5860 = AXIS2_PLACEMENT_3D('',#5861,#5862,#5863);
#5861 = CARTESIAN_POINT('',(220.,-220.,0.));
#5862 = DIRECTION('',(0.,0.,1.));
#5863 = DIRECTION('',(0.,1.,0.));
#5864 = ADVANCED_FACE('',(#5865),#5890,.F.);
#5865 = FACE_BOUND('',#5866,.F.);
#5866 = EDGE_LOOP('',(#5867,#5868,#5876,#5884));
#5867 = ORIENTED_EDGE('',*,*,#5846,.T.);
#5868 = ORIENTED_EDGE('',*,*,#5869,.T.);
#5869 = EDGE_CURVE('',#5839,#5870,#5872,.T.);
#5870 = VERTEX_POINT('',#5871);
#5871 = CARTESIAN_POINT('',(240.,-15.,14.737205583712));
#5872 = LINE('',#5873,#5874);
#5873 = CARTESIAN_POINT('',(240.,-70.,0.));
#5874 = VECTOR('',#5875,1.);
#5875 = DIRECTION('',(0.,0.965925826289,0.258819045103));
#5876 = ORIENTED_EDGE('',*,*,#5877,.F.);
#5877 = EDGE_CURVE('',#5878,#5870,#5880,.T.);
#5878 = VERTEX_POINT('',#5879);
#5879 = CARTESIAN_POINT('',(220.,-15.,14.737205583712));
#5880 = LINE('',#5881,#5882);
#5881 = CARTESIAN_POINT('',(220.,-15.,14.737205583712));
#5882 = VECTOR('',#5883,1.);
#5883 = DIRECTION('',(1.,0.,0.));
#5884 = ORIENTED_EDGE('',*,*,#5885,.F.);
#5885 = EDGE_CURVE('',#5847,#5878,#5886,.T.);
#5886 = LINE('',#5887,#5888);
#5887 = CARTESIAN_POINT('',(220.,-70.,0.));
#5888 = VECTOR('',#5889,1.);
#5889 = DIRECTION('',(0.,0.965925826289,0.258819045103));
#5890 = PLANE('',#5891);
#5891 = AXIS2_PLACEMENT_3D('',#5892,#5893,#5894);
#5892 = CARTESIAN_POINT('',(220.,-70.,0.));
#5893 = DIRECTION('',(0.,-0.258819045103,0.965925826289));
#5894 = DIRECTION('',(0.,0.965925826289,0.258819045103));
#5895 = ADVANCED_FACE('',(#5896),#5921,.F.);
#5896 = FACE_BOUND('',#5897,.F.);
#5897 = EDGE_LOOP('',(#5898,#5899,#5907,#5915));
#5898 = ORIENTED_EDGE('',*,*,#5877,.T.);
#5899 = ORIENTED_EDGE('',*,*,#5900,.T.);
#5900 = EDGE_CURVE('',#5870,#5901,#5903,.T.);
#5901 = VERTEX_POINT('',#5902);
#5902 = CARTESIAN_POINT('',(240.,-15.,120.));
#5903 = LINE('',#5904,#5905);
#5904 = CARTESIAN_POINT('',(240.,-15.,14.737205583712));
#5905 = VECTOR('',#5906,1.);
#5906 = DIRECTION('',(0.,0.,1.));
#5907 = ORIENTED_EDGE('',*,*,#5908,.F.);
#5908 = EDGE_CURVE('',#5909,#5901,#5911,.T.);
#5909 = VERTEX_POINT('',#5910);
#5910 = CARTESIAN_POINT('',(220.,-15.,120.));
#5911 = LINE('',#5912,#5913);
#5912 = CARTESIAN_POINT('',(220.,-15.,120.));
#5913 = VECTOR('',#5914,1.);
#5914 = DIRECTION('',(1.,0.,0.));
#5915 = ORIENTED_EDGE('',*,*,#5916,.F.);
#5916 = EDGE_CURVE('',#5878,#5909,#5917,.T.);
#5917 = LINE('',#5918,#5919);
#5918 = CARTESIAN_POINT('',(220.,-15.,14.737205583712));
#5919 = VECTOR('',#5920,1.);
#5920 = DIRECTION('',(0.,0.,1.));
#5921 = PLANE('',#5922);
#5922 = AXIS2_PLACEMENT_3D('',#5923,#5924,#5925);
#5923 = CARTESIAN_POINT('',(220.,-15.,14.737205583712));
#5924 = DIRECTION('',(0.,-1.,0.));
#5925 = DIRECTION('',(0.,0.,1.));
#5926 = ADVANCED_FACE('',(#5927),#5952,.F.);
#5927 = FACE_BOUND('',#5928,.F.);
#5928 = EDGE_LOOP('',(#5929,#5930,#5938,#5946));
#5929 = ORIENTED_EDGE('',*,*,#5908,.T.);
#5930 = ORIENTED_EDGE('',*,*,#5931,.T.);
#5931 = EDGE_CURVE('',#5901,#5932,#5934,.T.);
#5932 = VERTEX_POINT('',#5933);
#5933 = CARTESIAN_POINT('',(240.,-275.,120.));
#5934 = LINE('',#5935,#5936);
#5935 = CARTESIAN_POINT('',(240.,-15.,120.));
#5936 = VECTOR('',#5937,1.);
#5937 = DIRECTION('',(0.,-1.,0.));
#5938 = ORIENTED_EDGE('',*,*,#5939,.F.);
#5939 = EDGE_CURVE('',#5940,#5932,#5942,.T.);
#5940 = VERTEX_POINT('',#5941);
#5941 = CARTESIAN_POINT('',(220.,-275.,120.));
#5942 = LINE('',#5943,#5944);
#5943 = CARTESIAN_POINT('',(220.,-275.,120.));
#5944 = VECTOR('',#5945,1.);
#5945 = DIRECTION('',(1.,0.,0.));
#5946 = ORIENTED_EDGE('',*,*,#5947,.F.);
#5947 = EDGE_CURVE('',#5909,#5940,#5948,.T.);
#5948 = LINE('',#5949,#5950);
#5949 = CARTESIAN_POINT('',(220.,-15.,120.));
#5950 = VECTOR('',#5951,1.);
#5951 = DIRECTION('',(0.,-1.,0.));
#5952 = PLANE('',#5953);
#5953 = AXIS2_PLACEMENT_3D('',#5954,#5955,#5956);
#5954 = CARTESIAN_POINT('',(220.,-15.,120.));
#5955 = DIRECTION('',(0.,0.,-1.));
#5956 = DIRECTION('',(0.,-1.,0.));
#5957 = ADVANCED_FACE('',(#5958),#5983,.F.);
#5958 = FACE_BOUND('',#5959,.F.);
#5959 = EDGE_LOOP('',(#5960,#5961,#5969,#5977));
#5960 = ORIENTED_EDGE('',*,*,#5939,.T.);
#5961 = ORIENTED_EDGE('',*,*,#5962,.T.);
#5962 = EDGE_CURVE('',#5932,#5963,#5965,.T.);
#5963 = VERTEX_POINT('',#5964);
#5964 = CARTESIAN_POINT('',(240.,-275.,14.737205583712));
#5965 = LINE('',#5966,#5967);
#5966 = CARTESIAN_POINT('',(240.,-275.,120.));
#5967 = VECTOR('',#5968,1.);
#5968 = DIRECTION('',(0.,0.,-1.));
#5969 = ORIENTED_EDGE('',*,*,#5970,.F.);
#5970 = EDGE_CURVE('',#5971,#5963,#5973,.T.);
#5971 = VERTEX_POINT('',#5972);
#5972 = CARTESIAN_POINT('',(220.,-275.,14.737205583712));
#5973 = LINE('',#5974,#5975);
#5974 = CARTESIAN_POINT('',(220.,-275.,14.737205583712));
#5975 = VECTOR('',#5976,1.);
#5976 = DIRECTION('',(1.,0.,0.));
#5977 = ORIENTED_EDGE('',*,*,#5978,.F.);
#5978 = EDGE_CURVE('',#5940,#5971,#5979,.T.);
#5979 = LINE('',#5980,#5981);
#5980 = CARTESIAN_POINT('',(220.,-275.,120.));
#5981 = VECTOR('',#5982,1.);
#5982 = DIRECTION('',(0.,0.,-1.));
#5983 = PLANE('',#5984);
#5984 = AXIS2_PLACEMENT_3D('',#5985,#5986,#5987);
#5985 = CARTESIAN_POINT('',(220.,-275.,120.));
#5986 = DIRECTION('',(-0.,1.,0.));
#5987 = DIRECTION('',(0.,0.,-1.));
#5988 = ADVANCED_FACE('',(#5989),#6005,.F.);
#5989 = FACE_BOUND('',#5990,.F.);
#5990 = EDGE_LOOP('',(#5991,#5992,#5998,#5999));
#5991 = ORIENTED_EDGE('',*,*,#5970,.T.);
#5992 = ORIENTED_EDGE('',*,*,#5993,.T.);
#5993 = EDGE_CURVE('',#5963,#5831,#5994,.T.);
#5994 = LINE('',#5995,#5996);
#5995 = CARTESIAN_POINT('',(240.,-275.,14.737205583712));
#5996 = VECTOR('',#5997,1.);
#5997 = DIRECTION('',(0.,0.965925826289,-0.258819045103));
#5998 = ORIENTED_EDGE('',*,*,#5828,.F.);
#5999 = ORIENTED_EDGE('',*,*,#6000,.F.);
#6000 = EDGE_CURVE('',#5971,#5829,#6001,.T.);
#6001 = LINE('',#6002,#6003);
#6002 = CARTESIAN_POINT('',(220.,-275.,14.737205583712));
#6003 = VECTOR('',#6004,1.);
#6004 = DIRECTION('',(0.,0.965925826289,-0.258819045103));
#6005 = PLANE('',#6006);
#6006 = AXIS2_PLACEMENT_3D('',#6007,#6008,#6009);
#6007 = CARTESIAN_POINT('',(220.,-275.,14.737205583712));
#6008 = DIRECTION('',(-0.,0.258819045103,0.965925826289));
#6009 = DIRECTION('',(0.,0.965925826289,-0.258819045103));
#6010 = ADVANCED_FACE('',(#6011),#6019,.F.);
#6011 = FACE_BOUND('',#6012,.F.);
#6012 = EDGE_LOOP('',(#6013,#6014,#6015,#6016,#6017,#6018));
#6013 = ORIENTED_EDGE('',*,*,#5854,.T.);
#6014 = ORIENTED_EDGE('',*,*,#5885,.T.);
#6015 = ORIENTED_EDGE('',*,*,#5916,.T.);
#6016 = ORIENTED_EDGE('',*,*,#5947,.T.);
#6017 = ORIENTED_EDGE('',*,*,#5978,.T.);
#6018 = ORIENTED_EDGE('',*,*,#6000,.T.);
#6019 = PLANE('',#6020);
#6020 = AXIS2_PLACEMENT_3D('',#6021,#6022,#6023);
#6021 = CARTESIAN_POINT('',(220.,-145.,62.937879085693));
#6022 = DIRECTION('',(1.,0.,0.));
#6023 = DIRECTION('',(-0.,0.,1.));
#6024 = ADVANCED_FACE('',(#6025),#6033,.T.);
#6025 = FACE_BOUND('',#6026,.T.);
#6026 = EDGE_LOOP('',(#6027,#6028,#6029,#6030,#6031,#6032));
#6027 = ORIENTED_EDGE('',*,*,#5838,.T.);
#6028 = ORIENTED_EDGE('',*,*,#5869,.T.);
#6029 = ORIENTED_EDGE('',*,*,#5900,.T.);
#6030 = ORIENTED_EDGE('',*,*,#5931,.T.);
#6031 = ORIENTED_EDGE('',*,*,#5962,.T.);
#6032 = ORIENTED_EDGE('',*,*,#5993,.T.);
#6033 = PLANE('',#6034);
#6034 = AXIS2_PLACEMENT_3D('',#6035,#6036,#6037);
#6035 = CARTESIAN_POINT('',(240.,-145.,62.937879085693));
#6036 = DIRECTION('',(1.,0.,0.));
#6037 = DIRECTION('',(-0.,0.,1.));
#6038 = ( GEOMETRIC_REPRESENTATION_CONTEXT(3) 
GLOBAL_UNCERTAINTY_ASSIGNED_CONTEXT((#6042)) 
GLOBAL_UNIT_ASSIGNED_CONTEXT((#6039,#6040,#6041)) REPRESENTATION_CONTEXT
('Context #1','3D Context with UNIT and UNCERTAINTY') );
#6039 = ( LENGTH_UNIT() NAMED_UNIT(*) SI_UNIT(.MILLI.,.METRE.) );
#6040 = ( NAMED_UNIT(*) PLANE_ANGLE_UNIT() SI_UNIT($,.RADIAN.) );
#6041 = ( NAMED_UNIT(*) SI_UNIT($,.STERADIAN.) SOLID_ANGLE_UNIT() );
#6042 = UNCERTAINTY_MEASURE_WITH_UNIT(LENGTH_MEASURE(1.E-07),#6039,
  'distance_accuracy_value','confusion accuracy');
#6043 = CONTEXT_DEPENDENT_SHAPE_REPRESENTATION(#6044,#6046);
#6044 = ( REPRESENTATION_RELATIONSHIP('','',#5821,#10) 
REPRESENTATION_RELATIONSHIP_WITH_TRANSFORMATION(#6045) 
SHAPE_REPRESENTATION_RELATIONSHIP() );
#6045 = ITEM_DEFINED_TRANSFORMATION('','',#11,#143);
#6046 = PRODUCT_DEFINITION_SHAPE('Placement','Placement of an item',
  #6047);
#6047 = NEXT_ASSEMBLY_USAGE_OCCURRENCE('33',
  'CAT-PORT-BULKHEAD-02 | Bulkhead | nominal plywood 20 mm','',#5,#5816,
  $);
#6048 = PRODUCT_RELATED_PRODUCT_CATEGORY('part',$,(#5818));
#6049 = SHAPE_DEFINITION_REPRESENTATION(#6050,#6056);
#6050 = PRODUCT_DEFINITION_SHAPE('','',#6051);
#6051 = PRODUCT_DEFINITION('design','',#6052,#6055);
#6052 = PRODUCT_DEFINITION_FORMATION('','',#6053);
#6053 = PRODUCT(
  'CAT-PORT-BULKHEAD-03 | Bulkhead | nominal plywood 20 mm',
  'CAT-PORT-BULKHEAD-03 | Bulkhead | nominal plywood 20 mm','',(#6054));
#6054 = PRODUCT_CONTEXT('',#2,'mechanical');
#6055 = PRODUCT_DEFINITION_CONTEXT('part definition',#2,'design');
#6056 = ADVANCED_BREP_SHAPE_REPRESENTATION('',(#11,#6057),#6273);
#6057 = MANIFOLD_SOLID_BREP('',#6058);
#6058 = CLOSED_SHELL('',(#6059,#6099,#6130,#6161,#6192,#6223,#6245,#6259
    ));
#6059 = ADVANCED_FACE('',(#6060),#6094,.F.);
#6060 = FACE_BOUND('',#6061,.F.);
#6061 = EDGE_LOOP('',(#6062,#6072,#6080,#6088));
#6062 = ORIENTED_EDGE('',*,*,#6063,.T.);
#6063 = EDGE_CURVE('',#6064,#6066,#6068,.T.);
#6064 = VERTEX_POINT('',#6065);
#6065 = CARTESIAN_POINT('',(390.,-220.,0.));
#6066 = VERTEX_POINT('',#6067);
#6067 = CARTESIAN_POINT('',(410.,-220.,0.));
#6068 = LINE('',#6069,#6070);
#6069 = CARTESIAN_POINT('',(390.,-220.,0.));
#6070 = VECTOR('',#6071,1.);
#6071 = DIRECTION('',(1.,0.,0.));
#6072 = ORIENTED_EDGE('',*,*,#6073,.T.);
#6073 = EDGE_CURVE('',#6066,#6074,#6076,.T.);
#6074 = VERTEX_POINT('',#6075);
#6075 = CARTESIAN_POINT('',(410.,-70.,0.));
#6076 = LINE('',#6077,#6078);
#6077 = CARTESIAN_POINT('',(410.,-220.,0.));
#6078 = VECTOR('',#6079,1.);
#6079 = DIRECTION('',(0.,1.,0.));
#6080 = ORIENTED_EDGE('',*,*,#6081,.F.);
#6081 = EDGE_CURVE('',#6082,#6074,#6084,.T.);
#6082 = VERTEX_POINT('',#6083);
#6083 = CARTESIAN_POINT('',(390.,-70.,0.));
#6084 = LINE('',#6085,#6086);
#6085 = CARTESIAN_POINT('',(390.,-70.,0.));
#6086 = VECTOR('',#6087,1.);
#6087 = DIRECTION('',(1.,0.,0.));
#6088 = ORIENTED_EDGE('',*,*,#6089,.F.);
#6089 = EDGE_CURVE('',#6064,#6082,#6090,.T.);
#6090 = LINE('',#6091,#6092);
#6091 = CARTESIAN_POINT('',(390.,-220.,0.));
#6092 = VECTOR('',#6093,1.);
#6093 = DIRECTION('',(0.,1.,0.));
#6094 = PLANE('',#6095);
#6095 = AXIS2_PLACEMENT_3D('',#6096,#6097,#6098);
#6096 = CARTESIAN_POINT('',(390.,-220.,0.));
#6097 = DIRECTION('',(0.,0.,1.));
#6098 = DIRECTION('',(0.,1.,0.));
#6099 = ADVANCED_FACE('',(#6100),#6125,.F.);
#6100 = FACE_BOUND('',#6101,.F.);
#6101 = EDGE_LOOP('',(#6102,#6103,#6111,#6119));
#6102 = ORIENTED_EDGE('',*,*,#6081,.T.);
#6103 = ORIENTED_EDGE('',*,*,#6104,.T.);
#6104 = EDGE_CURVE('',#6074,#6105,#6107,.T.);
#6105 = VERTEX_POINT('',#6106);
#6106 = CARTESIAN_POINT('',(410.,-15.,14.737205583712));
#6107 = LINE('',#6108,#6109);
#6108 = CARTESIAN_POINT('',(410.,-70.,0.));
#6109 = VECTOR('',#6110,1.);
#6110 = DIRECTION('',(0.,0.965925826289,0.258819045103));
#6111 = ORIENTED_EDGE('',*,*,#6112,.F.);
#6112 = EDGE_CURVE('',#6113,#6105,#6115,.T.);
#6113 = VERTEX_POINT('',#6114);
#6114 = CARTESIAN_POINT('',(390.,-15.,14.737205583712));
#6115 = LINE('',#6116,#6117);
#6116 = CARTESIAN_POINT('',(390.,-15.,14.737205583712));
#6117 = VECTOR('',#6118,1.);
#6118 = DIRECTION('',(1.,0.,0.));
#6119 = ORIENTED_EDGE('',*,*,#6120,.F.);
#6120 = EDGE_CURVE('',#6082,#6113,#6121,.T.);
#6121 = LINE('',#6122,#6123);
#6122 = CARTESIAN_POINT('',(390.,-70.,0.));
#6123 = VECTOR('',#6124,1.);
#6124 = DIRECTION('',(0.,0.965925826289,0.258819045103));
#6125 = PLANE('',#6126);
#6126 = AXIS2_PLACEMENT_3D('',#6127,#6128,#6129);
#6127 = CARTESIAN_POINT('',(390.,-70.,0.));
#6128 = DIRECTION('',(0.,-0.258819045103,0.965925826289));
#6129 = DIRECTION('',(0.,0.965925826289,0.258819045103));
#6130 = ADVANCED_FACE('',(#6131),#6156,.F.);
#6131 = FACE_BOUND('',#6132,.F.);
#6132 = EDGE_LOOP('',(#6133,#6134,#6142,#6150));
#6133 = ORIENTED_EDGE('',*,*,#6112,.T.);
#6134 = ORIENTED_EDGE('',*,*,#6135,.T.);
#6135 = EDGE_CURVE('',#6105,#6136,#6138,.T.);
#6136 = VERTEX_POINT('',#6137);
#6137 = CARTESIAN_POINT('',(410.,-15.,120.));
#6138 = LINE('',#6139,#6140);
#6139 = CARTESIAN_POINT('',(410.,-15.,14.737205583712));
#6140 = VECTOR('',#6141,1.);
#6141 = DIRECTION('',(0.,0.,1.));
#6142 = ORIENTED_EDGE('',*,*,#6143,.F.);
#6143 = EDGE_CURVE('',#6144,#6136,#6146,.T.);
#6144 = VERTEX_POINT('',#6145);
#6145 = CARTESIAN_POINT('',(390.,-15.,120.));
#6146 = LINE('',#6147,#6148);
#6147 = CARTESIAN_POINT('',(390.,-15.,120.));
#6148 = VECTOR('',#6149,1.);
#6149 = DIRECTION('',(1.,0.,0.));
#6150 = ORIENTED_EDGE('',*,*,#6151,.F.);
#6151 = EDGE_CURVE('',#6113,#6144,#6152,.T.);
#6152 = LINE('',#6153,#6154);
#6153 = CARTESIAN_POINT('',(390.,-15.,14.737205583712));
#6154 = VECTOR('',#6155,1.);
#6155 = DIRECTION('',(0.,0.,1.));
#6156 = PLANE('',#6157);
#6157 = AXIS2_PLACEMENT_3D('',#6158,#6159,#6160);
#6158 = CARTESIAN_POINT('',(390.,-15.,14.737205583712));
#6159 = DIRECTION('',(0.,-1.,0.));
#6160 = DIRECTION('',(0.,0.,1.));
#6161 = ADVANCED_FACE('',(#6162),#6187,.F.);
#6162 = FACE_BOUND('',#6163,.F.);
#6163 = EDGE_LOOP('',(#6164,#6165,#6173,#6181));
#6164 = ORIENTED_EDGE('',*,*,#6143,.T.);
#6165 = ORIENTED_EDGE('',*,*,#6166,.T.);
#6166 = EDGE_CURVE('',#6136,#6167,#6169,.T.);
#6167 = VERTEX_POINT('',#6168);
#6168 = CARTESIAN_POINT('',(410.,-275.,120.));
#6169 = LINE('',#6170,#6171);
#6170 = CARTESIAN_POINT('',(410.,-15.,120.));
#6171 = VECTOR('',#6172,1.);
#6172 = DIRECTION('',(0.,-1.,0.));
#6173 = ORIENTED_EDGE('',*,*,#6174,.F.);
#6174 = EDGE_CURVE('',#6175,#6167,#6177,.T.);
#6175 = VERTEX_POINT('',#6176);
#6176 = CARTESIAN_POINT('',(390.,-275.,120.));
#6177 = LINE('',#6178,#6179);
#6178 = CARTESIAN_POINT('',(390.,-275.,120.));
#6179 = VECTOR('',#6180,1.);
#6180 = DIRECTION('',(1.,0.,0.));
#6181 = ORIENTED_EDGE('',*,*,#6182,.F.);
#6182 = EDGE_CURVE('',#6144,#6175,#6183,.T.);
#6183 = LINE('',#6184,#6185);
#6184 = CARTESIAN_POINT('',(390.,-15.,120.));
#6185 = VECTOR('',#6186,1.);
#6186 = DIRECTION('',(0.,-1.,0.));
#6187 = PLANE('',#6188);
#6188 = AXIS2_PLACEMENT_3D('',#6189,#6190,#6191);
#6189 = CARTESIAN_POINT('',(390.,-15.,120.));
#6190 = DIRECTION('',(0.,0.,-1.));
#6191 = DIRECTION('',(0.,-1.,0.));
#6192 = ADVANCED_FACE('',(#6193),#6218,.F.);
#6193 = FACE_BOUND('',#6194,.F.);
#6194 = EDGE_LOOP('',(#6195,#6196,#6204,#6212));
#6195 = ORIENTED_EDGE('',*,*,#6174,.T.);
#6196 = ORIENTED_EDGE('',*,*,#6197,.T.);
#6197 = EDGE_CURVE('',#6167,#6198,#6200,.T.);
#6198 = VERTEX_POINT('',#6199);
#6199 = CARTESIAN_POINT('',(410.,-275.,14.737205583712));
#6200 = LINE('',#6201,#6202);
#6201 = CARTESIAN_POINT('',(410.,-275.,120.));
#6202 = VECTOR('',#6203,1.);
#6203 = DIRECTION('',(0.,0.,-1.));
#6204 = ORIENTED_EDGE('',*,*,#6205,.F.);
#6205 = EDGE_CURVE('',#6206,#6198,#6208,.T.);
#6206 = VERTEX_POINT('',#6207);
#6207 = CARTESIAN_POINT('',(390.,-275.,14.737205583712));
#6208 = LINE('',#6209,#6210);
#6209 = CARTESIAN_POINT('',(390.,-275.,14.737205583712));
#6210 = VECTOR('',#6211,1.);
#6211 = DIRECTION('',(1.,0.,0.));
#6212 = ORIENTED_EDGE('',*,*,#6213,.F.);
#6213 = EDGE_CURVE('',#6175,#6206,#6214,.T.);
#6214 = LINE('',#6215,#6216);
#6215 = CARTESIAN_POINT('',(390.,-275.,120.));
#6216 = VECTOR('',#6217,1.);
#6217 = DIRECTION('',(0.,0.,-1.));
#6218 = PLANE('',#6219);
#6219 = AXIS2_PLACEMENT_3D('',#6220,#6221,#6222);
#6220 = CARTESIAN_POINT('',(390.,-275.,120.));
#6221 = DIRECTION('',(-0.,1.,0.));
#6222 = DIRECTION('',(0.,0.,-1.));
#6223 = ADVANCED_FACE('',(#6224),#6240,.F.);
#6224 = FACE_BOUND('',#6225,.F.);
#6225 = EDGE_LOOP('',(#6226,#6227,#6233,#6234));
#6226 = ORIENTED_EDGE('',*,*,#6205,.T.);
#6227 = ORIENTED_EDGE('',*,*,#6228,.T.);
#6228 = EDGE_CURVE('',#6198,#6066,#6229,.T.);
#6229 = LINE('',#6230,#6231);
#6230 = CARTESIAN_POINT('',(410.,-275.,14.737205583712));
#6231 = VECTOR('',#6232,1.);
#6232 = DIRECTION('',(0.,0.965925826289,-0.258819045103));
#6233 = ORIENTED_EDGE('',*,*,#6063,.F.);
#6234 = ORIENTED_EDGE('',*,*,#6235,.F.);
#6235 = EDGE_CURVE('',#6206,#6064,#6236,.T.);
#6236 = LINE('',#6237,#6238);
#6237 = CARTESIAN_POINT('',(390.,-275.,14.737205583712));
#6238 = VECTOR('',#6239,1.);
#6239 = DIRECTION('',(0.,0.965925826289,-0.258819045103));
#6240 = PLANE('',#6241);
#6241 = AXIS2_PLACEMENT_3D('',#6242,#6243,#6244);
#6242 = CARTESIAN_POINT('',(390.,-275.,14.737205583712));
#6243 = DIRECTION('',(-0.,0.258819045103,0.965925826289));
#6244 = DIRECTION('',(0.,0.965925826289,-0.258819045103));
#6245 = ADVANCED_FACE('',(#6246),#6254,.F.);
#6246 = FACE_BOUND('',#6247,.F.);
#6247 = EDGE_LOOP('',(#6248,#6249,#6250,#6251,#6252,#6253));
#6248 = ORIENTED_EDGE('',*,*,#6089,.T.);
#6249 = ORIENTED_EDGE('',*,*,#6120,.T.);
#6250 = ORIENTED_EDGE('',*,*,#6151,.T.);
#6251 = ORIENTED_EDGE('',*,*,#6182,.T.);
#6252 = ORIENTED_EDGE('',*,*,#6213,.T.);
#6253 = ORIENTED_EDGE('',*,*,#6235,.T.);
#6254 = PLANE('',#6255);
#6255 = AXIS2_PLACEMENT_3D('',#6256,#6257,#6258);
#6256 = CARTESIAN_POINT('',(390.,-145.,62.937879085693));
#6257 = DIRECTION('',(1.,0.,0.));
#6258 = DIRECTION('',(-0.,0.,1.));
#6259 = ADVANCED_FACE('',(#6260),#6268,.T.);
#6260 = FACE_BOUND('',#6261,.T.);
#6261 = EDGE_LOOP('',(#6262,#6263,#6264,#6265,#6266,#6267));
#6262 = ORIENTED_EDGE('',*,*,#6073,.T.);
#6263 = ORIENTED_EDGE('',*,*,#6104,.T.);
#6264 = ORIENTED_EDGE('',*,*,#6135,.T.);
#6265 = ORIENTED_EDGE('',*,*,#6166,.T.);
#6266 = ORIENTED_EDGE('',*,*,#6197,.T.);
#6267 = ORIENTED_EDGE('',*,*,#6228,.T.);
#6268 = PLANE('',#6269);
#6269 = AXIS2_PLACEMENT_3D('',#6270,#6271,#6272);
#6270 = CARTESIAN_POINT('',(410.,-145.,62.937879085693));
#6271 = DIRECTION('',(1.,0.,0.));
#6272 = DIRECTION('',(-0.,0.,1.));
#6273 = ( GEOMETRIC_REPRESENTATION_CONTEXT(3) 
GLOBAL_UNCERTAINTY_ASSIGNED_CONTEXT((#6277)) 
GLOBAL_UNIT_ASSIGNED_CONTEXT((#6274,#6275,#6276)) REPRESENTATION_CONTEXT
('Context #1','3D Context with UNIT and UNCERTAINTY') );
#6274 = ( LENGTH_UNIT() NAMED_UNIT(*) SI_UNIT(.MILLI.,.METRE.) );
#6275 = ( NAMED_UNIT(*) PLANE_ANGLE_UNIT() SI_UNIT($,.RADIAN.) );
#6276 = ( NAMED_UNIT(*) SI_UNIT($,.STERADIAN.) SOLID_ANGLE_UNIT() );
#6277 = UNCERTAINTY_MEASURE_WITH_UNIT(LENGTH_MEASURE(1.E-07),#6274,
  'distance_accuracy_value','confusion accuracy');
#6278 = CONTEXT_DEPENDENT_SHAPE_REPRESENTATION(#6279,#6281);
#6279 = ( REPRESENTATION_RELATIONSHIP('','',#6056,#10) 
REPRESENTATION_RELATIONSHIP_WITH_TRANSFORMATION(#6280) 
SHAPE_REPRESENTATION_RELATIONSHIP() );
#6280 = ITEM_DEFINED_TRANSFORMATION('','',#11,#147);
#6281 = PRODUCT_DEFINITION_SHAPE('Placement','Placement of an item',
  #6282);
#6282 = NEXT_ASSEMBLY_USAGE_OCCURRENCE('34',
  'CAT-PORT-BULKHEAD-03 | Bulkhead | nominal plywood 20 mm','',#5,#6051,
  $);
#6283 = PRODUCT_RELATED_PRODUCT_CATEGORY('part',$,(#6053));
#6284 = SHAPE_DEFINITION_REPRESENTATION(#6285,#6291);
#6285 = PRODUCT_DEFINITION_SHAPE('','',#6286);
#6286 = PRODUCT_DEFINITION('design','',#6287,#6290);
#6287 = PRODUCT_DEFINITION_FORMATION('','',#6288);
#6288 = PRODUCT(
  'CAT-PORT-BULKHEAD-04 | Bulkhead | nominal plywood 20 mm',
  'CAT-PORT-BULKHEAD-04 | Bulkhead | nominal plywood 20 mm','',(#6289));
#6289 = PRODUCT_CONTEXT('',#2,'mechanical');
#6290 = PRODUCT_DEFINITION_CONTEXT('part definition',#2,'design');
#6291 = ADVANCED_BREP_SHAPE_REPRESENTATION('',(#11,#6292),#6508);
#6292 = MANIFOLD_SOLID_BREP('',#6293);
#6293 = CLOSED_SHELL('',(#6294,#6334,#6365,#6396,#6427,#6458,#6480,#6494
    ));
#6294 = ADVANCED_FACE('',(#6295),#6329,.F.);
#6295 = FACE_BOUND('',#6296,.F.);
#6296 = EDGE_LOOP('',(#6297,#6307,#6315,#6323));
#6297 = ORIENTED_EDGE('',*,*,#6298,.T.);
#6298 = EDGE_CURVE('',#6299,#6301,#6303,.T.);
#6299 = VERTEX_POINT('',#6300);
#6300 = CARTESIAN_POINT('',(560.,-220.,0.));
#6301 = VERTEX_POINT('',#6302);
#6302 = CARTESIAN_POINT('',(580.,-220.,0.));
#6303 = LINE('',#6304,#6305);
#6304 = CARTESIAN_POINT('',(560.,-220.,0.));
#6305 = VECTOR('',#6306,1.);
#6306 = DIRECTION('',(1.,0.,0.));
#6307 = ORIENTED_EDGE('',*,*,#6308,.T.);
#6308 = EDGE_CURVE('',#6301,#6309,#6311,.T.);
#6309 = VERTEX_POINT('',#6310);
#6310 = CARTESIAN_POINT('',(580.,-70.,0.));
#6311 = LINE('',#6312,#6313);
#6312 = CARTESIAN_POINT('',(580.,-220.,0.));
#6313 = VECTOR('',#6314,1.);
#6314 = DIRECTION('',(0.,1.,0.));
#6315 = ORIENTED_EDGE('',*,*,#6316,.F.);
#6316 = EDGE_CURVE('',#6317,#6309,#6319,.T.);
#6317 = VERTEX_POINT('',#6318);
#6318 = CARTESIAN_POINT('',(560.,-70.,0.));
#6319 = LINE('',#6320,#6321);
#6320 = CARTESIAN_POINT('',(560.,-70.,0.));
#6321 = VECTOR('',#6322,1.);
#6322 = DIRECTION('',(1.,0.,0.));
#6323 = ORIENTED_EDGE('',*,*,#6324,.F.);
#6324 = EDGE_CURVE('',#6299,#6317,#6325,.T.);
#6325 = LINE('',#6326,#6327);
#6326 = CARTESIAN_POINT('',(560.,-220.,0.));
#6327 = VECTOR('',#6328,1.);
#6328 = DIRECTION('',(0.,1.,0.));
#6329 = PLANE('',#6330);
#6330 = AXIS2_PLACEMENT_3D('',#6331,#6332,#6333);
#6331 = CARTESIAN_POINT('',(560.,-220.,0.));
#6332 = DIRECTION('',(0.,0.,1.));
#6333 = DIRECTION('',(0.,1.,0.));
#6334 = ADVANCED_FACE('',(#6335),#6360,.F.);
#6335 = FACE_BOUND('',#6336,.F.);
#6336 = EDGE_LOOP('',(#6337,#6338,#6346,#6354));
#6337 = ORIENTED_EDGE('',*,*,#6316,.T.);
#6338 = ORIENTED_EDGE('',*,*,#6339,.T.);
#6339 = EDGE_CURVE('',#6309,#6340,#6342,.T.);
#6340 = VERTEX_POINT('',#6341);
#6341 = CARTESIAN_POINT('',(580.,-15.,14.737205583712));
#6342 = LINE('',#6343,#6344);
#6343 = CARTESIAN_POINT('',(580.,-70.,0.));
#6344 = VECTOR('',#6345,1.);
#6345 = DIRECTION('',(0.,0.965925826289,0.258819045103));
#6346 = ORIENTED_EDGE('',*,*,#6347,.F.);
#6347 = EDGE_CURVE('',#6348,#6340,#6350,.T.);
#6348 = VERTEX_POINT('',#6349);
#6349 = CARTESIAN_POINT('',(560.,-15.,14.737205583712));
#6350 = LINE('',#6351,#6352);
#6351 = CARTESIAN_POINT('',(560.,-15.,14.737205583712));
#6352 = VECTOR('',#6353,1.);
#6353 = DIRECTION('',(1.,0.,0.));
#6354 = ORIENTED_EDGE('',*,*,#6355,.F.);
#6355 = EDGE_CURVE('',#6317,#6348,#6356,.T.);
#6356 = LINE('',#6357,#6358);
#6357 = CARTESIAN_POINT('',(560.,-70.,0.));
#6358 = VECTOR('',#6359,1.);
#6359 = DIRECTION('',(0.,0.965925826289,0.258819045103));
#6360 = PLANE('',#6361);
#6361 = AXIS2_PLACEMENT_3D('',#6362,#6363,#6364);
#6362 = CARTESIAN_POINT('',(560.,-70.,0.));
#6363 = DIRECTION('',(0.,-0.258819045103,0.965925826289));
#6364 = DIRECTION('',(0.,0.965925826289,0.258819045103));
#6365 = ADVANCED_FACE('',(#6366),#6391,.F.);
#6366 = FACE_BOUND('',#6367,.F.);
#6367 = EDGE_LOOP('',(#6368,#6369,#6377,#6385));
#6368 = ORIENTED_EDGE('',*,*,#6347,.T.);
#6369 = ORIENTED_EDGE('',*,*,#6370,.T.);
#6370 = EDGE_CURVE('',#6340,#6371,#6373,.T.);
#6371 = VERTEX_POINT('',#6372);
#6372 = CARTESIAN_POINT('',(580.,-15.,120.));
#6373 = LINE('',#6374,#6375);
#6374 = CARTESIAN_POINT('',(580.,-15.,14.737205583712));
#6375 = VECTOR('',#6376,1.);
#6376 = DIRECTION('',(0.,0.,1.));
#6377 = ORIENTED_EDGE('',*,*,#6378,.F.);
#6378 = EDGE_CURVE('',#6379,#6371,#6381,.T.);
#6379 = VERTEX_POINT('',#6380);
#6380 = CARTESIAN_POINT('',(560.,-15.,120.));
#6381 = LINE('',#6382,#6383);
#6382 = CARTESIAN_POINT('',(560.,-15.,120.));
#6383 = VECTOR('',#6384,1.);
#6384 = DIRECTION('',(1.,0.,0.));
#6385 = ORIENTED_EDGE('',*,*,#6386,.F.);
#6386 = EDGE_CURVE('',#6348,#6379,#6387,.T.);
#6387 = LINE('',#6388,#6389);
#6388 = CARTESIAN_POINT('',(560.,-15.,14.737205583712));
#6389 = VECTOR('',#6390,1.);
#6390 = DIRECTION('',(0.,0.,1.));
#6391 = PLANE('',#6392);
#6392 = AXIS2_PLACEMENT_3D('',#6393,#6394,#6395);
#6393 = CARTESIAN_POINT('',(560.,-15.,14.737205583712));
#6394 = DIRECTION('',(0.,-1.,0.));
#6395 = DIRECTION('',(0.,0.,1.));
#6396 = ADVANCED_FACE('',(#6397),#6422,.F.);
#6397 = FACE_BOUND('',#6398,.F.);
#6398 = EDGE_LOOP('',(#6399,#6400,#6408,#6416));
#6399 = ORIENTED_EDGE('',*,*,#6378,.T.);
#6400 = ORIENTED_EDGE('',*,*,#6401,.T.);
#6401 = EDGE_CURVE('',#6371,#6402,#6404,.T.);
#6402 = VERTEX_POINT('',#6403);
#6403 = CARTESIAN_POINT('',(580.,-275.,120.));
#6404 = LINE('',#6405,#6406);
#6405 = CARTESIAN_POINT('',(580.,-15.,120.));
#6406 = VECTOR('',#6407,1.);
#6407 = DIRECTION('',(0.,-1.,0.));
#6408 = ORIENTED_EDGE('',*,*,#6409,.F.);
#6409 = EDGE_CURVE('',#6410,#6402,#6412,.T.);
#6410 = VERTEX_POINT('',#6411);
#6411 = CARTESIAN_POINT('',(560.,-275.,120.));
#6412 = LINE('',#6413,#6414);
#6413 = CARTESIAN_POINT('',(560.,-275.,120.));
#6414 = VECTOR('',#6415,1.);
#6415 = DIRECTION('',(1.,0.,0.));
#6416 = ORIENTED_EDGE('',*,*,#6417,.F.);
#6417 = EDGE_CURVE('',#6379,#6410,#6418,.T.);
#6418 = LINE('',#6419,#6420);
#6419 = CARTESIAN_POINT('',(560.,-15.,120.));
#6420 = VECTOR('',#6421,1.);
#6421 = DIRECTION('',(0.,-1.,0.));
#6422 = PLANE('',#6423);
#6423 = AXIS2_PLACEMENT_3D('',#6424,#6425,#6426);
#6424 = CARTESIAN_POINT('',(560.,-15.,120.));
#6425 = DIRECTION('',(0.,0.,-1.));
#6426 = DIRECTION('',(0.,-1.,0.));
#6427 = ADVANCED_FACE('',(#6428),#6453,.F.);
#6428 = FACE_BOUND('',#6429,.F.);
#6429 = EDGE_LOOP('',(#6430,#6431,#6439,#6447));
#6430 = ORIENTED_EDGE('',*,*,#6409,.T.);
#6431 = ORIENTED_EDGE('',*,*,#6432,.T.);
#6432 = EDGE_CURVE('',#6402,#6433,#6435,.T.);
#6433 = VERTEX_POINT('',#6434);
#6434 = CARTESIAN_POINT('',(580.,-275.,14.737205583712));
#6435 = LINE('',#6436,#6437);
#6436 = CARTESIAN_POINT('',(580.,-275.,120.));
#6437 = VECTOR('',#6438,1.);
#6438 = DIRECTION('',(0.,0.,-1.));
#6439 = ORIENTED_EDGE('',*,*,#6440,.F.);
#6440 = EDGE_CURVE('',#6441,#6433,#6443,.T.);
#6441 = VERTEX_POINT('',#6442);
#6442 = CARTESIAN_POINT('',(560.,-275.,14.737205583712));
#6443 = LINE('',#6444,#6445);
#6444 = CARTESIAN_POINT('',(560.,-275.,14.737205583712));
#6445 = VECTOR('',#6446,1.);
#6446 = DIRECTION('',(1.,0.,0.));
#6447 = ORIENTED_EDGE('',*,*,#6448,.F.);
#6448 = EDGE_CURVE('',#6410,#6441,#6449,.T.);
#6449 = LINE('',#6450,#6451);
#6450 = CARTESIAN_POINT('',(560.,-275.,120.));
#6451 = VECTOR('',#6452,1.);
#6452 = DIRECTION('',(0.,0.,-1.));
#6453 = PLANE('',#6454);
#6454 = AXIS2_PLACEMENT_3D('',#6455,#6456,#6457);
#6455 = CARTESIAN_POINT('',(560.,-275.,120.));
#6456 = DIRECTION('',(-0.,1.,0.));
#6457 = DIRECTION('',(0.,0.,-1.));
#6458 = ADVANCED_FACE('',(#6459),#6475,.F.);
#6459 = FACE_BOUND('',#6460,.F.);
#6460 = EDGE_LOOP('',(#6461,#6462,#6468,#6469));
#6461 = ORIENTED_EDGE('',*,*,#6440,.T.);
#6462 = ORIENTED_EDGE('',*,*,#6463,.T.);
#6463 = EDGE_CURVE('',#6433,#6301,#6464,.T.);
#6464 = LINE('',#6465,#6466);
#6465 = CARTESIAN_POINT('',(580.,-275.,14.737205583712));
#6466 = VECTOR('',#6467,1.);
#6467 = DIRECTION('',(0.,0.965925826289,-0.258819045103));
#6468 = ORIENTED_EDGE('',*,*,#6298,.F.);
#6469 = ORIENTED_EDGE('',*,*,#6470,.F.);
#6470 = EDGE_CURVE('',#6441,#6299,#6471,.T.);
#6471 = LINE('',#6472,#6473);
#6472 = CARTESIAN_POINT('',(560.,-275.,14.737205583712));
#6473 = VECTOR('',#6474,1.);
#6474 = DIRECTION('',(0.,0.965925826289,-0.258819045103));
#6475 = PLANE('',#6476);
#6476 = AXIS2_PLACEMENT_3D('',#6477,#6478,#6479);
#6477 = CARTESIAN_POINT('',(560.,-275.,14.737205583712));
#6478 = DIRECTION('',(-0.,0.258819045103,0.965925826289));
#6479 = DIRECTION('',(0.,0.965925826289,-0.258819045103));
#6480 = ADVANCED_FACE('',(#6481),#6489,.F.);
#6481 = FACE_BOUND('',#6482,.F.);
#6482 = EDGE_LOOP('',(#6483,#6484,#6485,#6486,#6487,#6488));
#6483 = ORIENTED_EDGE('',*,*,#6324,.T.);
#6484 = ORIENTED_EDGE('',*,*,#6355,.T.);
#6485 = ORIENTED_EDGE('',*,*,#6386,.T.);
#6486 = ORIENTED_EDGE('',*,*,#6417,.T.);
#6487 = ORIENTED_EDGE('',*,*,#6448,.T.);
#6488 = ORIENTED_EDGE('',*,*,#6470,.T.);
#6489 = PLANE('',#6490);
#6490 = AXIS2_PLACEMENT_3D('',#6491,#6492,#6493);
#6491 = CARTESIAN_POINT('',(560.,-145.,62.937879085693));
#6492 = DIRECTION('',(1.,0.,0.));
#6493 = DIRECTION('',(-0.,0.,1.));
#6494 = ADVANCED_FACE('',(#6495),#6503,.T.);
#6495 = FACE_BOUND('',#6496,.T.);
#6496 = EDGE_LOOP('',(#6497,#6498,#6499,#6500,#6501,#6502));
#6497 = ORIENTED_EDGE('',*,*,#6308,.T.);
#6498 = ORIENTED_EDGE('',*,*,#6339,.T.);
#6499 = ORIENTED_EDGE('',*,*,#6370,.T.);
#6500 = ORIENTED_EDGE('',*,*,#6401,.T.);
#6501 = ORIENTED_EDGE('',*,*,#6432,.T.);
#6502 = ORIENTED_EDGE('',*,*,#6463,.T.);
#6503 = PLANE('',#6504);
#6504 = AXIS2_PLACEMENT_3D('',#6505,#6506,#6507);
#6505 = CARTESIAN_POINT('',(580.,-145.,62.937879085693));
#6506 = DIRECTION('',(1.,0.,0.));
#6507 = DIRECTION('',(-0.,0.,1.));
#6508 = ( GEOMETRIC_REPRESENTATION_CONTEXT(3) 
GLOBAL_UNCERTAINTY_ASSIGNED_CONTEXT((#6512)) 
GLOBAL_UNIT_ASSIGNED_CONTEXT((#6509,#6510,#6511)) REPRESENTATION_CONTEXT
('Context #1','3D Context with UNIT and UNCERTAINTY') );
#6509 = ( LENGTH_UNIT() NAMED_UNIT(*) SI_UNIT(.MILLI.,.METRE.) );
#6510 = ( NAMED_UNIT(*) PLANE_ANGLE_UNIT() SI_UNIT($,.RADIAN.) );
#6511 = ( NAMED_UNIT(*) SI_UNIT($,.STERADIAN.) SOLID_ANGLE_UNIT() );
#6512 = UNCERTAINTY_MEASURE_WITH_UNIT(LENGTH_MEASURE(1.E-07),#6509,
  'distance_accuracy_value','confusion accuracy');
#6513 = CONTEXT_DEPENDENT_SHAPE_REPRESENTATION(#6514,#6516);
#6514 = ( REPRESENTATION_RELATIONSHIP('','',#6291,#10) 
REPRESENTATION_RELATIONSHIP_WITH_TRANSFORMATION(#6515) 
SHAPE_REPRESENTATION_RELATIONSHIP() );
#6515 = ITEM_DEFINED_TRANSFORMATION('','',#11,#151);
#6516 = PRODUCT_DEFINITION_SHAPE('Placement','Placement of an item',
  #6517);
#6517 = NEXT_ASSEMBLY_USAGE_OCCURRENCE('35',
  'CAT-PORT-BULKHEAD-04 | Bulkhead | nominal plywood 20 mm','',#5,#6286,
  $);
#6518 = PRODUCT_RELATED_PRODUCT_CATEGORY('part',$,(#6288));
#6519 = SHAPE_DEFINITION_REPRESENTATION(#6520,#6526);
#6520 = PRODUCT_DEFINITION_SHAPE('','',#6521);
#6521 = PRODUCT_DEFINITION('design','',#6522,#6525);
#6522 = PRODUCT_DEFINITION_FORMATION('','',#6523);
#6523 = PRODUCT(
  'CAT-PORT-BULKHEAD-05 | Bulkhead | nominal plywood 20 mm',
  'CAT-PORT-BULKHEAD-05 | Bulkhead | nominal plywood 20 mm','',(#6524));
#6524 = PRODUCT_CONTEXT('',#2,'mechanical');
#6525 = PRODUCT_DEFINITION_CONTEXT('part definition',#2,'design');
#6526 = ADVANCED_BREP_SHAPE_REPRESENTATION('',(#11,#6527),#6743);
#6527 = MANIFOLD_SOLID_BREP('',#6528);
#6528 = CLOSED_SHELL('',(#6529,#6569,#6600,#6631,#6662,#6693,#6715,#6729
    ));
#6529 = ADVANCED_FACE('',(#6530),#6564,.F.);
#6530 = FACE_BOUND('',#6531,.F.);
#6531 = EDGE_LOOP('',(#6532,#6542,#6550,#6558));
#6532 = ORIENTED_EDGE('',*,*,#6533,.T.);
#6533 = EDGE_CURVE('',#6534,#6536,#6538,.T.);
#6534 = VERTEX_POINT('',#6535);
#6535 = CARTESIAN_POINT('',(730.,-190.4545454545,0.));
#6536 = VERTEX_POINT('',#6537);
#6537 = CARTESIAN_POINT('',(750.,-190.4545454545,0.));
#6538 = LINE('',#6539,#6540);
#6539 = CARTESIAN_POINT('',(730.,-190.4545454545,0.));
#6540 = VECTOR('',#6541,1.);
#6541 = DIRECTION('',(1.,0.,0.));
#6542 = ORIENTED_EDGE('',*,*,#6543,.T.);
#6543 = EDGE_CURVE('',#6536,#6544,#6546,.T.);
#6544 = VERTEX_POINT('',#6545);
#6545 = CARTESIAN_POINT('',(750.,-99.54545454545,0.));
#6546 = LINE('',#6547,#6548);
#6547 = CARTESIAN_POINT('',(750.,-190.4545454545,0.));
#6548 = VECTOR('',#6549,1.);
#6549 = DIRECTION('',(0.,1.,0.));
#6550 = ORIENTED_EDGE('',*,*,#6551,.F.);
#6551 = EDGE_CURVE('',#6552,#6544,#6554,.T.);
#6552 = VERTEX_POINT('',#6553);
#6553 = CARTESIAN_POINT('',(730.,-99.54545454545,0.));
#6554 = LINE('',#6555,#6556);
#6555 = CARTESIAN_POINT('',(730.,-99.54545454545,0.));
#6556 = VECTOR('',#6557,1.);
#6557 = DIRECTION('',(1.,0.,0.));
#6558 = ORIENTED_EDGE('',*,*,#6559,.F.);
#6559 = EDGE_CURVE('',#6534,#6552,#6560,.T.);
#6560 = LINE('',#6561,#6562);
#6561 = CARTESIAN_POINT('',(730.,-190.4545454545,0.));
#6562 = VECTOR('',#6563,1.);
#6563 = DIRECTION('',(0.,1.,0.));
#6564 = PLANE('',#6565);
#6565 = AXIS2_PLACEMENT_3D('',#6566,#6567,#6568);
#6566 = CARTESIAN_POINT('',(730.,-190.4545454545,0.));
#6567 = DIRECTION('',(0.,0.,1.));
#6568 = DIRECTION('',(0.,1.,0.));
#6569 = ADVANCED_FACE('',(#6570),#6595,.F.);
#6570 = FACE_BOUND('',#6571,.F.);
#6571 = EDGE_LOOP('',(#6572,#6573,#6581,#6589));
#6572 = ORIENTED_EDGE('',*,*,#6551,.T.);
#6573 = ORIENTED_EDGE('',*,*,#6574,.T.);
#6574 = EDGE_CURVE('',#6544,#6575,#6577,.T.);
#6575 = VERTEX_POINT('',#6576);
#6576 = CARTESIAN_POINT('',(750.,-44.54545454545,14.737205583712));
#6577 = LINE('',#6578,#6579);
#6578 = CARTESIAN_POINT('',(750.,-99.54545454545,0.));
#6579 = VECTOR('',#6580,1.);
#6580 = DIRECTION('',(0.,0.965925826289,0.258819045103));
#6581 = ORIENTED_EDGE('',*,*,#6582,.F.);
#6582 = EDGE_CURVE('',#6583,#6575,#6585,.T.);
#6583 = VERTEX_POINT('',#6584);
#6584 = CARTESIAN_POINT('',(730.,-44.54545454545,14.737205583712));
#6585 = LINE('',#6586,#6587);
#6586 = CARTESIAN_POINT('',(730.,-44.54545454545,14.737205583712));
#6587 = VECTOR('',#6588,1.);
#6588 = DIRECTION('',(1.,0.,0.));
#6589 = ORIENTED_EDGE('',*,*,#6590,.F.);
#6590 = EDGE_CURVE('',#6552,#6583,#6591,.T.);
#6591 = LINE('',#6592,#6593);
#6592 = CARTESIAN_POINT('',(730.,-99.54545454545,0.));
#6593 = VECTOR('',#6594,1.);
#6594 = DIRECTION('',(0.,0.965925826289,0.258819045103));
#6595 = PLANE('',#6596);
#6596 = AXIS2_PLACEMENT_3D('',#6597,#6598,#6599);
#6597 = CARTESIAN_POINT('',(730.,-99.54545454545,0.));
#6598 = DIRECTION('',(0.,-0.258819045103,0.965925826289));
#6599 = DIRECTION('',(0.,0.965925826289,0.258819045103));
#6600 = ADVANCED_FACE('',(#6601),#6626,.F.);
#6601 = FACE_BOUND('',#6602,.F.);
#6602 = EDGE_LOOP('',(#6603,#6604,#6612,#6620));
#6603 = ORIENTED_EDGE('',*,*,#6582,.T.);
#6604 = ORIENTED_EDGE('',*,*,#6605,.T.);
#6605 = EDGE_CURVE('',#6575,#6606,#6608,.T.);
#6606 = VERTEX_POINT('',#6607);
#6607 = CARTESIAN_POINT('',(750.,-44.54545454545,120.));
#6608 = LINE('',#6609,#6610);
#6609 = CARTESIAN_POINT('',(750.,-44.54545454545,14.737205583712));
#6610 = VECTOR('',#6611,1.);
#6611 = DIRECTION('',(0.,0.,1.));
#6612 = ORIENTED_EDGE('',*,*,#6613,.F.);
#6613 = EDGE_CURVE('',#6614,#6606,#6616,.T.);
#6614 = VERTEX_POINT('',#6615);
#6615 = CARTESIAN_POINT('',(730.,-44.54545454545,120.));
#6616 = LINE('',#6617,#6618);
#6617 = CARTESIAN_POINT('',(730.,-44.54545454545,120.));
#6618 = VECTOR('',#6619,1.);
#6619 = DIRECTION('',(1.,0.,0.));
#6620 = ORIENTED_EDGE('',*,*,#6621,.F.);
#6621 = EDGE_CURVE('',#6583,#6614,#6622,.T.);
#6622 = LINE('',#6623,#6624);
#6623 = CARTESIAN_POINT('',(730.,-44.54545454545,14.737205583712));
#6624 = VECTOR('',#6625,1.);
#6625 = DIRECTION('',(0.,0.,1.));
#6626 = PLANE('',#6627);
#6627 = AXIS2_PLACEMENT_3D('',#6628,#6629,#6630);
#6628 = CARTESIAN_POINT('',(730.,-44.54545454545,14.737205583712));
#6629 = DIRECTION('',(0.,-1.,0.));
#6630 = DIRECTION('',(0.,0.,1.));
#6631 = ADVANCED_FACE('',(#6632),#6657,.F.);
#6632 = FACE_BOUND('',#6633,.F.);
#6633 = EDGE_LOOP('',(#6634,#6635,#6643,#6651));
#6634 = ORIENTED_EDGE('',*,*,#6613,.T.);
#6635 = ORIENTED_EDGE('',*,*,#6636,.T.);
#6636 = EDGE_CURVE('',#6606,#6637,#6639,.T.);
#6637 = VERTEX_POINT('',#6638);
#6638 = CARTESIAN_POINT('',(750.,-245.4545454545,120.));
#6639 = LINE('',#6640,#6641);
#6640 = CARTESIAN_POINT('',(750.,-44.54545454545,120.));
#6641 = VECTOR('',#6642,1.);
#6642 = DIRECTION('',(0.,-1.,0.));
#6643 = ORIENTED_EDGE('',*,*,#6644,.F.);
#6644 = EDGE_CURVE('',#6645,#6637,#6647,.T.);
#6645 = VERTEX_POINT('',#6646);
#6646 = CARTESIAN_POINT('',(730.,-245.4545454545,120.));
#6647 = LINE('',#6648,#6649);
#6648 = CARTESIAN_POINT('',(730.,-245.4545454545,120.));
#6649 = VECTOR('',#6650,1.);
#6650 = DIRECTION('',(1.,0.,0.));
#6651 = ORIENTED_EDGE('',*,*,#6652,.F.);
#6652 = EDGE_CURVE('',#6614,#6645,#6653,.T.);
#6653 = LINE('',#6654,#6655);
#6654 = CARTESIAN_POINT('',(730.,-44.54545454545,120.));
#6655 = VECTOR('',#6656,1.);
#6656 = DIRECTION('',(0.,-1.,0.));
#6657 = PLANE('',#6658);
#6658 = AXIS2_PLACEMENT_3D('',#6659,#6660,#6661);
#6659 = CARTESIAN_POINT('',(730.,-44.54545454545,120.));
#6660 = DIRECTION('',(0.,0.,-1.));
#6661 = DIRECTION('',(0.,-1.,0.));
#6662 = ADVANCED_FACE('',(#6663),#6688,.F.);
#6663 = FACE_BOUND('',#6664,.F.);
#6664 = EDGE_LOOP('',(#6665,#6666,#6674,#6682));
#6665 = ORIENTED_EDGE('',*,*,#6644,.T.);
#6666 = ORIENTED_EDGE('',*,*,#6667,.T.);
#6667 = EDGE_CURVE('',#6637,#6668,#6670,.T.);
#6668 = VERTEX_POINT('',#6669);
#6669 = CARTESIAN_POINT('',(750.,-245.4545454545,14.737205583712));
#6670 = LINE('',#6671,#6672);
#6671 = CARTESIAN_POINT('',(750.,-245.4545454545,120.));
#6672 = VECTOR('',#6673,1.);
#6673 = DIRECTION('',(0.,0.,-1.));
#6674 = ORIENTED_EDGE('',*,*,#6675,.F.);
#6675 = EDGE_CURVE('',#6676,#6668,#6678,.T.);
#6676 = VERTEX_POINT('',#6677);
#6677 = CARTESIAN_POINT('',(730.,-245.4545454545,14.737205583712));
#6678 = LINE('',#6679,#6680);
#6679 = CARTESIAN_POINT('',(730.,-245.4545454545,14.737205583712));
#6680 = VECTOR('',#6681,1.);
#6681 = DIRECTION('',(1.,0.,0.));
#6682 = ORIENTED_EDGE('',*,*,#6683,.F.);
#6683 = EDGE_CURVE('',#6645,#6676,#6684,.T.);
#6684 = LINE('',#6685,#6686);
#6685 = CARTESIAN_POINT('',(730.,-245.4545454545,120.));
#6686 = VECTOR('',#6687,1.);
#6687 = DIRECTION('',(0.,0.,-1.));
#6688 = PLANE('',#6689);
#6689 = AXIS2_PLACEMENT_3D('',#6690,#6691,#6692);
#6690 = CARTESIAN_POINT('',(730.,-245.4545454545,120.));
#6691 = DIRECTION('',(-0.,1.,0.));
#6692 = DIRECTION('',(0.,0.,-1.));
#6693 = ADVANCED_FACE('',(#6694),#6710,.F.);
#6694 = FACE_BOUND('',#6695,.F.);
#6695 = EDGE_LOOP('',(#6696,#6697,#6703,#6704));
#6696 = ORIENTED_EDGE('',*,*,#6675,.T.);
#6697 = ORIENTED_EDGE('',*,*,#6698,.T.);
#6698 = EDGE_CURVE('',#6668,#6536,#6699,.T.);
#6699 = LINE('',#6700,#6701);
#6700 = CARTESIAN_POINT('',(750.,-245.4545454545,14.737205583712));
#6701 = VECTOR('',#6702,1.);
#6702 = DIRECTION('',(0.,0.965925826289,-0.258819045103));
#6703 = ORIENTED_EDGE('',*,*,#6533,.F.);
#6704 = ORIENTED_EDGE('',*,*,#6705,.F.);
#6705 = EDGE_CURVE('',#6676,#6534,#6706,.T.);
#6706 = LINE('',#6707,#6708);
#6707 = CARTESIAN_POINT('',(730.,-245.4545454545,14.737205583712));
#6708 = VECTOR('',#6709,1.);
#6709 = DIRECTION('',(0.,0.965925826289,-0.258819045103));
#6710 = PLANE('',#6711);
#6711 = AXIS2_PLACEMENT_3D('',#6712,#6713,#6714);
#6712 = CARTESIAN_POINT('',(730.,-245.4545454545,14.737205583712));
#6713 = DIRECTION('',(-0.,0.258819045103,0.965925826289));
#6714 = DIRECTION('',(0.,0.965925826289,-0.258819045103));
#6715 = ADVANCED_FACE('',(#6716),#6724,.F.);
#6716 = FACE_BOUND('',#6717,.F.);
#6717 = EDGE_LOOP('',(#6718,#6719,#6720,#6721,#6722,#6723));
#6718 = ORIENTED_EDGE('',*,*,#6559,.T.);
#6719 = ORIENTED_EDGE('',*,*,#6590,.T.);
#6720 = ORIENTED_EDGE('',*,*,#6621,.T.);
#6721 = ORIENTED_EDGE('',*,*,#6652,.T.);
#6722 = ORIENTED_EDGE('',*,*,#6683,.T.);
#6723 = ORIENTED_EDGE('',*,*,#6705,.T.);
#6724 = PLANE('',#6725);
#6725 = AXIS2_PLACEMENT_3D('',#6726,#6727,#6728);
#6726 = CARTESIAN_POINT('',(730.,-145.,63.501316743348));
#6727 = DIRECTION('',(1.,0.,0.));
#6728 = DIRECTION('',(-0.,0.,1.));
#6729 = ADVANCED_FACE('',(#6730),#6738,.T.);
#6730 = FACE_BOUND('',#6731,.T.);
#6731 = EDGE_LOOP('',(#6732,#6733,#6734,#6735,#6736,#6737));
#6732 = ORIENTED_EDGE('',*,*,#6543,.T.);
#6733 = ORIENTED_EDGE('',*,*,#6574,.T.);
#6734 = ORIENTED_EDGE('',*,*,#6605,.T.);
#6735 = ORIENTED_EDGE('',*,*,#6636,.T.);
#6736 = ORIENTED_EDGE('',*,*,#6667,.T.);
#6737 = ORIENTED_EDGE('',*,*,#6698,.T.);
#6738 = PLANE('',#6739);
#6739 = AXIS2_PLACEMENT_3D('',#6740,#6741,#6742);
#6740 = CARTESIAN_POINT('',(750.,-145.,63.501316743348));
#6741 = DIRECTION('',(1.,0.,0.));
#6742 = DIRECTION('',(-0.,0.,1.));
#6743 = ( GEOMETRIC_REPRESENTATION_CONTEXT(3) 
GLOBAL_UNCERTAINTY_ASSIGNED_CONTEXT((#6747)) 
GLOBAL_UNIT_ASSIGNED_CONTEXT((#6744,#6745,#6746)) REPRESENTATION_CONTEXT
('Context #1','3D Context with UNIT and UNCERTAINTY') );
#6744 = ( LENGTH_UNIT() NAMED_UNIT(*) SI_UNIT(.MILLI.,.METRE.) );
#6745 = ( NAMED_UNIT(*) PLANE_ANGLE_UNIT() SI_UNIT($,.RADIAN.) );
#6746 = ( NAMED_UNIT(*) SI_UNIT($,.STERADIAN.) SOLID_ANGLE_UNIT() );
#6747 = UNCERTAINTY_MEASURE_WITH_UNIT(LENGTH_MEASURE(1.E-07),#6744,
  'distance_accuracy_value','confusion accuracy');
#6748 = CONTEXT_DEPENDENT_SHAPE_REPRESENTATION(#6749,#6751);
#6749 = ( REPRESENTATION_RELATIONSHIP('','',#6526,#10) 
REPRESENTATION_RELATIONSHIP_WITH_TRANSFORMATION(#6750) 
SHAPE_REPRESENTATION_RELATIONSHIP() );
#6750 = ITEM_DEFINED_TRANSFORMATION('','',#11,#155);
#6751 = PRODUCT_DEFINITION_SHAPE('Placement','Placement of an item',
  #6752);
#6752 = NEXT_ASSEMBLY_USAGE_OCCURRENCE('36',
  'CAT-PORT-BULKHEAD-05 | Bulkhead | nominal plywood 20 mm','',#5,#6521,
  $);
#6753 = PRODUCT_RELATED_PRODUCT_CATEGORY('part',$,(#6523));
#6754 = SHAPE_DEFINITION_REPRESENTATION(#6755,#6761);
#6755 = PRODUCT_DEFINITION_SHAPE('','',#6756);
#6756 = PRODUCT_DEFINITION('design','',#6757,#6760);
#6757 = PRODUCT_DEFINITION_FORMATION('','',#6758);
#6758 = PRODUCT('CAT-PORT-DECK-01 | Deck | nominal plywood 20 mm',
  'CAT-PORT-DECK-01 | Deck | nominal plywood 20 mm','',(#6759));
#6759 = PRODUCT_CONTEXT('',#2,'mechanical');
#6760 = PRODUCT_DEFINITION_CONTEXT('part definition',#2,'design');
#6761 = ADVANCED_BREP_SHAPE_REPRESENTATION('',(#11,#6762),#6912);
#6762 = MANIFOLD_SOLID_BREP('',#6763);
#6763 = CLOSED_SHELL('',(#6764,#6804,#6835,#6866,#6888,#6900));
#6764 = ADVANCED_FACE('',(#6765),#6799,.F.);
#6765 = FACE_BOUND('',#6766,.F.);
#6766 = EDGE_LOOP('',(#6767,#6777,#6785,#6793));
#6767 = ORIENTED_EDGE('',*,*,#6768,.T.);
#6768 = EDGE_CURVE('',#6769,#6771,#6773,.T.);
#6769 = VERTEX_POINT('',#6770);
#6770 = CARTESIAN_POINT('',(0.,-275.,120.));
#6771 = VERTEX_POINT('',#6772);
#6772 = CARTESIAN_POINT('',(0.,-275.,140.));
#6773 = LINE('',#6774,#6775);
#6774 = CARTESIAN_POINT('',(0.,-275.,120.));
#6775 = VECTOR('',#6776,1.);
#6776 = DIRECTION('',(0.,0.,1.));
#6777 = ORIENTED_EDGE('',*,*,#6778,.T.);
#6778 = EDGE_CURVE('',#6771,#6779,#6781,.T.);
#6779 = VERTEX_POINT('',#6780);
#6780 = CARTESIAN_POINT('',(50.,-275.,140.));
#6781 = LINE('',#6782,#6783);
#6782 = CARTESIAN_POINT('',(0.,-275.,140.));
#6783 = VECTOR('',#6784,1.);
#6784 = DIRECTION('',(1.,0.,0.));
#6785 = ORIENTED_EDGE('',*,*,#6786,.F.);
#6786 = EDGE_CURVE('',#6787,#6779,#6789,.T.);
#6787 = VERTEX_POINT('',#6788);
#6788 = CARTESIAN_POINT('',(50.,-275.,120.));
#6789 = LINE('',#6790,#6791);
#6790 = CARTESIAN_POINT('',(50.,-275.,120.));
#6791 = VECTOR('',#6792,1.);
#6792 = DIRECTION('',(0.,0.,1.));
#6793 = ORIENTED_EDGE('',*,*,#6794,.F.);
#6794 = EDGE_CURVE('',#6769,#6787,#6795,.T.);
#6795 = LINE('',#6796,#6797);
#6796 = CARTESIAN_POINT('',(0.,-275.,120.));
#6797 = VECTOR('',#6798,1.);
#6798 = DIRECTION('',(1.,0.,0.));
#6799 = PLANE('',#6800);
#6800 = AXIS2_PLACEMENT_3D('',#6801,#6802,#6803);
#6801 = CARTESIAN_POINT('',(0.,-275.,120.));
#6802 = DIRECTION('',(0.,1.,0.));
#6803 = DIRECTION('',(1.,0.,0.));
#6804 = ADVANCED_FACE('',(#6805),#6830,.F.);
#6805 = FACE_BOUND('',#6806,.F.);
#6806 = EDGE_LOOP('',(#6807,#6808,#6816,#6824));
#6807 = ORIENTED_EDGE('',*,*,#6786,.T.);
#6808 = ORIENTED_EDGE('',*,*,#6809,.T.);
#6809 = EDGE_CURVE('',#6779,#6810,#6812,.T.);
#6810 = VERTEX_POINT('',#6811);
#6811 = CARTESIAN_POINT('',(50.,-15.,140.));
#6812 = LINE('',#6813,#6814);
#6813 = CARTESIAN_POINT('',(50.,-275.,140.));
#6814 = VECTOR('',#6815,1.);
#6815 = DIRECTION('',(0.,1.,0.));
#6816 = ORIENTED_EDGE('',*,*,#6817,.F.);
#6817 = EDGE_CURVE('',#6818,#6810,#6820,.T.);
#6818 = VERTEX_POINT('',#6819);
#6819 = CARTESIAN_POINT('',(50.,-15.,120.));
#6820 = LINE('',#6821,#6822);
#6821 = CARTESIAN_POINT('',(50.,-15.,120.));
#6822 = VECTOR('',#6823,1.);
#6823 = DIRECTION('',(0.,0.,1.));
#6824 = ORIENTED_EDGE('',*,*,#6825,.F.);
#6825 = EDGE_CURVE('',#6787,#6818,#6826,.T.);
#6826 = LINE('',#6827,#6828);
#6827 = CARTESIAN_POINT('',(50.,-275.,120.));
#6828 = VECTOR('',#6829,1.);
#6829 = DIRECTION('',(0.,1.,0.));
#6830 = PLANE('',#6831);
#6831 = AXIS2_PLACEMENT_3D('',#6832,#6833,#6834);
#6832 = CARTESIAN_POINT('',(50.,-275.,120.));
#6833 = DIRECTION('',(-1.,0.,0.));
#6834 = DIRECTION('',(0.,1.,0.));
#6835 = ADVANCED_FACE('',(#6836),#6861,.F.);
#6836 = FACE_BOUND('',#6837,.F.);
#6837 = EDGE_LOOP('',(#6838,#6839,#6847,#6855));
#6838 = ORIENTED_EDGE('',*,*,#6817,.T.);
#6839 = ORIENTED_EDGE('',*,*,#6840,.T.);
#6840 = EDGE_CURVE('',#6810,#6841,#6843,.T.);
#6841 = VERTEX_POINT('',#6842);
#6842 = CARTESIAN_POINT('',(0.,-15.,140.));
#6843 = LINE('',#6844,#6845);
#6844 = CARTESIAN_POINT('',(50.,-15.,140.));
#6845 = VECTOR('',#6846,1.);
#6846 = DIRECTION('',(-1.,0.,0.));
#6847 = ORIENTED_EDGE('',*,*,#6848,.F.);
#6848 = EDGE_CURVE('',#6849,#6841,#6851,.T.);
#6849 = VERTEX_POINT('',#6850);
#6850 = CARTESIAN_POINT('',(0.,-15.,120.));
#6851 = LINE('',#6852,#6853);
#6852 = CARTESIAN_POINT('',(0.,-15.,120.));
#6853 = VECTOR('',#6854,1.);
#6854 = DIRECTION('',(0.,0.,1.));
#6855 = ORIENTED_EDGE('',*,*,#6856,.F.);
#6856 = EDGE_CURVE('',#6818,#6849,#6857,.T.);
#6857 = LINE('',#6858,#6859);
#6858 = CARTESIAN_POINT('',(50.,-15.,120.));
#6859 = VECTOR('',#6860,1.);
#6860 = DIRECTION('',(-1.,0.,0.));
#6861 = PLANE('',#6862);
#6862 = AXIS2_PLACEMENT_3D('',#6863,#6864,#6865);
#6863 = CARTESIAN_POINT('',(50.,-15.,120.));
#6864 = DIRECTION('',(0.,-1.,0.));
#6865 = DIRECTION('',(-1.,0.,0.));
#6866 = ADVANCED_FACE('',(#6867),#6883,.F.);
#6867 = FACE_BOUND('',#6868,.F.);
#6868 = EDGE_LOOP('',(#6869,#6870,#6876,#6877));
#6869 = ORIENTED_EDGE('',*,*,#6848,.T.);
#6870 = ORIENTED_EDGE('',*,*,#6871,.T.);
#6871 = EDGE_CURVE('',#6841,#6771,#6872,.T.);
#6872 = LINE('',#6873,#6874);
#6873 = CARTESIAN_POINT('',(0.,-15.,140.));
#6874 = VECTOR('',#6875,1.);
#6875 = DIRECTION('',(0.,-1.,0.));
#6876 = ORIENTED_EDGE('',*,*,#6768,.F.);
#6877 = ORIENTED_EDGE('',*,*,#6878,.F.);
#6878 = EDGE_CURVE('',#6849,#6769,#6879,.T.);
#6879 = LINE('',#6880,#6881);
#6880 = CARTESIAN_POINT('',(0.,-15.,120.));
#6881 = VECTOR('',#6882,1.);
#6882 = DIRECTION('',(0.,-1.,0.));
#6883 = PLANE('',#6884);
#6884 = AXIS2_PLACEMENT_3D('',#6885,#6886,#6887);
#6885 = CARTESIAN_POINT('',(0.,-15.,120.));
#6886 = DIRECTION('',(1.,0.,-0.));
#6887 = DIRECTION('',(0.,-1.,0.));
#6888 = ADVANCED_FACE('',(#6889),#6895,.F.);
#6889 = FACE_BOUND('',#6890,.F.);
#6890 = EDGE_LOOP('',(#6891,#6892,#6893,#6894));
#6891 = ORIENTED_EDGE('',*,*,#6794,.T.);
#6892 = ORIENTED_EDGE('',*,*,#6825,.T.);
#6893 = ORIENTED_EDGE('',*,*,#6856,.T.);
#6894 = ORIENTED_EDGE('',*,*,#6878,.T.);
#6895 = PLANE('',#6896);
#6896 = AXIS2_PLACEMENT_3D('',#6897,#6898,#6899);
#6897 = CARTESIAN_POINT('',(25.,-145.,120.));
#6898 = DIRECTION('',(0.,0.,1.));
#6899 = DIRECTION('',(1.,0.,-0.));
#6900 = ADVANCED_FACE('',(#6901),#6907,.T.);
#6901 = FACE_BOUND('',#6902,.T.);
#6902 = EDGE_LOOP('',(#6903,#6904,#6905,#6906));
#6903 = ORIENTED_EDGE('',*,*,#6778,.T.);
#6904 = ORIENTED_EDGE('',*,*,#6809,.T.);
#6905 = ORIENTED_EDGE('',*,*,#6840,.T.);
#6906 = ORIENTED_EDGE('',*,*,#6871,.T.);
#6907 = PLANE('',#6908);
#6908 = AXIS2_PLACEMENT_3D('',#6909,#6910,#6911);
#6909 = CARTESIAN_POINT('',(25.,-145.,140.));
#6910 = DIRECTION('',(0.,0.,1.));
#6911 = DIRECTION('',(1.,0.,-0.));
#6912 = ( GEOMETRIC_REPRESENTATION_CONTEXT(3) 
GLOBAL_UNCERTAINTY_ASSIGNED_CONTEXT((#6916)) 
GLOBAL_UNIT_ASSIGNED_CONTEXT((#6913,#6914,#6915)) REPRESENTATION_CONTEXT
('Context #1','3D Context with UNIT and UNCERTAINTY') );
#6913 = ( LENGTH_UNIT() NAMED_UNIT(*) SI_UNIT(.MILLI.,.METRE.) );
#6914 = ( NAMED_UNIT(*) PLANE_ANGLE_UNIT() SI_UNIT($,.RADIAN.) );
#6915 = ( NAMED_UNIT(*) SI_UNIT($,.STERADIAN.) SOLID_ANGLE_UNIT() );
#6916 = UNCERTAINTY_MEASURE_WITH_UNIT(LENGTH_MEASURE(1.E-07),#6913,
  'distance_accuracy_value','confusion accuracy');
#6917 = CONTEXT_DEPENDENT_SHAPE_REPRESENTATION(#6918,#6920);
#6918 = ( REPRESENTATION_RELATIONSHIP('','',#6761,#10) 
REPRESENTATION_RELATIONSHIP_WITH_TRANSFORMATION(#6919) 
SHAPE_REPRESENTATION_RELATIONSHIP() );
#6919 = ITEM_DEFINED_TRANSFORMATION('','',#11,#159);
#6920 = PRODUCT_DEFINITION_SHAPE('Placement','Placement of an item',
  #6921);
#6921 = NEXT_ASSEMBLY_USAGE_OCCURRENCE('37',
  'CAT-PORT-DECK-01 | Deck | nominal plywood 20 mm','',#5,#6756,$);
#6922 = PRODUCT_RELATED_PRODUCT_CATEGORY('part',$,(#6758));
#6923 = SHAPE_DEFINITION_REPRESENTATION(#6924,#6930);
#6924 = PRODUCT_DEFINITION_SHAPE('','',#6925);
#6925 = PRODUCT_DEFINITION('design','',#6926,#6929);
#6926 = PRODUCT_DEFINITION_FORMATION('','',#6927);
#6927 = PRODUCT('CAT-PORT-DECK-02 | Deck | nominal plywood 20 mm',
  'CAT-PORT-DECK-02 | Deck | nominal plywood 20 mm','',(#6928));
#6928 = PRODUCT_CONTEXT('',#2,'mechanical');
#6929 = PRODUCT_DEFINITION_CONTEXT('part definition',#2,'design');
#6930 = ADVANCED_BREP_SHAPE_REPRESENTATION('',(#11,#6931),#7081);
#6931 = MANIFOLD_SOLID_BREP('',#6932);
#6932 = CLOSED_SHELL('',(#6933,#6973,#7004,#7035,#7057,#7069));
#6933 = ADVANCED_FACE('',(#6934),#6968,.F.);
#6934 = FACE_BOUND('',#6935,.F.);
#6935 = EDGE_LOOP('',(#6936,#6946,#6954,#6962));
#6936 = ORIENTED_EDGE('',*,*,#6937,.T.);
#6937 = EDGE_CURVE('',#6938,#6940,#6942,.T.);
#6938 = VERTEX_POINT('',#6939);
#6939 = CARTESIAN_POINT('',(50.,-275.,120.));
#6940 = VERTEX_POINT('',#6941);
#6941 = CARTESIAN_POINT('',(50.,-275.,140.));
#6942 = LINE('',#6943,#6944);
#6943 = CARTESIAN_POINT('',(50.,-275.,120.));
#6944 = VECTOR('',#6945,1.);
#6945 = DIRECTION('',(0.,0.,1.));
#6946 = ORIENTED_EDGE('',*,*,#6947,.T.);
#6947 = EDGE_CURVE('',#6940,#6948,#6950,.T.);
#6948 = VERTEX_POINT('',#6949);
#6949 = CARTESIAN_POINT('',(220.,-275.,140.));
#6950 = LINE('',#6951,#6952);
#6951 = CARTESIAN_POINT('',(50.,-275.,140.));
#6952 = VECTOR('',#6953,1.);
#6953 = DIRECTION('',(1.,0.,0.));
#6954 = ORIENTED_EDGE('',*,*,#6955,.F.);
#6955 = EDGE_CURVE('',#6956,#6948,#6958,.T.);
#6956 = VERTEX_POINT('',#6957);
#6957 = CARTESIAN_POINT('',(220.,-275.,120.));
#6958 = LINE('',#6959,#6960);
#6959 = CARTESIAN_POINT('',(220.,-275.,120.));
#6960 = VECTOR('',#6961,1.);
#6961 = DIRECTION('',(0.,0.,1.));
#6962 = ORIENTED_EDGE('',*,*,#6963,.F.);
#6963 = EDGE_CURVE('',#6938,#6956,#6964,.T.);
#6964 = LINE('',#6965,#6966);
#6965 = CARTESIAN_POINT('',(50.,-275.,120.));
#6966 = VECTOR('',#6967,1.);
#6967 = DIRECTION('',(1.,0.,0.));
#6968 = PLANE('',#6969);
#6969 = AXIS2_PLACEMENT_3D('',#6970,#6971,#6972);
#6970 = CARTESIAN_POINT('',(50.,-275.,120.));
#6971 = DIRECTION('',(0.,1.,0.));
#6972 = DIRECTION('',(1.,0.,0.));
#6973 = ADVANCED_FACE('',(#6974),#6999,.F.);
#6974 = FACE_BOUND('',#6975,.F.);
#6975 = EDGE_LOOP('',(#6976,#6977,#6985,#6993));
#6976 = ORIENTED_EDGE('',*,*,#6955,.T.);
#6977 = ORIENTED_EDGE('',*,*,#6978,.T.);
#6978 = EDGE_CURVE('',#6948,#6979,#6981,.T.);
#6979 = VERTEX_POINT('',#6980);
#6980 = CARTESIAN_POINT('',(220.,-15.,140.));
#6981 = LINE('',#6982,#6983);
#6982 = CARTESIAN_POINT('',(220.,-275.,140.));
#6983 = VECTOR('',#6984,1.);
#6984 = DIRECTION('',(0.,1.,0.));
#6985 = ORIENTED_EDGE('',*,*,#6986,.F.);
#6986 = EDGE_CURVE('',#6987,#6979,#6989,.T.);
#6987 = VERTEX_POINT('',#6988);
#6988 = CARTESIAN_POINT('',(220.,-15.,120.));
#6989 = LINE('',#6990,#6991);
#6990 = CARTESIAN_POINT('',(220.,-15.,120.));
#6991 = VECTOR('',#6992,1.);
#6992 = DIRECTION('',(0.,0.,1.));
#6993 = ORIENTED_EDGE('',*,*,#6994,.F.);
#6994 = EDGE_CURVE('',#6956,#6987,#6995,.T.);
#6995 = LINE('',#6996,#6997);
#6996 = CARTESIAN_POINT('',(220.,-275.,120.));
#6997 = VECTOR('',#6998,1.);
#6998 = DIRECTION('',(0.,1.,0.));
#6999 = PLANE('',#7000);
#7000 = AXIS2_PLACEMENT_3D('',#7001,#7002,#7003);
#7001 = CARTESIAN_POINT('',(220.,-275.,120.));
#7002 = DIRECTION('',(-1.,0.,0.));
#7003 = DIRECTION('',(0.,1.,0.));
#7004 = ADVANCED_FACE('',(#7005),#7030,.F.);
#7005 = FACE_BOUND('',#7006,.F.);
#7006 = EDGE_LOOP('',(#7007,#7008,#7016,#7024));
#7007 = ORIENTED_EDGE('',*,*,#6986,.T.);
#7008 = ORIENTED_EDGE('',*,*,#7009,.T.);
#7009 = EDGE_CURVE('',#6979,#7010,#7012,.T.);
#7010 = VERTEX_POINT('',#7011);
#7011 = CARTESIAN_POINT('',(50.,-15.,140.));
#7012 = LINE('',#7013,#7014);
#7013 = CARTESIAN_POINT('',(220.,-15.,140.));
#7014 = VECTOR('',#7015,1.);
#7015 = DIRECTION('',(-1.,0.,0.));
#7016 = ORIENTED_EDGE('',*,*,#7017,.F.);
#7017 = EDGE_CURVE('',#7018,#7010,#7020,.T.);
#7018 = VERTEX_POINT('',#7019);
#7019 = CARTESIAN_POINT('',(50.,-15.,120.));
#7020 = LINE('',#7021,#7022);
#7021 = CARTESIAN_POINT('',(50.,-15.,120.));
#7022 = VECTOR('',#7023,1.);
#7023 = DIRECTION('',(0.,0.,1.));
#7024 = ORIENTED_EDGE('',*,*,#7025,.F.);
#7025 = EDGE_CURVE('',#6987,#7018,#7026,.T.);
#7026 = LINE('',#7027,#7028);
#7027 = CARTESIAN_POINT('',(220.,-15.,120.));
#7028 = VECTOR('',#7029,1.);
#7029 = DIRECTION('',(-1.,0.,0.));
#7030 = PLANE('',#7031);
#7031 = AXIS2_PLACEMENT_3D('',#7032,#7033,#7034);
#7032 = CARTESIAN_POINT('',(220.,-15.,120.));
#7033 = DIRECTION('',(0.,-1.,0.));
#7034 = DIRECTION('',(-1.,0.,0.));
#7035 = ADVANCED_FACE('',(#7036),#7052,.F.);
#7036 = FACE_BOUND('',#7037,.F.);
#7037 = EDGE_LOOP('',(#7038,#7039,#7045,#7046));
#7038 = ORIENTED_EDGE('',*,*,#7017,.T.);
#7039 = ORIENTED_EDGE('',*,*,#7040,.T.);
#7040 = EDGE_CURVE('',#7010,#6940,#7041,.T.);
#7041 = LINE('',#7042,#7043);
#7042 = CARTESIAN_POINT('',(50.,-15.,140.));
#7043 = VECTOR('',#7044,1.);
#7044 = DIRECTION('',(0.,-1.,0.));
#7045 = ORIENTED_EDGE('',*,*,#6937,.F.);
#7046 = ORIENTED_EDGE('',*,*,#7047,.F.);
#7047 = EDGE_CURVE('',#7018,#6938,#7048,.T.);
#7048 = LINE('',#7049,#7050);
#7049 = CARTESIAN_POINT('',(50.,-15.,120.));
#7050 = VECTOR('',#7051,1.);
#7051 = DIRECTION('',(0.,-1.,0.));
#7052 = PLANE('',#7053);
#7053 = AXIS2_PLACEMENT_3D('',#7054,#7055,#7056);
#7054 = CARTESIAN_POINT('',(50.,-15.,120.));
#7055 = DIRECTION('',(1.,0.,-0.));
#7056 = DIRECTION('',(0.,-1.,0.));
#7057 = ADVANCED_FACE('',(#7058),#7064,.F.);
#7058 = FACE_BOUND('',#7059,.F.);
#7059 = EDGE_LOOP('',(#7060,#7061,#7062,#7063));
#7060 = ORIENTED_EDGE('',*,*,#6963,.T.);
#7061 = ORIENTED_EDGE('',*,*,#6994,.T.);
#7062 = ORIENTED_EDGE('',*,*,#7025,.T.);
#7063 = ORIENTED_EDGE('',*,*,#7047,.T.);
#7064 = PLANE('',#7065);
#7065 = AXIS2_PLACEMENT_3D('',#7066,#7067,#7068);
#7066 = CARTESIAN_POINT('',(135.,-145.,120.));
#7067 = DIRECTION('',(0.,0.,1.));
#7068 = DIRECTION('',(1.,0.,-0.));
#7069 = ADVANCED_FACE('',(#7070),#7076,.T.);
#7070 = FACE_BOUND('',#7071,.T.);
#7071 = EDGE_LOOP('',(#7072,#7073,#7074,#7075));
#7072 = ORIENTED_EDGE('',*,*,#6947,.T.);
#7073 = ORIENTED_EDGE('',*,*,#6978,.T.);
#7074 = ORIENTED_EDGE('',*,*,#7009,.T.);
#7075 = ORIENTED_EDGE('',*,*,#7040,.T.);
#7076 = PLANE('',#7077);
#7077 = AXIS2_PLACEMENT_3D('',#7078,#7079,#7080);
#7078 = CARTESIAN_POINT('',(135.,-145.,140.));
#7079 = DIRECTION('',(0.,0.,1.));
#7080 = DIRECTION('',(1.,0.,-0.));
#7081 = ( GEOMETRIC_REPRESENTATION_CONTEXT(3) 
GLOBAL_UNCERTAINTY_ASSIGNED_CONTEXT((#7085)) 
GLOBAL_UNIT_ASSIGNED_CONTEXT((#7082,#7083,#7084)) REPRESENTATION_CONTEXT
('Context #1','3D Context with UNIT and UNCERTAINTY') );
#7082 = ( LENGTH_UNIT() NAMED_UNIT(*) SI_UNIT(.MILLI.,.METRE.) );
#7083 = ( NAMED_UNIT(*) PLANE_ANGLE_UNIT() SI_UNIT($,.RADIAN.) );
#7084 = ( NAMED_UNIT(*) SI_UNIT($,.STERADIAN.) SOLID_ANGLE_UNIT() );
#7085 = UNCERTAINTY_MEASURE_WITH_UNIT(LENGTH_MEASURE(1.E-07),#7082,
  'distance_accuracy_value','confusion accuracy');
#7086 = CONTEXT_DEPENDENT_SHAPE_REPRESENTATION(#7087,#7089);
#7087 = ( REPRESENTATION_RELATIONSHIP('','',#6930,#10) 
REPRESENTATION_RELATIONSHIP_WITH_TRANSFORMATION(#7088) 
SHAPE_REPRESENTATION_RELATIONSHIP() );
#7088 = ITEM_DEFINED_TRANSFORMATION('','',#11,#163);
#7089 = PRODUCT_DEFINITION_SHAPE('Placement','Placement of an item',
  #7090);
#7090 = NEXT_ASSEMBLY_USAGE_OCCURRENCE('38',
  'CAT-PORT-DECK-02 | Deck | nominal plywood 20 mm','',#5,#6925,$);
#7091 = PRODUCT_RELATED_PRODUCT_CATEGORY('part',$,(#6927));
#7092 = SHAPE_DEFINITION_REPRESENTATION(#7093,#7099);
#7093 = PRODUCT_DEFINITION_SHAPE('','',#7094);
#7094 = PRODUCT_DEFINITION('design','',#7095,#7098);
#7095 = PRODUCT_DEFINITION_FORMATION('','',#7096);
#7096 = PRODUCT('CAT-PORT-DECK-03 | Deck | nominal plywood 20 mm',
  'CAT-PORT-DECK-03 | Deck | nominal plywood 20 mm','',(#7097));
#7097 = PRODUCT_CONTEXT('',#2,'mechanical');
#7098 = PRODUCT_DEFINITION_CONTEXT('part definition',#2,'design');
#7099 = ADVANCED_BREP_SHAPE_REPRESENTATION('',(#11,#7100),#7250);
#7100 = MANIFOLD_SOLID_BREP('',#7101);
#7101 = CLOSED_SHELL('',(#7102,#7142,#7173,#7204,#7226,#7238));
#7102 = ADVANCED_FACE('',(#7103),#7137,.F.);
#7103 = FACE_BOUND('',#7104,.F.);
#7104 = EDGE_LOOP('',(#7105,#7115,#7123,#7131));
#7105 = ORIENTED_EDGE('',*,*,#7106,.T.);
#7106 = EDGE_CURVE('',#7107,#7109,#7111,.T.);
#7107 = VERTEX_POINT('',#7108);
#7108 = CARTESIAN_POINT('',(220.,-275.,120.));
#7109 = VERTEX_POINT('',#7110);
#7110 = CARTESIAN_POINT('',(220.,-275.,140.));
#7111 = LINE('',#7112,#7113);
#7112 = CARTESIAN_POINT('',(220.,-275.,120.));
#7113 = VECTOR('',#7114,1.);
#7114 = DIRECTION('',(0.,0.,1.));
#7115 = ORIENTED_EDGE('',*,*,#7116,.T.);
#7116 = EDGE_CURVE('',#7109,#7117,#7119,.T.);
#7117 = VERTEX_POINT('',#7118);
#7118 = CARTESIAN_POINT('',(390.,-275.,140.));
#7119 = LINE('',#7120,#7121);
#7120 = CARTESIAN_POINT('',(220.,-275.,140.));
#7121 = VECTOR('',#7122,1.);
#7122 = DIRECTION('',(1.,0.,0.));
#7123 = ORIENTED_EDGE('',*,*,#7124,.F.);
#7124 = EDGE_CURVE('',#7125,#7117,#7127,.T.);
#7125 = VERTEX_POINT('',#7126);
#7126 = CARTESIAN_POINT('',(390.,-275.,120.));
#7127 = LINE('',#7128,#7129);
#7128 = CARTESIAN_POINT('',(390.,-275.,120.));
#7129 = VECTOR('',#7130,1.);
#7130 = DIRECTION('',(0.,0.,1.));
#7131 = ORIENTED_EDGE('',*,*,#7132,.F.);
#7132 = EDGE_CURVE('',#7107,#7125,#7133,.T.);
#7133 = LINE('',#7134,#7135);
#7134 = CARTESIAN_POINT('',(220.,-275.,120.));
#7135 = VECTOR('',#7136,1.);
#7136 = DIRECTION('',(1.,0.,0.));
#7137 = PLANE('',#7138);
#7138 = AXIS2_PLACEMENT_3D('',#7139,#7140,#7141);
#7139 = CARTESIAN_POINT('',(220.,-275.,120.));
#7140 = DIRECTION('',(0.,1.,0.));
#7141 = DIRECTION('',(1.,0.,0.));
#7142 = ADVANCED_FACE('',(#7143),#7168,.F.);
#7143 = FACE_BOUND('',#7144,.F.);
#7144 = EDGE_LOOP('',(#7145,#7146,#7154,#7162));
#7145 = ORIENTED_EDGE('',*,*,#7124,.T.);
#7146 = ORIENTED_EDGE('',*,*,#7147,.T.);
#7147 = EDGE_CURVE('',#7117,#7148,#7150,.T.);
#7148 = VERTEX_POINT('',#7149);
#7149 = CARTESIAN_POINT('',(390.,-15.,140.));
#7150 = LINE('',#7151,#7152);
#7151 = CARTESIAN_POINT('',(390.,-275.,140.));
#7152 = VECTOR('',#7153,1.);
#7153 = DIRECTION('',(0.,1.,0.));
#7154 = ORIENTED_EDGE('',*,*,#7155,.F.);
#7155 = EDGE_CURVE('',#7156,#7148,#7158,.T.);
#7156 = VERTEX_POINT('',#7157);
#7157 = CARTESIAN_POINT('',(390.,-15.,120.));
#7158 = LINE('',#7159,#7160);
#7159 = CARTESIAN_POINT('',(390.,-15.,120.));
#7160 = VECTOR('',#7161,1.);
#7161 = DIRECTION('',(0.,0.,1.));
#7162 = ORIENTED_EDGE('',*,*,#7163,.F.);
#7163 = EDGE_CURVE('',#7125,#7156,#7164,.T.);
#7164 = LINE('',#7165,#7166);
#7165 = CARTESIAN_POINT('',(390.,-275.,120.));
#7166 = VECTOR('',#7167,1.);
#7167 = DIRECTION('',(0.,1.,0.));
#7168 = PLANE('',#7169);
#7169 = AXIS2_PLACEMENT_3D('',#7170,#7171,#7172);
#7170 = CARTESIAN_POINT('',(390.,-275.,120.));
#7171 = DIRECTION('',(-1.,0.,0.));
#7172 = DIRECTION('',(0.,1.,0.));
#7173 = ADVANCED_FACE('',(#7174),#7199,.F.);
#7174 = FACE_BOUND('',#7175,.F.);
#7175 = EDGE_LOOP('',(#7176,#7177,#7185,#7193));
#7176 = ORIENTED_EDGE('',*,*,#7155,.T.);
#7177 = ORIENTED_EDGE('',*,*,#7178,.T.);
#7178 = EDGE_CURVE('',#7148,#7179,#7181,.T.);
#7179 = VERTEX_POINT('',#7180);
#7180 = CARTESIAN_POINT('',(220.,-15.,140.));
#7181 = LINE('',#7182,#7183);
#7182 = CARTESIAN_POINT('',(390.,-15.,140.));
#7183 = VECTOR('',#7184,1.);
#7184 = DIRECTION('',(-1.,0.,0.));
#7185 = ORIENTED_EDGE('',*,*,#7186,.F.);
#7186 = EDGE_CURVE('',#7187,#7179,#7189,.T.);
#7187 = VERTEX_POINT('',#7188);
#7188 = CARTESIAN_POINT('',(220.,-15.,120.));
#7189 = LINE('',#7190,#7191);
#7190 = CARTESIAN_POINT('',(220.,-15.,120.));
#7191 = VECTOR('',#7192,1.);
#7192 = DIRECTION('',(0.,0.,1.));
#7193 = ORIENTED_EDGE('',*,*,#7194,.F.);
#7194 = EDGE_CURVE('',#7156,#7187,#7195,.T.);
#7195 = LINE('',#7196,#7197);
#7196 = CARTESIAN_POINT('',(390.,-15.,120.));
#7197 = VECTOR('',#7198,1.);
#7198 = DIRECTION('',(-1.,0.,0.));
#7199 = PLANE('',#7200);
#7200 = AXIS2_PLACEMENT_3D('',#7201,#7202,#7203);
#7201 = CARTESIAN_POINT('',(390.,-15.,120.));
#7202 = DIRECTION('',(0.,-1.,0.));
#7203 = DIRECTION('',(-1.,0.,0.));
#7204 = ADVANCED_FACE('',(#7205),#7221,.F.);
#7205 = FACE_BOUND('',#7206,.F.);
#7206 = EDGE_LOOP('',(#7207,#7208,#7214,#7215));
#7207 = ORIENTED_EDGE('',*,*,#7186,.T.);
#7208 = ORIENTED_EDGE('',*,*,#7209,.T.);
#7209 = EDGE_CURVE('',#7179,#7109,#7210,.T.);
#7210 = LINE('',#7211,#7212);
#7211 = CARTESIAN_POINT('',(220.,-15.,140.));
#7212 = VECTOR('',#7213,1.);
#7213 = DIRECTION('',(0.,-1.,0.));
#7214 = ORIENTED_EDGE('',*,*,#7106,.F.);
#7215 = ORIENTED_EDGE('',*,*,#7216,.F.);
#7216 = EDGE_CURVE('',#7187,#7107,#7217,.T.);
#7217 = LINE('',#7218,#7219);
#7218 = CARTESIAN_POINT('',(220.,-15.,120.));
#7219 = VECTOR('',#7220,1.);
#7220 = DIRECTION('',(0.,-1.,0.));
#7221 = PLANE('',#7222);
#7222 = AXIS2_PLACEMENT_3D('',#7223,#7224,#7225);
#7223 = CARTESIAN_POINT('',(220.,-15.,120.));
#7224 = DIRECTION('',(1.,0.,-0.));
#7225 = DIRECTION('',(0.,-1.,0.));
#7226 = ADVANCED_FACE('',(#7227),#7233,.F.);
#7227 = FACE_BOUND('',#7228,.F.);
#7228 = EDGE_LOOP('',(#7229,#7230,#7231,#7232));
#7229 = ORIENTED_EDGE('',*,*,#7132,.T.);
#7230 = ORIENTED_EDGE('',*,*,#7163,.T.);
#7231 = ORIENTED_EDGE('',*,*,#7194,.T.);
#7232 = ORIENTED_EDGE('',*,*,#7216,.T.);
#7233 = PLANE('',#7234);
#7234 = AXIS2_PLACEMENT_3D('',#7235,#7236,#7237);
#7235 = CARTESIAN_POINT('',(305.,-145.,120.));
#7236 = DIRECTION('',(0.,0.,1.));
#7237 = DIRECTION('',(1.,0.,-0.));
#7238 = ADVANCED_FACE('',(#7239),#7245,.T.);
#7239 = FACE_BOUND('',#7240,.T.);
#7240 = EDGE_LOOP('',(#7241,#7242,#7243,#7244));
#7241 = ORIENTED_EDGE('',*,*,#7116,.T.);
#7242 = ORIENTED_EDGE('',*,*,#7147,.T.);
#7243 = ORIENTED_EDGE('',*,*,#7178,.T.);
#7244 = ORIENTED_EDGE('',*,*,#7209,.T.);
#7245 = PLANE('',#7246);
#7246 = AXIS2_PLACEMENT_3D('',#7247,#7248,#7249);
#7247 = CARTESIAN_POINT('',(305.,-145.,140.));
#7248 = DIRECTION('',(0.,0.,1.));
#7249 = DIRECTION('',(1.,0.,-0.));
#7250 = ( GEOMETRIC_REPRESENTATION_CONTEXT(3) 
GLOBAL_UNCERTAINTY_ASSIGNED_CONTEXT((#7254)) 
GLOBAL_UNIT_ASSIGNED_CONTEXT((#7251,#7252,#7253)) REPRESENTATION_CONTEXT
('Context #1','3D Context with UNIT and UNCERTAINTY') );
#7251 = ( LENGTH_UNIT() NAMED_UNIT(*) SI_UNIT(.MILLI.,.METRE.) );
#7252 = ( NAMED_UNIT(*) PLANE_ANGLE_UNIT() SI_UNIT($,.RADIAN.) );
#7253 = ( NAMED_UNIT(*) SI_UNIT($,.STERADIAN.) SOLID_ANGLE_UNIT() );
#7254 = UNCERTAINTY_MEASURE_WITH_UNIT(LENGTH_MEASURE(1.E-07),#7251,
  'distance_accuracy_value','confusion accuracy');
#7255 = CONTEXT_DEPENDENT_SHAPE_REPRESENTATION(#7256,#7258);
#7256 = ( REPRESENTATION_RELATIONSHIP('','',#7099,#10) 
REPRESENTATION_RELATIONSHIP_WITH_TRANSFORMATION(#7257) 
SHAPE_REPRESENTATION_RELATIONSHIP() );
#7257 = ITEM_DEFINED_TRANSFORMATION('','',#11,#167);
#7258 = PRODUCT_DEFINITION_SHAPE('Placement','Placement of an item',
  #7259);
#7259 = NEXT_ASSEMBLY_USAGE_OCCURRENCE('39',
  'CAT-PORT-DECK-03 | Deck | nominal plywood 20 mm','',#5,#7094,$);
#7260 = PRODUCT_RELATED_PRODUCT_CATEGORY('part',$,(#7096));
#7261 = SHAPE_DEFINITION_REPRESENTATION(#7262,#7268);
#7262 = PRODUCT_DEFINITION_SHAPE('','',#7263);
#7263 = PRODUCT_DEFINITION('design','',#7264,#7267);
#7264 = PRODUCT_DEFINITION_FORMATION('','',#7265);
#7265 = PRODUCT('CAT-PORT-DECK-04 | Deck | nominal plywood 20 mm',
  'CAT-PORT-DECK-04 | Deck | nominal plywood 20 mm','',(#7266));
#7266 = PRODUCT_CONTEXT('',#2,'mechanical');
#7267 = PRODUCT_DEFINITION_CONTEXT('part definition',#2,'design');
#7268 = ADVANCED_BREP_SHAPE_REPRESENTATION('',(#11,#7269),#7419);
#7269 = MANIFOLD_SOLID_BREP('',#7270);
#7270 = CLOSED_SHELL('',(#7271,#7311,#7342,#7373,#7395,#7407));
#7271 = ADVANCED_FACE('',(#7272),#7306,.F.);
#7272 = FACE_BOUND('',#7273,.F.);
#7273 = EDGE_LOOP('',(#7274,#7284,#7292,#7300));
#7274 = ORIENTED_EDGE('',*,*,#7275,.T.);
#7275 = EDGE_CURVE('',#7276,#7278,#7280,.T.);
#7276 = VERTEX_POINT('',#7277);
#7277 = CARTESIAN_POINT('',(390.,-275.,120.));
#7278 = VERTEX_POINT('',#7279);
#7279 = CARTESIAN_POINT('',(390.,-275.,140.));
#7280 = LINE('',#7281,#7282);
#7281 = CARTESIAN_POINT('',(390.,-275.,120.));
#7282 = VECTOR('',#7283,1.);
#7283 = DIRECTION('',(0.,0.,1.));
#7284 = ORIENTED_EDGE('',*,*,#7285,.T.);
#7285 = EDGE_CURVE('',#7278,#7286,#7288,.T.);
#7286 = VERTEX_POINT('',#7287);
#7287 = CARTESIAN_POINT('',(560.,-275.,140.));
#7288 = LINE('',#7289,#7290);
#7289 = CARTESIAN_POINT('',(390.,-275.,140.));
#7290 = VECTOR('',#7291,1.);
#7291 = DIRECTION('',(1.,0.,0.));
#7292 = ORIENTED_EDGE('',*,*,#7293,.F.);
#7293 = EDGE_CURVE('',#7294,#7286,#7296,.T.);
#7294 = VERTEX_POINT('',#7295);
#7295 = CARTESIAN_POINT('',(560.,-275.,120.));
#7296 = LINE('',#7297,#7298);
#7297 = CARTESIAN_POINT('',(560.,-275.,120.));
#7298 = VECTOR('',#7299,1.);
#7299 = DIRECTION('',(0.,0.,1.));
#7300 = ORIENTED_EDGE('',*,*,#7301,.F.);
#7301 = EDGE_CURVE('',#7276,#7294,#7302,.T.);
#7302 = LINE('',#7303,#7304);
#7303 = CARTESIAN_POINT('',(390.,-275.,120.));
#7304 = VECTOR('',#7305,1.);
#7305 = DIRECTION('',(1.,0.,0.));
#7306 = PLANE('',#7307);
#7307 = AXIS2_PLACEMENT_3D('',#7308,#7309,#7310);
#7308 = CARTESIAN_POINT('',(390.,-275.,120.));
#7309 = DIRECTION('',(0.,1.,0.));
#7310 = DIRECTION('',(1.,0.,0.));
#7311 = ADVANCED_FACE('',(#7312),#7337,.F.);
#7312 = FACE_BOUND('',#7313,.F.);
#7313 = EDGE_LOOP('',(#7314,#7315,#7323,#7331));
#7314 = ORIENTED_EDGE('',*,*,#7293,.T.);
#7315 = ORIENTED_EDGE('',*,*,#7316,.T.);
#7316 = EDGE_CURVE('',#7286,#7317,#7319,.T.);
#7317 = VERTEX_POINT('',#7318);
#7318 = CARTESIAN_POINT('',(560.,-15.,140.));
#7319 = LINE('',#7320,#7321);
#7320 = CARTESIAN_POINT('',(560.,-275.,140.));
#7321 = VECTOR('',#7322,1.);
#7322 = DIRECTION('',(0.,1.,0.));
#7323 = ORIENTED_EDGE('',*,*,#7324,.F.);
#7324 = EDGE_CURVE('',#7325,#7317,#7327,.T.);
#7325 = VERTEX_POINT('',#7326);
#7326 = CARTESIAN_POINT('',(560.,-15.,120.));
#7327 = LINE('',#7328,#7329);
#7328 = CARTESIAN_POINT('',(560.,-15.,120.));
#7329 = VECTOR('',#7330,1.);
#7330 = DIRECTION('',(0.,0.,1.));
#7331 = ORIENTED_EDGE('',*,*,#7332,.F.);
#7332 = EDGE_CURVE('',#7294,#7325,#7333,.T.);
#7333 = LINE('',#7334,#7335);
#7334 = CARTESIAN_POINT('',(560.,-275.,120.));
#7335 = VECTOR('',#7336,1.);
#7336 = DIRECTION('',(0.,1.,0.));
#7337 = PLANE('',#7338);
#7338 = AXIS2_PLACEMENT_3D('',#7339,#7340,#7341);
#7339 = CARTESIAN_POINT('',(560.,-275.,120.));
#7340 = DIRECTION('',(-1.,0.,0.));
#7341 = DIRECTION('',(0.,1.,0.));
#7342 = ADVANCED_FACE('',(#7343),#7368,.F.);
#7343 = FACE_BOUND('',#7344,.F.);
#7344 = EDGE_LOOP('',(#7345,#7346,#7354,#7362));
#7345 = ORIENTED_EDGE('',*,*,#7324,.T.);
#7346 = ORIENTED_EDGE('',*,*,#7347,.T.);
#7347 = EDGE_CURVE('',#7317,#7348,#7350,.T.);
#7348 = VERTEX_POINT('',#7349);
#7349 = CARTESIAN_POINT('',(390.,-15.,140.));
#7350 = LINE('',#7351,#7352);
#7351 = CARTESIAN_POINT('',(560.,-15.,140.));
#7352 = VECTOR('',#7353,1.);
#7353 = DIRECTION('',(-1.,0.,0.));
#7354 = ORIENTED_EDGE('',*,*,#7355,.F.);
#7355 = EDGE_CURVE('',#7356,#7348,#7358,.T.);
#7356 = VERTEX_POINT('',#7357);
#7357 = CARTESIAN_POINT('',(390.,-15.,120.));
#7358 = LINE('',#7359,#7360);
#7359 = CARTESIAN_POINT('',(390.,-15.,120.));
#7360 = VECTOR('',#7361,1.);
#7361 = DIRECTION('',(0.,0.,1.));
#7362 = ORIENTED_EDGE('',*,*,#7363,.F.);
#7363 = EDGE_CURVE('',#7325,#7356,#7364,.T.);
#7364 = LINE('',#7365,#7366);
#7365 = CARTESIAN_POINT('',(560.,-15.,120.));
#7366 = VECTOR('',#7367,1.);
#7367 = DIRECTION('',(-1.,0.,0.));
#7368 = PLANE('',#7369);
#7369 = AXIS2_PLACEMENT_3D('',#7370,#7371,#7372);
#7370 = CARTESIAN_POINT('',(560.,-15.,120.));
#7371 = DIRECTION('',(0.,-1.,0.));
#7372 = DIRECTION('',(-1.,0.,0.));
#7373 = ADVANCED_FACE('',(#7374),#7390,.F.);
#7374 = FACE_BOUND('',#7375,.F.);
#7375 = EDGE_LOOP('',(#7376,#7377,#7383,#7384));
#7376 = ORIENTED_EDGE('',*,*,#7355,.T.);
#7377 = ORIENTED_EDGE('',*,*,#7378,.T.);
#7378 = EDGE_CURVE('',#7348,#7278,#7379,.T.);
#7379 = LINE('',#7380,#7381);
#7380 = CARTESIAN_POINT('',(390.,-15.,140.));
#7381 = VECTOR('',#7382,1.);
#7382 = DIRECTION('',(0.,-1.,0.));
#7383 = ORIENTED_EDGE('',*,*,#7275,.F.);
#7384 = ORIENTED_EDGE('',*,*,#7385,.F.);
#7385 = EDGE_CURVE('',#7356,#7276,#7386,.T.);
#7386 = LINE('',#7387,#7388);
#7387 = CARTESIAN_POINT('',(390.,-15.,120.));
#7388 = VECTOR('',#7389,1.);
#7389 = DIRECTION('',(0.,-1.,0.));
#7390 = PLANE('',#7391);
#7391 = AXIS2_PLACEMENT_3D('',#7392,#7393,#7394);
#7392 = CARTESIAN_POINT('',(390.,-15.,120.));
#7393 = DIRECTION('',(1.,0.,-0.));
#7394 = DIRECTION('',(0.,-1.,0.));
#7395 = ADVANCED_FACE('',(#7396),#7402,.F.);
#7396 = FACE_BOUND('',#7397,.F.);
#7397 = EDGE_LOOP('',(#7398,#7399,#7400,#7401));
#7398 = ORIENTED_EDGE('',*,*,#7301,.T.);
#7399 = ORIENTED_EDGE('',*,*,#7332,.T.);
#7400 = ORIENTED_EDGE('',*,*,#7363,.T.);
#7401 = ORIENTED_EDGE('',*,*,#7385,.T.);
#7402 = PLANE('',#7403);
#7403 = AXIS2_PLACEMENT_3D('',#7404,#7405,#7406);
#7404 = CARTESIAN_POINT('',(475.,-145.,120.));
#7405 = DIRECTION('',(0.,0.,1.));
#7406 = DIRECTION('',(1.,0.,-0.));
#7407 = ADVANCED_FACE('',(#7408),#7414,.T.);
#7408 = FACE_BOUND('',#7409,.T.);
#7409 = EDGE_LOOP('',(#7410,#7411,#7412,#7413));
#7410 = ORIENTED_EDGE('',*,*,#7285,.T.);
#7411 = ORIENTED_EDGE('',*,*,#7316,.T.);
#7412 = ORIENTED_EDGE('',*,*,#7347,.T.);
#7413 = ORIENTED_EDGE('',*,*,#7378,.T.);
#7414 = PLANE('',#7415);
#7415 = AXIS2_PLACEMENT_3D('',#7416,#7417,#7418);
#7416 = CARTESIAN_POINT('',(475.,-145.,140.));
#7417 = DIRECTION('',(0.,0.,1.));
#7418 = DIRECTION('',(1.,0.,-0.));
#7419 = ( GEOMETRIC_REPRESENTATION_CONTEXT(3) 
GLOBAL_UNCERTAINTY_ASSIGNED_CONTEXT((#7423)) 
GLOBAL_UNIT_ASSIGNED_CONTEXT((#7420,#7421,#7422)) REPRESENTATION_CONTEXT
('Context #1','3D Context with UNIT and UNCERTAINTY') );
#7420 = ( LENGTH_UNIT() NAMED_UNIT(*) SI_UNIT(.MILLI.,.METRE.) );
#7421 = ( NAMED_UNIT(*) PLANE_ANGLE_UNIT() SI_UNIT($,.RADIAN.) );
#7422 = ( NAMED_UNIT(*) SI_UNIT($,.STERADIAN.) SOLID_ANGLE_UNIT() );
#7423 = UNCERTAINTY_MEASURE_WITH_UNIT(LENGTH_MEASURE(1.E-07),#7420,
  'distance_accuracy_value','confusion accuracy');
#7424 = CONTEXT_DEPENDENT_SHAPE_REPRESENTATION(#7425,#7427);
#7425 = ( REPRESENTATION_RELATIONSHIP('','',#7268,#10) 
REPRESENTATION_RELATIONSHIP_WITH_TRANSFORMATION(#7426) 
SHAPE_REPRESENTATION_RELATIONSHIP() );
#7426 = ITEM_DEFINED_TRANSFORMATION('','',#11,#171);
#7427 = PRODUCT_DEFINITION_SHAPE('Placement','Placement of an item',
  #7428);
#7428 = NEXT_ASSEMBLY_USAGE_OCCURRENCE('40',
  'CAT-PORT-DECK-04 | Deck | nominal plywood 20 mm','',#5,#7263,$);
#7429 = PRODUCT_RELATED_PRODUCT_CATEGORY('part',$,(#7265));
#7430 = SHAPE_DEFINITION_REPRESENTATION(#7431,#7437);
#7431 = PRODUCT_DEFINITION_SHAPE('','',#7432);
#7432 = PRODUCT_DEFINITION('design','',#7433,#7436);
#7433 = PRODUCT_DEFINITION_FORMATION('','',#7434);
#7434 = PRODUCT('CAT-PORT-DECK-05 | Deck | nominal plywood 20 mm',
  'CAT-PORT-DECK-05 | Deck | nominal plywood 20 mm','',(#7435));
#7435 = PRODUCT_CONTEXT('',#2,'mechanical');
#7436 = PRODUCT_DEFINITION_CONTEXT('part definition',#2,'design');
#7437 = ADVANCED_BREP_SHAPE_REPRESENTATION('',(#11,#7438),#7588);
#7438 = MANIFOLD_SOLID_BREP('',#7439);
#7439 = CLOSED_SHELL('',(#7440,#7480,#7511,#7542,#7564,#7576));
#7440 = ADVANCED_FACE('',(#7441),#7475,.F.);
#7441 = FACE_BOUND('',#7442,.F.);
#7442 = EDGE_LOOP('',(#7443,#7453,#7461,#7469));
#7443 = ORIENTED_EDGE('',*,*,#7444,.T.);
#7444 = EDGE_CURVE('',#7445,#7447,#7449,.T.);
#7445 = VERTEX_POINT('',#7446);
#7446 = CARTESIAN_POINT('',(560.,-275.,120.));
#7447 = VERTEX_POINT('',#7448);
#7448 = CARTESIAN_POINT('',(560.,-275.,140.));
#7449 = LINE('',#7450,#7451);
#7450 = CARTESIAN_POINT('',(560.,-275.,120.));
#7451 = VECTOR('',#7452,1.);
#7452 = DIRECTION('',(0.,0.,1.));
#7453 = ORIENTED_EDGE('',*,*,#7454,.T.);
#7454 = EDGE_CURVE('',#7447,#7455,#7457,.T.);
#7455 = VERTEX_POINT('',#7456);
#7456 = CARTESIAN_POINT('',(730.,-245.4545454545,140.));
#7457 = LINE('',#7458,#7459);
#7458 = CARTESIAN_POINT('',(560.,-275.,140.));
#7459 = VECTOR('',#7460,1.);
#7460 = DIRECTION('',(0.985231082916,0.171230001042,0.));
#7461 = ORIENTED_EDGE('',*,*,#7462,.F.);
#7462 = EDGE_CURVE('',#7463,#7455,#7465,.T.);
#7463 = VERTEX_POINT('',#7464);
#7464 = CARTESIAN_POINT('',(730.,-245.4545454545,120.));
#7465 = LINE('',#7466,#7467);
#7466 = CARTESIAN_POINT('',(730.,-245.4545454545,120.));
#7467 = VECTOR('',#7468,1.);
#7468 = DIRECTION('',(0.,0.,1.));
#7469 = ORIENTED_EDGE('',*,*,#7470,.F.);
#7470 = EDGE_CURVE('',#7445,#7463,#7471,.T.);
#7471 = LINE('',#7472,#7473);
#7472 = CARTESIAN_POINT('',(560.,-275.,120.));
#7473 = VECTOR('',#7474,1.);
#7474 = DIRECTION('',(0.985231082916,0.171230001042,0.));
#7475 = PLANE('',#7476);
#7476 = AXIS2_PLACEMENT_3D('',#7477,#7478,#7479);
#7477 = CARTESIAN_POINT('',(560.,-275.,120.));
#7478 = DIRECTION('',(-0.171230001042,0.985231082916,0.));
#7479 = DIRECTION('',(0.985231082916,0.171230001042,0.));
#7480 = ADVANCED_FACE('',(#7481),#7506,.F.);
#7481 = FACE_BOUND('',#7482,.F.);
#7482 = EDGE_LOOP('',(#7483,#7484,#7492,#7500));
#7483 = ORIENTED_EDGE('',*,*,#7462,.T.);
#7484 = ORIENTED_EDGE('',*,*,#7485,.T.);
#7485 = EDGE_CURVE('',#7455,#7486,#7488,.T.);
#7486 = VERTEX_POINT('',#7487);
#7487 = CARTESIAN_POINT('',(730.,-44.54545454545,140.));
#7488 = LINE('',#7489,#7490);
#7489 = CARTESIAN_POINT('',(730.,-245.4545454545,140.));
#7490 = VECTOR('',#7491,1.);
#7491 = DIRECTION('',(0.,1.,0.));
#7492 = ORIENTED_EDGE('',*,*,#7493,.F.);
#7493 = EDGE_CURVE('',#7494,#7486,#7496,.T.);
#7494 = VERTEX_POINT('',#7495);
#7495 = CARTESIAN_POINT('',(730.,-44.54545454545,120.));
#7496 = LINE('',#7497,#7498);
#7497 = CARTESIAN_POINT('',(730.,-44.54545454545,120.));
#7498 = VECTOR('',#7499,1.);
#7499 = DIRECTION('',(0.,0.,1.));
#7500 = ORIENTED_EDGE('',*,*,#7501,.F.);
#7501 = EDGE_CURVE('',#7463,#7494,#7502,.T.);
#7502 = LINE('',#7503,#7504);
#7503 = CARTESIAN_POINT('',(730.,-245.4545454545,120.));
#7504 = VECTOR('',#7505,1.);
#7505 = DIRECTION('',(0.,1.,0.));
#7506 = PLANE('',#7507);
#7507 = AXIS2_PLACEMENT_3D('',#7508,#7509,#7510);
#7508 = CARTESIAN_POINT('',(730.,-245.4545454545,120.));
#7509 = DIRECTION('',(-1.,0.,0.));
#7510 = DIRECTION('',(0.,1.,0.));
#7511 = ADVANCED_FACE('',(#7512),#7537,.F.);
#7512 = FACE_BOUND('',#7513,.F.);
#7513 = EDGE_LOOP('',(#7514,#7515,#7523,#7531));
#7514 = ORIENTED_EDGE('',*,*,#7493,.T.);
#7515 = ORIENTED_EDGE('',*,*,#7516,.T.);
#7516 = EDGE_CURVE('',#7486,#7517,#7519,.T.);
#7517 = VERTEX_POINT('',#7518);
#7518 = CARTESIAN_POINT('',(560.,-15.,140.));
#7519 = LINE('',#7520,#7521);
#7520 = CARTESIAN_POINT('',(730.,-44.54545454545,140.));
#7521 = VECTOR('',#7522,1.);
#7522 = DIRECTION('',(-0.985231082916,0.171230001042,0.));
#7523 = ORIENTED_EDGE('',*,*,#7524,.F.);
#7524 = EDGE_CURVE('',#7525,#7517,#7527,.T.);
#7525 = VERTEX_POINT('',#7526);
#7526 = CARTESIAN_POINT('',(560.,-15.,120.));
#7527 = LINE('',#7528,#7529);
#7528 = CARTESIAN_POINT('',(560.,-15.,120.));
#7529 = VECTOR('',#7530,1.);
#7530 = DIRECTION('',(0.,0.,1.));
#7531 = ORIENTED_EDGE('',*,*,#7532,.F.);
#7532 = EDGE_CURVE('',#7494,#7525,#7533,.T.);
#7533 = LINE('',#7534,#7535);
#7534 = CARTESIAN_POINT('',(730.,-44.54545454545,120.));
#7535 = VECTOR('',#7536,1.);
#7536 = DIRECTION('',(-0.985231082916,0.171230001042,0.));
#7537 = PLANE('',#7538);
#7538 = AXIS2_PLACEMENT_3D('',#7539,#7540,#7541);
#7539 = CARTESIAN_POINT('',(730.,-44.54545454545,120.));
#7540 = DIRECTION('',(-0.171230001042,-0.985231082916,0.));
#7541 = DIRECTION('',(-0.985231082916,0.171230001042,0.));
#7542 = ADVANCED_FACE('',(#7543),#7559,.F.);
#7543 = FACE_BOUND('',#7544,.F.);
#7544 = EDGE_LOOP('',(#7545,#7546,#7552,#7553));
#7545 = ORIENTED_EDGE('',*,*,#7524,.T.);
#7546 = ORIENTED_EDGE('',*,*,#7547,.T.);
#7547 = EDGE_CURVE('',#7517,#7447,#7548,.T.);
#7548 = LINE('',#7549,#7550);
#7549 = CARTESIAN_POINT('',(560.,-15.,140.));
#7550 = VECTOR('',#7551,1.);
#7551 = DIRECTION('',(0.,-1.,0.));
#7552 = ORIENTED_EDGE('',*,*,#7444,.F.);
#7553 = ORIENTED_EDGE('',*,*,#7554,.F.);
#7554 = EDGE_CURVE('',#7525,#7445,#7555,.T.);
#7555 = LINE('',#7556,#7557);
#7556 = CARTESIAN_POINT('',(560.,-15.,120.));
#7557 = VECTOR('',#7558,1.);
#7558 = DIRECTION('',(0.,-1.,0.));
#7559 = PLANE('',#7560);
#7560 = AXIS2_PLACEMENT_3D('',#7561,#7562,#7563);
#7561 = CARTESIAN_POINT('',(560.,-15.,120.));
#7562 = DIRECTION('',(1.,0.,-0.));
#7563 = DIRECTION('',(0.,-1.,0.));
#7564 = ADVANCED_FACE('',(#7565),#7571,.F.);
#7565 = FACE_BOUND('',#7566,.F.);
#7566 = EDGE_LOOP('',(#7567,#7568,#7569,#7570));
#7567 = ORIENTED_EDGE('',*,*,#7470,.T.);
#7568 = ORIENTED_EDGE('',*,*,#7501,.T.);
#7569 = ORIENTED_EDGE('',*,*,#7532,.T.);
#7570 = ORIENTED_EDGE('',*,*,#7554,.T.);
#7571 = PLANE('',#7572);
#7572 = AXIS2_PLACEMENT_3D('',#7573,#7574,#7575);
#7573 = CARTESIAN_POINT('',(638.76837325412,-145.,120.));
#7574 = DIRECTION('',(0.,0.,1.));
#7575 = DIRECTION('',(1.,0.,-0.));
#7576 = ADVANCED_FACE('',(#7577),#7583,.T.);
#7577 = FACE_BOUND('',#7578,.T.);
#7578 = EDGE_LOOP('',(#7579,#7580,#7581,#7582));
#7579 = ORIENTED_EDGE('',*,*,#7454,.T.);
#7580 = ORIENTED_EDGE('',*,*,#7485,.T.);
#7581 = ORIENTED_EDGE('',*,*,#7516,.T.);
#7582 = ORIENTED_EDGE('',*,*,#7547,.T.);
#7583 = PLANE('',#7584);
#7584 = AXIS2_PLACEMENT_3D('',#7585,#7586,#7587);
#7585 = CARTESIAN_POINT('',(638.76837325412,-145.,140.));
#7586 = DIRECTION('',(0.,0.,1.));
#7587 = DIRECTION('',(1.,0.,-0.));
#7588 = ( GEOMETRIC_REPRESENTATION_CONTEXT(3) 
GLOBAL_UNCERTAINTY_ASSIGNED_CONTEXT((#7592)) 
GLOBAL_UNIT_ASSIGNED_CONTEXT((#7589,#7590,#7591)) REPRESENTATION_CONTEXT
('Context #1','3D Context with UNIT and UNCERTAINTY') );
#7589 = ( LENGTH_UNIT() NAMED_UNIT(*) SI_UNIT(.MILLI.,.METRE.) );
#7590 = ( NAMED_UNIT(*) PLANE_ANGLE_UNIT() SI_UNIT($,.RADIAN.) );
#7591 = ( NAMED_UNIT(*) SI_UNIT($,.STERADIAN.) SOLID_ANGLE_UNIT() );
#7592 = UNCERTAINTY_MEASURE_WITH_UNIT(LENGTH_MEASURE(1.E-07),#7589,
  'distance_accuracy_value','confusion accuracy');
#7593 = CONTEXT_DEPENDENT_SHAPE_REPRESENTATION(#7594,#7596);
#7594 = ( REPRESENTATION_RELATIONSHIP('','',#7437,#10) 
REPRESENTATION_RELATIONSHIP_WITH_TRANSFORMATION(#7595) 
SHAPE_REPRESENTATION_RELATIONSHIP() );
#7595 = ITEM_DEFINED_TRANSFORMATION('','',#11,#175);
#7596 = PRODUCT_DEFINITION_SHAPE('Placement','Placement of an item',
  #7597);
#7597 = NEXT_ASSEMBLY_USAGE_OCCURRENCE('41',
  'CAT-PORT-DECK-05 | Deck | nominal plywood 20 mm','',#5,#7432,$);
#7598 = PRODUCT_RELATED_PRODUCT_CATEGORY('part',$,(#7434));
#7599 = SHAPE_DEFINITION_REPRESENTATION(#7600,#7606);
#7600 = PRODUCT_DEFINITION_SHAPE('','',#7601);
#7601 = PRODUCT_DEFINITION('design','',#7602,#7605);
#7602 = PRODUCT_DEFINITION_FORMATION('','',#7603);
#7603 = PRODUCT('CAT-PORT-DECK-06 | Deck | nominal plywood 20 mm',
  'CAT-PORT-DECK-06 | Deck | nominal plywood 20 mm','',(#7604));
#7604 = PRODUCT_CONTEXT('',#2,'mechanical');
#7605 = PRODUCT_DEFINITION_CONTEXT('part definition',#2,'design');
#7606 = ADVANCED_BREP_SHAPE_REPRESENTATION('',(#11,#7607),#7724);
#7607 = MANIFOLD_SOLID_BREP('',#7608);
#7608 = CLOSED_SHELL('',(#7609,#7649,#7680,#7702,#7713));
#7609 = ADVANCED_FACE('',(#7610),#7644,.F.);
#7610 = FACE_BOUND('',#7611,.F.);
#7611 = EDGE_LOOP('',(#7612,#7622,#7630,#7638));
#7612 = ORIENTED_EDGE('',*,*,#7613,.T.);
#7613 = EDGE_CURVE('',#7614,#7616,#7618,.T.);
#7614 = VERTEX_POINT('',#7615);
#7615 = CARTESIAN_POINT('',(730.,-245.4545454545,120.));
#7616 = VERTEX_POINT('',#7617);
#7617 = CARTESIAN_POINT('',(730.,-245.4545454545,140.));
#7618 = LINE('',#7619,#7620);
#7619 = CARTESIAN_POINT('',(730.,-245.4545454545,120.));
#7620 = VECTOR('',#7621,1.);
#7621 = DIRECTION('',(0.,0.,1.));
#7622 = ORIENTED_EDGE('',*,*,#7623,.T.);
#7623 = EDGE_CURVE('',#7616,#7624,#7626,.T.);
#7624 = VERTEX_POINT('',#7625);
#7625 = CARTESIAN_POINT('',(900.,-145.,140.));
#7626 = LINE('',#7627,#7628);
#7627 = CARTESIAN_POINT('',(730.,-245.4545454545,140.));
#7628 = VECTOR('',#7629,1.);
#7629 = DIRECTION('',(0.860926528214,0.508729312127,0.));
#7630 = ORIENTED_EDGE('',*,*,#7631,.F.);
#7631 = EDGE_CURVE('',#7632,#7624,#7634,.T.);
#7632 = VERTEX_POINT('',#7633);
#7633 = CARTESIAN_POINT('',(900.,-145.,120.));
#7634 = LINE('',#7635,#7636);
#7635 = CARTESIAN_POINT('',(900.,-145.,120.));
#7636 = VECTOR('',#7637,1.);
#7637 = DIRECTION('',(0.,0.,1.));
#7638 = ORIENTED_EDGE('',*,*,#7639,.F.);
#7639 = EDGE_CURVE('',#7614,#7632,#7640,.T.);
#7640 = LINE('',#7641,#7642);
#7641 = CARTESIAN_POINT('',(730.,-245.4545454545,120.));
#7642 = VECTOR('',#7643,1.);
#7643 = DIRECTION('',(0.860926528214,0.508729312127,0.));
#7644 = PLANE('',#7645);
#7645 = AXIS2_PLACEMENT_3D('',#7646,#7647,#7648);
#7646 = CARTESIAN_POINT('',(730.,-245.4545454545,120.));
#7647 = DIRECTION('',(-0.508729312127,0.860926528214,0.));
#7648 = DIRECTION('',(0.860926528214,0.508729312127,0.));
#7649 = ADVANCED_FACE('',(#7650),#7675,.F.);
#7650 = FACE_BOUND('',#7651,.F.);
#7651 = EDGE_LOOP('',(#7652,#7653,#7661,#7669));
#7652 = ORIENTED_EDGE('',*,*,#7631,.T.);
#7653 = ORIENTED_EDGE('',*,*,#7654,.T.);
#7654 = EDGE_CURVE('',#7624,#7655,#7657,.T.);
#7655 = VERTEX_POINT('',#7656);
#7656 = CARTESIAN_POINT('',(730.,-44.54545454545,140.));
#7657 = LINE('',#7658,#7659);
#7658 = CARTESIAN_POINT('',(900.,-145.,140.));
#7659 = VECTOR('',#7660,1.);
#7660 = DIRECTION('',(-0.860926528214,0.508729312127,0.));
#7661 = ORIENTED_EDGE('',*,*,#7662,.F.);
#7662 = EDGE_CURVE('',#7663,#7655,#7665,.T.);
#7663 = VERTEX_POINT('',#7664);
#7664 = CARTESIAN_POINT('',(730.,-44.54545454545,120.));
#7665 = LINE('',#7666,#7667);
#7666 = CARTESIAN_POINT('',(730.,-44.54545454545,120.));
#7667 = VECTOR('',#7668,1.);
#7668 = DIRECTION('',(0.,0.,1.));
#7669 = ORIENTED_EDGE('',*,*,#7670,.F.);
#7670 = EDGE_CURVE('',#7632,#7663,#7671,.T.);
#7671 = LINE('',#7672,#7673);
#7672 = CARTESIAN_POINT('',(900.,-145.,120.));
#7673 = VECTOR('',#7674,1.);
#7674 = DIRECTION('',(-0.860926528214,0.508729312127,0.));
#7675 = PLANE('',#7676);
#7676 = AXIS2_PLACEMENT_3D('',#7677,#7678,#7679);
#7677 = CARTESIAN_POINT('',(900.,-145.,120.));
#7678 = DIRECTION('',(-0.508729312127,-0.860926528214,0.));
#7679 = DIRECTION('',(-0.860926528214,0.508729312127,0.));
#7680 = ADVANCED_FACE('',(#7681),#7697,.F.);
#7681 = FACE_BOUND('',#7682,.F.);
#7682 = EDGE_LOOP('',(#7683,#7684,#7690,#7691));
#7683 = ORIENTED_EDGE('',*,*,#7662,.T.);
#7684 = ORIENTED_EDGE('',*,*,#7685,.T.);
#7685 = EDGE_CURVE('',#7655,#7616,#7686,.T.);
#7686 = LINE('',#7687,#7688);
#7687 = CARTESIAN_POINT('',(730.,-44.54545454545,140.));
#7688 = VECTOR('',#7689,1.);
#7689 = DIRECTION('',(0.,-1.,0.));
#7690 = ORIENTED_EDGE('',*,*,#7613,.F.);
#7691 = ORIENTED_EDGE('',*,*,#7692,.F.);
#7692 = EDGE_CURVE('',#7663,#7614,#7693,.T.);
#7693 = LINE('',#7694,#7695);
#7694 = CARTESIAN_POINT('',(730.,-44.54545454545,120.));
#7695 = VECTOR('',#7696,1.);
#7696 = DIRECTION('',(0.,-1.,0.));
#7697 = PLANE('',#7698);
#7698 = AXIS2_PLACEMENT_3D('',#7699,#7700,#7701);
#7699 = CARTESIAN_POINT('',(730.,-44.54545454545,120.));
#7700 = DIRECTION('',(1.,0.,-0.));
#7701 = DIRECTION('',(0.,-1.,0.));
#7702 = ADVANCED_FACE('',(#7703),#7708,.F.);
#7703 = FACE_BOUND('',#7704,.F.);
#7704 = EDGE_LOOP('',(#7705,#7706,#7707));
#7705 = ORIENTED_EDGE('',*,*,#7639,.T.);
#7706 = ORIENTED_EDGE('',*,*,#7670,.T.);
#7707 = ORIENTED_EDGE('',*,*,#7692,.T.);
#7708 = PLANE('',#7709);
#7709 = AXIS2_PLACEMENT_3D('',#7710,#7711,#7712);
#7710 = CARTESIAN_POINT('',(786.33880068266,-145.,120.));
#7711 = DIRECTION('',(0.,0.,1.));
#7712 = DIRECTION('',(1.,0.,-0.));
#7713 = ADVANCED_FACE('',(#7714),#7719,.T.);
#7714 = FACE_BOUND('',#7715,.T.);
#7715 = EDGE_LOOP('',(#7716,#7717,#7718));
#7716 = ORIENTED_EDGE('',*,*,#7623,.T.);
#7717 = ORIENTED_EDGE('',*,*,#7654,.T.);
#7718 = ORIENTED_EDGE('',*,*,#7685,.T.);
#7719 = PLANE('',#7720);
#7720 = AXIS2_PLACEMENT_3D('',#7721,#7722,#7723);
#7721 = CARTESIAN_POINT('',(786.33880068266,-145.,140.));
#7722 = DIRECTION('',(0.,0.,1.));
#7723 = DIRECTION('',(1.,0.,-0.));
#7724 = ( GEOMETRIC_REPRESENTATION_CONTEXT(3) 
GLOBAL_UNCERTAINTY_ASSIGNED_CONTEXT((#7728)) 
GLOBAL_UNIT_ASSIGNED_CONTEXT((#7725,#7726,#7727)) REPRESENTATION_CONTEXT
('Context #1','3D Context with UNIT and UNCERTAINTY') );
#7725 = ( LENGTH_UNIT() NAMED_UNIT(*) SI_UNIT(.MILLI.,.METRE.) );
#7726 = ( NAMED_UNIT(*) PLANE_ANGLE_UNIT() SI_UNIT($,.RADIAN.) );
#7727 = ( NAMED_UNIT(*) SI_UNIT($,.STERADIAN.) SOLID_ANGLE_UNIT() );
#7728 = UNCERTAINTY_MEASURE_WITH_UNIT(LENGTH_MEASURE(1.E-07),#7725,
  'distance_accuracy_value','confusion accuracy');
#7729 = CONTEXT_DEPENDENT_SHAPE_REPRESENTATION(#7730,#7732);
#7730 = ( REPRESENTATION_RELATIONSHIP('','',#7606,#10) 
REPRESENTATION_RELATIONSHIP_WITH_TRANSFORMATION(#7731) 
SHAPE_REPRESENTATION_RELATIONSHIP() );
#7731 = ITEM_DEFINED_TRANSFORMATION('','',#11,#179);
#7732 = PRODUCT_DEFINITION_SHAPE('Placement','Placement of an item',
  #7733);
#7733 = NEXT_ASSEMBLY_USAGE_OCCURRENCE('42',
  'CAT-PORT-DECK-06 | Deck | nominal plywood 20 mm','',#5,#7601,$);
#7734 = PRODUCT_RELATED_PRODUCT_CATEGORY('part',$,(#7603));
#7735 = SHAPE_DEFINITION_REPRESENTATION(#7736,#7742);
#7736 = PRODUCT_DEFINITION_SHAPE('','',#7737);
#7737 = PRODUCT_DEFINITION('design','',#7738,#7741);
#7738 = PRODUCT_DEFINITION_FORMATION('','',#7739);
#7739 = PRODUCT(
  'CAT-STARBOARD-BOTTOM-01 | BottomFlat | nominal plywood 20 mm',
  'CAT-STARBOARD-BOTTOM-01 | BottomFlat | nominal plywood 20 mm','',(
    #7740));
#7740 = PRODUCT_CONTEXT('',#2,'mechanical');
#7741 = PRODUCT_DEFINITION_CONTEXT('part definition',#2,'design');
#7742 = ADVANCED_BREP_SHAPE_REPRESENTATION('',(#11,#7743),#7893);
#7743 = MANIFOLD_SOLID_BREP('',#7744);
#7744 = CLOSED_SHELL('',(#7745,#7785,#7816,#7847,#7869,#7881));
#7745 = ADVANCED_FACE('',(#7746),#7780,.F.);
#7746 = FACE_BOUND('',#7747,.F.);
#7747 = EDGE_LOOP('',(#7748,#7758,#7766,#7774));
#7748 = ORIENTED_EDGE('',*,*,#7749,.T.);
#7749 = EDGE_CURVE('',#7750,#7752,#7754,.T.);
#7750 = VERTEX_POINT('',#7751);
#7751 = CARTESIAN_POINT('',(0.,70.,0.));
#7752 = VERTEX_POINT('',#7753);
#7753 = CARTESIAN_POINT('',(0.,70.,20.));
#7754 = LINE('',#7755,#7756);
#7755 = CARTESIAN_POINT('',(0.,70.,0.));
#7756 = VECTOR('',#7757,1.);
#7757 = DIRECTION('',(0.,0.,1.));
#7758 = ORIENTED_EDGE('',*,*,#7759,.T.);
#7759 = EDGE_CURVE('',#7752,#7760,#7762,.T.);
#7760 = VERTEX_POINT('',#7761);
#7761 = CARTESIAN_POINT('',(50.,70.,20.));
#7762 = LINE('',#7763,#7764);
#7763 = CARTESIAN_POINT('',(0.,70.,20.));
#7764 = VECTOR('',#7765,1.);
#7765 = DIRECTION('',(1.,0.,0.));
#7766 = ORIENTED_EDGE('',*,*,#7767,.F.);
#7767 = EDGE_CURVE('',#7768,#7760,#7770,.T.);
#7768 = VERTEX_POINT('',#7769);
#7769 = CARTESIAN_POINT('',(50.,70.,0.));
#7770 = LINE('',#7771,#7772);
#7771 = CARTESIAN_POINT('',(50.,70.,0.));
#7772 = VECTOR('',#7773,1.);
#7773 = DIRECTION('',(0.,0.,1.));
#7774 = ORIENTED_EDGE('',*,*,#7775,.F.);
#7775 = EDGE_CURVE('',#7750,#7768,#7776,.T.);
#7776 = LINE('',#7777,#7778);
#7777 = CARTESIAN_POINT('',(0.,70.,0.));
#7778 = VECTOR('',#7779,1.);
#7779 = DIRECTION('',(1.,0.,0.));
#7780 = PLANE('',#7781);
#7781 = AXIS2_PLACEMENT_3D('',#7782,#7783,#7784);
#7782 = CARTESIAN_POINT('',(0.,70.,0.));
#7783 = DIRECTION('',(0.,1.,0.));
#7784 = DIRECTION('',(1.,0.,0.));
#7785 = ADVANCED_FACE('',(#7786),#7811,.F.);
#7786 = FACE_BOUND('',#7787,.F.);
#7787 = EDGE_LOOP('',(#7788,#7789,#7797,#7805));
#7788 = ORIENTED_EDGE('',*,*,#7767,.T.);
#7789 = ORIENTED_EDGE('',*,*,#7790,.T.);
#7790 = EDGE_CURVE('',#7760,#7791,#7793,.T.);
#7791 = VERTEX_POINT('',#7792);
#7792 = CARTESIAN_POINT('',(50.,220.,20.));
#7793 = LINE('',#7794,#7795);
#7794 = CARTESIAN_POINT('',(50.,70.,20.));
#7795 = VECTOR('',#7796,1.);
#7796 = DIRECTION('',(0.,1.,0.));
#7797 = ORIENTED_EDGE('',*,*,#7798,.F.);
#7798 = EDGE_CURVE('',#7799,#7791,#7801,.T.);
#7799 = VERTEX_POINT('',#7800);
#7800 = CARTESIAN_POINT('',(50.,220.,0.));
#7801 = LINE('',#7802,#7803);
#7802 = CARTESIAN_POINT('',(50.,220.,0.));
#7803 = VECTOR('',#7804,1.);
#7804 = DIRECTION('',(0.,0.,1.));
#7805 = ORIENTED_EDGE('',*,*,#7806,.F.);
#7806 = EDGE_CURVE('',#7768,#7799,#7807,.T.);
#7807 = LINE('',#7808,#7809);
#7808 = CARTESIAN_POINT('',(50.,70.,0.));
#7809 = VECTOR('',#7810,1.);
#7810 = DIRECTION('',(0.,1.,0.));
#7811 = PLANE('',#7812);
#7812 = AXIS2_PLACEMENT_3D('',#7813,#7814,#7815);
#7813 = CARTESIAN_POINT('',(50.,70.,0.));
#7814 = DIRECTION('',(-1.,0.,0.));
#7815 = DIRECTION('',(0.,1.,0.));
#7816 = ADVANCED_FACE('',(#7817),#7842,.F.);
#7817 = FACE_BOUND('',#7818,.F.);
#7818 = EDGE_LOOP('',(#7819,#7820,#7828,#7836));
#7819 = ORIENTED_EDGE('',*,*,#7798,.T.);
#7820 = ORIENTED_EDGE('',*,*,#7821,.T.);
#7821 = EDGE_CURVE('',#7791,#7822,#7824,.T.);
#7822 = VERTEX_POINT('',#7823);
#7823 = CARTESIAN_POINT('',(0.,220.,20.));
#7824 = LINE('',#7825,#7826);
#7825 = CARTESIAN_POINT('',(50.,220.,20.));
#7826 = VECTOR('',#7827,1.);
#7827 = DIRECTION('',(-1.,0.,0.));
#7828 = ORIENTED_EDGE('',*,*,#7829,.F.);
#7829 = EDGE_CURVE('',#7830,#7822,#7832,.T.);
#7830 = VERTEX_POINT('',#7831);
#7831 = CARTESIAN_POINT('',(0.,220.,0.));
#7832 = LINE('',#7833,#7834);
#7833 = CARTESIAN_POINT('',(0.,220.,0.));
#7834 = VECTOR('',#7835,1.);
#7835 = DIRECTION('',(0.,0.,1.));
#7836 = ORIENTED_EDGE('',*,*,#7837,.F.);
#7837 = EDGE_CURVE('',#7799,#7830,#7838,.T.);
#7838 = LINE('',#7839,#7840);
#7839 = CARTESIAN_POINT('',(50.,220.,0.));
#7840 = VECTOR('',#7841,1.);
#7841 = DIRECTION('',(-1.,0.,0.));
#7842 = PLANE('',#7843);
#7843 = AXIS2_PLACEMENT_3D('',#7844,#7845,#7846);
#7844 = CARTESIAN_POINT('',(50.,220.,0.));
#7845 = DIRECTION('',(0.,-1.,0.));
#7846 = DIRECTION('',(-1.,0.,0.));
#7847 = ADVANCED_FACE('',(#7848),#7864,.F.);
#7848 = FACE_BOUND('',#7849,.F.);
#7849 = EDGE_LOOP('',(#7850,#7851,#7857,#7858));
#7850 = ORIENTED_EDGE('',*,*,#7829,.T.);
#7851 = ORIENTED_EDGE('',*,*,#7852,.T.);
#7852 = EDGE_CURVE('',#7822,#7752,#7853,.T.);
#7853 = LINE('',#7854,#7855);
#7854 = CARTESIAN_POINT('',(0.,220.,20.));
#7855 = VECTOR('',#7856,1.);
#7856 = DIRECTION('',(0.,-1.,0.));
#7857 = ORIENTED_EDGE('',*,*,#7749,.F.);
#7858 = ORIENTED_EDGE('',*,*,#7859,.F.);
#7859 = EDGE_CURVE('',#7830,#7750,#7860,.T.);
#7860 = LINE('',#7861,#7862);
#7861 = CARTESIAN_POINT('',(0.,220.,0.));
#7862 = VECTOR('',#7863,1.);
#7863 = DIRECTION('',(0.,-1.,0.));
#7864 = PLANE('',#7865);
#7865 = AXIS2_PLACEMENT_3D('',#7866,#7867,#7868);
#7866 = CARTESIAN_POINT('',(0.,220.,0.));
#7867 = DIRECTION('',(1.,0.,-0.));
#7868 = DIRECTION('',(0.,-1.,0.));
#7869 = ADVANCED_FACE('',(#7870),#7876,.F.);
#7870 = FACE_BOUND('',#7871,.F.);
#7871 = EDGE_LOOP('',(#7872,#7873,#7874,#7875));
#7872 = ORIENTED_EDGE('',*,*,#7775,.T.);
#7873 = ORIENTED_EDGE('',*,*,#7806,.T.);
#7874 = ORIENTED_EDGE('',*,*,#7837,.T.);
#7875 = ORIENTED_EDGE('',*,*,#7859,.T.);
#7876 = PLANE('',#7877);
#7877 = AXIS2_PLACEMENT_3D('',#7878,#7879,#7880);
#7878 = CARTESIAN_POINT('',(25.,145.,0.));
#7879 = DIRECTION('',(0.,0.,1.));
#7880 = DIRECTION('',(1.,0.,-0.));
#7881 = ADVANCED_FACE('',(#7882),#7888,.T.);
#7882 = FACE_BOUND('',#7883,.T.);
#7883 = EDGE_LOOP('',(#7884,#7885,#7886,#7887));
#7884 = ORIENTED_EDGE('',*,*,#7759,.T.);
#7885 = ORIENTED_EDGE('',*,*,#7790,.T.);
#7886 = ORIENTED_EDGE('',*,*,#7821,.T.);
#7887 = ORIENTED_EDGE('',*,*,#7852,.T.);
#7888 = PLANE('',#7889);
#7889 = AXIS2_PLACEMENT_3D('',#7890,#7891,#7892);
#7890 = CARTESIAN_POINT('',(25.,145.,20.));
#7891 = DIRECTION('',(0.,0.,1.));
#7892 = DIRECTION('',(1.,0.,-0.));
#7893 = ( GEOMETRIC_REPRESENTATION_CONTEXT(3) 
GLOBAL_UNCERTAINTY_ASSIGNED_CONTEXT((#7897)) 
GLOBAL_UNIT_ASSIGNED_CONTEXT((#7894,#7895,#7896)) REPRESENTATION_CONTEXT
('Context #1','3D Context with UNIT and UNCERTAINTY') );
#7894 = ( LENGTH_UNIT() NAMED_UNIT(*) SI_UNIT(.MILLI.,.METRE.) );
#7895 = ( NAMED_UNIT(*) PLANE_ANGLE_UNIT() SI_UNIT($,.RADIAN.) );
#7896 = ( NAMED_UNIT(*) SI_UNIT($,.STERADIAN.) SOLID_ANGLE_UNIT() );
#7897 = UNCERTAINTY_MEASURE_WITH_UNIT(LENGTH_MEASURE(1.E-07),#7894,
  'distance_accuracy_value','confusion accuracy');
#7898 = CONTEXT_DEPENDENT_SHAPE_REPRESENTATION(#7899,#7901);
#7899 = ( REPRESENTATION_RELATIONSHIP('','',#7742,#10) 
REPRESENTATION_RELATIONSHIP_WITH_TRANSFORMATION(#7900) 
SHAPE_REPRESENTATION_RELATIONSHIP() );
#7900 = ITEM_DEFINED_TRANSFORMATION('','',#11,#183);
#7901 = PRODUCT_DEFINITION_SHAPE('Placement','Placement of an item',
  #7902);
#7902 = NEXT_ASSEMBLY_USAGE_OCCURRENCE('43',
  'CAT-STARBOARD-BOTTOM-01 | BottomFlat | nominal plywood 20 mm','',#5,
  #7737,$);
#7903 = PRODUCT_RELATED_PRODUCT_CATEGORY('part',$,(#7739));
#7904 = SHAPE_DEFINITION_REPRESENTATION(#7905,#7911);
#7905 = PRODUCT_DEFINITION_SHAPE('','',#7906);
#7906 = PRODUCT_DEFINITION('design','',#7907,#7910);
#7907 = PRODUCT_DEFINITION_FORMATION('','',#7908);
#7908 = PRODUCT(
  'CAT-STARBOARD-CHINE-PORT-01 | ChinePort | nominal plywood 20 mm',
  'CAT-STARBOARD-CHINE-PORT-01 | ChinePort | nominal plywood 20 mm','',(
    #7909));
#7909 = PRODUCT_CONTEXT('',#2,'mechanical');
#7910 = PRODUCT_DEFINITION_CONTEXT('part definition',#2,'design');
#7911 = ADVANCED_BREP_SHAPE_REPRESENTATION('',(#11,#7912),#8062);
#7912 = MANIFOLD_SOLID_BREP('',#7913);
#7913 = CLOSED_SHELL('',(#7914,#7954,#7985,#8016,#8038,#8050));
#7914 = ADVANCED_FACE('',(#7915),#7949,.T.);
#7915 = FACE_BOUND('',#7916,.T.);
#7916 = EDGE_LOOP('',(#7917,#7927,#7935,#7943));
#7917 = ORIENTED_EDGE('',*,*,#7918,.T.);
#7918 = EDGE_CURVE('',#7919,#7921,#7923,.T.);
#7919 = VERTEX_POINT('',#7920);
#7920 = CARTESIAN_POINT('',(0.,70.,0.));
#7921 = VERTEX_POINT('',#7922);
#7922 = CARTESIAN_POINT('',(0.,75.17638090205,19.318516525781));
#7923 = LINE('',#7924,#7925);
#7924 = CARTESIAN_POINT('',(0.,70.,0.));
#7925 = VECTOR('',#7926,1.);
#7926 = DIRECTION('',(-0.,0.258819045103,0.965925826289));
#7927 = ORIENTED_EDGE('',*,*,#7928,.T.);
#7928 = EDGE_CURVE('',#7921,#7929,#7931,.T.);
#7929 = VERTEX_POINT('',#7930);
#7930 = CARTESIAN_POINT('',(50.,75.17638090205,19.318516525781));
#7931 = LINE('',#7932,#7933);
#7932 = CARTESIAN_POINT('',(0.,75.17638090205,19.318516525781));
#7933 = VECTOR('',#7934,1.);
#7934 = DIRECTION('',(1.,0.,0.));
#7935 = ORIENTED_EDGE('',*,*,#7936,.F.);
#7936 = EDGE_CURVE('',#7937,#7929,#7939,.T.);
#7937 = VERTEX_POINT('',#7938);
#7938 = CARTESIAN_POINT('',(50.,70.,0.));
#7939 = LINE('',#7940,#7941);
#7940 = CARTESIAN_POINT('',(50.,70.,0.));
#7941 = VECTOR('',#7942,1.);
#7942 = DIRECTION('',(-0.,0.258819045103,0.965925826289));
#7943 = ORIENTED_EDGE('',*,*,#7944,.F.);
#7944 = EDGE_CURVE('',#7919,#7937,#7945,.T.);
#7945 = LINE('',#7946,#7947);
#7946 = CARTESIAN_POINT('',(0.,70.,0.));
#7947 = VECTOR('',#7948,1.);
#7948 = DIRECTION('',(1.,0.,0.));
#7949 = PLANE('',#7950);
#7950 = AXIS2_PLACEMENT_3D('',#7951,#7952,#7953);
#7951 = CARTESIAN_POINT('',(0.,70.,0.));
#7952 = DIRECTION('',(0.,0.965925826289,-0.258819045103));
#7953 = DIRECTION('',(1.,0.,0.));
#7954 = ADVANCED_FACE('',(#7955),#7980,.T.);
#7955 = FACE_BOUND('',#7956,.T.);
#7956 = EDGE_LOOP('',(#7957,#7958,#7966,#7974));
#7957 = ORIENTED_EDGE('',*,*,#7936,.T.);
#7958 = ORIENTED_EDGE('',*,*,#7959,.T.);
#7959 = EDGE_CURVE('',#7929,#7960,#7962,.T.);
#7960 = VERTEX_POINT('',#7961);
#7961 = CARTESIAN_POINT('',(50.,20.17638090205,34.055722109493));
#7962 = LINE('',#7963,#7964);
#7963 = CARTESIAN_POINT('',(50.,75.17638090205,19.318516525781));
#7964 = VECTOR('',#7965,1.);
#7965 = DIRECTION('',(0.,-0.965925826289,0.258819045103));
#7966 = ORIENTED_EDGE('',*,*,#7967,.F.);
#7967 = EDGE_CURVE('',#7968,#7960,#7970,.T.);
#7968 = VERTEX_POINT('',#7969);
#7969 = CARTESIAN_POINT('',(50.,15.,14.737205583712));
#7970 = LINE('',#7971,#7972);
#7971 = CARTESIAN_POINT('',(50.,15.,14.737205583712));
#7972 = VECTOR('',#7973,1.);
#7973 = DIRECTION('',(-0.,0.258819045103,0.965925826289));
#7974 = ORIENTED_EDGE('',*,*,#7975,.F.);
#7975 = EDGE_CURVE('',#7937,#7968,#7976,.T.);
#7976 = LINE('',#7977,#7978);
#7977 = CARTESIAN_POINT('',(50.,70.,0.));
#7978 = VECTOR('',#7979,1.);
#7979 = DIRECTION('',(0.,-0.965925826289,0.258819045103));
#7980 = PLANE('',#7981);
#7981 = AXIS2_PLACEMENT_3D('',#7982,#7983,#7984);
#7982 = CARTESIAN_POINT('',(50.,70.,0.));
#7983 = DIRECTION('',(1.,0.,0.));
#7984 = DIRECTION('',(0.,-0.965925826289,0.258819045103));
#7985 = ADVANCED_FACE('',(#7986),#8011,.T.);
#7986 = FACE_BOUND('',#7987,.T.);
#7987 = EDGE_LOOP('',(#7988,#7989,#7997,#8005));
#7988 = ORIENTED_EDGE('',*,*,#7967,.T.);
#7989 = ORIENTED_EDGE('',*,*,#7990,.T.);
#7990 = EDGE_CURVE('',#7960,#7991,#7993,.T.);
#7991 = VERTEX_POINT('',#7992);
#7992 = CARTESIAN_POINT('',(0.,20.17638090205,34.055722109493));
#7993 = LINE('',#7994,#7995);
#7994 = CARTESIAN_POINT('',(50.,20.17638090205,34.055722109493));
#7995 = VECTOR('',#7996,1.);
#7996 = DIRECTION('',(-1.,0.,0.));
#7997 = ORIENTED_EDGE('',*,*,#7998,.F.);
#7998 = EDGE_CURVE('',#7999,#7991,#8001,.T.);
#7999 = VERTEX_POINT('',#8000);
#8000 = CARTESIAN_POINT('',(0.,15.,14.737205583712));
#8001 = LINE('',#8002,#8003);
#8002 = CARTESIAN_POINT('',(0.,15.,14.737205583712));
#8003 = VECTOR('',#8004,1.);
#8004 = DIRECTION('',(-0.,0.258819045103,0.965925826289));
#8005 = ORIENTED_EDGE('',*,*,#8006,.F.);
#8006 = EDGE_CURVE('',#7968,#7999,#8007,.T.);
#8007 = LINE('',#8008,#8009);
#8008 = CARTESIAN_POINT('',(50.,15.,14.737205583712));
#8009 = VECTOR('',#8010,1.);
#8010 = DIRECTION('',(-1.,0.,0.));
#8011 = PLANE('',#8012);
#8012 = AXIS2_PLACEMENT_3D('',#8013,#8014,#8015);
#8013 = CARTESIAN_POINT('',(50.,15.,14.737205583712));
#8014 = DIRECTION('',(0.,-0.965925826289,0.258819045103));
#8015 = DIRECTION('',(-1.,0.,0.));
#8016 = ADVANCED_FACE('',(#8017),#8033,.T.);
#8017 = FACE_BOUND('',#8018,.T.);
#8018 = EDGE_LOOP('',(#8019,#8020,#8026,#8027));
#8019 = ORIENTED_EDGE('',*,*,#7998,.T.);
#8020 = ORIENTED_EDGE('',*,*,#8021,.T.);
#8021 = EDGE_CURVE('',#7991,#7921,#8022,.T.);
#8022 = LINE('',#8023,#8024);
#8023 = CARTESIAN_POINT('',(0.,20.17638090205,34.055722109493));
#8024 = VECTOR('',#8025,1.);
#8025 = DIRECTION('',(0.,0.965925826289,-0.258819045103));
#8026 = ORIENTED_EDGE('',*,*,#7918,.F.);
#8027 = ORIENTED_EDGE('',*,*,#8028,.F.);
#8028 = EDGE_CURVE('',#7999,#7919,#8029,.T.);
#8029 = LINE('',#8030,#8031);
#8030 = CARTESIAN_POINT('',(0.,15.,14.737205583712));
#8031 = VECTOR('',#8032,1.);
#8032 = DIRECTION('',(0.,0.965925826289,-0.258819045103));
#8033 = PLANE('',#8034);
#8034 = AXIS2_PLACEMENT_3D('',#8035,#8036,#8037);
#8035 = CARTESIAN_POINT('',(0.,15.,14.737205583712));
#8036 = DIRECTION('',(-1.,0.,-0.));
#8037 = DIRECTION('',(0.,0.965925826289,-0.258819045103));
#8038 = ADVANCED_FACE('',(#8039),#8045,.T.);
#8039 = FACE_BOUND('',#8040,.T.);
#8040 = EDGE_LOOP('',(#8041,#8042,#8043,#8044));
#8041 = ORIENTED_EDGE('',*,*,#7944,.T.);
#8042 = ORIENTED_EDGE('',*,*,#7975,.T.);
#8043 = ORIENTED_EDGE('',*,*,#8006,.T.);
#8044 = ORIENTED_EDGE('',*,*,#8028,.T.);
#8045 = PLANE('',#8046);
#8046 = AXIS2_PLACEMENT_3D('',#8047,#8048,#8049);
#8047 = CARTESIAN_POINT('',(25.,42.5,7.368602791856));
#8048 = DIRECTION('',(-0.,-0.258819045103,-0.965925826289));
#8049 = DIRECTION('',(0.,-0.965925826289,0.258819045103));
#8050 = ADVANCED_FACE('',(#8051),#8057,.F.);
#8051 = FACE_BOUND('',#8052,.F.);
#8052 = EDGE_LOOP('',(#8053,#8054,#8055,#8056));
#8053 = ORIENTED_EDGE('',*,*,#7928,.T.);
#8054 = ORIENTED_EDGE('',*,*,#7959,.T.);
#8055 = ORIENTED_EDGE('',*,*,#7990,.T.);
#8056 = ORIENTED_EDGE('',*,*,#8021,.T.);
#8057 = PLANE('',#8058);
#8058 = AXIS2_PLACEMENT_3D('',#8059,#8060,#8061);
#8059 = CARTESIAN_POINT('',(25.,47.67638090205,26.687119317637));
#8060 = DIRECTION('',(-0.,-0.258819045103,-0.965925826289));
#8061 = DIRECTION('',(0.,-0.965925826289,0.258819045103));
#8062 = ( GEOMETRIC_REPRESENTATION_CONTEXT(3) 
GLOBAL_UNCERTAINTY_ASSIGNED_CONTEXT((#8066)) 
GLOBAL_UNIT_ASSIGNED_CONTEXT((#8063,#8064,#8065)) REPRESENTATION_CONTEXT
('Context #1','3D Context with UNIT and UNCERTAINTY') );
#8063 = ( LENGTH_UNIT() NAMED_UNIT(*) SI_UNIT(.MILLI.,.METRE.) );
#8064 = ( NAMED_UNIT(*) PLANE_ANGLE_UNIT() SI_UNIT($,.RADIAN.) );
#8065 = ( NAMED_UNIT(*) SI_UNIT($,.STERADIAN.) SOLID_ANGLE_UNIT() );
#8066 = UNCERTAINTY_MEASURE_WITH_UNIT(LENGTH_MEASURE(1.E-07),#8063,
  'distance_accuracy_value','confusion accuracy');
#8067 = CONTEXT_DEPENDENT_SHAPE_REPRESENTATION(#8068,#8070);
#8068 = ( REPRESENTATION_RELATIONSHIP('','',#7911,#10) 
REPRESENTATION_RELATIONSHIP_WITH_TRANSFORMATION(#8069) 
SHAPE_REPRESENTATION_RELATIONSHIP() );
#8069 = ITEM_DEFINED_TRANSFORMATION('','',#11,#187);
#8070 = PRODUCT_DEFINITION_SHAPE('Placement','Placement of an item',
  #8071);
#8071 = NEXT_ASSEMBLY_USAGE_OCCURRENCE('44',
  'CAT-STARBOARD-CHINE-PORT-01 | ChinePort | nominal plywood 20 mm','',
  #5,#7906,$);
#8072 = PRODUCT_RELATED_PRODUCT_CATEGORY('part',$,(#7908));
#8073 = SHAPE_DEFINITION_REPRESENTATION(#8074,#8080);
#8074 = PRODUCT_DEFINITION_SHAPE('','',#8075);
#8075 = PRODUCT_DEFINITION('design','',#8076,#8079);
#8076 = PRODUCT_DEFINITION_FORMATION('','',#8077);
#8077 = PRODUCT(
'CAT-STARBOARD-CHINE-STARBOARD-01 | ChineStarboard | nominal plywood 20 
mm',
'CAT-STARBOARD-CHINE-STARBOARD-01 | ChineStarboard | nominal plywood 20 
mm','',(#8078));
#8078 = PRODUCT_CONTEXT('',#2,'mechanical');
#8079 = PRODUCT_DEFINITION_CONTEXT('part definition',#2,'design');
#8080 = ADVANCED_BREP_SHAPE_REPRESENTATION('',(#11,#8081),#8231);
#8081 = MANIFOLD_SOLID_BREP('',#8082);
#8082 = CLOSED_SHELL('',(#8083,#8123,#8154,#8185,#8207,#8219));
#8083 = ADVANCED_FACE('',(#8084),#8118,.T.);
#8084 = FACE_BOUND('',#8085,.T.);
#8085 = EDGE_LOOP('',(#8086,#8096,#8104,#8112));
#8086 = ORIENTED_EDGE('',*,*,#8087,.T.);
#8087 = EDGE_CURVE('',#8088,#8090,#8092,.T.);
#8088 = VERTEX_POINT('',#8089);
#8089 = CARTESIAN_POINT('',(0.,220.,0.));
#8090 = VERTEX_POINT('',#8091);
#8091 = CARTESIAN_POINT('',(0.,214.82361909795,19.318516525781));
#8092 = LINE('',#8093,#8094);
#8093 = CARTESIAN_POINT('',(0.,220.,0.));
#8094 = VECTOR('',#8095,1.);
#8095 = DIRECTION('',(-0.,-0.258819045103,0.965925826289));
#8096 = ORIENTED_EDGE('',*,*,#8097,.T.);
#8097 = EDGE_CURVE('',#8090,#8098,#8100,.T.);
#8098 = VERTEX_POINT('',#8099);
#8099 = CARTESIAN_POINT('',(0.,269.82361909795,34.055722109493));
#8100 = LINE('',#8101,#8102);
#8101 = CARTESIAN_POINT('',(0.,214.82361909795,19.318516525781));
#8102 = VECTOR('',#8103,1.);
#8103 = DIRECTION('',(0.,0.965925826289,0.258819045103));
#8104 = ORIENTED_EDGE('',*,*,#8105,.F.);
#8105 = EDGE_CURVE('',#8106,#8098,#8108,.T.);
#8106 = VERTEX_POINT('',#8107);
#8107 = CARTESIAN_POINT('',(0.,275.,14.737205583712));
#8108 = LINE('',#8109,#8110);
#8109 = CARTESIAN_POINT('',(0.,275.,14.737205583712));
#8110 = VECTOR('',#8111,1.);
#8111 = DIRECTION('',(-0.,-0.258819045103,0.965925826289));
#8112 = ORIENTED_EDGE('',*,*,#8113,.F.);
#8113 = EDGE_CURVE('',#8088,#8106,#8114,.T.);
#8114 = LINE('',#8115,#8116);
#8115 = CARTESIAN_POINT('',(0.,220.,0.));
#8116 = VECTOR('',#8117,1.);
#8117 = DIRECTION('',(0.,0.965925826289,0.258819045103));
#8118 = PLANE('',#8119);
#8119 = AXIS2_PLACEMENT_3D('',#8120,#8121,#8122);
#8120 = CARTESIAN_POINT('',(0.,220.,0.));
#8121 = DIRECTION('',(-1.,0.,0.));
#8122 = DIRECTION('',(0.,0.965925826289,0.258819045103));
#8123 = ADVANCED_FACE('',(#8124),#8149,.T.);
#8124 = FACE_BOUND('',#8125,.T.);
#8125 = EDGE_LOOP('',(#8126,#8127,#8135,#8143));
#8126 = ORIENTED_EDGE('',*,*,#8105,.T.);
#8127 = ORIENTED_EDGE('',*,*,#8128,.T.);
#8128 = EDGE_CURVE('',#8098,#8129,#8131,.T.);
#8129 = VERTEX_POINT('',#8130);
#8130 = CARTESIAN_POINT('',(50.,269.82361909795,34.055722109493));
#8131 = LINE('',#8132,#8133);
#8132 = CARTESIAN_POINT('',(0.,269.82361909795,34.055722109493));
#8133 = VECTOR('',#8134,1.);
#8134 = DIRECTION('',(1.,0.,0.));
#8135 = ORIENTED_EDGE('',*,*,#8136,.F.);
#8136 = EDGE_CURVE('',#8137,#8129,#8139,.T.);
#8137 = VERTEX_POINT('',#8138);
#8138 = CARTESIAN_POINT('',(50.,275.,14.737205583712));
#8139 = LINE('',#8140,#8141);
#8140 = CARTESIAN_POINT('',(50.,275.,14.737205583712));
#8141 = VECTOR('',#8142,1.);
#8142 = DIRECTION('',(-0.,-0.258819045103,0.965925826289));
#8143 = ORIENTED_EDGE('',*,*,#8144,.F.);
#8144 = EDGE_CURVE('',#8106,#8137,#8145,.T.);
#8145 = LINE('',#8146,#8147);
#8146 = CARTESIAN_POINT('',(0.,275.,14.737205583712));
#8147 = VECTOR('',#8148,1.);
#8148 = DIRECTION('',(1.,0.,0.));
#8149 = PLANE('',#8150);
#8150 = AXIS2_PLACEMENT_3D('',#8151,#8152,#8153);
#8151 = CARTESIAN_POINT('',(0.,275.,14.737205583712));
#8152 = DIRECTION('',(-0.,0.965925826289,0.258819045103));
#8153 = DIRECTION('',(1.,0.,0.));
#8154 = ADVANCED_FACE('',(#8155),#8180,.T.);
#8155 = FACE_BOUND('',#8156,.T.);
#8156 = EDGE_LOOP('',(#8157,#8158,#8166,#8174));
#8157 = ORIENTED_EDGE('',*,*,#8136,.T.);
#8158 = ORIENTED_EDGE('',*,*,#8159,.T.);
#8159 = EDGE_CURVE('',#8129,#8160,#8162,.T.);
#8160 = VERTEX_POINT('',#8161);
#8161 = CARTESIAN_POINT('',(50.,214.82361909795,19.318516525781));
#8162 = LINE('',#8163,#8164);
#8163 = CARTESIAN_POINT('',(50.,269.82361909795,34.055722109493));
#8164 = VECTOR('',#8165,1.);
#8165 = DIRECTION('',(0.,-0.965925826289,-0.258819045103));
#8166 = ORIENTED_EDGE('',*,*,#8167,.F.);
#8167 = EDGE_CURVE('',#8168,#8160,#8170,.T.);
#8168 = VERTEX_POINT('',#8169);
#8169 = CARTESIAN_POINT('',(50.,220.,0.));
#8170 = LINE('',#8171,#8172);
#8171 = CARTESIAN_POINT('',(50.,220.,0.));
#8172 = VECTOR('',#8173,1.);
#8173 = DIRECTION('',(-0.,-0.258819045103,0.965925826289));
#8174 = ORIENTED_EDGE('',*,*,#8175,.F.);
#8175 = EDGE_CURVE('',#8137,#8168,#8176,.T.);
#8176 = LINE('',#8177,#8178);
#8177 = CARTESIAN_POINT('',(50.,275.,14.737205583712));
#8178 = VECTOR('',#8179,1.);
#8179 = DIRECTION('',(0.,-0.965925826289,-0.258819045103));
#8180 = PLANE('',#8181);
#8181 = AXIS2_PLACEMENT_3D('',#8182,#8183,#8184);
#8182 = CARTESIAN_POINT('',(50.,275.,14.737205583712));
#8183 = DIRECTION('',(1.,0.,0.));
#8184 = DIRECTION('',(0.,-0.965925826289,-0.258819045103));
#8185 = ADVANCED_FACE('',(#8186),#8202,.T.);
#8186 = FACE_BOUND('',#8187,.T.);
#8187 = EDGE_LOOP('',(#8188,#8189,#8195,#8196));
#8188 = ORIENTED_EDGE('',*,*,#8167,.T.);
#8189 = ORIENTED_EDGE('',*,*,#8190,.T.);
#8190 = EDGE_CURVE('',#8160,#8090,#8191,.T.);
#8191 = LINE('',#8192,#8193);
#8192 = CARTESIAN_POINT('',(50.,214.82361909795,19.318516525781));
#8193 = VECTOR('',#8194,1.);
#8194 = DIRECTION('',(-1.,0.,0.));
#8195 = ORIENTED_EDGE('',*,*,#8087,.F.);
#8196 = ORIENTED_EDGE('',*,*,#8197,.F.);
#8197 = EDGE_CURVE('',#8168,#8088,#8198,.T.);
#8198 = LINE('',#8199,#8200);
#8199 = CARTESIAN_POINT('',(50.,220.,0.));
#8200 = VECTOR('',#8201,1.);
#8201 = DIRECTION('',(-1.,0.,0.));
#8202 = PLANE('',#8203);
#8203 = AXIS2_PLACEMENT_3D('',#8204,#8205,#8206);
#8204 = CARTESIAN_POINT('',(50.,220.,0.));
#8205 = DIRECTION('',(-0.,-0.965925826289,-0.258819045103));
#8206 = DIRECTION('',(-1.,0.,0.));
#8207 = ADVANCED_FACE('',(#8208),#8214,.T.);
#8208 = FACE_BOUND('',#8209,.T.);
#8209 = EDGE_LOOP('',(#8210,#8211,#8212,#8213));
#8210 = ORIENTED_EDGE('',*,*,#8113,.T.);
#8211 = ORIENTED_EDGE('',*,*,#8144,.T.);
#8212 = ORIENTED_EDGE('',*,*,#8175,.T.);
#8213 = ORIENTED_EDGE('',*,*,#8197,.T.);
#8214 = PLANE('',#8215);
#8215 = AXIS2_PLACEMENT_3D('',#8216,#8217,#8218);
#8216 = CARTESIAN_POINT('',(25.,247.5,7.368602791856));
#8217 = DIRECTION('',(-0.,0.258819045103,-0.965925826289));
#8218 = DIRECTION('',(0.,-0.965925826289,-0.258819045103));
#8219 = ADVANCED_FACE('',(#8220),#8226,.F.);
#8220 = FACE_BOUND('',#8221,.F.);
#8221 = EDGE_LOOP('',(#8222,#8223,#8224,#8225));
#8222 = ORIENTED_EDGE('',*,*,#8097,.T.);
#8223 = ORIENTED_EDGE('',*,*,#8128,.T.);
#8224 = ORIENTED_EDGE('',*,*,#8159,.T.);
#8225 = ORIENTED_EDGE('',*,*,#8190,.T.);
#8226 = PLANE('',#8227);
#8227 = AXIS2_PLACEMENT_3D('',#8228,#8229,#8230);
#8228 = CARTESIAN_POINT('',(25.,242.32361909795,26.687119317637));
#8229 = DIRECTION('',(-0.,0.258819045103,-0.965925826289));
#8230 = DIRECTION('',(0.,-0.965925826289,-0.258819045103));
#8231 = ( GEOMETRIC_REPRESENTATION_CONTEXT(3) 
GLOBAL_UNCERTAINTY_ASSIGNED_CONTEXT((#8235)) 
GLOBAL_UNIT_ASSIGNED_CONTEXT((#8232,#8233,#8234)) REPRESENTATION_CONTEXT
('Context #1','3D Context with UNIT and UNCERTAINTY') );
#8232 = ( LENGTH_UNIT() NAMED_UNIT(*) SI_UNIT(.MILLI.,.METRE.) );
#8233 = ( NAMED_UNIT(*) PLANE_ANGLE_UNIT() SI_UNIT($,.RADIAN.) );
#8234 = ( NAMED_UNIT(*) SI_UNIT($,.STERADIAN.) SOLID_ANGLE_UNIT() );
#8235 = UNCERTAINTY_MEASURE_WITH_UNIT(LENGTH_MEASURE(1.E-07),#8232,
  'distance_accuracy_value','confusion accuracy');
#8236 = CONTEXT_DEPENDENT_SHAPE_REPRESENTATION(#8237,#8239);
#8237 = ( REPRESENTATION_RELATIONSHIP('','',#8080,#10) 
REPRESENTATION_RELATIONSHIP_WITH_TRANSFORMATION(#8238) 
SHAPE_REPRESENTATION_RELATIONSHIP() );
#8238 = ITEM_DEFINED_TRANSFORMATION('','',#11,#191);
#8239 = PRODUCT_DEFINITION_SHAPE('Placement','Placement of an item',
  #8240);
#8240 = NEXT_ASSEMBLY_USAGE_OCCURRENCE('45',
'CAT-STARBOARD-CHINE-STARBOARD-01 | ChineStarboard | nominal plywood 20 
mm','',#5,#8075,$);
#8241 = PRODUCT_RELATED_PRODUCT_CATEGORY('part',$,(#8077));
#8242 = SHAPE_DEFINITION_REPRESENTATION(#8243,#8249);
#8243 = PRODUCT_DEFINITION_SHAPE('','',#8244);
#8244 = PRODUCT_DEFINITION('design','',#8245,#8248);
#8245 = PRODUCT_DEFINITION_FORMATION('','',#8246);
#8246 = PRODUCT(
  'CAT-STARBOARD-SIDE-PORT-01 | SidePort | nominal plywood 20 mm',
  'CAT-STARBOARD-SIDE-PORT-01 | SidePort | nominal plywood 20 mm','',(
    #8247));
#8247 = PRODUCT_CONTEXT('',#2,'mechanical');
#8248 = PRODUCT_DEFINITION_CONTEXT('part definition',#2,'design');
#8249 = ADVANCED_BREP_SHAPE_REPRESENTATION('',(#11,#8250),#8400);
#8250 = MANIFOLD_SOLID_BREP('',#8251);
#8251 = CLOSED_SHELL('',(#8252,#8292,#8323,#8354,#8376,#8388));
#8252 = ADVANCED_FACE('',(#8253),#8287,.T.);
#8253 = FACE_BOUND('',#8254,.T.);
#8254 = EDGE_LOOP('',(#8255,#8265,#8273,#8281));
#8255 = ORIENTED_EDGE('',*,*,#8256,.T.);
#8256 = EDGE_CURVE('',#8257,#8259,#8261,.T.);
#8257 = VERTEX_POINT('',#8258);
#8258 = CARTESIAN_POINT('',(0.,15.,14.737205583712));
#8259 = VERTEX_POINT('',#8260);
#8260 = CARTESIAN_POINT('',(0.,35.,14.737205583712));
#8261 = LINE('',#8262,#8263);
#8262 = CARTESIAN_POINT('',(0.,15.,14.737205583712));
#8263 = VECTOR('',#8264,1.);
#8264 = DIRECTION('',(-0.,1.,-0.));
#8265 = ORIENTED_EDGE('',*,*,#8266,.T.);
#8266 = EDGE_CURVE('',#8259,#8267,#8269,.T.);
#8267 = VERTEX_POINT('',#8268);
#8268 = CARTESIAN_POINT('',(50.,35.,14.737205583712));
#8269 = LINE('',#8270,#8271);
#8270 = CARTESIAN_POINT('',(0.,35.,14.737205583712));
#8271 = VECTOR('',#8272,1.);
#8272 = DIRECTION('',(1.,0.,0.));
#8273 = ORIENTED_EDGE('',*,*,#8274,.F.);
#8274 = EDGE_CURVE('',#8275,#8267,#8277,.T.);
#8275 = VERTEX_POINT('',#8276);
#8276 = CARTESIAN_POINT('',(50.,15.,14.737205583712));
#8277 = LINE('',#8278,#8279);
#8278 = CARTESIAN_POINT('',(50.,15.,14.737205583712));
#8279 = VECTOR('',#8280,1.);
#8280 = DIRECTION('',(-0.,1.,-0.));
#8281 = ORIENTED_EDGE('',*,*,#8282,.F.);
#8282 = EDGE_CURVE('',#8257,#8275,#8283,.T.);
#8283 = LINE('',#8284,#8285);
#8284 = CARTESIAN_POINT('',(0.,15.,14.737205583712));
#8285 = VECTOR('',#8286,1.);
#8286 = DIRECTION('',(1.,0.,0.));
#8287 = PLANE('',#8288);
#8288 = AXIS2_PLACEMENT_3D('',#8289,#8290,#8291);
#8289 = CARTESIAN_POINT('',(0.,15.,14.737205583712));
#8290 = DIRECTION('',(0.,0.,-1.));
#8291 = DIRECTION('',(1.,0.,0.));
#8292 = ADVANCED_FACE('',(#8293),#8318,.T.);
#8293 = FACE_BOUND('',#8294,.T.);
#8294 = EDGE_LOOP('',(#8295,#8296,#8304,#8312));
#8295 = ORIENTED_EDGE('',*,*,#8274,.T.);
#8296 = ORIENTED_EDGE('',*,*,#8297,.T.);
#8297 = EDGE_CURVE('',#8267,#8298,#8300,.T.);
#8298 = VERTEX_POINT('',#8299);
#8299 = CARTESIAN_POINT('',(50.,35.,140.));
#8300 = LINE('',#8301,#8302);
#8301 = CARTESIAN_POINT('',(50.,35.,14.737205583712));
#8302 = VECTOR('',#8303,1.);
#8303 = DIRECTION('',(0.,0.,1.));
#8304 = ORIENTED_EDGE('',*,*,#8305,.F.);
#8305 = EDGE_CURVE('',#8306,#8298,#8308,.T.);
#8306 = VERTEX_POINT('',#8307);
#8307 = CARTESIAN_POINT('',(50.,15.,140.));
#8308 = LINE('',#8309,#8310);
#8309 = CARTESIAN_POINT('',(50.,15.,140.));
#8310 = VECTOR('',#8311,1.);
#8311 = DIRECTION('',(-0.,1.,-0.));
#8312 = ORIENTED_EDGE('',*,*,#8313,.F.);
#8313 = EDGE_CURVE('',#8275,#8306,#8314,.T.);
#8314 = LINE('',#8315,#8316);
#8315 = CARTESIAN_POINT('',(50.,15.,14.737205583712));
#8316 = VECTOR('',#8317,1.);
#8317 = DIRECTION('',(0.,0.,1.));
#8318 = PLANE('',#8319);
#8319 = AXIS2_PLACEMENT_3D('',#8320,#8321,#8322);
#8320 = CARTESIAN_POINT('',(50.,15.,14.737205583712));
#8321 = DIRECTION('',(1.,0.,-0.));
#8322 = DIRECTION('',(0.,0.,1.));
#8323 = ADVANCED_FACE('',(#8324),#8349,.T.);
#8324 = FACE_BOUND('',#8325,.T.);
#8325 = EDGE_LOOP('',(#8326,#8327,#8335,#8343));
#8326 = ORIENTED_EDGE('',*,*,#8305,.T.);
#8327 = ORIENTED_EDGE('',*,*,#8328,.T.);
#8328 = EDGE_CURVE('',#8298,#8329,#8331,.T.);
#8329 = VERTEX_POINT('',#8330);
#8330 = CARTESIAN_POINT('',(0.,35.,140.));
#8331 = LINE('',#8332,#8333);
#8332 = CARTESIAN_POINT('',(50.,35.,140.));
#8333 = VECTOR('',#8334,1.);
#8334 = DIRECTION('',(-1.,0.,0.));
#8335 = ORIENTED_EDGE('',*,*,#8336,.F.);
#8336 = EDGE_CURVE('',#8337,#8329,#8339,.T.);
#8337 = VERTEX_POINT('',#8338);
#8338 = CARTESIAN_POINT('',(0.,15.,140.));
#8339 = LINE('',#8340,#8341);
#8340 = CARTESIAN_POINT('',(0.,15.,140.));
#8341 = VECTOR('',#8342,1.);
#8342 = DIRECTION('',(-0.,1.,-0.));
#8343 = ORIENTED_EDGE('',*,*,#8344,.F.);
#8344 = EDGE_CURVE('',#8306,#8337,#8345,.T.);
#8345 = LINE('',#8346,#8347);
#8346 = CARTESIAN_POINT('',(50.,15.,140.));
#8347 = VECTOR('',#8348,1.);
#8348 = DIRECTION('',(-1.,0.,0.));
#8349 = PLANE('',#8350);
#8350 = AXIS2_PLACEMENT_3D('',#8351,#8352,#8353);
#8351 = CARTESIAN_POINT('',(50.,15.,140.));
#8352 = DIRECTION('',(0.,0.,1.));
#8353 = DIRECTION('',(-1.,0.,0.));
#8354 = ADVANCED_FACE('',(#8355),#8371,.T.);
#8355 = FACE_BOUND('',#8356,.T.);
#8356 = EDGE_LOOP('',(#8357,#8358,#8364,#8365));
#8357 = ORIENTED_EDGE('',*,*,#8336,.T.);
#8358 = ORIENTED_EDGE('',*,*,#8359,.T.);
#8359 = EDGE_CURVE('',#8329,#8259,#8360,.T.);
#8360 = LINE('',#8361,#8362);
#8361 = CARTESIAN_POINT('',(0.,35.,140.));
#8362 = VECTOR('',#8363,1.);
#8363 = DIRECTION('',(0.,0.,-1.));
#8364 = ORIENTED_EDGE('',*,*,#8256,.F.);
#8365 = ORIENTED_EDGE('',*,*,#8366,.F.);
#8366 = EDGE_CURVE('',#8337,#8257,#8367,.T.);
#8367 = LINE('',#8368,#8369);
#8368 = CARTESIAN_POINT('',(0.,15.,140.));
#8369 = VECTOR('',#8370,1.);
#8370 = DIRECTION('',(0.,0.,-1.));
#8371 = PLANE('',#8372);
#8372 = AXIS2_PLACEMENT_3D('',#8373,#8374,#8375);
#8373 = CARTESIAN_POINT('',(0.,15.,140.));
#8374 = DIRECTION('',(-1.,-0.,-0.));
#8375 = DIRECTION('',(0.,0.,-1.));
#8376 = ADVANCED_FACE('',(#8377),#8383,.T.);
#8377 = FACE_BOUND('',#8378,.T.);
#8378 = EDGE_LOOP('',(#8379,#8380,#8381,#8382));
#8379 = ORIENTED_EDGE('',*,*,#8282,.T.);
#8380 = ORIENTED_EDGE('',*,*,#8313,.T.);
#8381 = ORIENTED_EDGE('',*,*,#8344,.T.);
#8382 = ORIENTED_EDGE('',*,*,#8366,.T.);
#8383 = PLANE('',#8384);
#8384 = AXIS2_PLACEMENT_3D('',#8385,#8386,#8387);
#8385 = CARTESIAN_POINT('',(25.,15.,77.368602791856));
#8386 = DIRECTION('',(-0.,-1.,-0.));
#8387 = DIRECTION('',(0.,0.,-1.));
#8388 = ADVANCED_FACE('',(#8389),#8395,.F.);
#8389 = FACE_BOUND('',#8390,.F.);
#8390 = EDGE_LOOP('',(#8391,#8392,#8393,#8394));
#8391 = ORIENTED_EDGE('',*,*,#8266,.T.);
#8392 = ORIENTED_EDGE('',*,*,#8297,.T.);
#8393 = ORIENTED_EDGE('',*,*,#8328,.T.);
#8394 = ORIENTED_EDGE('',*,*,#8359,.T.);
#8395 = PLANE('',#8396);
#8396 = AXIS2_PLACEMENT_3D('',#8397,#8398,#8399);
#8397 = CARTESIAN_POINT('',(25.,35.,77.368602791856));
#8398 = DIRECTION('',(-0.,-1.,-0.));
#8399 = DIRECTION('',(0.,0.,-1.));
#8400 = ( GEOMETRIC_REPRESENTATION_CONTEXT(3) 
GLOBAL_UNCERTAINTY_ASSIGNED_CONTEXT((#8404)) 
GLOBAL_UNIT_ASSIGNED_CONTEXT((#8401,#8402,#8403)) REPRESENTATION_CONTEXT
('Context #1','3D Context with UNIT and UNCERTAINTY') );
#8401 = ( LENGTH_UNIT() NAMED_UNIT(*) SI_UNIT(.MILLI.,.METRE.) );
#8402 = ( NAMED_UNIT(*) PLANE_ANGLE_UNIT() SI_UNIT($,.RADIAN.) );
#8403 = ( NAMED_UNIT(*) SI_UNIT($,.STERADIAN.) SOLID_ANGLE_UNIT() );
#8404 = UNCERTAINTY_MEASURE_WITH_UNIT(LENGTH_MEASURE(1.E-07),#8401,
  'distance_accuracy_value','confusion accuracy');
#8405 = CONTEXT_DEPENDENT_SHAPE_REPRESENTATION(#8406,#8408);
#8406 = ( REPRESENTATION_RELATIONSHIP('','',#8249,#10) 
REPRESENTATION_RELATIONSHIP_WITH_TRANSFORMATION(#8407) 
SHAPE_REPRESENTATION_RELATIONSHIP() );
#8407 = ITEM_DEFINED_TRANSFORMATION('','',#11,#195);
#8408 = PRODUCT_DEFINITION_SHAPE('Placement','Placement of an item',
  #8409);
#8409 = NEXT_ASSEMBLY_USAGE_OCCURRENCE('46',
  'CAT-STARBOARD-SIDE-PORT-01 | SidePort | nominal plywood 20 mm','',#5,
  #8244,$);
#8410 = PRODUCT_RELATED_PRODUCT_CATEGORY('part',$,(#8246));
#8411 = SHAPE_DEFINITION_REPRESENTATION(#8412,#8418);
#8412 = PRODUCT_DEFINITION_SHAPE('','',#8413);
#8413 = PRODUCT_DEFINITION('design','',#8414,#8417);
#8414 = PRODUCT_DEFINITION_FORMATION('','',#8415);
#8415 = PRODUCT(
'CAT-STARBOARD-SIDE-STARBOARD-01 | SideStarboard | nominal plywood 20 
mm',
'CAT-STARBOARD-SIDE-STARBOARD-01 | SideStarboard | nominal plywood 20 
mm','',(#8416));
#8416 = PRODUCT_CONTEXT('',#2,'mechanical');
#8417 = PRODUCT_DEFINITION_CONTEXT('part definition',#2,'design');
#8418 = ADVANCED_BREP_SHAPE_REPRESENTATION('',(#11,#8419),#8569);
#8419 = MANIFOLD_SOLID_BREP('',#8420);
#8420 = CLOSED_SHELL('',(#8421,#8461,#8492,#8523,#8545,#8557));
#8421 = ADVANCED_FACE('',(#8422),#8456,.T.);
#8422 = FACE_BOUND('',#8423,.T.);
#8423 = EDGE_LOOP('',(#8424,#8434,#8442,#8450));
#8424 = ORIENTED_EDGE('',*,*,#8425,.T.);
#8425 = EDGE_CURVE('',#8426,#8428,#8430,.T.);
#8426 = VERTEX_POINT('',#8427);
#8427 = CARTESIAN_POINT('',(0.,275.,14.737205583712));
#8428 = VERTEX_POINT('',#8429);
#8429 = CARTESIAN_POINT('',(0.,255.,14.737205583712));
#8430 = LINE('',#8431,#8432);
#8431 = CARTESIAN_POINT('',(0.,275.,14.737205583712));
#8432 = VECTOR('',#8433,1.);
#8433 = DIRECTION('',(-0.,-1.,-0.));
#8434 = ORIENTED_EDGE('',*,*,#8435,.T.);
#8435 = EDGE_CURVE('',#8428,#8436,#8438,.T.);
#8436 = VERTEX_POINT('',#8437);
#8437 = CARTESIAN_POINT('',(0.,255.,140.));
#8438 = LINE('',#8439,#8440);
#8439 = CARTESIAN_POINT('',(0.,255.,14.737205583712));
#8440 = VECTOR('',#8441,1.);
#8441 = DIRECTION('',(0.,0.,1.));
#8442 = ORIENTED_EDGE('',*,*,#8443,.F.);
#8443 = EDGE_CURVE('',#8444,#8436,#8446,.T.);
#8444 = VERTEX_POINT('',#8445);
#8445 = CARTESIAN_POINT('',(0.,275.,140.));
#8446 = LINE('',#8447,#8448);
#8447 = CARTESIAN_POINT('',(0.,275.,140.));
#8448 = VECTOR('',#8449,1.);
#8449 = DIRECTION('',(-0.,-1.,-0.));
#8450 = ORIENTED_EDGE('',*,*,#8451,.F.);
#8451 = EDGE_CURVE('',#8426,#8444,#8452,.T.);
#8452 = LINE('',#8453,#8454);
#8453 = CARTESIAN_POINT('',(0.,275.,14.737205583712));
#8454 = VECTOR('',#8455,1.);
#8455 = DIRECTION('',(0.,0.,1.));
#8456 = PLANE('',#8457);
#8457 = AXIS2_PLACEMENT_3D('',#8458,#8459,#8460);
#8458 = CARTESIAN_POINT('',(0.,275.,14.737205583712));
#8459 = DIRECTION('',(-1.,0.,0.));
#8460 = DIRECTION('',(0.,0.,1.));
#8461 = ADVANCED_FACE('',(#8462),#8487,.T.);
#8462 = FACE_BOUND('',#8463,.T.);
#8463 = EDGE_LOOP('',(#8464,#8465,#8473,#8481));
#8464 = ORIENTED_EDGE('',*,*,#8443,.T.);
#8465 = ORIENTED_EDGE('',*,*,#8466,.T.);
#8466 = EDGE_CURVE('',#8436,#8467,#8469,.T.);
#8467 = VERTEX_POINT('',#8468);
#8468 = CARTESIAN_POINT('',(50.,255.,140.));
#8469 = LINE('',#8470,#8471);
#8470 = CARTESIAN_POINT('',(0.,255.,140.));
#8471 = VECTOR('',#8472,1.);
#8472 = DIRECTION('',(1.,0.,0.));
#8473 = ORIENTED_EDGE('',*,*,#8474,.F.);
#8474 = EDGE_CURVE('',#8475,#8467,#8477,.T.);
#8475 = VERTEX_POINT('',#8476);
#8476 = CARTESIAN_POINT('',(50.,275.,140.));
#8477 = LINE('',#8478,#8479);
#8478 = CARTESIAN_POINT('',(50.,275.,140.));
#8479 = VECTOR('',#8480,1.);
#8480 = DIRECTION('',(-0.,-1.,-0.));
#8481 = ORIENTED_EDGE('',*,*,#8482,.F.);
#8482 = EDGE_CURVE('',#8444,#8475,#8483,.T.);
#8483 = LINE('',#8484,#8485);
#8484 = CARTESIAN_POINT('',(0.,275.,140.));
#8485 = VECTOR('',#8486,1.);
#8486 = DIRECTION('',(1.,0.,0.));
#8487 = PLANE('',#8488);
#8488 = AXIS2_PLACEMENT_3D('',#8489,#8490,#8491);
#8489 = CARTESIAN_POINT('',(0.,275.,140.));
#8490 = DIRECTION('',(0.,0.,1.));
#8491 = DIRECTION('',(1.,0.,-0.));
#8492 = ADVANCED_FACE('',(#8493),#8518,.T.);
#8493 = FACE_BOUND('',#8494,.T.);
#8494 = EDGE_LOOP('',(#8495,#8496,#8504,#8512));
#8495 = ORIENTED_EDGE('',*,*,#8474,.T.);
#8496 = ORIENTED_EDGE('',*,*,#8497,.T.);
#8497 = EDGE_CURVE('',#8467,#8498,#8500,.T.);
#8498 = VERTEX_POINT('',#8499);
#8499 = CARTESIAN_POINT('',(50.,255.,14.737205583712));
#8500 = LINE('',#8501,#8502);
#8501 = CARTESIAN_POINT('',(50.,255.,140.));
#8502 = VECTOR('',#8503,1.);
#8503 = DIRECTION('',(0.,0.,-1.));
#8504 = ORIENTED_EDGE('',*,*,#8505,.F.);
#8505 = EDGE_CURVE('',#8506,#8498,#8508,.T.);
#8506 = VERTEX_POINT('',#8507);
#8507 = CARTESIAN_POINT('',(50.,275.,14.737205583712));
#8508 = LINE('',#8509,#8510);
#8509 = CARTESIAN_POINT('',(50.,275.,14.737205583712));
#8510 = VECTOR('',#8511,1.);
#8511 = DIRECTION('',(-0.,-1.,-0.));
#8512 = ORIENTED_EDGE('',*,*,#8513,.F.);
#8513 = EDGE_CURVE('',#8475,#8506,#8514,.T.);
#8514 = LINE('',#8515,#8516);
#8515 = CARTESIAN_POINT('',(50.,275.,140.));
#8516 = VECTOR('',#8517,1.);
#8517 = DIRECTION('',(0.,0.,-1.));
#8518 = PLANE('',#8519);
#8519 = AXIS2_PLACEMENT_3D('',#8520,#8521,#8522);
#8520 = CARTESIAN_POINT('',(50.,275.,140.));
#8521 = DIRECTION('',(1.,-0.,0.));
#8522 = DIRECTION('',(0.,0.,-1.));
#8523 = ADVANCED_FACE('',(#8524),#8540,.T.);
#8524 = FACE_BOUND('',#8525,.T.);
#8525 = EDGE_LOOP('',(#8526,#8527,#8533,#8534));
#8526 = ORIENTED_EDGE('',*,*,#8505,.T.);
#8527 = ORIENTED_EDGE('',*,*,#8528,.T.);
#8528 = EDGE_CURVE('',#8498,#8428,#8529,.T.);
#8529 = LINE('',#8530,#8531);
#8530 = CARTESIAN_POINT('',(50.,255.,14.737205583712));
#8531 = VECTOR('',#8532,1.);
#8532 = DIRECTION('',(-1.,0.,0.));
#8533 = ORIENTED_EDGE('',*,*,#8425,.F.);
#8534 = ORIENTED_EDGE('',*,*,#8535,.F.);
#8535 = EDGE_CURVE('',#8506,#8426,#8536,.T.);
#8536 = LINE('',#8537,#8538);
#8537 = CARTESIAN_POINT('',(50.,275.,14.737205583712));
#8538 = VECTOR('',#8539,1.);
#8539 = DIRECTION('',(-1.,0.,0.));
#8540 = PLANE('',#8541);
#8541 = AXIS2_PLACEMENT_3D('',#8542,#8543,#8544);
#8542 = CARTESIAN_POINT('',(50.,275.,14.737205583712));
#8543 = DIRECTION('',(0.,0.,-1.));
#8544 = DIRECTION('',(-1.,0.,0.));
#8545 = ADVANCED_FACE('',(#8546),#8552,.T.);
#8546 = FACE_BOUND('',#8547,.T.);
#8547 = EDGE_LOOP('',(#8548,#8549,#8550,#8551));
#8548 = ORIENTED_EDGE('',*,*,#8451,.T.);
#8549 = ORIENTED_EDGE('',*,*,#8482,.T.);
#8550 = ORIENTED_EDGE('',*,*,#8513,.T.);
#8551 = ORIENTED_EDGE('',*,*,#8535,.T.);
#8552 = PLANE('',#8553);
#8553 = AXIS2_PLACEMENT_3D('',#8554,#8555,#8556);
#8554 = CARTESIAN_POINT('',(25.,275.,77.368602791856));
#8555 = DIRECTION('',(0.,1.,0.));
#8556 = DIRECTION('',(0.,-0.,1.));
#8557 = ADVANCED_FACE('',(#8558),#8564,.F.);
#8558 = FACE_BOUND('',#8559,.F.);
#8559 = EDGE_LOOP('',(#8560,#8561,#8562,#8563));
#8560 = ORIENTED_EDGE('',*,*,#8435,.T.);
#8561 = ORIENTED_EDGE('',*,*,#8466,.T.);
#8562 = ORIENTED_EDGE('',*,*,#8497,.T.);
#8563 = ORIENTED_EDGE('',*,*,#8528,.T.);
#8564 = PLANE('',#8565);
#8565 = AXIS2_PLACEMENT_3D('',#8566,#8567,#8568);
#8566 = CARTESIAN_POINT('',(25.,255.,77.368602791856));
#8567 = DIRECTION('',(0.,1.,0.));
#8568 = DIRECTION('',(0.,-0.,1.));
#8569 = ( GEOMETRIC_REPRESENTATION_CONTEXT(3) 
GLOBAL_UNCERTAINTY_ASSIGNED_CONTEXT((#8573)) 
GLOBAL_UNIT_ASSIGNED_CONTEXT((#8570,#8571,#8572)) REPRESENTATION_CONTEXT
('Context #1','3D Context with UNIT and UNCERTAINTY') );
#8570 = ( LENGTH_UNIT() NAMED_UNIT(*) SI_UNIT(.MILLI.,.METRE.) );
#8571 = ( NAMED_UNIT(*) PLANE_ANGLE_UNIT() SI_UNIT($,.RADIAN.) );
#8572 = ( NAMED_UNIT(*) SI_UNIT($,.STERADIAN.) SOLID_ANGLE_UNIT() );
#8573 = UNCERTAINTY_MEASURE_WITH_UNIT(LENGTH_MEASURE(1.E-07),#8570,
  'distance_accuracy_value','confusion accuracy');
#8574 = CONTEXT_DEPENDENT_SHAPE_REPRESENTATION(#8575,#8577);
#8575 = ( REPRESENTATION_RELATIONSHIP('','',#8418,#10) 
REPRESENTATION_RELATIONSHIP_WITH_TRANSFORMATION(#8576) 
SHAPE_REPRESENTATION_RELATIONSHIP() );
#8576 = ITEM_DEFINED_TRANSFORMATION('','',#11,#199);
#8577 = PRODUCT_DEFINITION_SHAPE('Placement','Placement of an item',
  #8578);
#8578 = NEXT_ASSEMBLY_USAGE_OCCURRENCE('47',
'CAT-STARBOARD-SIDE-STARBOARD-01 | SideStarboard | nominal plywood 20 
mm','',#5,#8413,$);
#8579 = PRODUCT_RELATED_PRODUCT_CATEGORY('part',$,(#8415));
#8580 = SHAPE_DEFINITION_REPRESENTATION(#8581,#8587);
#8581 = PRODUCT_DEFINITION_SHAPE('','',#8582);
#8582 = PRODUCT_DEFINITION('design','',#8583,#8586);
#8583 = PRODUCT_DEFINITION_FORMATION('','',#8584);
#8584 = PRODUCT(
  'CAT-STARBOARD-BOTTOM-02 | BottomFlat | nominal plywood 20 mm',
  'CAT-STARBOARD-BOTTOM-02 | BottomFlat | nominal plywood 20 mm','',(
    #8585));
#8585 = PRODUCT_CONTEXT('',#2,'mechanical');
#8586 = PRODUCT_DEFINITION_CONTEXT('part definition',#2,'design');
#8587 = ADVANCED_BREP_SHAPE_REPRESENTATION('',(#11,#8588),#8738);
#8588 = MANIFOLD_SOLID_BREP('',#8589);
#8589 = CLOSED_SHELL('',(#8590,#8630,#8661,#8692,#8714,#8726));
#8590 = ADVANCED_FACE('',(#8591),#8625,.F.);
#8591 = FACE_BOUND('',#8592,.F.);
#8592 = EDGE_LOOP('',(#8593,#8603,#8611,#8619));
#8593 = ORIENTED_EDGE('',*,*,#8594,.T.);
#8594 = EDGE_CURVE('',#8595,#8597,#8599,.T.);
#8595 = VERTEX_POINT('',#8596);
#8596 = CARTESIAN_POINT('',(50.,70.,0.));
#8597 = VERTEX_POINT('',#8598);
#8598 = CARTESIAN_POINT('',(50.,70.,20.));
#8599 = LINE('',#8600,#8601);
#8600 = CARTESIAN_POINT('',(50.,70.,0.));
#8601 = VECTOR('',#8602,1.);
#8602 = DIRECTION('',(0.,0.,1.));
#8603 = ORIENTED_EDGE('',*,*,#8604,.T.);
#8604 = EDGE_CURVE('',#8597,#8605,#8607,.T.);
#8605 = VERTEX_POINT('',#8606);
#8606 = CARTESIAN_POINT('',(220.,70.,20.));
#8607 = LINE('',#8608,#8609);
#8608 = CARTESIAN_POINT('',(50.,70.,20.));
#8609 = VECTOR('',#8610,1.);
#8610 = DIRECTION('',(1.,0.,0.));
#8611 = ORIENTED_EDGE('',*,*,#8612,.F.);
#8612 = EDGE_CURVE('',#8613,#8605,#8615,.T.);
#8613 = VERTEX_POINT('',#8614);
#8614 = CARTESIAN_POINT('',(220.,70.,0.));
#8615 = LINE('',#8616,#8617);
#8616 = CARTESIAN_POINT('',(220.,70.,0.));
#8617 = VECTOR('',#8618,1.);
#8618 = DIRECTION('',(0.,0.,1.));
#8619 = ORIENTED_EDGE('',*,*,#8620,.F.);
#8620 = EDGE_CURVE('',#8595,#8613,#8621,.T.);
#8621 = LINE('',#8622,#8623);
#8622 = CARTESIAN_POINT('',(50.,70.,0.));
#8623 = VECTOR('',#8624,1.);
#8624 = DIRECTION('',(1.,0.,0.));
#8625 = PLANE('',#8626);
#8626 = AXIS2_PLACEMENT_3D('',#8627,#8628,#8629);
#8627 = CARTESIAN_POINT('',(50.,70.,0.));
#8628 = DIRECTION('',(0.,1.,0.));
#8629 = DIRECTION('',(1.,0.,0.));
#8630 = ADVANCED_FACE('',(#8631),#8656,.F.);
#8631 = FACE_BOUND('',#8632,.F.);
#8632 = EDGE_LOOP('',(#8633,#8634,#8642,#8650));
#8633 = ORIENTED_EDGE('',*,*,#8612,.T.);
#8634 = ORIENTED_EDGE('',*,*,#8635,.T.);
#8635 = EDGE_CURVE('',#8605,#8636,#8638,.T.);
#8636 = VERTEX_POINT('',#8637);
#8637 = CARTESIAN_POINT('',(220.,220.,20.));
#8638 = LINE('',#8639,#8640);
#8639 = CARTESIAN_POINT('',(220.,70.,20.));
#8640 = VECTOR('',#8641,1.);
#8641 = DIRECTION('',(0.,1.,0.));
#8642 = ORIENTED_EDGE('',*,*,#8643,.F.);
#8643 = EDGE_CURVE('',#8644,#8636,#8646,.T.);
#8644 = VERTEX_POINT('',#8645);
#8645 = CARTESIAN_POINT('',(220.,220.,0.));
#8646 = LINE('',#8647,#8648);
#8647 = CARTESIAN_POINT('',(220.,220.,0.));
#8648 = VECTOR('',#8649,1.);
#8649 = DIRECTION('',(0.,0.,1.));
#8650 = ORIENTED_EDGE('',*,*,#8651,.F.);
#8651 = EDGE_CURVE('',#8613,#8644,#8652,.T.);
#8652 = LINE('',#8653,#8654);
#8653 = CARTESIAN_POINT('',(220.,70.,0.));
#8654 = VECTOR('',#8655,1.);
#8655 = DIRECTION('',(0.,1.,0.));
#8656 = PLANE('',#8657);
#8657 = AXIS2_PLACEMENT_3D('',#8658,#8659,#8660);
#8658 = CARTESIAN_POINT('',(220.,70.,0.));
#8659 = DIRECTION('',(-1.,0.,0.));
#8660 = DIRECTION('',(0.,1.,0.));
#8661 = ADVANCED_FACE('',(#8662),#8687,.F.);
#8662 = FACE_BOUND('',#8663,.F.);
#8663 = EDGE_LOOP('',(#8664,#8665,#8673,#8681));
#8664 = ORIENTED_EDGE('',*,*,#8643,.T.);
#8665 = ORIENTED_EDGE('',*,*,#8666,.T.);
#8666 = EDGE_CURVE('',#8636,#8667,#8669,.T.);
#8667 = VERTEX_POINT('',#8668);
#8668 = CARTESIAN_POINT('',(50.,220.,20.));
#8669 = LINE('',#8670,#8671);
#8670 = CARTESIAN_POINT('',(220.,220.,20.));
#8671 = VECTOR('',#8672,1.);
#8672 = DIRECTION('',(-1.,0.,0.));
#8673 = ORIENTED_EDGE('',*,*,#8674,.F.);
#8674 = EDGE_CURVE('',#8675,#8667,#8677,.T.);
#8675 = VERTEX_POINT('',#8676);
#8676 = CARTESIAN_POINT('',(50.,220.,0.));
#8677 = LINE('',#8678,#8679);
#8678 = CARTESIAN_POINT('',(50.,220.,0.));
#8679 = VECTOR('',#8680,1.);
#8680 = DIRECTION('',(0.,0.,1.));
#8681 = ORIENTED_EDGE('',*,*,#8682,.F.);
#8682 = EDGE_CURVE('',#8644,#8675,#8683,.T.);
#8683 = LINE('',#8684,#8685);
#8684 = CARTESIAN_POINT('',(220.,220.,0.));
#8685 = VECTOR('',#8686,1.);
#8686 = DIRECTION('',(-1.,0.,0.));
#8687 = PLANE('',#8688);
#8688 = AXIS2_PLACEMENT_3D('',#8689,#8690,#8691);
#8689 = CARTESIAN_POINT('',(220.,220.,0.));
#8690 = DIRECTION('',(0.,-1.,0.));
#8691 = DIRECTION('',(-1.,0.,0.));
#8692 = ADVANCED_FACE('',(#8693),#8709,.F.);
#8693 = FACE_BOUND('',#8694,.F.);
#8694 = EDGE_LOOP('',(#8695,#8696,#8702,#8703));
#8695 = ORIENTED_EDGE('',*,*,#8674,.T.);
#8696 = ORIENTED_EDGE('',*,*,#8697,.T.);
#8697 = EDGE_CURVE('',#8667,#8597,#8698,.T.);
#8698 = LINE('',#8699,#8700);
#8699 = CARTESIAN_POINT('',(50.,220.,20.));
#8700 = VECTOR('',#8701,1.);
#8701 = DIRECTION('',(0.,-1.,0.));
#8702 = ORIENTED_EDGE('',*,*,#8594,.F.);
#8703 = ORIENTED_EDGE('',*,*,#8704,.F.);
#8704 = EDGE_CURVE('',#8675,#8595,#8705,.T.);
#8705 = LINE('',#8706,#8707);
#8706 = CARTESIAN_POINT('',(50.,220.,0.));
#8707 = VECTOR('',#8708,1.);
#8708 = DIRECTION('',(0.,-1.,0.));
#8709 = PLANE('',#8710);
#8710 = AXIS2_PLACEMENT_3D('',#8711,#8712,#8713);
#8711 = CARTESIAN_POINT('',(50.,220.,0.));
#8712 = DIRECTION('',(1.,0.,-0.));
#8713 = DIRECTION('',(0.,-1.,0.));
#8714 = ADVANCED_FACE('',(#8715),#8721,.F.);
#8715 = FACE_BOUND('',#8716,.F.);
#8716 = EDGE_LOOP('',(#8717,#8718,#8719,#8720));
#8717 = ORIENTED_EDGE('',*,*,#8620,.T.);
#8718 = ORIENTED_EDGE('',*,*,#8651,.T.);
#8719 = ORIENTED_EDGE('',*,*,#8682,.T.);
#8720 = ORIENTED_EDGE('',*,*,#8704,.T.);
#8721 = PLANE('',#8722);
#8722 = AXIS2_PLACEMENT_3D('',#8723,#8724,#8725);
#8723 = CARTESIAN_POINT('',(135.,145.,0.));
#8724 = DIRECTION('',(0.,0.,1.));
#8725 = DIRECTION('',(1.,0.,-0.));
#8726 = ADVANCED_FACE('',(#8727),#8733,.T.);
#8727 = FACE_BOUND('',#8728,.T.);
#8728 = EDGE_LOOP('',(#8729,#8730,#8731,#8732));
#8729 = ORIENTED_EDGE('',*,*,#8604,.T.);
#8730 = ORIENTED_EDGE('',*,*,#8635,.T.);
#8731 = ORIENTED_EDGE('',*,*,#8666,.T.);
#8732 = ORIENTED_EDGE('',*,*,#8697,.T.);
#8733 = PLANE('',#8734);
#8734 = AXIS2_PLACEMENT_3D('',#8735,#8736,#8737);
#8735 = CARTESIAN_POINT('',(135.,145.,20.));
#8736 = DIRECTION('',(0.,0.,1.));
#8737 = DIRECTION('',(1.,0.,-0.));
#8738 = ( GEOMETRIC_REPRESENTATION_CONTEXT(3) 
GLOBAL_UNCERTAINTY_ASSIGNED_CONTEXT((#8742)) 
GLOBAL_UNIT_ASSIGNED_CONTEXT((#8739,#8740,#8741)) REPRESENTATION_CONTEXT
('Context #1','3D Context with UNIT and UNCERTAINTY') );
#8739 = ( LENGTH_UNIT() NAMED_UNIT(*) SI_UNIT(.MILLI.,.METRE.) );
#8740 = ( NAMED_UNIT(*) PLANE_ANGLE_UNIT() SI_UNIT($,.RADIAN.) );
#8741 = ( NAMED_UNIT(*) SI_UNIT($,.STERADIAN.) SOLID_ANGLE_UNIT() );
#8742 = UNCERTAINTY_MEASURE_WITH_UNIT(LENGTH_MEASURE(1.E-07),#8739,
  'distance_accuracy_value','confusion accuracy');
#8743 = CONTEXT_DEPENDENT_SHAPE_REPRESENTATION(#8744,#8746);
#8744 = ( REPRESENTATION_RELATIONSHIP('','',#8587,#10) 
REPRESENTATION_RELATIONSHIP_WITH_TRANSFORMATION(#8745) 
SHAPE_REPRESENTATION_RELATIONSHIP() );
#8745 = ITEM_DEFINED_TRANSFORMATION('','',#11,#203);
#8746 = PRODUCT_DEFINITION_SHAPE('Placement','Placement of an item',
  #8747);
#8747 = NEXT_ASSEMBLY_USAGE_OCCURRENCE('48',
  'CAT-STARBOARD-BOTTOM-02 | BottomFlat | nominal plywood 20 mm','',#5,
  #8582,$);
#8748 = PRODUCT_RELATED_PRODUCT_CATEGORY('part',$,(#8584));
#8749 = SHAPE_DEFINITION_REPRESENTATION(#8750,#8756);
#8750 = PRODUCT_DEFINITION_SHAPE('','',#8751);
#8751 = PRODUCT_DEFINITION('design','',#8752,#8755);
#8752 = PRODUCT_DEFINITION_FORMATION('','',#8753);
#8753 = PRODUCT(
  'CAT-STARBOARD-CHINE-PORT-02 | ChinePort | nominal plywood 20 mm',
  'CAT-STARBOARD-CHINE-PORT-02 | ChinePort | nominal plywood 20 mm','',(
    #8754));
#8754 = PRODUCT_CONTEXT('',#2,'mechanical');
#8755 = PRODUCT_DEFINITION_CONTEXT('part definition',#2,'design');
#8756 = ADVANCED_BREP_SHAPE_REPRESENTATION('',(#11,#8757),#8907);
#8757 = MANIFOLD_SOLID_BREP('',#8758);
#8758 = CLOSED_SHELL('',(#8759,#8799,#8830,#8861,#8883,#8895));
#8759 = ADVANCED_FACE('',(#8760),#8794,.T.);
#8760 = FACE_BOUND('',#8761,.T.);
#8761 = EDGE_LOOP('',(#8762,#8772,#8780,#8788));
#8762 = ORIENTED_EDGE('',*,*,#8763,.T.);
#8763 = EDGE_CURVE('',#8764,#8766,#8768,.T.);
#8764 = VERTEX_POINT('',#8765);
#8765 = CARTESIAN_POINT('',(50.,70.,0.));
#8766 = VERTEX_POINT('',#8767);
#8767 = CARTESIAN_POINT('',(50.,75.17638090205,19.318516525781));
#8768 = LINE('',#8769,#8770);
#8769 = CARTESIAN_POINT('',(50.,70.,0.));
#8770 = VECTOR('',#8771,1.);
#8771 = DIRECTION('',(-0.,0.258819045103,0.965925826289));
#8772 = ORIENTED_EDGE('',*,*,#8773,.T.);
#8773 = EDGE_CURVE('',#8766,#8774,#8776,.T.);
#8774 = VERTEX_POINT('',#8775);
#8775 = CARTESIAN_POINT('',(220.,75.17638090205,19.318516525781));
#8776 = LINE('',#8777,#8778);
#8777 = CARTESIAN_POINT('',(50.,75.17638090205,19.318516525781));
#8778 = VECTOR('',#8779,1.);
#8779 = DIRECTION('',(1.,0.,0.));
#8780 = ORIENTED_EDGE('',*,*,#8781,.F.);
#8781 = EDGE_CURVE('',#8782,#8774,#8784,.T.);
#8782 = VERTEX_POINT('',#8783);
#8783 = CARTESIAN_POINT('',(220.,70.,0.));
#8784 = LINE('',#8785,#8786);
#8785 = CARTESIAN_POINT('',(220.,70.,0.));
#8786 = VECTOR('',#8787,1.);
#8787 = DIRECTION('',(-0.,0.258819045103,0.965925826289));
#8788 = ORIENTED_EDGE('',*,*,#8789,.F.);
#8789 = EDGE_CURVE('',#8764,#8782,#8790,.T.);
#8790 = LINE('',#8791,#8792);
#8791 = CARTESIAN_POINT('',(50.,70.,0.));
#8792 = VECTOR('',#8793,1.);
#8793 = DIRECTION('',(1.,0.,0.));
#8794 = PLANE('',#8795);
#8795 = AXIS2_PLACEMENT_3D('',#8796,#8797,#8798);
#8796 = CARTESIAN_POINT('',(50.,70.,0.));
#8797 = DIRECTION('',(0.,0.965925826289,-0.258819045103));
#8798 = DIRECTION('',(1.,0.,0.));
#8799 = ADVANCED_FACE('',(#8800),#8825,.T.);
#8800 = FACE_BOUND('',#8801,.T.);
#8801 = EDGE_LOOP('',(#8802,#8803,#8811,#8819));
#8802 = ORIENTED_EDGE('',*,*,#8781,.T.);
#8803 = ORIENTED_EDGE('',*,*,#8804,.T.);
#8804 = EDGE_CURVE('',#8774,#8805,#8807,.T.);
#8805 = VERTEX_POINT('',#8806);
#8806 = CARTESIAN_POINT('',(220.,20.17638090205,34.055722109493));
#8807 = LINE('',#8808,#8809);
#8808 = CARTESIAN_POINT('',(220.,75.17638090205,19.318516525781));
#8809 = VECTOR('',#8810,1.);
#8810 = DIRECTION('',(0.,-0.965925826289,0.258819045103));
#8811 = ORIENTED_EDGE('',*,*,#8812,.F.);
#8812 = EDGE_CURVE('',#8813,#8805,#8815,.T.);
#8813 = VERTEX_POINT('',#8814);
#8814 = CARTESIAN_POINT('',(220.,15.,14.737205583712));
#8815 = LINE('',#8816,#8817);
#8816 = CARTESIAN_POINT('',(220.,15.,14.737205583712));
#8817 = VECTOR('',#8818,1.);
#8818 = DIRECTION('',(-0.,0.258819045103,0.965925826289));
#8819 = ORIENTED_EDGE('',*,*,#8820,.F.);
#8820 = EDGE_CURVE('',#8782,#8813,#8821,.T.);
#8821 = LINE('',#8822,#8823);
#8822 = CARTESIAN_POINT('',(220.,70.,0.));
#8823 = VECTOR('',#8824,1.);
#8824 = DIRECTION('',(0.,-0.965925826289,0.258819045103));
#8825 = PLANE('',#8826);
#8826 = AXIS2_PLACEMENT_3D('',#8827,#8828,#8829);
#8827 = CARTESIAN_POINT('',(220.,70.,0.));
#8828 = DIRECTION('',(1.,0.,0.));
#8829 = DIRECTION('',(0.,-0.965925826289,0.258819045103));
#8830 = ADVANCED_FACE('',(#8831),#8856,.T.);
#8831 = FACE_BOUND('',#8832,.T.);
#8832 = EDGE_LOOP('',(#8833,#8834,#8842,#8850));
#8833 = ORIENTED_EDGE('',*,*,#8812,.T.);
#8834 = ORIENTED_EDGE('',*,*,#8835,.T.);
#8835 = EDGE_CURVE('',#8805,#8836,#8838,.T.);
#8836 = VERTEX_POINT('',#8837);
#8837 = CARTESIAN_POINT('',(50.,20.17638090205,34.055722109493));
#8838 = LINE('',#8839,#8840);
#8839 = CARTESIAN_POINT('',(220.,20.17638090205,34.055722109493));
#8840 = VECTOR('',#8841,1.);
#8841 = DIRECTION('',(-1.,0.,0.));
#8842 = ORIENTED_EDGE('',*,*,#8843,.F.);
#8843 = EDGE_CURVE('',#8844,#8836,#8846,.T.);
#8844 = VERTEX_POINT('',#8845);
#8845 = CARTESIAN_POINT('',(50.,15.,14.737205583712));
#8846 = LINE('',#8847,#8848);
#8847 = CARTESIAN_POINT('',(50.,15.,14.737205583712));
#8848 = VECTOR('',#8849,1.);
#8849 = DIRECTION('',(-0.,0.258819045103,0.965925826289));
#8850 = ORIENTED_EDGE('',*,*,#8851,.F.);
#8851 = EDGE_CURVE('',#8813,#8844,#8852,.T.);
#8852 = LINE('',#8853,#8854);
#8853 = CARTESIAN_POINT('',(220.,15.,14.737205583712));
#8854 = VECTOR('',#8855,1.);
#8855 = DIRECTION('',(-1.,0.,0.));
#8856 = PLANE('',#8857);
#8857 = AXIS2_PLACEMENT_3D('',#8858,#8859,#8860);
#8858 = CARTESIAN_POINT('',(220.,15.,14.737205583712));
#8859 = DIRECTION('',(0.,-0.965925826289,0.258819045103));
#8860 = DIRECTION('',(-1.,0.,0.));
#8861 = ADVANCED_FACE('',(#8862),#8878,.T.);
#8862 = FACE_BOUND('',#8863,.T.);
#8863 = EDGE_LOOP('',(#8864,#8865,#8871,#8872));
#8864 = ORIENTED_EDGE('',*,*,#8843,.T.);
#8865 = ORIENTED_EDGE('',*,*,#8866,.T.);
#8866 = EDGE_CURVE('',#8836,#8766,#8867,.T.);
#8867 = LINE('',#8868,#8869);
#8868 = CARTESIAN_POINT('',(50.,20.17638090205,34.055722109493));
#8869 = VECTOR('',#8870,1.);
#8870 = DIRECTION('',(0.,0.965925826289,-0.258819045103));
#8871 = ORIENTED_EDGE('',*,*,#8763,.F.);
#8872 = ORIENTED_EDGE('',*,*,#8873,.F.);
#8873 = EDGE_CURVE('',#8844,#8764,#8874,.T.);
#8874 = LINE('',#8875,#8876);
#8875 = CARTESIAN_POINT('',(50.,15.,14.737205583712));
#8876 = VECTOR('',#8877,1.);
#8877 = DIRECTION('',(0.,0.965925826289,-0.258819045103));
#8878 = PLANE('',#8879);
#8879 = AXIS2_PLACEMENT_3D('',#8880,#8881,#8882);
#8880 = CARTESIAN_POINT('',(50.,15.,14.737205583712));
#8881 = DIRECTION('',(-1.,0.,-0.));
#8882 = DIRECTION('',(0.,0.965925826289,-0.258819045103));
#8883 = ADVANCED_FACE('',(#8884),#8890,.T.);
#8884 = FACE_BOUND('',#8885,.T.);
#8885 = EDGE_LOOP('',(#8886,#8887,#8888,#8889));
#8886 = ORIENTED_EDGE('',*,*,#8789,.T.);
#8887 = ORIENTED_EDGE('',*,*,#8820,.T.);
#8888 = ORIENTED_EDGE('',*,*,#8851,.T.);
#8889 = ORIENTED_EDGE('',*,*,#8873,.T.);
#8890 = PLANE('',#8891);
#8891 = AXIS2_PLACEMENT_3D('',#8892,#8893,#8894);
#8892 = CARTESIAN_POINT('',(135.,42.5,7.368602791856));
#8893 = DIRECTION('',(-0.,-0.258819045103,-0.965925826289));
#8894 = DIRECTION('',(0.,-0.965925826289,0.258819045103));
#8895 = ADVANCED_FACE('',(#8896),#8902,.F.);
#8896 = FACE_BOUND('',#8897,.F.);
#8897 = EDGE_LOOP('',(#8898,#8899,#8900,#8901));
#8898 = ORIENTED_EDGE('',*,*,#8773,.T.);
#8899 = ORIENTED_EDGE('',*,*,#8804,.T.);
#8900 = ORIENTED_EDGE('',*,*,#8835,.T.);
#8901 = ORIENTED_EDGE('',*,*,#8866,.T.);
#8902 = PLANE('',#8903);
#8903 = AXIS2_PLACEMENT_3D('',#8904,#8905,#8906);
#8904 = CARTESIAN_POINT('',(135.,47.67638090205,26.687119317637));
#8905 = DIRECTION('',(-0.,-0.258819045103,-0.965925826289));
#8906 = DIRECTION('',(0.,-0.965925826289,0.258819045103));
#8907 = ( GEOMETRIC_REPRESENTATION_CONTEXT(3) 
GLOBAL_UNCERTAINTY_ASSIGNED_CONTEXT((#8911)) 
GLOBAL_UNIT_ASSIGNED_CONTEXT((#8908,#8909,#8910)) REPRESENTATION_CONTEXT
('Context #1','3D Context with UNIT and UNCERTAINTY') );
#8908 = ( LENGTH_UNIT() NAMED_UNIT(*) SI_UNIT(.MILLI.,.METRE.) );
#8909 = ( NAMED_UNIT(*) PLANE_ANGLE_UNIT() SI_UNIT($,.RADIAN.) );
#8910 = ( NAMED_UNIT(*) SI_UNIT($,.STERADIAN.) SOLID_ANGLE_UNIT() );
#8911 = UNCERTAINTY_MEASURE_WITH_UNIT(LENGTH_MEASURE(1.E-07),#8908,
  'distance_accuracy_value','confusion accuracy');
#8912 = CONTEXT_DEPENDENT_SHAPE_REPRESENTATION(#8913,#8915);
#8913 = ( REPRESENTATION_RELATIONSHIP('','',#8756,#10) 
REPRESENTATION_RELATIONSHIP_WITH_TRANSFORMATION(#8914) 
SHAPE_REPRESENTATION_RELATIONSHIP() );
#8914 = ITEM_DEFINED_TRANSFORMATION('','',#11,#207);
#8915 = PRODUCT_DEFINITION_SHAPE('Placement','Placement of an item',
  #8916);
#8916 = NEXT_ASSEMBLY_USAGE_OCCURRENCE('49',
  'CAT-STARBOARD-CHINE-PORT-02 | ChinePort | nominal plywood 20 mm','',
  #5,#8751,$);
#8917 = PRODUCT_RELATED_PRODUCT_CATEGORY('part',$,(#8753));
#8918 = SHAPE_DEFINITION_REPRESENTATION(#8919,#8925);
#8919 = PRODUCT_DEFINITION_SHAPE('','',#8920);
#8920 = PRODUCT_DEFINITION('design','',#8921,#8924);
#8921 = PRODUCT_DEFINITION_FORMATION('','',#8922);
#8922 = PRODUCT(
'CAT-STARBOARD-CHINE-STARBOARD-02 | ChineStarboard | nominal plywood 20 
mm',
'CAT-STARBOARD-CHINE-STARBOARD-02 | ChineStarboard | nominal plywood 20 
mm','',(#8923));
#8923 = PRODUCT_CONTEXT('',#2,'mechanical');
#8924 = PRODUCT_DEFINITION_CONTEXT('part definition',#2,'design');
#8925 = ADVANCED_BREP_SHAPE_REPRESENTATION('',(#11,#8926),#9076);
#8926 = MANIFOLD_SOLID_BREP('',#8927);
#8927 = CLOSED_SHELL('',(#8928,#8968,#8999,#9030,#9052,#9064));
#8928 = ADVANCED_FACE('',(#8929),#8963,.T.);
#8929 = FACE_BOUND('',#8930,.T.);
#8930 = EDGE_LOOP('',(#8931,#8941,#8949,#8957));
#8931 = ORIENTED_EDGE('',*,*,#8932,.T.);
#8932 = EDGE_CURVE('',#8933,#8935,#8937,.T.);
#8933 = VERTEX_POINT('',#8934);
#8934 = CARTESIAN_POINT('',(50.,220.,0.));
#8935 = VERTEX_POINT('',#8936);
#8936 = CARTESIAN_POINT('',(50.,214.82361909795,19.318516525781));
#8937 = LINE('',#8938,#8939);
#8938 = CARTESIAN_POINT('',(50.,220.,0.));
#8939 = VECTOR('',#8940,1.);
#8940 = DIRECTION('',(-0.,-0.258819045103,0.965925826289));
#8941 = ORIENTED_EDGE('',*,*,#8942,.T.);
#8942 = EDGE_CURVE('',#8935,#8943,#8945,.T.);
#8943 = VERTEX_POINT('',#8944);
#8944 = CARTESIAN_POINT('',(50.,269.82361909795,34.055722109493));
#8945 = LINE('',#8946,#8947);
#8946 = CARTESIAN_POINT('',(50.,214.82361909795,19.318516525781));
#8947 = VECTOR('',#8948,1.);
#8948 = DIRECTION('',(0.,0.965925826289,0.258819045103));
#8949 = ORIENTED_EDGE('',*,*,#8950,.F.);
#8950 = EDGE_CURVE('',#8951,#8943,#8953,.T.);
#8951 = VERTEX_POINT('',#8952);
#8952 = CARTESIAN_POINT('',(50.,275.,14.737205583712));
#8953 = LINE('',#8954,#8955);
#8954 = CARTESIAN_POINT('',(50.,275.,14.737205583712));
#8955 = VECTOR('',#8956,1.);
#8956 = DIRECTION('',(-0.,-0.258819045103,0.965925826289));
#8957 = ORIENTED_EDGE('',*,*,#8958,.F.);
#8958 = EDGE_CURVE('',#8933,#8951,#8959,.T.);
#8959 = LINE('',#8960,#8961);
#8960 = CARTESIAN_POINT('',(50.,220.,0.));
#8961 = VECTOR('',#8962,1.);
#8962 = DIRECTION('',(0.,0.965925826289,0.258819045103));
#8963 = PLANE('',#8964);
#8964 = AXIS2_PLACEMENT_3D('',#8965,#8966,#8967);
#8965 = CARTESIAN_POINT('',(50.,220.,0.));
#8966 = DIRECTION('',(-1.,0.,0.));
#8967 = DIRECTION('',(0.,0.965925826289,0.258819045103));
#8968 = ADVANCED_FACE('',(#8969),#8994,.T.);
#8969 = FACE_BOUND('',#8970,.T.);
#8970 = EDGE_LOOP('',(#8971,#8972,#8980,#8988));
#8971 = ORIENTED_EDGE('',*,*,#8950,.T.);
#8972 = ORIENTED_EDGE('',*,*,#8973,.T.);
#8973 = EDGE_CURVE('',#8943,#8974,#8976,.T.);
#8974 = VERTEX_POINT('',#8975);
#8975 = CARTESIAN_POINT('',(220.,269.82361909795,34.055722109493));
#8976 = LINE('',#8977,#8978);
#8977 = CARTESIAN_POINT('',(50.,269.82361909795,34.055722109493));
#8978 = VECTOR('',#8979,1.);
#8979 = DIRECTION('',(1.,0.,0.));
#8980 = ORIENTED_EDGE('',*,*,#8981,.F.);
#8981 = EDGE_CURVE('',#8982,#8974,#8984,.T.);
#8982 = VERTEX_POINT('',#8983);
#8983 = CARTESIAN_POINT('',(220.,275.,14.737205583712));
#8984 = LINE('',#8985,#8986);
#8985 = CARTESIAN_POINT('',(220.,275.,14.737205583712));
#8986 = VECTOR('',#8987,1.);
#8987 = DIRECTION('',(-0.,-0.258819045103,0.965925826289));
#8988 = ORIENTED_EDGE('',*,*,#8989,.F.);
#8989 = EDGE_CURVE('',#8951,#8982,#8990,.T.);
#8990 = LINE('',#8991,#8992);
#8991 = CARTESIAN_POINT('',(50.,275.,14.737205583712));
#8992 = VECTOR('',#8993,1.);
#8993 = DIRECTION('',(1.,0.,0.));
#8994 = PLANE('',#8995);
#8995 = AXIS2_PLACEMENT_3D('',#8996,#8997,#8998);
#8996 = CARTESIAN_POINT('',(50.,275.,14.737205583712));
#8997 = DIRECTION('',(-0.,0.965925826289,0.258819045103));
#8998 = DIRECTION('',(1.,0.,0.));
#8999 = ADVANCED_FACE('',(#9000),#9025,.T.);
#9000 = FACE_BOUND('',#9001,.T.);
#9001 = EDGE_LOOP('',(#9002,#9003,#9011,#9019));
#9002 = ORIENTED_EDGE('',*,*,#8981,.T.);
#9003 = ORIENTED_EDGE('',*,*,#9004,.T.);
#9004 = EDGE_CURVE('',#8974,#9005,#9007,.T.);
#9005 = VERTEX_POINT('',#9006);
#9006 = CARTESIAN_POINT('',(220.,214.82361909795,19.318516525781));
#9007 = LINE('',#9008,#9009);
#9008 = CARTESIAN_POINT('',(220.,269.82361909795,34.055722109493));
#9009 = VECTOR('',#9010,1.);
#9010 = DIRECTION('',(0.,-0.965925826289,-0.258819045103));
#9011 = ORIENTED_EDGE('',*,*,#9012,.F.);
#9012 = EDGE_CURVE('',#9013,#9005,#9015,.T.);
#9013 = VERTEX_POINT('',#9014);
#9014 = CARTESIAN_POINT('',(220.,220.,0.));
#9015 = LINE('',#9016,#9017);
#9016 = CARTESIAN_POINT('',(220.,220.,0.));
#9017 = VECTOR('',#9018,1.);
#9018 = DIRECTION('',(-0.,-0.258819045103,0.965925826289));
#9019 = ORIENTED_EDGE('',*,*,#9020,.F.);
#9020 = EDGE_CURVE('',#8982,#9013,#9021,.T.);
#9021 = LINE('',#9022,#9023);
#9022 = CARTESIAN_POINT('',(220.,275.,14.737205583712));
#9023 = VECTOR('',#9024,1.);
#9024 = DIRECTION('',(0.,-0.965925826289,-0.258819045103));
#9025 = PLANE('',#9026);
#9026 = AXIS2_PLACEMENT_3D('',#9027,#9028,#9029);
#9027 = CARTESIAN_POINT('',(220.,275.,14.737205583712));
#9028 = DIRECTION('',(1.,0.,0.));
#9029 = DIRECTION('',(0.,-0.965925826289,-0.258819045103));
#9030 = ADVANCED_FACE('',(#9031),#9047,.T.);
#9031 = FACE_BOUND('',#9032,.T.);
#9032 = EDGE_LOOP('',(#9033,#9034,#9040,#9041));
#9033 = ORIENTED_EDGE('',*,*,#9012,.T.);
#9034 = ORIENTED_EDGE('',*,*,#9035,.T.);
#9035 = EDGE_CURVE('',#9005,#8935,#9036,.T.);
#9036 = LINE('',#9037,#9038);
#9037 = CARTESIAN_POINT('',(220.,214.82361909795,19.318516525781));
#9038 = VECTOR('',#9039,1.);
#9039 = DIRECTION('',(-1.,0.,0.));
#9040 = ORIENTED_EDGE('',*,*,#8932,.F.);
#9041 = ORIENTED_EDGE('',*,*,#9042,.F.);
#9042 = EDGE_CURVE('',#9013,#8933,#9043,.T.);
#9043 = LINE('',#9044,#9045);
#9044 = CARTESIAN_POINT('',(220.,220.,0.));
#9045 = VECTOR('',#9046,1.);
#9046 = DIRECTION('',(-1.,0.,0.));
#9047 = PLANE('',#9048);
#9048 = AXIS2_PLACEMENT_3D('',#9049,#9050,#9051);
#9049 = CARTESIAN_POINT('',(220.,220.,0.));
#9050 = DIRECTION('',(-0.,-0.965925826289,-0.258819045103));
#9051 = DIRECTION('',(-1.,0.,0.));
#9052 = ADVANCED_FACE('',(#9053),#9059,.T.);
#9053 = FACE_BOUND('',#9054,.T.);
#9054 = EDGE_LOOP('',(#9055,#9056,#9057,#9058));
#9055 = ORIENTED_EDGE('',*,*,#8958,.T.);
#9056 = ORIENTED_EDGE('',*,*,#8989,.T.);
#9057 = ORIENTED_EDGE('',*,*,#9020,.T.);
#9058 = ORIENTED_EDGE('',*,*,#9042,.T.);
#9059 = PLANE('',#9060);
#9060 = AXIS2_PLACEMENT_3D('',#9061,#9062,#9063);
#9061 = CARTESIAN_POINT('',(135.,247.5,7.368602791856));
#9062 = DIRECTION('',(-0.,0.258819045103,-0.965925826289));
#9063 = DIRECTION('',(0.,-0.965925826289,-0.258819045103));
#9064 = ADVANCED_FACE('',(#9065),#9071,.F.);
#9065 = FACE_BOUND('',#9066,.F.);
#9066 = EDGE_LOOP('',(#9067,#9068,#9069,#9070));
#9067 = ORIENTED_EDGE('',*,*,#8942,.T.);
#9068 = ORIENTED_EDGE('',*,*,#8973,.T.);
#9069 = ORIENTED_EDGE('',*,*,#9004,.T.);
#9070 = ORIENTED_EDGE('',*,*,#9035,.T.);
#9071 = PLANE('',#9072);
#9072 = AXIS2_PLACEMENT_3D('',#9073,#9074,#9075);
#9073 = CARTESIAN_POINT('',(135.,242.32361909795,26.687119317637));
#9074 = DIRECTION('',(-0.,0.258819045103,-0.965925826289));
#9075 = DIRECTION('',(0.,-0.965925826289,-0.258819045103));
#9076 = ( GEOMETRIC_REPRESENTATION_CONTEXT(3) 
GLOBAL_UNCERTAINTY_ASSIGNED_CONTEXT((#9080)) 
GLOBAL_UNIT_ASSIGNED_CONTEXT((#9077,#9078,#9079)) REPRESENTATION_CONTEXT
('Context #1','3D Context with UNIT and UNCERTAINTY') );
#9077 = ( LENGTH_UNIT() NAMED_UNIT(*) SI_UNIT(.MILLI.,.METRE.) );
#9078 = ( NAMED_UNIT(*) PLANE_ANGLE_UNIT() SI_UNIT($,.RADIAN.) );
#9079 = ( NAMED_UNIT(*) SI_UNIT($,.STERADIAN.) SOLID_ANGLE_UNIT() );
#9080 = UNCERTAINTY_MEASURE_WITH_UNIT(LENGTH_MEASURE(1.E-07),#9077,
  'distance_accuracy_value','confusion accuracy');
#9081 = CONTEXT_DEPENDENT_SHAPE_REPRESENTATION(#9082,#9084);
#9082 = ( REPRESENTATION_RELATIONSHIP('','',#8925,#10) 
REPRESENTATION_RELATIONSHIP_WITH_TRANSFORMATION(#9083) 
SHAPE_REPRESENTATION_RELATIONSHIP() );
#9083 = ITEM_DEFINED_TRANSFORMATION('','',#11,#211);
#9084 = PRODUCT_DEFINITION_SHAPE('Placement','Placement of an item',
  #9085);
#9085 = NEXT_ASSEMBLY_USAGE_OCCURRENCE('50',
'CAT-STARBOARD-CHINE-STARBOARD-02 | ChineStarboard | nominal plywood 20 
mm','',#5,#8920,$);
#9086 = PRODUCT_RELATED_PRODUCT_CATEGORY('part',$,(#8922));
#9087 = SHAPE_DEFINITION_REPRESENTATION(#9088,#9094);
#9088 = PRODUCT_DEFINITION_SHAPE('','',#9089);
#9089 = PRODUCT_DEFINITION('design','',#9090,#9093);
#9090 = PRODUCT_DEFINITION_FORMATION('','',#9091);
#9091 = PRODUCT(
  'CAT-STARBOARD-SIDE-PORT-02 | SidePort | nominal plywood 20 mm',
  'CAT-STARBOARD-SIDE-PORT-02 | SidePort | nominal plywood 20 mm','',(
    #9092));
#9092 = PRODUCT_CONTEXT('',#2,'mechanical');
#9093 = PRODUCT_DEFINITION_CONTEXT('part definition',#2,'design');
#9094 = ADVANCED_BREP_SHAPE_REPRESENTATION('',(#11,#9095),#9245);
#9095 = MANIFOLD_SOLID_BREP('',#9096);
#9096 = CLOSED_SHELL('',(#9097,#9137,#9168,#9199,#9221,#9233));
#9097 = ADVANCED_FACE('',(#9098),#9132,.T.);
#9098 = FACE_BOUND('',#9099,.T.);
#9099 = EDGE_LOOP('',(#9100,#9110,#9118,#9126));
#9100 = ORIENTED_EDGE('',*,*,#9101,.T.);
#9101 = EDGE_CURVE('',#9102,#9104,#9106,.T.);
#9102 = VERTEX_POINT('',#9103);
#9103 = CARTESIAN_POINT('',(50.,15.,14.737205583712));
#9104 = VERTEX_POINT('',#9105);
#9105 = CARTESIAN_POINT('',(50.,35.,14.737205583712));
#9106 = LINE('',#9107,#9108);
#9107 = CARTESIAN_POINT('',(50.,15.,14.737205583712));
#9108 = VECTOR('',#9109,1.);
#9109 = DIRECTION('',(-0.,1.,-0.));
#9110 = ORIENTED_EDGE('',*,*,#9111,.T.);
#9111 = EDGE_CURVE('',#9104,#9112,#9114,.T.);
#9112 = VERTEX_POINT('',#9113);
#9113 = CARTESIAN_POINT('',(220.,35.,14.737205583712));
#9114 = LINE('',#9115,#9116);
#9115 = CARTESIAN_POINT('',(50.,35.,14.737205583712));
#9116 = VECTOR('',#9117,1.);
#9117 = DIRECTION('',(1.,0.,0.));
#9118 = ORIENTED_EDGE('',*,*,#9119,.F.);
#9119 = EDGE_CURVE('',#9120,#9112,#9122,.T.);
#9120 = VERTEX_POINT('',#9121);
#9121 = CARTESIAN_POINT('',(220.,15.,14.737205583712));
#9122 = LINE('',#9123,#9124);
#9123 = CARTESIAN_POINT('',(220.,15.,14.737205583712));
#9124 = VECTOR('',#9125,1.);
#9125 = DIRECTION('',(-0.,1.,-0.));
#9126 = ORIENTED_EDGE('',*,*,#9127,.F.);
#9127 = EDGE_CURVE('',#9102,#9120,#9128,.T.);
#9128 = LINE('',#9129,#9130);
#9129 = CARTESIAN_POINT('',(50.,15.,14.737205583712));
#9130 = VECTOR('',#9131,1.);
#9131 = DIRECTION('',(1.,0.,0.));
#9132 = PLANE('',#9133);
#9133 = AXIS2_PLACEMENT_3D('',#9134,#9135,#9136);
#9134 = CARTESIAN_POINT('',(50.,15.,14.737205583712));
#9135 = DIRECTION('',(0.,0.,-1.));
#9136 = DIRECTION('',(1.,0.,0.));
#9137 = ADVANCED_FACE('',(#9138),#9163,.T.);
#9138 = FACE_BOUND('',#9139,.T.);
#9139 = EDGE_LOOP('',(#9140,#9141,#9149,#9157));
#9140 = ORIENTED_EDGE('',*,*,#9119,.T.);
#9141 = ORIENTED_EDGE('',*,*,#9142,.T.);
#9142 = EDGE_CURVE('',#9112,#9143,#9145,.T.);
#9143 = VERTEX_POINT('',#9144);
#9144 = CARTESIAN_POINT('',(220.,35.,140.));
#9145 = LINE('',#9146,#9147);
#9146 = CARTESIAN_POINT('',(220.,35.,14.737205583712));
#9147 = VECTOR('',#9148,1.);
#9148 = DIRECTION('',(0.,0.,1.));
#9149 = ORIENTED_EDGE('',*,*,#9150,.F.);
#9150 = EDGE_CURVE('',#9151,#9143,#9153,.T.);
#9151 = VERTEX_POINT('',#9152);
#9152 = CARTESIAN_POINT('',(220.,15.,140.));
#9153 = LINE('',#9154,#9155);
#9154 = CARTESIAN_POINT('',(220.,15.,140.));
#9155 = VECTOR('',#9156,1.);
#9156 = DIRECTION('',(-0.,1.,-0.));
#9157 = ORIENTED_EDGE('',*,*,#9158,.F.);
#9158 = EDGE_CURVE('',#9120,#9151,#9159,.T.);
#9159 = LINE('',#9160,#9161);
#9160 = CARTESIAN_POINT('',(220.,15.,14.737205583712));
#9161 = VECTOR('',#9162,1.);
#9162 = DIRECTION('',(0.,0.,1.));
#9163 = PLANE('',#9164);
#9164 = AXIS2_PLACEMENT_3D('',#9165,#9166,#9167);
#9165 = CARTESIAN_POINT('',(220.,15.,14.737205583712));
#9166 = DIRECTION('',(1.,0.,-0.));
#9167 = DIRECTION('',(0.,0.,1.));
#9168 = ADVANCED_FACE('',(#9169),#9194,.T.);
#9169 = FACE_BOUND('',#9170,.T.);
#9170 = EDGE_LOOP('',(#9171,#9172,#9180,#9188));
#9171 = ORIENTED_EDGE('',*,*,#9150,.T.);
#9172 = ORIENTED_EDGE('',*,*,#9173,.T.);
#9173 = EDGE_CURVE('',#9143,#9174,#9176,.T.);
#9174 = VERTEX_POINT('',#9175);
#9175 = CARTESIAN_POINT('',(50.,35.,140.));
#9176 = LINE('',#9177,#9178);
#9177 = CARTESIAN_POINT('',(220.,35.,140.));
#9178 = VECTOR('',#9179,1.);
#9179 = DIRECTION('',(-1.,0.,0.));
#9180 = ORIENTED_EDGE('',*,*,#9181,.F.);
#9181 = EDGE_CURVE('',#9182,#9174,#9184,.T.);
#9182 = VERTEX_POINT('',#9183);
#9183 = CARTESIAN_POINT('',(50.,15.,140.));
#9184 = LINE('',#9185,#9186);
#9185 = CARTESIAN_POINT('',(50.,15.,140.));
#9186 = VECTOR('',#9187,1.);
#9187 = DIRECTION('',(-0.,1.,-0.));
#9188 = ORIENTED_EDGE('',*,*,#9189,.F.);
#9189 = EDGE_CURVE('',#9151,#9182,#9190,.T.);
#9190 = LINE('',#9191,#9192);
#9191 = CARTESIAN_POINT('',(220.,15.,140.));
#9192 = VECTOR('',#9193,1.);
#9193 = DIRECTION('',(-1.,0.,0.));
#9194 = PLANE('',#9195);
#9195 = AXIS2_PLACEMENT_3D('',#9196,#9197,#9198);
#9196 = CARTESIAN_POINT('',(220.,15.,140.));
#9197 = DIRECTION('',(0.,0.,1.));
#9198 = DIRECTION('',(-1.,0.,0.));
#9199 = ADVANCED_FACE('',(#9200),#9216,.T.);
#9200 = FACE_BOUND('',#9201,.T.);
#9201 = EDGE_LOOP('',(#9202,#9203,#9209,#9210));
#9202 = ORIENTED_EDGE('',*,*,#9181,.T.);
#9203 = ORIENTED_EDGE('',*,*,#9204,.T.);
#9204 = EDGE_CURVE('',#9174,#9104,#9205,.T.);
#9205 = LINE('',#9206,#9207);
#9206 = CARTESIAN_POINT('',(50.,35.,140.));
#9207 = VECTOR('',#9208,1.);
#9208 = DIRECTION('',(0.,0.,-1.));
#9209 = ORIENTED_EDGE('',*,*,#9101,.F.);
#9210 = ORIENTED_EDGE('',*,*,#9211,.F.);
#9211 = EDGE_CURVE('',#9182,#9102,#9212,.T.);
#9212 = LINE('',#9213,#9214);
#9213 = CARTESIAN_POINT('',(50.,15.,140.));
#9214 = VECTOR('',#9215,1.);
#9215 = DIRECTION('',(0.,0.,-1.));
#9216 = PLANE('',#9217);
#9217 = AXIS2_PLACEMENT_3D('',#9218,#9219,#9220);
#9218 = CARTESIAN_POINT('',(50.,15.,140.));
#9219 = DIRECTION('',(-1.,-0.,-0.));
#9220 = DIRECTION('',(0.,0.,-1.));
#9221 = ADVANCED_FACE('',(#9222),#9228,.T.);
#9222 = FACE_BOUND('',#9223,.T.);
#9223 = EDGE_LOOP('',(#9224,#9225,#9226,#9227));
#9224 = ORIENTED_EDGE('',*,*,#9127,.T.);
#9225 = ORIENTED_EDGE('',*,*,#9158,.T.);
#9226 = ORIENTED_EDGE('',*,*,#9189,.T.);
#9227 = ORIENTED_EDGE('',*,*,#9211,.T.);
#9228 = PLANE('',#9229);
#9229 = AXIS2_PLACEMENT_3D('',#9230,#9231,#9232);
#9230 = CARTESIAN_POINT('',(135.,15.,77.368602791856));
#9231 = DIRECTION('',(-0.,-1.,-0.));
#9232 = DIRECTION('',(0.,0.,-1.));
#9233 = ADVANCED_FACE('',(#9234),#9240,.F.);
#9234 = FACE_BOUND('',#9235,.F.);
#9235 = EDGE_LOOP('',(#9236,#9237,#9238,#9239));
#9236 = ORIENTED_EDGE('',*,*,#9111,.T.);
#9237 = ORIENTED_EDGE('',*,*,#9142,.T.);
#9238 = ORIENTED_EDGE('',*,*,#9173,.T.);
#9239 = ORIENTED_EDGE('',*,*,#9204,.T.);
#9240 = PLANE('',#9241);
#9241 = AXIS2_PLACEMENT_3D('',#9242,#9243,#9244);
#9242 = CARTESIAN_POINT('',(135.,35.,77.368602791856));
#9243 = DIRECTION('',(-0.,-1.,-0.));
#9244 = DIRECTION('',(0.,0.,-1.));
#9245 = ( GEOMETRIC_REPRESENTATION_CONTEXT(3) 
GLOBAL_UNCERTAINTY_ASSIGNED_CONTEXT((#9249)) 
GLOBAL_UNIT_ASSIGNED_CONTEXT((#9246,#9247,#9248)) REPRESENTATION_CONTEXT
('Context #1','3D Context with UNIT and UNCERTAINTY') );
#9246 = ( LENGTH_UNIT() NAMED_UNIT(*) SI_UNIT(.MILLI.,.METRE.) );
#9247 = ( NAMED_UNIT(*) PLANE_ANGLE_UNIT() SI_UNIT($,.RADIAN.) );
#9248 = ( NAMED_UNIT(*) SI_UNIT($,.STERADIAN.) SOLID_ANGLE_UNIT() );
#9249 = UNCERTAINTY_MEASURE_WITH_UNIT(LENGTH_MEASURE(1.E-07),#9246,
  'distance_accuracy_value','confusion accuracy');
#9250 = CONTEXT_DEPENDENT_SHAPE_REPRESENTATION(#9251,#9253);
#9251 = ( REPRESENTATION_RELATIONSHIP('','',#9094,#10) 
REPRESENTATION_RELATIONSHIP_WITH_TRANSFORMATION(#9252) 
SHAPE_REPRESENTATION_RELATIONSHIP() );
#9252 = ITEM_DEFINED_TRANSFORMATION('','',#11,#215);
#9253 = PRODUCT_DEFINITION_SHAPE('Placement','Placement of an item',
  #9254);
#9254 = NEXT_ASSEMBLY_USAGE_OCCURRENCE('51',
  'CAT-STARBOARD-SIDE-PORT-02 | SidePort | nominal plywood 20 mm','',#5,
  #9089,$);
#9255 = PRODUCT_RELATED_PRODUCT_CATEGORY('part',$,(#9091));
#9256 = SHAPE_DEFINITION_REPRESENTATION(#9257,#9263);
#9257 = PRODUCT_DEFINITION_SHAPE('','',#9258);
#9258 = PRODUCT_DEFINITION('design','',#9259,#9262);
#9259 = PRODUCT_DEFINITION_FORMATION('','',#9260);
#9260 = PRODUCT(
'CAT-STARBOARD-SIDE-STARBOARD-02 | SideStarboard | nominal plywood 20 
mm',
'CAT-STARBOARD-SIDE-STARBOARD-02 | SideStarboard | nominal plywood 20 
mm','',(#9261));
#9261 = PRODUCT_CONTEXT('',#2,'mechanical');
#9262 = PRODUCT_DEFINITION_CONTEXT('part definition',#2,'design');
#9263 = ADVANCED_BREP_SHAPE_REPRESENTATION('',(#11,#9264),#9414);
#9264 = MANIFOLD_SOLID_BREP('',#9265);
#9265 = CLOSED_SHELL('',(#9266,#9306,#9337,#9368,#9390,#9402));
#9266 = ADVANCED_FACE('',(#9267),#9301,.T.);
#9267 = FACE_BOUND('',#9268,.T.);
#9268 = EDGE_LOOP('',(#9269,#9279,#9287,#9295));
#9269 = ORIENTED_EDGE('',*,*,#9270,.T.);
#9270 = EDGE_CURVE('',#9271,#9273,#9275,.T.);
#9271 = VERTEX_POINT('',#9272);
#9272 = CARTESIAN_POINT('',(50.,275.,14.737205583712));
#9273 = VERTEX_POINT('',#9274);
#9274 = CARTESIAN_POINT('',(50.,255.,14.737205583712));
#9275 = LINE('',#9276,#9277);
#9276 = CARTESIAN_POINT('',(50.,275.,14.737205583712));
#9277 = VECTOR('',#9278,1.);
#9278 = DIRECTION('',(-0.,-1.,-0.));
#9279 = ORIENTED_EDGE('',*,*,#9280,.T.);
#9280 = EDGE_CURVE('',#9273,#9281,#9283,.T.);
#9281 = VERTEX_POINT('',#9282);
#9282 = CARTESIAN_POINT('',(50.,255.,140.));
#9283 = LINE('',#9284,#9285);
#9284 = CARTESIAN_POINT('',(50.,255.,14.737205583712));
#9285 = VECTOR('',#9286,1.);
#9286 = DIRECTION('',(0.,0.,1.));
#9287 = ORIENTED_EDGE('',*,*,#9288,.F.);
#9288 = EDGE_CURVE('',#9289,#9281,#9291,.T.);
#9289 = VERTEX_POINT('',#9290);
#9290 = CARTESIAN_POINT('',(50.,275.,140.));
#9291 = LINE('',#9292,#9293);
#9292 = CARTESIAN_POINT('',(50.,275.,140.));
#9293 = VECTOR('',#9294,1.);
#9294 = DIRECTION('',(-0.,-1.,-0.));
#9295 = ORIENTED_EDGE('',*,*,#9296,.F.);
#9296 = EDGE_CURVE('',#9271,#9289,#9297,.T.);
#9297 = LINE('',#9298,#9299);
#9298 = CARTESIAN_POINT('',(50.,275.,14.737205583712));
#9299 = VECTOR('',#9300,1.);
#9300 = DIRECTION('',(0.,0.,1.));
#9301 = PLANE('',#9302);
#9302 = AXIS2_PLACEMENT_3D('',#9303,#9304,#9305);
#9303 = CARTESIAN_POINT('',(50.,275.,14.737205583712));
#9304 = DIRECTION('',(-1.,0.,0.));
#9305 = DIRECTION('',(0.,0.,1.));
#9306 = ADVANCED_FACE('',(#9307),#9332,.T.);
#9307 = FACE_BOUND('',#9308,.T.);
#9308 = EDGE_LOOP('',(#9309,#9310,#9318,#9326));
#9309 = ORIENTED_EDGE('',*,*,#9288,.T.);
#9310 = ORIENTED_EDGE('',*,*,#9311,.T.);
#9311 = EDGE_CURVE('',#9281,#9312,#9314,.T.);
#9312 = VERTEX_POINT('',#9313);
#9313 = CARTESIAN_POINT('',(220.,255.,140.));
#9314 = LINE('',#9315,#9316);
#9315 = CARTESIAN_POINT('',(50.,255.,140.));
#9316 = VECTOR('',#9317,1.);
#9317 = DIRECTION('',(1.,0.,0.));
#9318 = ORIENTED_EDGE('',*,*,#9319,.F.);
#9319 = EDGE_CURVE('',#9320,#9312,#9322,.T.);
#9320 = VERTEX_POINT('',#9321);
#9321 = CARTESIAN_POINT('',(220.,275.,140.));
#9322 = LINE('',#9323,#9324);
#9323 = CARTESIAN_POINT('',(220.,275.,140.));
#9324 = VECTOR('',#9325,1.);
#9325 = DIRECTION('',(-0.,-1.,-0.));
#9326 = ORIENTED_EDGE('',*,*,#9327,.F.);
#9327 = EDGE_CURVE('',#9289,#9320,#9328,.T.);
#9328 = LINE('',#9329,#9330);
#9329 = CARTESIAN_POINT('',(50.,275.,140.));
#9330 = VECTOR('',#9331,1.);
#9331 = DIRECTION('',(1.,0.,0.));
#9332 = PLANE('',#9333);
#9333 = AXIS2_PLACEMENT_3D('',#9334,#9335,#9336);
#9334 = CARTESIAN_POINT('',(50.,275.,140.));
#9335 = DIRECTION('',(0.,0.,1.));
#9336 = DIRECTION('',(1.,0.,-0.));
#9337 = ADVANCED_FACE('',(#9338),#9363,.T.);
#9338 = FACE_BOUND('',#9339,.T.);
#9339 = EDGE_LOOP('',(#9340,#9341,#9349,#9357));
#9340 = ORIENTED_EDGE('',*,*,#9319,.T.);
#9341 = ORIENTED_EDGE('',*,*,#9342,.T.);
#9342 = EDGE_CURVE('',#9312,#9343,#9345,.T.);
#9343 = VERTEX_POINT('',#9344);
#9344 = CARTESIAN_POINT('',(220.,255.,14.737205583712));
#9345 = LINE('',#9346,#9347);
#9346 = CARTESIAN_POINT('',(220.,255.,140.));
#9347 = VECTOR('',#9348,1.);
#9348 = DIRECTION('',(0.,0.,-1.));
#9349 = ORIENTED_EDGE('',*,*,#9350,.F.);
#9350 = EDGE_CURVE('',#9351,#9343,#9353,.T.);
#9351 = VERTEX_POINT('',#9352);
#9352 = CARTESIAN_POINT('',(220.,275.,14.737205583712));
#9353 = LINE('',#9354,#9355);
#9354 = CARTESIAN_POINT('',(220.,275.,14.737205583712));
#9355 = VECTOR('',#9356,1.);
#9356 = DIRECTION('',(-0.,-1.,-0.));
#9357 = ORIENTED_EDGE('',*,*,#9358,.F.);
#9358 = EDGE_CURVE('',#9320,#9351,#9359,.T.);
#9359 = LINE('',#9360,#9361);
#9360 = CARTESIAN_POINT('',(220.,275.,140.));
#9361 = VECTOR('',#9362,1.);
#9362 = DIRECTION('',(0.,0.,-1.));
#9363 = PLANE('',#9364);
#9364 = AXIS2_PLACEMENT_3D('',#9365,#9366,#9367);
#9365 = CARTESIAN_POINT('',(220.,275.,140.));
#9366 = DIRECTION('',(1.,-0.,0.));
#9367 = DIRECTION('',(0.,0.,-1.));
#9368 = ADVANCED_FACE('',(#9369),#9385,.T.);
#9369 = FACE_BOUND('',#9370,.T.);
#9370 = EDGE_LOOP('',(#9371,#9372,#9378,#9379));
#9371 = ORIENTED_EDGE('',*,*,#9350,.T.);
#9372 = ORIENTED_EDGE('',*,*,#9373,.T.);
#9373 = EDGE_CURVE('',#9343,#9273,#9374,.T.);
#9374 = LINE('',#9375,#9376);
#9375 = CARTESIAN_POINT('',(220.,255.,14.737205583712));
#9376 = VECTOR('',#9377,1.);
#9377 = DIRECTION('',(-1.,0.,0.));
#9378 = ORIENTED_EDGE('',*,*,#9270,.F.);
#9379 = ORIENTED_EDGE('',*,*,#9380,.F.);
#9380 = EDGE_CURVE('',#9351,#9271,#9381,.T.);
#9381 = LINE('',#9382,#9383);
#9382 = CARTESIAN_POINT('',(220.,275.,14.737205583712));
#9383 = VECTOR('',#9384,1.);
#9384 = DIRECTION('',(-1.,0.,0.));
#9385 = PLANE('',#9386);
#9386 = AXIS2_PLACEMENT_3D('',#9387,#9388,#9389);
#9387 = CARTESIAN_POINT('',(220.,275.,14.737205583712));
#9388 = DIRECTION('',(0.,0.,-1.));
#9389 = DIRECTION('',(-1.,0.,0.));
#9390 = ADVANCED_FACE('',(#9391),#9397,.T.);
#9391 = FACE_BOUND('',#9392,.T.);
#9392 = EDGE_LOOP('',(#9393,#9394,#9395,#9396));
#9393 = ORIENTED_EDGE('',*,*,#9296,.T.);
#9394 = ORIENTED_EDGE('',*,*,#9327,.T.);
#9395 = ORIENTED_EDGE('',*,*,#9358,.T.);
#9396 = ORIENTED_EDGE('',*,*,#9380,.T.);
#9397 = PLANE('',#9398);
#9398 = AXIS2_PLACEMENT_3D('',#9399,#9400,#9401);
#9399 = CARTESIAN_POINT('',(135.,275.,77.368602791856));
#9400 = DIRECTION('',(0.,1.,0.));
#9401 = DIRECTION('',(0.,-0.,1.));
#9402 = ADVANCED_FACE('',(#9403),#9409,.F.);
#9403 = FACE_BOUND('',#9404,.F.);
#9404 = EDGE_LOOP('',(#9405,#9406,#9407,#9408));
#9405 = ORIENTED_EDGE('',*,*,#9280,.T.);
#9406 = ORIENTED_EDGE('',*,*,#9311,.T.);
#9407 = ORIENTED_EDGE('',*,*,#9342,.T.);
#9408 = ORIENTED_EDGE('',*,*,#9373,.T.);
#9409 = PLANE('',#9410);
#9410 = AXIS2_PLACEMENT_3D('',#9411,#9412,#9413);
#9411 = CARTESIAN_POINT('',(135.,255.,77.368602791856));
#9412 = DIRECTION('',(0.,1.,0.));
#9413 = DIRECTION('',(0.,-0.,1.));
#9414 = ( GEOMETRIC_REPRESENTATION_CONTEXT(3) 
GLOBAL_UNCERTAINTY_ASSIGNED_CONTEXT((#9418)) 
GLOBAL_UNIT_ASSIGNED_CONTEXT((#9415,#9416,#9417)) REPRESENTATION_CONTEXT
('Context #1','3D Context with UNIT and UNCERTAINTY') );
#9415 = ( LENGTH_UNIT() NAMED_UNIT(*) SI_UNIT(.MILLI.,.METRE.) );
#9416 = ( NAMED_UNIT(*) PLANE_ANGLE_UNIT() SI_UNIT($,.RADIAN.) );
#9417 = ( NAMED_UNIT(*) SI_UNIT($,.STERADIAN.) SOLID_ANGLE_UNIT() );
#9418 = UNCERTAINTY_MEASURE_WITH_UNIT(LENGTH_MEASURE(1.E-07),#9415,
  'distance_accuracy_value','confusion accuracy');
#9419 = CONTEXT_DEPENDENT_SHAPE_REPRESENTATION(#9420,#9422);
#9420 = ( REPRESENTATION_RELATIONSHIP('','',#9263,#10) 
REPRESENTATION_RELATIONSHIP_WITH_TRANSFORMATION(#9421) 
SHAPE_REPRESENTATION_RELATIONSHIP() );
#9421 = ITEM_DEFINED_TRANSFORMATION('','',#11,#219);
#9422 = PRODUCT_DEFINITION_SHAPE('Placement','Placement of an item',
  #9423);
#9423 = NEXT_ASSEMBLY_USAGE_OCCURRENCE('52',
'CAT-STARBOARD-SIDE-STARBOARD-02 | SideStarboard | nominal plywood 20 
mm','',#5,#9258,$);
#9424 = PRODUCT_RELATED_PRODUCT_CATEGORY('part',$,(#9260));
#9425 = SHAPE_DEFINITION_REPRESENTATION(#9426,#9432);
#9426 = PRODUCT_DEFINITION_SHAPE('','',#9427);
#9427 = PRODUCT_DEFINITION('design','',#9428,#9431);
#9428 = PRODUCT_DEFINITION_FORMATION('','',#9429);
#9429 = PRODUCT(
  'CAT-STARBOARD-BOTTOM-03 | BottomFlat | nominal plywood 20 mm',
  'CAT-STARBOARD-BOTTOM-03 | BottomFlat | nominal plywood 20 mm','',(
    #9430));
#9430 = PRODUCT_CONTEXT('',#2,'mechanical');
#9431 = PRODUCT_DEFINITION_CONTEXT('part definition',#2,'design');
#9432 = ADVANCED_BREP_SHAPE_REPRESENTATION('',(#11,#9433),#9583);
#9433 = MANIFOLD_SOLID_BREP('',#9434);
#9434 = CLOSED_SHELL('',(#9435,#9475,#9506,#9537,#9559,#9571));
#9435 = ADVANCED_FACE('',(#9436),#9470,.F.);
#9436 = FACE_BOUND('',#9437,.F.);
#9437 = EDGE_LOOP('',(#9438,#9448,#9456,#9464));
#9438 = ORIENTED_EDGE('',*,*,#9439,.T.);
#9439 = EDGE_CURVE('',#9440,#9442,#9444,.T.);
#9440 = VERTEX_POINT('',#9441);
#9441 = CARTESIAN_POINT('',(220.,70.,0.));
#9442 = VERTEX_POINT('',#9443);
#9443 = CARTESIAN_POINT('',(220.,70.,20.));
#9444 = LINE('',#9445,#9446);
#9445 = CARTESIAN_POINT('',(220.,70.,0.));
#9446 = VECTOR('',#9447,1.);
#9447 = DIRECTION('',(0.,0.,1.));
#9448 = ORIENTED_EDGE('',*,*,#9449,.T.);
#9449 = EDGE_CURVE('',#9442,#9450,#9452,.T.);
#9450 = VERTEX_POINT('',#9451);
#9451 = CARTESIAN_POINT('',(390.,70.,20.));
#9452 = LINE('',#9453,#9454);
#9453 = CARTESIAN_POINT('',(220.,70.,20.));
#9454 = VECTOR('',#9455,1.);
#9455 = DIRECTION('',(1.,0.,0.));
#9456 = ORIENTED_EDGE('',*,*,#9457,.F.);
#9457 = EDGE_CURVE('',#9458,#9450,#9460,.T.);
#9458 = VERTEX_POINT('',#9459);
#9459 = CARTESIAN_POINT('',(390.,70.,0.));
#9460 = LINE('',#9461,#9462);
#9461 = CARTESIAN_POINT('',(390.,70.,0.));
#9462 = VECTOR('',#9463,1.);
#9463 = DIRECTION('',(0.,0.,1.));
#9464 = ORIENTED_EDGE('',*,*,#9465,.F.);
#9465 = EDGE_CURVE('',#9440,#9458,#9466,.T.);
#9466 = LINE('',#9467,#9468);
#9467 = CARTESIAN_POINT('',(220.,70.,0.));
#9468 = VECTOR('',#9469,1.);
#9469 = DIRECTION('',(1.,0.,0.));
#9470 = PLANE('',#9471);
#9471 = AXIS2_PLACEMENT_3D('',#9472,#9473,#9474);
#9472 = CARTESIAN_POINT('',(220.,70.,0.));
#9473 = DIRECTION('',(0.,1.,0.));
#9474 = DIRECTION('',(1.,0.,0.));
#9475 = ADVANCED_FACE('',(#9476),#9501,.F.);
#9476 = FACE_BOUND('',#9477,.F.);
#9477 = EDGE_LOOP('',(#9478,#9479,#9487,#9495));
#9478 = ORIENTED_EDGE('',*,*,#9457,.T.);
#9479 = ORIENTED_EDGE('',*,*,#9480,.T.);
#9480 = EDGE_CURVE('',#9450,#9481,#9483,.T.);
#9481 = VERTEX_POINT('',#9482);
#9482 = CARTESIAN_POINT('',(390.,220.,20.));
#9483 = LINE('',#9484,#9485);
#9484 = CARTESIAN_POINT('',(390.,70.,20.));
#9485 = VECTOR('',#9486,1.);
#9486 = DIRECTION('',(0.,1.,0.));
#9487 = ORIENTED_EDGE('',*,*,#9488,.F.);
#9488 = EDGE_CURVE('',#9489,#9481,#9491,.T.);
#9489 = VERTEX_POINT('',#9490);
#9490 = CARTESIAN_POINT('',(390.,220.,0.));
#9491 = LINE('',#9492,#9493);
#9492 = CARTESIAN_POINT('',(390.,220.,0.));
#9493 = VECTOR('',#9494,1.);
#9494 = DIRECTION('',(0.,0.,1.));
#9495 = ORIENTED_EDGE('',*,*,#9496,.F.);
#9496 = EDGE_CURVE('',#9458,#9489,#9497,.T.);
#9497 = LINE('',#9498,#9499);
#9498 = CARTESIAN_POINT('',(390.,70.,0.));
#9499 = VECTOR('',#9500,1.);
#9500 = DIRECTION('',(0.,1.,0.));
#9501 = PLANE('',#9502);
#9502 = AXIS2_PLACEMENT_3D('',#9503,#9504,#9505);
#9503 = CARTESIAN_POINT('',(390.,70.,0.));
#9504 = DIRECTION('',(-1.,0.,0.));
#9505 = DIRECTION('',(0.,1.,0.));
#9506 = ADVANCED_FACE('',(#9507),#9532,.F.);
#9507 = FACE_BOUND('',#9508,.F.);
#9508 = EDGE_LOOP('',(#9509,#9510,#9518,#9526));
#9509 = ORIENTED_EDGE('',*,*,#9488,.T.);
#9510 = ORIENTED_EDGE('',*,*,#9511,.T.);
#9511 = EDGE_CURVE('',#9481,#9512,#9514,.T.);
#9512 = VERTEX_POINT('',#9513);
#9513 = CARTESIAN_POINT('',(220.,220.,20.));
#9514 = LINE('',#9515,#9516);
#9515 = CARTESIAN_POINT('',(390.,220.,20.));
#9516 = VECTOR('',#9517,1.);
#9517 = DIRECTION('',(-1.,0.,0.));
#9518 = ORIENTED_EDGE('',*,*,#9519,.F.);
#9519 = EDGE_CURVE('',#9520,#9512,#9522,.T.);
#9520 = VERTEX_POINT('',#9521);
#9521 = CARTESIAN_POINT('',(220.,220.,0.));
#9522 = LINE('',#9523,#9524);
#9523 = CARTESIAN_POINT('',(220.,220.,0.));
#9524 = VECTOR('',#9525,1.);
#9525 = DIRECTION('',(0.,0.,1.));
#9526 = ORIENTED_EDGE('',*,*,#9527,.F.);
#9527 = EDGE_CURVE('',#9489,#9520,#9528,.T.);
#9528 = LINE('',#9529,#9530);
#9529 = CARTESIAN_POINT('',(390.,220.,0.));
#9530 = VECTOR('',#9531,1.);
#9531 = DIRECTION('',(-1.,0.,0.));
#9532 = PLANE('',#9533);
#9533 = AXIS2_PLACEMENT_3D('',#9534,#9535,#9536);
#9534 = CARTESIAN_POINT('',(390.,220.,0.));
#9535 = DIRECTION('',(0.,-1.,0.));
#9536 = DIRECTION('',(-1.,0.,0.));
#9537 = ADVANCED_FACE('',(#9538),#9554,.F.);
#9538 = FACE_BOUND('',#9539,.F.);
#9539 = EDGE_LOOP('',(#9540,#9541,#9547,#9548));
#9540 = ORIENTED_EDGE('',*,*,#9519,.T.);
#9541 = ORIENTED_EDGE('',*,*,#9542,.T.);
#9542 = EDGE_CURVE('',#9512,#9442,#9543,.T.);
#9543 = LINE('',#9544,#9545);
#9544 = CARTESIAN_POINT('',(220.,220.,20.));
#9545 = VECTOR('',#9546,1.);
#9546 = DIRECTION('',(0.,-1.,0.));
#9547 = ORIENTED_EDGE('',*,*,#9439,.F.);
#9548 = ORIENTED_EDGE('',*,*,#9549,.F.);
#9549 = EDGE_CURVE('',#9520,#9440,#9550,.T.);
#9550 = LINE('',#9551,#9552);
#9551 = CARTESIAN_POINT('',(220.,220.,0.));
#9552 = VECTOR('',#9553,1.);
#9553 = DIRECTION('',(0.,-1.,0.));
#9554 = PLANE('',#9555);
#9555 = AXIS2_PLACEMENT_3D('',#9556,#9557,#9558);
#9556 = CARTESIAN_POINT('',(220.,220.,0.));
#9557 = DIRECTION('',(1.,0.,-0.));
#9558 = DIRECTION('',(0.,-1.,0.));
#9559 = ADVANCED_FACE('',(#9560),#9566,.F.);
#9560 = FACE_BOUND('',#9561,.F.);
#9561 = EDGE_LOOP('',(#9562,#9563,#9564,#9565));
#9562 = ORIENTED_EDGE('',*,*,#9465,.T.);
#9563 = ORIENTED_EDGE('',*,*,#9496,.T.);
#9564 = ORIENTED_EDGE('',*,*,#9527,.T.);
#9565 = ORIENTED_EDGE('',*,*,#9549,.T.);
#9566 = PLANE('',#9567);
#9567 = AXIS2_PLACEMENT_3D('',#9568,#9569,#9570);
#9568 = CARTESIAN_POINT('',(305.,145.,0.));
#9569 = DIRECTION('',(0.,0.,1.));
#9570 = DIRECTION('',(1.,0.,-0.));
#9571 = ADVANCED_FACE('',(#9572),#9578,.T.);
#9572 = FACE_BOUND('',#9573,.T.);
#9573 = EDGE_LOOP('',(#9574,#9575,#9576,#9577));
#9574 = ORIENTED_EDGE('',*,*,#9449,.T.);
#9575 = ORIENTED_EDGE('',*,*,#9480,.T.);
#9576 = ORIENTED_EDGE('',*,*,#9511,.T.);
#9577 = ORIENTED_EDGE('',*,*,#9542,.T.);
#9578 = PLANE('',#9579);
#9579 = AXIS2_PLACEMENT_3D('',#9580,#9581,#9582);
#9580 = CARTESIAN_POINT('',(305.,145.,20.));
#9581 = DIRECTION('',(0.,0.,1.));
#9582 = DIRECTION('',(1.,0.,-0.));
#9583 = ( GEOMETRIC_REPRESENTATION_CONTEXT(3) 
GLOBAL_UNCERTAINTY_ASSIGNED_CONTEXT((#9587)) 
GLOBAL_UNIT_ASSIGNED_CONTEXT((#9584,#9585,#9586)) REPRESENTATION_CONTEXT
('Context #1','3D Context with UNIT and UNCERTAINTY') );
#9584 = ( LENGTH_UNIT() NAMED_UNIT(*) SI_UNIT(.MILLI.,.METRE.) );
#9585 = ( NAMED_UNIT(*) PLANE_ANGLE_UNIT() SI_UNIT($,.RADIAN.) );
#9586 = ( NAMED_UNIT(*) SI_UNIT($,.STERADIAN.) SOLID_ANGLE_UNIT() );
#9587 = UNCERTAINTY_MEASURE_WITH_UNIT(LENGTH_MEASURE(1.E-07),#9584,
  'distance_accuracy_value','confusion accuracy');
#9588 = CONTEXT_DEPENDENT_SHAPE_REPRESENTATION(#9589,#9591);
#9589 = ( REPRESENTATION_RELATIONSHIP('','',#9432,#10) 
REPRESENTATION_RELATIONSHIP_WITH_TRANSFORMATION(#9590) 
SHAPE_REPRESENTATION_RELATIONSHIP() );
#9590 = ITEM_DEFINED_TRANSFORMATION('','',#11,#223);
#9591 = PRODUCT_DEFINITION_SHAPE('Placement','Placement of an item',
  #9592);
#9592 = NEXT_ASSEMBLY_USAGE_OCCURRENCE('53',
  'CAT-STARBOARD-BOTTOM-03 | BottomFlat | nominal plywood 20 mm','',#5,
  #9427,$);
#9593 = PRODUCT_RELATED_PRODUCT_CATEGORY('part',$,(#9429));
#9594 = SHAPE_DEFINITION_REPRESENTATION(#9595,#9601);
#9595 = PRODUCT_DEFINITION_SHAPE('','',#9596);
#9596 = PRODUCT_DEFINITION('design','',#9597,#9600);
#9597 = PRODUCT_DEFINITION_FORMATION('','',#9598);
#9598 = PRODUCT(
  'CAT-STARBOARD-CHINE-PORT-03 | ChinePort | nominal plywood 20 mm',
  'CAT-STARBOARD-CHINE-PORT-03 | ChinePort | nominal plywood 20 mm','',(
    #9599));
#9599 = PRODUCT_CONTEXT('',#2,'mechanical');
#9600 = PRODUCT_DEFINITION_CONTEXT('part definition',#2,'design');
#9601 = ADVANCED_BREP_SHAPE_REPRESENTATION('',(#11,#9602),#9752);
#9602 = MANIFOLD_SOLID_BREP('',#9603);
#9603 = CLOSED_SHELL('',(#9604,#9644,#9675,#9706,#9728,#9740));
#9604 = ADVANCED_FACE('',(#9605),#9639,.T.);
#9605 = FACE_BOUND('',#9606,.T.);
#9606 = EDGE_LOOP('',(#9607,#9617,#9625,#9633));
#9607 = ORIENTED_EDGE('',*,*,#9608,.T.);
#9608 = EDGE_CURVE('',#9609,#9611,#9613,.T.);
#9609 = VERTEX_POINT('',#9610);
#9610 = CARTESIAN_POINT('',(220.,70.,0.));
#9611 = VERTEX_POINT('',#9612);
#9612 = CARTESIAN_POINT('',(220.,75.17638090205,19.318516525781));
#9613 = LINE('',#9614,#9615);
#9614 = CARTESIAN_POINT('',(220.,70.,0.));
#9615 = VECTOR('',#9616,1.);
#9616 = DIRECTION('',(-0.,0.258819045103,0.965925826289));
#9617 = ORIENTED_EDGE('',*,*,#9618,.T.);
#9618 = EDGE_CURVE('',#9611,#9619,#9621,.T.);
#9619 = VERTEX_POINT('',#9620);
#9620 = CARTESIAN_POINT('',(390.,75.17638090205,19.318516525781));
#9621 = LINE('',#9622,#9623);
#9622 = CARTESIAN_POINT('',(220.,75.17638090205,19.318516525781));
#9623 = VECTOR('',#9624,1.);
#9624 = DIRECTION('',(1.,0.,0.));
#9625 = ORIENTED_EDGE('',*,*,#9626,.F.);
#9626 = EDGE_CURVE('',#9627,#9619,#9629,.T.);
#9627 = VERTEX_POINT('',#9628);
#9628 = CARTESIAN_POINT('',(390.,70.,0.));
#9629 = LINE('',#9630,#9631);
#9630 = CARTESIAN_POINT('',(390.,70.,0.));
#9631 = VECTOR('',#9632,1.);
#9632 = DIRECTION('',(-0.,0.258819045103,0.965925826289));
#9633 = ORIENTED_EDGE('',*,*,#9634,.F.);
#9634 = EDGE_CURVE('',#9609,#9627,#9635,.T.);
#9635 = LINE('',#9636,#9637);
#9636 = CARTESIAN_POINT('',(220.,70.,0.));
#9637 = VECTOR('',#9638,1.);
#9638 = DIRECTION('',(1.,0.,0.));
#9639 = PLANE('',#9640);
#9640 = AXIS2_PLACEMENT_3D('',#9641,#9642,#9643);
#9641 = CARTESIAN_POINT('',(220.,70.,0.));
#9642 = DIRECTION('',(0.,0.965925826289,-0.258819045103));
#9643 = DIRECTION('',(1.,0.,0.));
#9644 = ADVANCED_FACE('',(#9645),#9670,.T.);
#9645 = FACE_BOUND('',#9646,.T.);
#9646 = EDGE_LOOP('',(#9647,#9648,#9656,#9664));
#9647 = ORIENTED_EDGE('',*,*,#9626,.T.);
#9648 = ORIENTED_EDGE('',*,*,#9649,.T.);
#9649 = EDGE_CURVE('',#9619,#9650,#9652,.T.);
#9650 = VERTEX_POINT('',#9651);
#9651 = CARTESIAN_POINT('',(390.,20.17638090205,34.055722109493));
#9652 = LINE('',#9653,#9654);
#9653 = CARTESIAN_POINT('',(390.,75.17638090205,19.318516525781));
#9654 = VECTOR('',#9655,1.);
#9655 = DIRECTION('',(0.,-0.965925826289,0.258819045103));
#9656 = ORIENTED_EDGE('',*,*,#9657,.F.);
#9657 = EDGE_CURVE('',#9658,#9650,#9660,.T.);
#9658 = VERTEX_POINT('',#9659);
#9659 = CARTESIAN_POINT('',(390.,15.,14.737205583712));
#9660 = LINE('',#9661,#9662);
#9661 = CARTESIAN_POINT('',(390.,15.,14.737205583712));
#9662 = VECTOR('',#9663,1.);
#9663 = DIRECTION('',(-0.,0.258819045103,0.965925826289));
#9664 = ORIENTED_EDGE('',*,*,#9665,.F.);
#9665 = EDGE_CURVE('',#9627,#9658,#9666,.T.);
#9666 = LINE('',#9667,#9668);
#9667 = CARTESIAN_POINT('',(390.,70.,0.));
#9668 = VECTOR('',#9669,1.);
#9669 = DIRECTION('',(0.,-0.965925826289,0.258819045103));
#9670 = PLANE('',#9671);
#9671 = AXIS2_PLACEMENT_3D('',#9672,#9673,#9674);
#9672 = CARTESIAN_POINT('',(390.,70.,0.));
#9673 = DIRECTION('',(1.,0.,0.));
#9674 = DIRECTION('',(0.,-0.965925826289,0.258819045103));
#9675 = ADVANCED_FACE('',(#9676),#9701,.T.);
#9676 = FACE_BOUND('',#9677,.T.);
#9677 = EDGE_LOOP('',(#9678,#9679,#9687,#9695));
#9678 = ORIENTED_EDGE('',*,*,#9657,.T.);
#9679 = ORIENTED_EDGE('',*,*,#9680,.T.);
#9680 = EDGE_CURVE('',#9650,#9681,#9683,.T.);
#9681 = VERTEX_POINT('',#9682);
#9682 = CARTESIAN_POINT('',(220.,20.17638090205,34.055722109493));
#9683 = LINE('',#9684,#9685);
#9684 = CARTESIAN_POINT('',(390.,20.17638090205,34.055722109493));
#9685 = VECTOR('',#9686,1.);
#9686 = DIRECTION('',(-1.,0.,0.));
#9687 = ORIENTED_EDGE('',*,*,#9688,.F.);
#9688 = EDGE_CURVE('',#9689,#9681,#9691,.T.);
#9689 = VERTEX_POINT('',#9690);
#9690 = CARTESIAN_POINT('',(220.,15.,14.737205583712));
#9691 = LINE('',#9692,#9693);
#9692 = CARTESIAN_POINT('',(220.,15.,14.737205583712));
#9693 = VECTOR('',#9694,1.);
#9694 = DIRECTION('',(-0.,0.258819045103,0.965925826289));
#9695 = ORIENTED_EDGE('',*,*,#9696,.F.);
#9696 = EDGE_CURVE('',#9658,#9689,#9697,.T.);
#9697 = LINE('',#9698,#9699);
#9698 = CARTESIAN_POINT('',(390.,15.,14.737205583712));
#9699 = VECTOR('',#9700,1.);
#9700 = DIRECTION('',(-1.,0.,0.));
#9701 = PLANE('',#9702);
#9702 = AXIS2_PLACEMENT_3D('',#9703,#9704,#9705);
#9703 = CARTESIAN_POINT('',(390.,15.,14.737205583712));
#9704 = DIRECTION('',(0.,-0.965925826289,0.258819045103));
#9705 = DIRECTION('',(-1.,0.,0.));
#9706 = ADVANCED_FACE('',(#9707),#9723,.T.);
#9707 = FACE_BOUND('',#9708,.T.);
#9708 = EDGE_LOOP('',(#9709,#9710,#9716,#9717));
#9709 = ORIENTED_EDGE('',*,*,#9688,.T.);
#9710 = ORIENTED_EDGE('',*,*,#9711,.T.);
#9711 = EDGE_CURVE('',#9681,#9611,#9712,.T.);
#9712 = LINE('',#9713,#9714);
#9713 = CARTESIAN_POINT('',(220.,20.17638090205,34.055722109493));
#9714 = VECTOR('',#9715,1.);
#9715 = DIRECTION('',(0.,0.965925826289,-0.258819045103));
#9716 = ORIENTED_EDGE('',*,*,#9608,.F.);
#9717 = ORIENTED_EDGE('',*,*,#9718,.F.);
#9718 = EDGE_CURVE('',#9689,#9609,#9719,.T.);
#9719 = LINE('',#9720,#9721);
#9720 = CARTESIAN_POINT('',(220.,15.,14.737205583712));
#9721 = VECTOR('',#9722,1.);
#9722 = DIRECTION('',(0.,0.965925826289,-0.258819045103));
#9723 = PLANE('',#9724);
#9724 = AXIS2_PLACEMENT_3D('',#9725,#9726,#9727);
#9725 = CARTESIAN_POINT('',(220.,15.,14.737205583712));
#9726 = DIRECTION('',(-1.,0.,-0.));
#9727 = DIRECTION('',(0.,0.965925826289,-0.258819045103));
#9728 = ADVANCED_FACE('',(#9729),#9735,.T.);
#9729 = FACE_BOUND('',#9730,.T.);
#9730 = EDGE_LOOP('',(#9731,#9732,#9733,#9734));
#9731 = ORIENTED_EDGE('',*,*,#9634,.T.);
#9732 = ORIENTED_EDGE('',*,*,#9665,.T.);
#9733 = ORIENTED_EDGE('',*,*,#9696,.T.);
#9734 = ORIENTED_EDGE('',*,*,#9718,.T.);
#9735 = PLANE('',#9736);
#9736 = AXIS2_PLACEMENT_3D('',#9737,#9738,#9739);
#9737 = CARTESIAN_POINT('',(305.,42.5,7.368602791856));
#9738 = DIRECTION('',(-0.,-0.258819045103,-0.965925826289));
#9739 = DIRECTION('',(0.,-0.965925826289,0.258819045103));
#9740 = ADVANCED_FACE('',(#9741),#9747,.F.);
#9741 = FACE_BOUND('',#9742,.F.);
#9742 = EDGE_LOOP('',(#9743,#9744,#9745,#9746));
#9743 = ORIENTED_EDGE('',*,*,#9618,.T.);
#9744 = ORIENTED_EDGE('',*,*,#9649,.T.);
#9745 = ORIENTED_EDGE('',*,*,#9680,.T.);
#9746 = ORIENTED_EDGE('',*,*,#9711,.T.);
#9747 = PLANE('',#9748);
#9748 = AXIS2_PLACEMENT_3D('',#9749,#9750,#9751);
#9749 = CARTESIAN_POINT('',(305.,47.67638090205,26.687119317637));
#9750 = DIRECTION('',(-0.,-0.258819045103,-0.965925826289));
#9751 = DIRECTION('',(0.,-0.965925826289,0.258819045103));
#9752 = ( GEOMETRIC_REPRESENTATION_CONTEXT(3) 
GLOBAL_UNCERTAINTY_ASSIGNED_CONTEXT((#9756)) 
GLOBAL_UNIT_ASSIGNED_CONTEXT((#9753,#9754,#9755)) REPRESENTATION_CONTEXT
('Context #1','3D Context with UNIT and UNCERTAINTY') );
#9753 = ( LENGTH_UNIT() NAMED_UNIT(*) SI_UNIT(.MILLI.,.METRE.) );
#9754 = ( NAMED_UNIT(*) PLANE_ANGLE_UNIT() SI_UNIT($,.RADIAN.) );
#9755 = ( NAMED_UNIT(*) SI_UNIT($,.STERADIAN.) SOLID_ANGLE_UNIT() );
#9756 = UNCERTAINTY_MEASURE_WITH_UNIT(LENGTH_MEASURE(1.E-07),#9753,
  'distance_accuracy_value','confusion accuracy');
#9757 = CONTEXT_DEPENDENT_SHAPE_REPRESENTATION(#9758,#9760);
#9758 = ( REPRESENTATION_RELATIONSHIP('','',#9601,#10) 
REPRESENTATION_RELATIONSHIP_WITH_TRANSFORMATION(#9759) 
SHAPE_REPRESENTATION_RELATIONSHIP() );
#9759 = ITEM_DEFINED_TRANSFORMATION('','',#11,#227);
#9760 = PRODUCT_DEFINITION_SHAPE('Placement','Placement of an item',
  #9761);
#9761 = NEXT_ASSEMBLY_USAGE_OCCURRENCE('54',
  'CAT-STARBOARD-CHINE-PORT-03 | ChinePort | nominal plywood 20 mm','',
  #5,#9596,$);
#9762 = PRODUCT_RELATED_PRODUCT_CATEGORY('part',$,(#9598));
#9763 = SHAPE_DEFINITION_REPRESENTATION(#9764,#9770);
#9764 = PRODUCT_DEFINITION_SHAPE('','',#9765);
#9765 = PRODUCT_DEFINITION('design','',#9766,#9769);
#9766 = PRODUCT_DEFINITION_FORMATION('','',#9767);
#9767 = PRODUCT(
'CAT-STARBOARD-CHINE-STARBOARD-03 | ChineStarboard | nominal plywood 20 
mm',
'CAT-STARBOARD-CHINE-STARBOARD-03 | ChineStarboard | nominal plywood 20 
mm','',(#9768));
#9768 = PRODUCT_CONTEXT('',#2,'mechanical');
#9769 = PRODUCT_DEFINITION_CONTEXT('part definition',#2,'design');
#9770 = ADVANCED_BREP_SHAPE_REPRESENTATION('',(#11,#9771),#9921);
#9771 = MANIFOLD_SOLID_BREP('',#9772);
#9772 = CLOSED_SHELL('',(#9773,#9813,#9844,#9875,#9897,#9909));
#9773 = ADVANCED_FACE('',(#9774),#9808,.T.);
#9774 = FACE_BOUND('',#9775,.T.);
#9775 = EDGE_LOOP('',(#9776,#9786,#9794,#9802));
#9776 = ORIENTED_EDGE('',*,*,#9777,.T.);
#9777 = EDGE_CURVE('',#9778,#9780,#9782,.T.);
#9778 = VERTEX_POINT('',#9779);
#9779 = CARTESIAN_POINT('',(220.,220.,0.));
#9780 = VERTEX_POINT('',#9781);
#9781 = CARTESIAN_POINT('',(220.,214.82361909795,19.318516525781));
#9782 = LINE('',#9783,#9784);
#9783 = CARTESIAN_POINT('',(220.,220.,0.));
#9784 = VECTOR('',#9785,1.);
#9785 = DIRECTION('',(-0.,-0.258819045103,0.965925826289));
#9786 = ORIENTED_EDGE('',*,*,#9787,.T.);
#9787 = EDGE_CURVE('',#9780,#9788,#9790,.T.);
#9788 = VERTEX_POINT('',#9789);
#9789 = CARTESIAN_POINT('',(220.,269.82361909795,34.055722109493));
#9790 = LINE('',#9791,#9792);
#9791 = CARTESIAN_POINT('',(220.,214.82361909795,19.318516525781));
#9792 = VECTOR('',#9793,1.);
#9793 = DIRECTION('',(0.,0.965925826289,0.258819045103));
#9794 = ORIENTED_EDGE('',*,*,#9795,.F.);
#9795 = EDGE_CURVE('',#9796,#9788,#9798,.T.);
#9796 = VERTEX_POINT('',#9797);
#9797 = CARTESIAN_POINT('',(220.,275.,14.737205583712));
#9798 = LINE('',#9799,#9800);
#9799 = CARTESIAN_POINT('',(220.,275.,14.737205583712));
#9800 = VECTOR('',#9801,1.);
#9801 = DIRECTION('',(-0.,-0.258819045103,0.965925826289));
#9802 = ORIENTED_EDGE('',*,*,#9803,.F.);
#9803 = EDGE_CURVE('',#9778,#9796,#9804,.T.);
#9804 = LINE('',#9805,#9806);
#9805 = CARTESIAN_POINT('',(220.,220.,0.));
#9806 = VECTOR('',#9807,1.);
#9807 = DIRECTION('',(0.,0.965925826289,0.258819045103));
#9808 = PLANE('',#9809);
#9809 = AXIS2_PLACEMENT_3D('',#9810,#9811,#9812);
#9810 = CARTESIAN_POINT('',(220.,220.,0.));
#9811 = DIRECTION('',(-1.,0.,0.));
#9812 = DIRECTION('',(0.,0.965925826289,0.258819045103));
#9813 = ADVANCED_FACE('',(#9814),#9839,.T.);
#9814 = FACE_BOUND('',#9815,.T.);
#9815 = EDGE_LOOP('',(#9816,#9817,#9825,#9833));
#9816 = ORIENTED_EDGE('',*,*,#9795,.T.);
#9817 = ORIENTED_EDGE('',*,*,#9818,.T.);
#9818 = EDGE_CURVE('',#9788,#9819,#9821,.T.);
#9819 = VERTEX_POINT('',#9820);
#9820 = CARTESIAN_POINT('',(390.,269.82361909795,34.055722109493));
#9821 = LINE('',#9822,#9823);
#9822 = CARTESIAN_POINT('',(220.,269.82361909795,34.055722109493));
#9823 = VECTOR('',#9824,1.);
#9824 = DIRECTION('',(1.,0.,0.));
#9825 = ORIENTED_EDGE('',*,*,#9826,.F.);
#9826 = EDGE_CURVE('',#9827,#9819,#9829,.T.);
#9827 = VERTEX_POINT('',#9828);
#9828 = CARTESIAN_POINT('',(390.,275.,14.737205583712));
#9829 = LINE('',#9830,#9831);
#9830 = CARTESIAN_POINT('',(390.,275.,14.737205583712));
#9831 = VECTOR('',#9832,1.);
#9832 = DIRECTION('',(-0.,-0.258819045103,0.965925826289));
#9833 = ORIENTED_EDGE('',*,*,#9834,.F.);
#9834 = EDGE_CURVE('',#9796,#9827,#9835,.T.);
#9835 = LINE('',#9836,#9837);
#9836 = CARTESIAN_POINT('',(220.,275.,14.737205583712));
#9837 = VECTOR('',#9838,1.);
#9838 = DIRECTION('',(1.,0.,0.));
#9839 = PLANE('',#9840);
#9840 = AXIS2_PLACEMENT_3D('',#9841,#9842,#9843);
#9841 = CARTESIAN_POINT('',(220.,275.,14.737205583712));
#9842 = DIRECTION('',(-0.,0.965925826289,0.258819045103));
#9843 = DIRECTION('',(1.,0.,0.));
#9844 = ADVANCED_FACE('',(#9845),#9870,.T.);
#9845 = FACE_BOUND('',#9846,.T.);
#9846 = EDGE_LOOP('',(#9847,#9848,#9856,#9864));
#9847 = ORIENTED_EDGE('',*,*,#9826,.T.);
#9848 = ORIENTED_EDGE('',*,*,#9849,.T.);
#9849 = EDGE_CURVE('',#9819,#9850,#9852,.T.);
#9850 = VERTEX_POINT('',#9851);
#9851 = CARTESIAN_POINT('',(390.,214.82361909795,19.318516525781));
#9852 = LINE('',#9853,#9854);
#9853 = CARTESIAN_POINT('',(390.,269.82361909795,34.055722109493));
#9854 = VECTOR('',#9855,1.);
#9855 = DIRECTION('',(0.,-0.965925826289,-0.258819045103));
#9856 = ORIENTED_EDGE('',*,*,#9857,.F.);
#9857 = EDGE_CURVE('',#9858,#9850,#9860,.T.);
#9858 = VERTEX_POINT('',#9859);
#9859 = CARTESIAN_POINT('',(390.,220.,0.));
#9860 = LINE('',#9861,#9862);
#9861 = CARTESIAN_POINT('',(390.,220.,0.));
#9862 = VECTOR('',#9863,1.);
#9863 = DIRECTION('',(-0.,-0.258819045103,0.965925826289));
#9864 = ORIENTED_EDGE('',*,*,#9865,.F.);
#9865 = EDGE_CURVE('',#9827,#9858,#9866,.T.);
#9866 = LINE('',#9867,#9868);
#9867 = CARTESIAN_POINT('',(390.,275.,14.737205583712));
#9868 = VECTOR('',#9869,1.);
#9869 = DIRECTION('',(0.,-0.965925826289,-0.258819045103));
#9870 = PLANE('',#9871);
#9871 = AXIS2_PLACEMENT_3D('',#9872,#9873,#9874);
#9872 = CARTESIAN_POINT('',(390.,275.,14.737205583712));
#9873 = DIRECTION('',(1.,0.,0.));
#9874 = DIRECTION('',(0.,-0.965925826289,-0.258819045103));
#9875 = ADVANCED_FACE('',(#9876),#9892,.T.);
#9876 = FACE_BOUND('',#9877,.T.);
#9877 = EDGE_LOOP('',(#9878,#9879,#9885,#9886));
#9878 = ORIENTED_EDGE('',*,*,#9857,.T.);
#9879 = ORIENTED_EDGE('',*,*,#9880,.T.);
#9880 = EDGE_CURVE('',#9850,#9780,#9881,.T.);
#9881 = LINE('',#9882,#9883);
#9882 = CARTESIAN_POINT('',(390.,214.82361909795,19.318516525781));
#9883 = VECTOR('',#9884,1.);
#9884 = DIRECTION('',(-1.,0.,0.));
#9885 = ORIENTED_EDGE('',*,*,#9777,.F.);
#9886 = ORIENTED_EDGE('',*,*,#9887,.F.);
#9887 = EDGE_CURVE('',#9858,#9778,#9888,.T.);
#9888 = LINE('',#9889,#9890);
#9889 = CARTESIAN_POINT('',(390.,220.,0.));
#9890 = VECTOR('',#9891,1.);
#9891 = DIRECTION('',(-1.,0.,0.));
#9892 = PLANE('',#9893);
#9893 = AXIS2_PLACEMENT_3D('',#9894,#9895,#9896);
#9894 = CARTESIAN_POINT('',(390.,220.,0.));
#9895 = DIRECTION('',(-0.,-0.965925826289,-0.258819045103));
#9896 = DIRECTION('',(-1.,0.,0.));
#9897 = ADVANCED_FACE('',(#9898),#9904,.T.);
#9898 = FACE_BOUND('',#9899,.T.);
#9899 = EDGE_LOOP('',(#9900,#9901,#9902,#9903));
#9900 = ORIENTED_EDGE('',*,*,#9803,.T.);
#9901 = ORIENTED_EDGE('',*,*,#9834,.T.);
#9902 = ORIENTED_EDGE('',*,*,#9865,.T.);
#9903 = ORIENTED_EDGE('',*,*,#9887,.T.);
#9904 = PLANE('',#9905);
#9905 = AXIS2_PLACEMENT_3D('',#9906,#9907,#9908);
#9906 = CARTESIAN_POINT('',(305.,247.5,7.368602791856));
#9907 = DIRECTION('',(-0.,0.258819045103,-0.965925826289));
#9908 = DIRECTION('',(0.,-0.965925826289,-0.258819045103));
#9909 = ADVANCED_FACE('',(#9910),#9916,.F.);
#9910 = FACE_BOUND('',#9911,.F.);
#9911 = EDGE_LOOP('',(#9912,#9913,#9914,#9915));
#9912 = ORIENTED_EDGE('',*,*,#9787,.T.);
#9913 = ORIENTED_EDGE('',*,*,#9818,.T.);
#9914 = ORIENTED_EDGE('',*,*,#9849,.T.);
#9915 = ORIENTED_EDGE('',*,*,#9880,.T.);
#9916 = PLANE('',#9917);
#9917 = AXIS2_PLACEMENT_3D('',#9918,#9919,#9920);
#9918 = CARTESIAN_POINT('',(305.,242.32361909795,26.687119317637));
#9919 = DIRECTION('',(-0.,0.258819045103,-0.965925826289));
#9920 = DIRECTION('',(0.,-0.965925826289,-0.258819045103));
#9921 = ( GEOMETRIC_REPRESENTATION_CONTEXT(3) 
GLOBAL_UNCERTAINTY_ASSIGNED_CONTEXT((#9925)) 
GLOBAL_UNIT_ASSIGNED_CONTEXT((#9922,#9923,#9924)) REPRESENTATION_CONTEXT
('Context #1','3D Context with UNIT and UNCERTAINTY') );
#9922 = ( LENGTH_UNIT() NAMED_UNIT(*) SI_UNIT(.MILLI.,.METRE.) );
#9923 = ( NAMED_UNIT(*) PLANE_ANGLE_UNIT() SI_UNIT($,.RADIAN.) );
#9924 = ( NAMED_UNIT(*) SI_UNIT($,.STERADIAN.) SOLID_ANGLE_UNIT() );
#9925 = UNCERTAINTY_MEASURE_WITH_UNIT(LENGTH_MEASURE(1.E-07),#9922,
  'distance_accuracy_value','confusion accuracy');
#9926 = CONTEXT_DEPENDENT_SHAPE_REPRESENTATION(#9927,#9929);
#9927 = ( REPRESENTATION_RELATIONSHIP('','',#9770,#10) 
REPRESENTATION_RELATIONSHIP_WITH_TRANSFORMATION(#9928) 
SHAPE_REPRESENTATION_RELATIONSHIP() );
#9928 = ITEM_DEFINED_TRANSFORMATION('','',#11,#231);
#9929 = PRODUCT_DEFINITION_SHAPE('Placement','Placement of an item',
  #9930);
#9930 = NEXT_ASSEMBLY_USAGE_OCCURRENCE('55',
'CAT-STARBOARD-CHINE-STARBOARD-03 | ChineStarboard | nominal plywood 20 
mm','',#5,#9765,$);
#9931 = PRODUCT_RELATED_PRODUCT_CATEGORY('part',$,(#9767));
#9932 = SHAPE_DEFINITION_REPRESENTATION(#9933,#9939);
#9933 = PRODUCT_DEFINITION_SHAPE('','',#9934);
#9934 = PRODUCT_DEFINITION('design','',#9935,#9938);
#9935 = PRODUCT_DEFINITION_FORMATION('','',#9936);
#9936 = PRODUCT(
  'CAT-STARBOARD-SIDE-PORT-03 | SidePort | nominal plywood 20 mm',
  'CAT-STARBOARD-SIDE-PORT-03 | SidePort | nominal plywood 20 mm','',(
    #9937));
#9937 = PRODUCT_CONTEXT('',#2,'mechanical');
#9938 = PRODUCT_DEFINITION_CONTEXT('part definition',#2,'design');
#9939 = ADVANCED_BREP_SHAPE_REPRESENTATION('',(#11,#9940),#10090);
#9940 = MANIFOLD_SOLID_BREP('',#9941);
#9941 = CLOSED_SHELL('',(#9942,#9982,#10013,#10044,#10066,#10078));
#9942 = ADVANCED_FACE('',(#9943),#9977,.T.);
#9943 = FACE_BOUND('',#9944,.T.);
#9944 = EDGE_LOOP('',(#9945,#9955,#9963,#9971));
#9945 = ORIENTED_EDGE('',*,*,#9946,.T.);
#9946 = EDGE_CURVE('',#9947,#9949,#9951,.T.);
#9947 = VERTEX_POINT('',#9948);
#9948 = CARTESIAN_POINT('',(220.,15.,14.737205583712));
#9949 = VERTEX_POINT('',#9950);
#9950 = CARTESIAN_POINT('',(220.,35.,14.737205583712));
#9951 = LINE('',#9952,#9953);
#9952 = CARTESIAN_POINT('',(220.,15.,14.737205583712));
#9953 = VECTOR('',#9954,1.);
#9954 = DIRECTION('',(-0.,1.,-0.));
#9955 = ORIENTED_EDGE('',*,*,#9956,.T.);
#9956 = EDGE_CURVE('',#9949,#9957,#9959,.T.);
#9957 = VERTEX_POINT('',#9958);
#9958 = CARTESIAN_POINT('',(390.,35.,14.737205583712));
#9959 = LINE('',#9960,#9961);
#9960 = CARTESIAN_POINT('',(220.,35.,14.737205583712));
#9961 = VECTOR('',#9962,1.);
#9962 = DIRECTION('',(1.,0.,0.));
#9963 = ORIENTED_EDGE('',*,*,#9964,.F.);
#9964 = EDGE_CURVE('',#9965,#9957,#9967,.T.);
#9965 = VERTEX_POINT('',#9966);
#9966 = CARTESIAN_POINT('',(390.,15.,14.737205583712));
#9967 = LINE('',#9968,#9969);
#9968 = CARTESIAN_POINT('',(390.,15.,14.737205583712));
#9969 = VECTOR('',#9970,1.);
#9970 = DIRECTION('',(-0.,1.,-0.));
#9971 = ORIENTED_EDGE('',*,*,#9972,.F.);
#9972 = EDGE_CURVE('',#9947,#9965,#9973,.T.);
#9973 = LINE('',#9974,#9975);
#9974 = CARTESIAN_POINT('',(220.,15.,14.737205583712));
#9975 = VECTOR('',#9976,1.);
#9976 = DIRECTION('',(1.,0.,0.));
#9977 = PLANE('',#9978);
#9978 = AXIS2_PLACEMENT_3D('',#9979,#9980,#9981);
#9979 = CARTESIAN_POINT('',(220.,15.,14.737205583712));
#9980 = DIRECTION('',(0.,0.,-1.));
#9981 = DIRECTION('',(1.,0.,0.));
#9982 = ADVANCED_FACE('',(#9983),#10008,.T.);
#9983 = FACE_BOUND('',#9984,.T.);
#9984 = EDGE_LOOP('',(#9985,#9986,#9994,#10002));
#9985 = ORIENTED_EDGE('',*,*,#9964,.T.);
#9986 = ORIENTED_EDGE('',*,*,#9987,.T.);
#9987 = EDGE_CURVE('',#9957,#9988,#9990,.T.);
#9988 = VERTEX_POINT('',#9989);
#9989 = CARTESIAN_POINT('',(390.,35.,140.));
#9990 = LINE('',#9991,#9992);
#9991 = CARTESIAN_POINT('',(390.,35.,14.737205583712));
#9992 = VECTOR('',#9993,1.);
#9993 = DIRECTION('',(0.,0.,1.));
#9994 = ORIENTED_EDGE('',*,*,#9995,.F.);
#9995 = EDGE_CURVE('',#9996,#9988,#9998,.T.);
#9996 = VERTEX_POINT('',#9997);
#9997 = CARTESIAN_POINT('',(390.,15.,140.));
#9998 = LINE('',#9999,#10000);
#9999 = CARTESIAN_POINT('',(390.,15.,140.));
#10000 = VECTOR('',#10001,1.);
#10001 = DIRECTION('',(-0.,1.,-0.));
#10002 = ORIENTED_EDGE('',*,*,#10003,.F.);
#10003 = EDGE_CURVE('',#9965,#9996,#10004,.T.);
#10004 = LINE('',#10005,#10006);
#10005 = CARTESIAN_POINT('',(390.,15.,14.737205583712));
#10006 = VECTOR('',#10007,1.);
#10007 = DIRECTION('',(0.,0.,1.));
#10008 = PLANE('',#10009);
#10009 = AXIS2_PLACEMENT_3D('',#10010,#10011,#10012);
#10010 = CARTESIAN_POINT('',(390.,15.,14.737205583712));
#10011 = DIRECTION('',(1.,0.,-0.));
#10012 = DIRECTION('',(0.,0.,1.));
#10013 = ADVANCED_FACE('',(#10014),#10039,.T.);
#10014 = FACE_BOUND('',#10015,.T.);
#10015 = EDGE_LOOP('',(#10016,#10017,#10025,#10033));
#10016 = ORIENTED_EDGE('',*,*,#9995,.T.);
#10017 = ORIENTED_EDGE('',*,*,#10018,.T.);
#10018 = EDGE_CURVE('',#9988,#10019,#10021,.T.);
#10019 = VERTEX_POINT('',#10020);
#10020 = CARTESIAN_POINT('',(220.,35.,140.));
#10021 = LINE('',#10022,#10023);
#10022 = CARTESIAN_POINT('',(390.,35.,140.));
#10023 = VECTOR('',#10024,1.);
#10024 = DIRECTION('',(-1.,0.,0.));
#10025 = ORIENTED_EDGE('',*,*,#10026,.F.);
#10026 = EDGE_CURVE('',#10027,#10019,#10029,.T.);
#10027 = VERTEX_POINT('',#10028);
#10028 = CARTESIAN_POINT('',(220.,15.,140.));
#10029 = LINE('',#10030,#10031);
#10030 = CARTESIAN_POINT('',(220.,15.,140.));
#10031 = VECTOR('',#10032,1.);
#10032 = DIRECTION('',(-0.,1.,-0.));
#10033 = ORIENTED_EDGE('',*,*,#10034,.F.);
#10034 = EDGE_CURVE('',#9996,#10027,#10035,.T.);
#10035 = LINE('',#10036,#10037);
#10036 = CARTESIAN_POINT('',(390.,15.,140.));
#10037 = VECTOR('',#10038,1.);
#10038 = DIRECTION('',(-1.,0.,0.));
#10039 = PLANE('',#10040);
#10040 = AXIS2_PLACEMENT_3D('',#10041,#10042,#10043);
#10041 = CARTESIAN_POINT('',(390.,15.,140.));
#10042 = DIRECTION('',(0.,0.,1.));
#10043 = DIRECTION('',(-1.,0.,0.));
#10044 = ADVANCED_FACE('',(#10045),#10061,.T.);
#10045 = FACE_BOUND('',#10046,.T.);
#10046 = EDGE_LOOP('',(#10047,#10048,#10054,#10055));
#10047 = ORIENTED_EDGE('',*,*,#10026,.T.);
#10048 = ORIENTED_EDGE('',*,*,#10049,.T.);
#10049 = EDGE_CURVE('',#10019,#9949,#10050,.T.);
#10050 = LINE('',#10051,#10052);
#10051 = CARTESIAN_POINT('',(220.,35.,140.));
#10052 = VECTOR('',#10053,1.);
#10053 = DIRECTION('',(0.,0.,-1.));
#10054 = ORIENTED_EDGE('',*,*,#9946,.F.);
#10055 = ORIENTED_EDGE('',*,*,#10056,.F.);
#10056 = EDGE_CURVE('',#10027,#9947,#10057,.T.);
#10057 = LINE('',#10058,#10059);
#10058 = CARTESIAN_POINT('',(220.,15.,140.));
#10059 = VECTOR('',#10060,1.);
#10060 = DIRECTION('',(0.,0.,-1.));
#10061 = PLANE('',#10062);
#10062 = AXIS2_PLACEMENT_3D('',#10063,#10064,#10065);
#10063 = CARTESIAN_POINT('',(220.,15.,140.));
#10064 = DIRECTION('',(-1.,-0.,-0.));
#10065 = DIRECTION('',(0.,0.,-1.));
#10066 = ADVANCED_FACE('',(#10067),#10073,.T.);
#10067 = FACE_BOUND('',#10068,.T.);
#10068 = EDGE_LOOP('',(#10069,#10070,#10071,#10072));
#10069 = ORIENTED_EDGE('',*,*,#9972,.T.);
#10070 = ORIENTED_EDGE('',*,*,#10003,.T.);
#10071 = ORIENTED_EDGE('',*,*,#10034,.T.);
#10072 = ORIENTED_EDGE('',*,*,#10056,.T.);
#10073 = PLANE('',#10074);
#10074 = AXIS2_PLACEMENT_3D('',#10075,#10076,#10077);
#10075 = CARTESIAN_POINT('',(305.,15.,77.368602791856));
#10076 = DIRECTION('',(-0.,-1.,-0.));
#10077 = DIRECTION('',(0.,0.,-1.));
#10078 = ADVANCED_FACE('',(#10079),#10085,.F.);
#10079 = FACE_BOUND('',#10080,.F.);
#10080 = EDGE_LOOP('',(#10081,#10082,#10083,#10084));
#10081 = ORIENTED_EDGE('',*,*,#9956,.T.);
#10082 = ORIENTED_EDGE('',*,*,#9987,.T.);
#10083 = ORIENTED_EDGE('',*,*,#10018,.T.);
#10084 = ORIENTED_EDGE('',*,*,#10049,.T.);
#10085 = PLANE('',#10086);
#10086 = AXIS2_PLACEMENT_3D('',#10087,#10088,#10089);
#10087 = CARTESIAN_POINT('',(305.,35.,77.368602791856));
#10088 = DIRECTION('',(-0.,-1.,-0.));
#10089 = DIRECTION('',(0.,0.,-1.));
#10090 = ( GEOMETRIC_REPRESENTATION_CONTEXT(3) 
GLOBAL_UNCERTAINTY_ASSIGNED_CONTEXT((#10094)) 
GLOBAL_UNIT_ASSIGNED_CONTEXT((#10091,#10092,#10093)) 
REPRESENTATION_CONTEXT('Context #1',
  '3D Context with UNIT and UNCERTAINTY') );
#10091 = ( LENGTH_UNIT() NAMED_UNIT(*) SI_UNIT(.MILLI.,.METRE.) );
#10092 = ( NAMED_UNIT(*) PLANE_ANGLE_UNIT() SI_UNIT($,.RADIAN.) );
#10093 = ( NAMED_UNIT(*) SI_UNIT($,.STERADIAN.) SOLID_ANGLE_UNIT() );
#10094 = UNCERTAINTY_MEASURE_WITH_UNIT(LENGTH_MEASURE(1.E-07),#10091,
  'distance_accuracy_value','confusion accuracy');
#10095 = CONTEXT_DEPENDENT_SHAPE_REPRESENTATION(#10096,#10098);
#10096 = ( REPRESENTATION_RELATIONSHIP('','',#9939,#10) 
REPRESENTATION_RELATIONSHIP_WITH_TRANSFORMATION(#10097) 
SHAPE_REPRESENTATION_RELATIONSHIP() );
#10097 = ITEM_DEFINED_TRANSFORMATION('','',#11,#235);
#10098 = PRODUCT_DEFINITION_SHAPE('Placement','Placement of an item',
  #10099);
#10099 = NEXT_ASSEMBLY_USAGE_OCCURRENCE('56',
  'CAT-STARBOARD-SIDE-PORT-03 | SidePort | nominal plywood 20 mm','',#5,
  #9934,$);
#10100 = PRODUCT_RELATED_PRODUCT_CATEGORY('part',$,(#9936));
#10101 = SHAPE_DEFINITION_REPRESENTATION(#10102,#10108);
#10102 = PRODUCT_DEFINITION_SHAPE('','',#10103);
#10103 = PRODUCT_DEFINITION('design','',#10104,#10107);
#10104 = PRODUCT_DEFINITION_FORMATION('','',#10105);
#10105 = PRODUCT(
'CAT-STARBOARD-SIDE-STARBOARD-03 | SideStarboard | nominal plywood 20 
mm',
'CAT-STARBOARD-SIDE-STARBOARD-03 | SideStarboard | nominal plywood 20 
mm','',(#10106));
#10106 = PRODUCT_CONTEXT('',#2,'mechanical');
#10107 = PRODUCT_DEFINITION_CONTEXT('part definition',#2,'design');
#10108 = ADVANCED_BREP_SHAPE_REPRESENTATION('',(#11,#10109),#10259);
#10109 = MANIFOLD_SOLID_BREP('',#10110);
#10110 = CLOSED_SHELL('',(#10111,#10151,#10182,#10213,#10235,#10247));
#10111 = ADVANCED_FACE('',(#10112),#10146,.T.);
#10112 = FACE_BOUND('',#10113,.T.);
#10113 = EDGE_LOOP('',(#10114,#10124,#10132,#10140));
#10114 = ORIENTED_EDGE('',*,*,#10115,.T.);
#10115 = EDGE_CURVE('',#10116,#10118,#10120,.T.);
#10116 = VERTEX_POINT('',#10117);
#10117 = CARTESIAN_POINT('',(220.,275.,14.737205583712));
#10118 = VERTEX_POINT('',#10119);
#10119 = CARTESIAN_POINT('',(220.,255.,14.737205583712));
#10120 = LINE('',#10121,#10122);
#10121 = CARTESIAN_POINT('',(220.,275.,14.737205583712));
#10122 = VECTOR('',#10123,1.);
#10123 = DIRECTION('',(-0.,-1.,-0.));
#10124 = ORIENTED_EDGE('',*,*,#10125,.T.);
#10125 = EDGE_CURVE('',#10118,#10126,#10128,.T.);
#10126 = VERTEX_POINT('',#10127);
#10127 = CARTESIAN_POINT('',(220.,255.,140.));
#10128 = LINE('',#10129,#10130);
#10129 = CARTESIAN_POINT('',(220.,255.,14.737205583712));
#10130 = VECTOR('',#10131,1.);
#10131 = DIRECTION('',(0.,0.,1.));
#10132 = ORIENTED_EDGE('',*,*,#10133,.F.);
#10133 = EDGE_CURVE('',#10134,#10126,#10136,.T.);
#10134 = VERTEX_POINT('',#10135);
#10135 = CARTESIAN_POINT('',(220.,275.,140.));
#10136 = LINE('',#10137,#10138);
#10137 = CARTESIAN_POINT('',(220.,275.,140.));
#10138 = VECTOR('',#10139,1.);
#10139 = DIRECTION('',(-0.,-1.,-0.));
#10140 = ORIENTED_EDGE('',*,*,#10141,.F.);
#10141 = EDGE_CURVE('',#10116,#10134,#10142,.T.);
#10142 = LINE('',#10143,#10144);
#10143 = CARTESIAN_POINT('',(220.,275.,14.737205583712));
#10144 = VECTOR('',#10145,1.);
#10145 = DIRECTION('',(0.,0.,1.));
#10146 = PLANE('',#10147);
#10147 = AXIS2_PLACEMENT_3D('',#10148,#10149,#10150);
#10148 = CARTESIAN_POINT('',(220.,275.,14.737205583712));
#10149 = DIRECTION('',(-1.,0.,0.));
#10150 = DIRECTION('',(0.,0.,1.));
#10151 = ADVANCED_FACE('',(#10152),#10177,.T.);
#10152 = FACE_BOUND('',#10153,.T.);
#10153 = EDGE_LOOP('',(#10154,#10155,#10163,#10171));
#10154 = ORIENTED_EDGE('',*,*,#10133,.T.);
#10155 = ORIENTED_EDGE('',*,*,#10156,.T.);
#10156 = EDGE_CURVE('',#10126,#10157,#10159,.T.);
#10157 = VERTEX_POINT('',#10158);
#10158 = CARTESIAN_POINT('',(390.,255.,140.));
#10159 = LINE('',#10160,#10161);
#10160 = CARTESIAN_POINT('',(220.,255.,140.));
#10161 = VECTOR('',#10162,1.);
#10162 = DIRECTION('',(1.,0.,0.));
#10163 = ORIENTED_EDGE('',*,*,#10164,.F.);
#10164 = EDGE_CURVE('',#10165,#10157,#10167,.T.);
#10165 = VERTEX_POINT('',#10166);
#10166 = CARTESIAN_POINT('',(390.,275.,140.));
#10167 = LINE('',#10168,#10169);
#10168 = CARTESIAN_POINT('',(390.,275.,140.));
#10169 = VECTOR('',#10170,1.);
#10170 = DIRECTION('',(-0.,-1.,-0.));
#10171 = ORIENTED_EDGE('',*,*,#10172,.F.);
#10172 = EDGE_CURVE('',#10134,#10165,#10173,.T.);
#10173 = LINE('',#10174,#10175);
#10174 = CARTESIAN_POINT('',(220.,275.,140.));
#10175 = VECTOR('',#10176,1.);
#10176 = DIRECTION('',(1.,0.,0.));
#10177 = PLANE('',#10178);
#10178 = AXIS2_PLACEMENT_3D('',#10179,#10180,#10181);
#10179 = CARTESIAN_POINT('',(220.,275.,140.));
#10180 = DIRECTION('',(0.,0.,1.));
#10181 = DIRECTION('',(1.,0.,-0.));
#10182 = ADVANCED_FACE('',(#10183),#10208,.T.);
#10183 = FACE_BOUND('',#10184,.T.);
#10184 = EDGE_LOOP('',(#10185,#10186,#10194,#10202));
#10185 = ORIENTED_EDGE('',*,*,#10164,.T.);
#10186 = ORIENTED_EDGE('',*,*,#10187,.T.);
#10187 = EDGE_CURVE('',#10157,#10188,#10190,.T.);
#10188 = VERTEX_POINT('',#10189);
#10189 = CARTESIAN_POINT('',(390.,255.,14.737205583712));
#10190 = LINE('',#10191,#10192);
#10191 = CARTESIAN_POINT('',(390.,255.,140.));
#10192 = VECTOR('',#10193,1.);
#10193 = DIRECTION('',(0.,0.,-1.));
#10194 = ORIENTED_EDGE('',*,*,#10195,.F.);
#10195 = EDGE_CURVE('',#10196,#10188,#10198,.T.);
#10196 = VERTEX_POINT('',#10197);
#10197 = CARTESIAN_POINT('',(390.,275.,14.737205583712));
#10198 = LINE('',#10199,#10200);
#10199 = CARTESIAN_POINT('',(390.,275.,14.737205583712));
#10200 = VECTOR('',#10201,1.);
#10201 = DIRECTION('',(-0.,-1.,-0.));
#10202 = ORIENTED_EDGE('',*,*,#10203,.F.);
#10203 = EDGE_CURVE('',#10165,#10196,#10204,.T.);
#10204 = LINE('',#10205,#10206);
#10205 = CARTESIAN_POINT('',(390.,275.,140.));
#10206 = VECTOR('',#10207,1.);
#10207 = DIRECTION('',(0.,0.,-1.));
#10208 = PLANE('',#10209);
#10209 = AXIS2_PLACEMENT_3D('',#10210,#10211,#10212);
#10210 = CARTESIAN_POINT('',(390.,275.,140.));
#10211 = DIRECTION('',(1.,-0.,0.));
#10212 = DIRECTION('',(0.,0.,-1.));
#10213 = ADVANCED_FACE('',(#10214),#10230,.T.);
#10214 = FACE_BOUND('',#10215,.T.);
#10215 = EDGE_LOOP('',(#10216,#10217,#10223,#10224));
#10216 = ORIENTED_EDGE('',*,*,#10195,.T.);
#10217 = ORIENTED_EDGE('',*,*,#10218,.T.);
#10218 = EDGE_CURVE('',#10188,#10118,#10219,.T.);
#10219 = LINE('',#10220,#10221);
#10220 = CARTESIAN_POINT('',(390.,255.,14.737205583712));
#10221 = VECTOR('',#10222,1.);
#10222 = DIRECTION('',(-1.,0.,0.));
#10223 = ORIENTED_EDGE('',*,*,#10115,.F.);
#10224 = ORIENTED_EDGE('',*,*,#10225,.F.);
#10225 = EDGE_CURVE('',#10196,#10116,#10226,.T.);
#10226 = LINE('',#10227,#10228);
#10227 = CARTESIAN_POINT('',(390.,275.,14.737205583712));
#10228 = VECTOR('',#10229,1.);
#10229 = DIRECTION('',(-1.,0.,0.));
#10230 = PLANE('',#10231);
#10231 = AXIS2_PLACEMENT_3D('',#10232,#10233,#10234);
#10232 = CARTESIAN_POINT('',(390.,275.,14.737205583712));
#10233 = DIRECTION('',(0.,0.,-1.));
#10234 = DIRECTION('',(-1.,0.,0.));
#10235 = ADVANCED_FACE('',(#10236),#10242,.T.);
#10236 = FACE_BOUND('',#10237,.T.);
#10237 = EDGE_LOOP('',(#10238,#10239,#10240,#10241));
#10238 = ORIENTED_EDGE('',*,*,#10141,.T.);
#10239 = ORIENTED_EDGE('',*,*,#10172,.T.);
#10240 = ORIENTED_EDGE('',*,*,#10203,.T.);
#10241 = ORIENTED_EDGE('',*,*,#10225,.T.);
#10242 = PLANE('',#10243);
#10243 = AXIS2_PLACEMENT_3D('',#10244,#10245,#10246);
#10244 = CARTESIAN_POINT('',(305.,275.,77.368602791856));
#10245 = DIRECTION('',(0.,1.,0.));
#10246 = DIRECTION('',(0.,-0.,1.));
#10247 = ADVANCED_FACE('',(#10248),#10254,.F.);
#10248 = FACE_BOUND('',#10249,.F.);
#10249 = EDGE_LOOP('',(#10250,#10251,#10252,#10253));
#10250 = ORIENTED_EDGE('',*,*,#10125,.T.);
#10251 = ORIENTED_EDGE('',*,*,#10156,.T.);
#10252 = ORIENTED_EDGE('',*,*,#10187,.T.);
#10253 = ORIENTED_EDGE('',*,*,#10218,.T.);
#10254 = PLANE('',#10255);
#10255 = AXIS2_PLACEMENT_3D('',#10256,#10257,#10258);
#10256 = CARTESIAN_POINT('',(305.,255.,77.368602791856));
#10257 = DIRECTION('',(0.,1.,0.));
#10258 = DIRECTION('',(0.,-0.,1.));
#10259 = ( GEOMETRIC_REPRESENTATION_CONTEXT(3) 
GLOBAL_UNCERTAINTY_ASSIGNED_CONTEXT((#10263)) 
GLOBAL_UNIT_ASSIGNED_CONTEXT((#10260,#10261,#10262)) 
REPRESENTATION_CONTEXT('Context #1',
  '3D Context with UNIT and UNCERTAINTY') );
#10260 = ( LENGTH_UNIT() NAMED_UNIT(*) SI_UNIT(.MILLI.,.METRE.) );
#10261 = ( NAMED_UNIT(*) PLANE_ANGLE_UNIT() SI_UNIT($,.RADIAN.) );
#10262 = ( NAMED_UNIT(*) SI_UNIT($,.STERADIAN.) SOLID_ANGLE_UNIT() );
#10263 = UNCERTAINTY_MEASURE_WITH_UNIT(LENGTH_MEASURE(1.E-07),#10260,
  'distance_accuracy_value','confusion accuracy');
#10264 = CONTEXT_DEPENDENT_SHAPE_REPRESENTATION(#10265,#10267);
#10265 = ( REPRESENTATION_RELATIONSHIP('','',#10108,#10) 
REPRESENTATION_RELATIONSHIP_WITH_TRANSFORMATION(#10266) 
SHAPE_REPRESENTATION_RELATIONSHIP() );
#10266 = ITEM_DEFINED_TRANSFORMATION('','',#11,#239);
#10267 = PRODUCT_DEFINITION_SHAPE('Placement','Placement of an item',
  #10268);
#10268 = NEXT_ASSEMBLY_USAGE_OCCURRENCE('57',
'CAT-STARBOARD-SIDE-STARBOARD-03 | SideStarboard | nominal plywood 20 
mm','',#5,#10103,$);
#10269 = PRODUCT_RELATED_PRODUCT_CATEGORY('part',$,(#10105));
#10270 = SHAPE_DEFINITION_REPRESENTATION(#10271,#10277);
#10271 = PRODUCT_DEFINITION_SHAPE('','',#10272);
#10272 = PRODUCT_DEFINITION('design','',#10273,#10276);
#10273 = PRODUCT_DEFINITION_FORMATION('','',#10274);
#10274 = PRODUCT(
  'CAT-STARBOARD-BOTTOM-04 | BottomFlat | nominal plywood 20 mm',
  'CAT-STARBOARD-BOTTOM-04 | BottomFlat | nominal plywood 20 mm','',(
    #10275));
#10275 = PRODUCT_CONTEXT('',#2,'mechanical');
#10276 = PRODUCT_DEFINITION_CONTEXT('part definition',#2,'design');
#10277 = ADVANCED_BREP_SHAPE_REPRESENTATION('',(#11,#10278),#10428);
#10278 = MANIFOLD_SOLID_BREP('',#10279);
#10279 = CLOSED_SHELL('',(#10280,#10320,#10351,#10382,#10404,#10416));
#10280 = ADVANCED_FACE('',(#10281),#10315,.F.);
#10281 = FACE_BOUND('',#10282,.F.);
#10282 = EDGE_LOOP('',(#10283,#10293,#10301,#10309));
#10283 = ORIENTED_EDGE('',*,*,#10284,.T.);
#10284 = EDGE_CURVE('',#10285,#10287,#10289,.T.);
#10285 = VERTEX_POINT('',#10286);
#10286 = CARTESIAN_POINT('',(390.,70.,0.));
#10287 = VERTEX_POINT('',#10288);
#10288 = CARTESIAN_POINT('',(390.,70.,20.));
#10289 = LINE('',#10290,#10291);
#10290 = CARTESIAN_POINT('',(390.,70.,0.));
#10291 = VECTOR('',#10292,1.);
#10292 = DIRECTION('',(0.,0.,1.));
#10293 = ORIENTED_EDGE('',*,*,#10294,.T.);
#10294 = EDGE_CURVE('',#10287,#10295,#10297,.T.);
#10295 = VERTEX_POINT('',#10296);
#10296 = CARTESIAN_POINT('',(560.,70.,20.));
#10297 = LINE('',#10298,#10299);
#10298 = CARTESIAN_POINT('',(390.,70.,20.));
#10299 = VECTOR('',#10300,1.);
#10300 = DIRECTION('',(1.,0.,0.));
#10301 = ORIENTED_EDGE('',*,*,#10302,.F.);
#10302 = EDGE_CURVE('',#10303,#10295,#10305,.T.);
#10303 = VERTEX_POINT('',#10304);
#10304 = CARTESIAN_POINT('',(560.,70.,0.));
#10305 = LINE('',#10306,#10307);
#10306 = CARTESIAN_POINT('',(560.,70.,0.));
#10307 = VECTOR('',#10308,1.);
#10308 = DIRECTION('',(0.,0.,1.));
#10309 = ORIENTED_EDGE('',*,*,#10310,.F.);
#10310 = EDGE_CURVE('',#10285,#10303,#10311,.T.);
#10311 = LINE('',#10312,#10313);
#10312 = CARTESIAN_POINT('',(390.,70.,0.));
#10313 = VECTOR('',#10314,1.);
#10314 = DIRECTION('',(1.,0.,0.));
#10315 = PLANE('',#10316);
#10316 = AXIS2_PLACEMENT_3D('',#10317,#10318,#10319);
#10317 = CARTESIAN_POINT('',(390.,70.,0.));
#10318 = DIRECTION('',(0.,1.,0.));
#10319 = DIRECTION('',(1.,0.,0.));
#10320 = ADVANCED_FACE('',(#10321),#10346,.F.);
#10321 = FACE_BOUND('',#10322,.F.);
#10322 = EDGE_LOOP('',(#10323,#10324,#10332,#10340));
#10323 = ORIENTED_EDGE('',*,*,#10302,.T.);
#10324 = ORIENTED_EDGE('',*,*,#10325,.T.);
#10325 = EDGE_CURVE('',#10295,#10326,#10328,.T.);
#10326 = VERTEX_POINT('',#10327);
#10327 = CARTESIAN_POINT('',(560.,220.,20.));
#10328 = LINE('',#10329,#10330);
#10329 = CARTESIAN_POINT('',(560.,70.,20.));
#10330 = VECTOR('',#10331,1.);
#10331 = DIRECTION('',(0.,1.,0.));
#10332 = ORIENTED_EDGE('',*,*,#10333,.F.);
#10333 = EDGE_CURVE('',#10334,#10326,#10336,.T.);
#10334 = VERTEX_POINT('',#10335);
#10335 = CARTESIAN_POINT('',(560.,220.,0.));
#10336 = LINE('',#10337,#10338);
#10337 = CARTESIAN_POINT('',(560.,220.,0.));
#10338 = VECTOR('',#10339,1.);
#10339 = DIRECTION('',(0.,0.,1.));
#10340 = ORIENTED_EDGE('',*,*,#10341,.F.);
#10341 = EDGE_CURVE('',#10303,#10334,#10342,.T.);
#10342 = LINE('',#10343,#10344);
#10343 = CARTESIAN_POINT('',(560.,70.,0.));
#10344 = VECTOR('',#10345,1.);
#10345 = DIRECTION('',(0.,1.,0.));
#10346 = PLANE('',#10347);
#10347 = AXIS2_PLACEMENT_3D('',#10348,#10349,#10350);
#10348 = CARTESIAN_POINT('',(560.,70.,0.));
#10349 = DIRECTION('',(-1.,0.,0.));
#10350 = DIRECTION('',(0.,1.,0.));
#10351 = ADVANCED_FACE('',(#10352),#10377,.F.);
#10352 = FACE_BOUND('',#10353,.F.);
#10353 = EDGE_LOOP('',(#10354,#10355,#10363,#10371));
#10354 = ORIENTED_EDGE('',*,*,#10333,.T.);
#10355 = ORIENTED_EDGE('',*,*,#10356,.T.);
#10356 = EDGE_CURVE('',#10326,#10357,#10359,.T.);
#10357 = VERTEX_POINT('',#10358);
#10358 = CARTESIAN_POINT('',(390.,220.,20.));
#10359 = LINE('',#10360,#10361);
#10360 = CARTESIAN_POINT('',(560.,220.,20.));
#10361 = VECTOR('',#10362,1.);
#10362 = DIRECTION('',(-1.,0.,0.));
#10363 = ORIENTED_EDGE('',*,*,#10364,.F.);
#10364 = EDGE_CURVE('',#10365,#10357,#10367,.T.);
#10365 = VERTEX_POINT('',#10366);
#10366 = CARTESIAN_POINT('',(390.,220.,0.));
#10367 = LINE('',#10368,#10369);
#10368 = CARTESIAN_POINT('',(390.,220.,0.));
#10369 = VECTOR('',#10370,1.);
#10370 = DIRECTION('',(0.,0.,1.));
#10371 = ORIENTED_EDGE('',*,*,#10372,.F.);
#10372 = EDGE_CURVE('',#10334,#10365,#10373,.T.);
#10373 = LINE('',#10374,#10375);
#10374 = CARTESIAN_POINT('',(560.,220.,0.));
#10375 = VECTOR('',#10376,1.);
#10376 = DIRECTION('',(-1.,0.,0.));
#10377 = PLANE('',#10378);
#10378 = AXIS2_PLACEMENT_3D('',#10379,#10380,#10381);
#10379 = CARTESIAN_POINT('',(560.,220.,0.));
#10380 = DIRECTION('',(0.,-1.,0.));
#10381 = DIRECTION('',(-1.,0.,0.));
#10382 = ADVANCED_FACE('',(#10383),#10399,.F.);
#10383 = FACE_BOUND('',#10384,.F.);
#10384 = EDGE_LOOP('',(#10385,#10386,#10392,#10393));
#10385 = ORIENTED_EDGE('',*,*,#10364,.T.);
#10386 = ORIENTED_EDGE('',*,*,#10387,.T.);
#10387 = EDGE_CURVE('',#10357,#10287,#10388,.T.);
#10388 = LINE('',#10389,#10390);
#10389 = CARTESIAN_POINT('',(390.,220.,20.));
#10390 = VECTOR('',#10391,1.);
#10391 = DIRECTION('',(0.,-1.,0.));
#10392 = ORIENTED_EDGE('',*,*,#10284,.F.);
#10393 = ORIENTED_EDGE('',*,*,#10394,.F.);
#10394 = EDGE_CURVE('',#10365,#10285,#10395,.T.);
#10395 = LINE('',#10396,#10397);
#10396 = CARTESIAN_POINT('',(390.,220.,0.));
#10397 = VECTOR('',#10398,1.);
#10398 = DIRECTION('',(0.,-1.,0.));
#10399 = PLANE('',#10400);
#10400 = AXIS2_PLACEMENT_3D('',#10401,#10402,#10403);
#10401 = CARTESIAN_POINT('',(390.,220.,0.));
#10402 = DIRECTION('',(1.,0.,-0.));
#10403 = DIRECTION('',(0.,-1.,0.));
#10404 = ADVANCED_FACE('',(#10405),#10411,.F.);
#10405 = FACE_BOUND('',#10406,.F.);
#10406 = EDGE_LOOP('',(#10407,#10408,#10409,#10410));
#10407 = ORIENTED_EDGE('',*,*,#10310,.T.);
#10408 = ORIENTED_EDGE('',*,*,#10341,.T.);
#10409 = ORIENTED_EDGE('',*,*,#10372,.T.);
#10410 = ORIENTED_EDGE('',*,*,#10394,.T.);
#10411 = PLANE('',#10412);
#10412 = AXIS2_PLACEMENT_3D('',#10413,#10414,#10415);
#10413 = CARTESIAN_POINT('',(475.,145.,0.));
#10414 = DIRECTION('',(0.,0.,1.));
#10415 = DIRECTION('',(1.,0.,-0.));
#10416 = ADVANCED_FACE('',(#10417),#10423,.T.);
#10417 = FACE_BOUND('',#10418,.T.);
#10418 = EDGE_LOOP('',(#10419,#10420,#10421,#10422));
#10419 = ORIENTED_EDGE('',*,*,#10294,.T.);
#10420 = ORIENTED_EDGE('',*,*,#10325,.T.);
#10421 = ORIENTED_EDGE('',*,*,#10356,.T.);
#10422 = ORIENTED_EDGE('',*,*,#10387,.T.);
#10423 = PLANE('',#10424);
#10424 = AXIS2_PLACEMENT_3D('',#10425,#10426,#10427);
#10425 = CARTESIAN_POINT('',(475.,145.,20.));
#10426 = DIRECTION('',(0.,0.,1.));
#10427 = DIRECTION('',(1.,0.,-0.));
#10428 = ( GEOMETRIC_REPRESENTATION_CONTEXT(3) 
GLOBAL_UNCERTAINTY_ASSIGNED_CONTEXT((#10432)) 
GLOBAL_UNIT_ASSIGNED_CONTEXT((#10429,#10430,#10431)) 
REPRESENTATION_CONTEXT('Context #1',
  '3D Context with UNIT and UNCERTAINTY') );
#10429 = ( LENGTH_UNIT() NAMED_UNIT(*) SI_UNIT(.MILLI.,.METRE.) );
#10430 = ( NAMED_UNIT(*) PLANE_ANGLE_UNIT() SI_UNIT($,.RADIAN.) );
#10431 = ( NAMED_UNIT(*) SI_UNIT($,.STERADIAN.) SOLID_ANGLE_UNIT() );
#10432 = UNCERTAINTY_MEASURE_WITH_UNIT(LENGTH_MEASURE(1.E-07),#10429,
  'distance_accuracy_value','confusion accuracy');
#10433 = CONTEXT_DEPENDENT_SHAPE_REPRESENTATION(#10434,#10436);
#10434 = ( REPRESENTATION_RELATIONSHIP('','',#10277,#10) 
REPRESENTATION_RELATIONSHIP_WITH_TRANSFORMATION(#10435) 
SHAPE_REPRESENTATION_RELATIONSHIP() );
#10435 = ITEM_DEFINED_TRANSFORMATION('','',#11,#243);
#10436 = PRODUCT_DEFINITION_SHAPE('Placement','Placement of an item',
  #10437);
#10437 = NEXT_ASSEMBLY_USAGE_OCCURRENCE('58',
  'CAT-STARBOARD-BOTTOM-04 | BottomFlat | nominal plywood 20 mm','',#5,
  #10272,$);
#10438 = PRODUCT_RELATED_PRODUCT_CATEGORY('part',$,(#10274));
#10439 = SHAPE_DEFINITION_REPRESENTATION(#10440,#10446);
#10440 = PRODUCT_DEFINITION_SHAPE('','',#10441);
#10441 = PRODUCT_DEFINITION('design','',#10442,#10445);
#10442 = PRODUCT_DEFINITION_FORMATION('','',#10443);
#10443 = PRODUCT(
  'CAT-STARBOARD-CHINE-PORT-04 | ChinePort | nominal plywood 20 mm',
  'CAT-STARBOARD-CHINE-PORT-04 | ChinePort | nominal plywood 20 mm','',(
    #10444));
#10444 = PRODUCT_CONTEXT('',#2,'mechanical');
#10445 = PRODUCT_DEFINITION_CONTEXT('part definition',#2,'design');
#10446 = ADVANCED_BREP_SHAPE_REPRESENTATION('',(#11,#10447),#10597);
#10447 = MANIFOLD_SOLID_BREP('',#10448);
#10448 = CLOSED_SHELL('',(#10449,#10489,#10520,#10551,#10573,#10585));
#10449 = ADVANCED_FACE('',(#10450),#10484,.T.);
#10450 = FACE_BOUND('',#10451,.T.);
#10451 = EDGE_LOOP('',(#10452,#10462,#10470,#10478));
#10452 = ORIENTED_EDGE('',*,*,#10453,.T.);
#10453 = EDGE_CURVE('',#10454,#10456,#10458,.T.);
#10454 = VERTEX_POINT('',#10455);
#10455 = CARTESIAN_POINT('',(390.,70.,0.));
#10456 = VERTEX_POINT('',#10457);
#10457 = CARTESIAN_POINT('',(390.,75.17638090205,19.318516525781));
#10458 = LINE('',#10459,#10460);
#10459 = CARTESIAN_POINT('',(390.,70.,0.));
#10460 = VECTOR('',#10461,1.);
#10461 = DIRECTION('',(-0.,0.258819045103,0.965925826289));
#10462 = ORIENTED_EDGE('',*,*,#10463,.T.);
#10463 = EDGE_CURVE('',#10456,#10464,#10466,.T.);
#10464 = VERTEX_POINT('',#10465);
#10465 = CARTESIAN_POINT('',(560.,75.17638090205,19.318516525781));
#10466 = LINE('',#10467,#10468);
#10467 = CARTESIAN_POINT('',(390.,75.17638090205,19.318516525781));
#10468 = VECTOR('',#10469,1.);
#10469 = DIRECTION('',(1.,0.,0.));
#10470 = ORIENTED_EDGE('',*,*,#10471,.F.);
#10471 = EDGE_CURVE('',#10472,#10464,#10474,.T.);
#10472 = VERTEX_POINT('',#10473);
#10473 = CARTESIAN_POINT('',(560.,70.,0.));
#10474 = LINE('',#10475,#10476);
#10475 = CARTESIAN_POINT('',(560.,70.,0.));
#10476 = VECTOR('',#10477,1.);
#10477 = DIRECTION('',(-0.,0.258819045103,0.965925826289));
#10478 = ORIENTED_EDGE('',*,*,#10479,.F.);
#10479 = EDGE_CURVE('',#10454,#10472,#10480,.T.);
#10480 = LINE('',#10481,#10482);
#10481 = CARTESIAN_POINT('',(390.,70.,0.));
#10482 = VECTOR('',#10483,1.);
#10483 = DIRECTION('',(1.,0.,0.));
#10484 = PLANE('',#10485);
#10485 = AXIS2_PLACEMENT_3D('',#10486,#10487,#10488);
#10486 = CARTESIAN_POINT('',(390.,70.,0.));
#10487 = DIRECTION('',(0.,0.965925826289,-0.258819045103));
#10488 = DIRECTION('',(1.,0.,0.));
#10489 = ADVANCED_FACE('',(#10490),#10515,.T.);
#10490 = FACE_BOUND('',#10491,.T.);
#10491 = EDGE_LOOP('',(#10492,#10493,#10501,#10509));
#10492 = ORIENTED_EDGE('',*,*,#10471,.T.);
#10493 = ORIENTED_EDGE('',*,*,#10494,.T.);
#10494 = EDGE_CURVE('',#10464,#10495,#10497,.T.);
#10495 = VERTEX_POINT('',#10496);
#10496 = CARTESIAN_POINT('',(560.,20.17638090205,34.055722109493));
#10497 = LINE('',#10498,#10499);
#10498 = CARTESIAN_POINT('',(560.,75.17638090205,19.318516525781));
#10499 = VECTOR('',#10500,1.);
#10500 = DIRECTION('',(0.,-0.965925826289,0.258819045103));
#10501 = ORIENTED_EDGE('',*,*,#10502,.F.);
#10502 = EDGE_CURVE('',#10503,#10495,#10505,.T.);
#10503 = VERTEX_POINT('',#10504);
#10504 = CARTESIAN_POINT('',(560.,15.,14.737205583712));
#10505 = LINE('',#10506,#10507);
#10506 = CARTESIAN_POINT('',(560.,15.,14.737205583712));
#10507 = VECTOR('',#10508,1.);
#10508 = DIRECTION('',(-0.,0.258819045103,0.965925826289));
#10509 = ORIENTED_EDGE('',*,*,#10510,.F.);
#10510 = EDGE_CURVE('',#10472,#10503,#10511,.T.);
#10511 = LINE('',#10512,#10513);
#10512 = CARTESIAN_POINT('',(560.,70.,0.));
#10513 = VECTOR('',#10514,1.);
#10514 = DIRECTION('',(0.,-0.965925826289,0.258819045103));
#10515 = PLANE('',#10516);
#10516 = AXIS2_PLACEMENT_3D('',#10517,#10518,#10519);
#10517 = CARTESIAN_POINT('',(560.,70.,0.));
#10518 = DIRECTION('',(1.,0.,0.));
#10519 = DIRECTION('',(0.,-0.965925826289,0.258819045103));
#10520 = ADVANCED_FACE('',(#10521),#10546,.T.);
#10521 = FACE_BOUND('',#10522,.T.);
#10522 = EDGE_LOOP('',(#10523,#10524,#10532,#10540));
#10523 = ORIENTED_EDGE('',*,*,#10502,.T.);
#10524 = ORIENTED_EDGE('',*,*,#10525,.T.);
#10525 = EDGE_CURVE('',#10495,#10526,#10528,.T.);
#10526 = VERTEX_POINT('',#10527);
#10527 = CARTESIAN_POINT('',(390.,20.17638090205,34.055722109493));
#10528 = LINE('',#10529,#10530);
#10529 = CARTESIAN_POINT('',(560.,20.17638090205,34.055722109493));
#10530 = VECTOR('',#10531,1.);
#10531 = DIRECTION('',(-1.,0.,0.));
#10532 = ORIENTED_EDGE('',*,*,#10533,.F.);
#10533 = EDGE_CURVE('',#10534,#10526,#10536,.T.);
#10534 = VERTEX_POINT('',#10535);
#10535 = CARTESIAN_POINT('',(390.,15.,14.737205583712));
#10536 = LINE('',#10537,#10538);
#10537 = CARTESIAN_POINT('',(390.,15.,14.737205583712));
#10538 = VECTOR('',#10539,1.);
#10539 = DIRECTION('',(-0.,0.258819045103,0.965925826289));
#10540 = ORIENTED_EDGE('',*,*,#10541,.F.);
#10541 = EDGE_CURVE('',#10503,#10534,#10542,.T.);
#10542 = LINE('',#10543,#10544);
#10543 = CARTESIAN_POINT('',(560.,15.,14.737205583712));
#10544 = VECTOR('',#10545,1.);
#10545 = DIRECTION('',(-1.,0.,0.));
#10546 = PLANE('',#10547);
#10547 = AXIS2_PLACEMENT_3D('',#10548,#10549,#10550);
#10548 = CARTESIAN_POINT('',(560.,15.,14.737205583712));
#10549 = DIRECTION('',(0.,-0.965925826289,0.258819045103));
#10550 = DIRECTION('',(-1.,0.,0.));
#10551 = ADVANCED_FACE('',(#10552),#10568,.T.);
#10552 = FACE_BOUND('',#10553,.T.);
#10553 = EDGE_LOOP('',(#10554,#10555,#10561,#10562));
#10554 = ORIENTED_EDGE('',*,*,#10533,.T.);
#10555 = ORIENTED_EDGE('',*,*,#10556,.T.);
#10556 = EDGE_CURVE('',#10526,#10456,#10557,.T.);
#10557 = LINE('',#10558,#10559);
#10558 = CARTESIAN_POINT('',(390.,20.17638090205,34.055722109493));
#10559 = VECTOR('',#10560,1.);
#10560 = DIRECTION('',(0.,0.965925826289,-0.258819045103));
#10561 = ORIENTED_EDGE('',*,*,#10453,.F.);
#10562 = ORIENTED_EDGE('',*,*,#10563,.F.);
#10563 = EDGE_CURVE('',#10534,#10454,#10564,.T.);
#10564 = LINE('',#10565,#10566);
#10565 = CARTESIAN_POINT('',(390.,15.,14.737205583712));
#10566 = VECTOR('',#10567,1.);
#10567 = DIRECTION('',(0.,0.965925826289,-0.258819045103));
#10568 = PLANE('',#10569);
#10569 = AXIS2_PLACEMENT_3D('',#10570,#10571,#10572);
#10570 = CARTESIAN_POINT('',(390.,15.,14.737205583712));
#10571 = DIRECTION('',(-1.,0.,-0.));
#10572 = DIRECTION('',(0.,0.965925826289,-0.258819045103));
#10573 = ADVANCED_FACE('',(#10574),#10580,.T.);
#10574 = FACE_BOUND('',#10575,.T.);
#10575 = EDGE_LOOP('',(#10576,#10577,#10578,#10579));
#10576 = ORIENTED_EDGE('',*,*,#10479,.T.);
#10577 = ORIENTED_EDGE('',*,*,#10510,.T.);
#10578 = ORIENTED_EDGE('',*,*,#10541,.T.);
#10579 = ORIENTED_EDGE('',*,*,#10563,.T.);
#10580 = PLANE('',#10581);
#10581 = AXIS2_PLACEMENT_3D('',#10582,#10583,#10584);
#10582 = CARTESIAN_POINT('',(475.,42.5,7.368602791856));
#10583 = DIRECTION('',(-0.,-0.258819045103,-0.965925826289));
#10584 = DIRECTION('',(0.,-0.965925826289,0.258819045103));
#10585 = ADVANCED_FACE('',(#10586),#10592,.F.);
#10586 = FACE_BOUND('',#10587,.F.);
#10587 = EDGE_LOOP('',(#10588,#10589,#10590,#10591));
#10588 = ORIENTED_EDGE('',*,*,#10463,.T.);
#10589 = ORIENTED_EDGE('',*,*,#10494,.T.);
#10590 = ORIENTED_EDGE('',*,*,#10525,.T.);
#10591 = ORIENTED_EDGE('',*,*,#10556,.T.);
#10592 = PLANE('',#10593);
#10593 = AXIS2_PLACEMENT_3D('',#10594,#10595,#10596);
#10594 = CARTESIAN_POINT('',(475.,47.67638090205,26.687119317637));
#10595 = DIRECTION('',(-0.,-0.258819045103,-0.965925826289));
#10596 = DIRECTION('',(0.,-0.965925826289,0.258819045103));
#10597 = ( GEOMETRIC_REPRESENTATION_CONTEXT(3) 
GLOBAL_UNCERTAINTY_ASSIGNED_CONTEXT((#10601)) 
GLOBAL_UNIT_ASSIGNED_CONTEXT((#10598,#10599,#10600)) 
REPRESENTATION_CONTEXT('Context #1',
  '3D Context with UNIT and UNCERTAINTY') );
#10598 = ( LENGTH_UNIT() NAMED_UNIT(*) SI_UNIT(.MILLI.,.METRE.) );
#10599 = ( NAMED_UNIT(*) PLANE_ANGLE_UNIT() SI_UNIT($,.RADIAN.) );
#10600 = ( NAMED_UNIT(*) SI_UNIT($,.STERADIAN.) SOLID_ANGLE_UNIT() );
#10601 = UNCERTAINTY_MEASURE_WITH_UNIT(LENGTH_MEASURE(1.E-07),#10598,
  'distance_accuracy_value','confusion accuracy');
#10602 = CONTEXT_DEPENDENT_SHAPE_REPRESENTATION(#10603,#10605);
#10603 = ( REPRESENTATION_RELATIONSHIP('','',#10446,#10) 
REPRESENTATION_RELATIONSHIP_WITH_TRANSFORMATION(#10604) 
SHAPE_REPRESENTATION_RELATIONSHIP() );
#10604 = ITEM_DEFINED_TRANSFORMATION('','',#11,#247);
#10605 = PRODUCT_DEFINITION_SHAPE('Placement','Placement of an item',
  #10606);
#10606 = NEXT_ASSEMBLY_USAGE_OCCURRENCE('59',
  'CAT-STARBOARD-CHINE-PORT-04 | ChinePort | nominal plywood 20 mm','',
  #5,#10441,$);
#10607 = PRODUCT_RELATED_PRODUCT_CATEGORY('part',$,(#10443));
#10608 = SHAPE_DEFINITION_REPRESENTATION(#10609,#10615);
#10609 = PRODUCT_DEFINITION_SHAPE('','',#10610);
#10610 = PRODUCT_DEFINITION('design','',#10611,#10614);
#10611 = PRODUCT_DEFINITION_FORMATION('','',#10612);
#10612 = PRODUCT(
'CAT-STARBOARD-CHINE-STARBOARD-04 | ChineStarboard | nominal plywood 20 
mm',
'CAT-STARBOARD-CHINE-STARBOARD-04 | ChineStarboard | nominal plywood 20 
mm','',(#10613));
#10613 = PRODUCT_CONTEXT('',#2,'mechanical');
#10614 = PRODUCT_DEFINITION_CONTEXT('part definition',#2,'design');
#10615 = ADVANCED_BREP_SHAPE_REPRESENTATION('',(#11,#10616),#10766);
#10616 = MANIFOLD_SOLID_BREP('',#10617);
#10617 = CLOSED_SHELL('',(#10618,#10658,#10689,#10720,#10742,#10754));
#10618 = ADVANCED_FACE('',(#10619),#10653,.T.);
#10619 = FACE_BOUND('',#10620,.T.);
#10620 = EDGE_LOOP('',(#10621,#10631,#10639,#10647));
#10621 = ORIENTED_EDGE('',*,*,#10622,.T.);
#10622 = EDGE_CURVE('',#10623,#10625,#10627,.T.);
#10623 = VERTEX_POINT('',#10624);
#10624 = CARTESIAN_POINT('',(390.,220.,0.));
#10625 = VERTEX_POINT('',#10626);
#10626 = CARTESIAN_POINT('',(390.,214.82361909795,19.318516525781));
#10627 = LINE('',#10628,#10629);
#10628 = CARTESIAN_POINT('',(390.,220.,0.));
#10629 = VECTOR('',#10630,1.);
#10630 = DIRECTION('',(-0.,-0.258819045103,0.965925826289));
#10631 = ORIENTED_EDGE('',*,*,#10632,.T.);
#10632 = EDGE_CURVE('',#10625,#10633,#10635,.T.);
#10633 = VERTEX_POINT('',#10634);
#10634 = CARTESIAN_POINT('',(390.,269.82361909795,34.055722109493));
#10635 = LINE('',#10636,#10637);
#10636 = CARTESIAN_POINT('',(390.,214.82361909795,19.318516525781));
#10637 = VECTOR('',#10638,1.);
#10638 = DIRECTION('',(0.,0.965925826289,0.258819045103));
#10639 = ORIENTED_EDGE('',*,*,#10640,.F.);
#10640 = EDGE_CURVE('',#10641,#10633,#10643,.T.);
#10641 = VERTEX_POINT('',#10642);
#10642 = CARTESIAN_POINT('',(390.,275.,14.737205583712));
#10643 = LINE('',#10644,#10645);
#10644 = CARTESIAN_POINT('',(390.,275.,14.737205583712));
#10645 = VECTOR('',#10646,1.);
#10646 = DIRECTION('',(-0.,-0.258819045103,0.965925826289));
#10647 = ORIENTED_EDGE('',*,*,#10648,.F.);
#10648 = EDGE_CURVE('',#10623,#10641,#10649,.T.);
#10649 = LINE('',#10650,#10651);
#10650 = CARTESIAN_POINT('',(390.,220.,0.));
#10651 = VECTOR('',#10652,1.);
#10652 = DIRECTION('',(0.,0.965925826289,0.258819045103));
#10653 = PLANE('',#10654);
#10654 = AXIS2_PLACEMENT_3D('',#10655,#10656,#10657);
#10655 = CARTESIAN_POINT('',(390.,220.,0.));
#10656 = DIRECTION('',(-1.,0.,0.));
#10657 = DIRECTION('',(0.,0.965925826289,0.258819045103));
#10658 = ADVANCED_FACE('',(#10659),#10684,.T.);
#10659 = FACE_BOUND('',#10660,.T.);
#10660 = EDGE_LOOP('',(#10661,#10662,#10670,#10678));
#10661 = ORIENTED_EDGE('',*,*,#10640,.T.);
#10662 = ORIENTED_EDGE('',*,*,#10663,.T.);
#10663 = EDGE_CURVE('',#10633,#10664,#10666,.T.);
#10664 = VERTEX_POINT('',#10665);
#10665 = CARTESIAN_POINT('',(560.,269.82361909795,34.055722109493));
#10666 = LINE('',#10667,#10668);
#10667 = CARTESIAN_POINT('',(390.,269.82361909795,34.055722109493));
#10668 = VECTOR('',#10669,1.);
#10669 = DIRECTION('',(1.,0.,0.));
#10670 = ORIENTED_EDGE('',*,*,#10671,.F.);
#10671 = EDGE_CURVE('',#10672,#10664,#10674,.T.);
#10672 = VERTEX_POINT('',#10673);
#10673 = CARTESIAN_POINT('',(560.,275.,14.737205583712));
#10674 = LINE('',#10675,#10676);
#10675 = CARTESIAN_POINT('',(560.,275.,14.737205583712));
#10676 = VECTOR('',#10677,1.);
#10677 = DIRECTION('',(-0.,-0.258819045103,0.965925826289));
#10678 = ORIENTED_EDGE('',*,*,#10679,.F.);
#10679 = EDGE_CURVE('',#10641,#10672,#10680,.T.);
#10680 = LINE('',#10681,#10682);
#10681 = CARTESIAN_POINT('',(390.,275.,14.737205583712));
#10682 = VECTOR('',#10683,1.);
#10683 = DIRECTION('',(1.,0.,0.));
#10684 = PLANE('',#10685);
#10685 = AXIS2_PLACEMENT_3D('',#10686,#10687,#10688);
#10686 = CARTESIAN_POINT('',(390.,275.,14.737205583712));
#10687 = DIRECTION('',(-0.,0.965925826289,0.258819045103));
#10688 = DIRECTION('',(1.,0.,0.));
#10689 = ADVANCED_FACE('',(#10690),#10715,.T.);
#10690 = FACE_BOUND('',#10691,.T.);
#10691 = EDGE_LOOP('',(#10692,#10693,#10701,#10709));
#10692 = ORIENTED_EDGE('',*,*,#10671,.T.);
#10693 = ORIENTED_EDGE('',*,*,#10694,.T.);
#10694 = EDGE_CURVE('',#10664,#10695,#10697,.T.);
#10695 = VERTEX_POINT('',#10696);
#10696 = CARTESIAN_POINT('',(560.,214.82361909795,19.318516525781));
#10697 = LINE('',#10698,#10699);
#10698 = CARTESIAN_POINT('',(560.,269.82361909795,34.055722109493));
#10699 = VECTOR('',#10700,1.);
#10700 = DIRECTION('',(0.,-0.965925826289,-0.258819045103));
#10701 = ORIENTED_EDGE('',*,*,#10702,.F.);
#10702 = EDGE_CURVE('',#10703,#10695,#10705,.T.);
#10703 = VERTEX_POINT('',#10704);
#10704 = CARTESIAN_POINT('',(560.,220.,0.));
#10705 = LINE('',#10706,#10707);
#10706 = CARTESIAN_POINT('',(560.,220.,0.));
#10707 = VECTOR('',#10708,1.);
#10708 = DIRECTION('',(-0.,-0.258819045103,0.965925826289));
#10709 = ORIENTED_EDGE('',*,*,#10710,.F.);
#10710 = EDGE_CURVE('',#10672,#10703,#10711,.T.);
#10711 = LINE('',#10712,#10713);
#10712 = CARTESIAN_POINT('',(560.,275.,14.737205583712));
#10713 = VECTOR('',#10714,1.);
#10714 = DIRECTION('',(0.,-0.965925826289,-0.258819045103));
#10715 = PLANE('',#10716);
#10716 = AXIS2_PLACEMENT_3D('',#10717,#10718,#10719);
#10717 = CARTESIAN_POINT('',(560.,275.,14.737205583712));
#10718 = DIRECTION('',(1.,0.,0.));
#10719 = DIRECTION('',(0.,-0.965925826289,-0.258819045103));
#10720 = ADVANCED_FACE('',(#10721),#10737,.T.);
#10721 = FACE_BOUND('',#10722,.T.);
#10722 = EDGE_LOOP('',(#10723,#10724,#10730,#10731));
#10723 = ORIENTED_EDGE('',*,*,#10702,.T.);
#10724 = ORIENTED_EDGE('',*,*,#10725,.T.);
#10725 = EDGE_CURVE('',#10695,#10625,#10726,.T.);
#10726 = LINE('',#10727,#10728);
#10727 = CARTESIAN_POINT('',(560.,214.82361909795,19.318516525781));
#10728 = VECTOR('',#10729,1.);
#10729 = DIRECTION('',(-1.,0.,0.));
#10730 = ORIENTED_EDGE('',*,*,#10622,.F.);
#10731 = ORIENTED_EDGE('',*,*,#10732,.F.);
#10732 = EDGE_CURVE('',#10703,#10623,#10733,.T.);
#10733 = LINE('',#10734,#10735);
#10734 = CARTESIAN_POINT('',(560.,220.,0.));
#10735 = VECTOR('',#10736,1.);
#10736 = DIRECTION('',(-1.,0.,0.));
#10737 = PLANE('',#10738);
#10738 = AXIS2_PLACEMENT_3D('',#10739,#10740,#10741);
#10739 = CARTESIAN_POINT('',(560.,220.,0.));
#10740 = DIRECTION('',(-0.,-0.965925826289,-0.258819045103));
#10741 = DIRECTION('',(-1.,0.,0.));
#10742 = ADVANCED_FACE('',(#10743),#10749,.T.);
#10743 = FACE_BOUND('',#10744,.T.);
#10744 = EDGE_LOOP('',(#10745,#10746,#10747,#10748));
#10745 = ORIENTED_EDGE('',*,*,#10648,.T.);
#10746 = ORIENTED_EDGE('',*,*,#10679,.T.);
#10747 = ORIENTED_EDGE('',*,*,#10710,.T.);
#10748 = ORIENTED_EDGE('',*,*,#10732,.T.);
#10749 = PLANE('',#10750);
#10750 = AXIS2_PLACEMENT_3D('',#10751,#10752,#10753);
#10751 = CARTESIAN_POINT('',(475.,247.5,7.368602791856));
#10752 = DIRECTION('',(-0.,0.258819045103,-0.965925826289));
#10753 = DIRECTION('',(0.,-0.965925826289,-0.258819045103));
#10754 = ADVANCED_FACE('',(#10755),#10761,.F.);
#10755 = FACE_BOUND('',#10756,.F.);
#10756 = EDGE_LOOP('',(#10757,#10758,#10759,#10760));
#10757 = ORIENTED_EDGE('',*,*,#10632,.T.);
#10758 = ORIENTED_EDGE('',*,*,#10663,.T.);
#10759 = ORIENTED_EDGE('',*,*,#10694,.T.);
#10760 = ORIENTED_EDGE('',*,*,#10725,.T.);
#10761 = PLANE('',#10762);
#10762 = AXIS2_PLACEMENT_3D('',#10763,#10764,#10765);
#10763 = CARTESIAN_POINT('',(475.,242.32361909795,26.687119317637));
#10764 = DIRECTION('',(-0.,0.258819045103,-0.965925826289));
#10765 = DIRECTION('',(0.,-0.965925826289,-0.258819045103));
#10766 = ( GEOMETRIC_REPRESENTATION_CONTEXT(3) 
GLOBAL_UNCERTAINTY_ASSIGNED_CONTEXT((#10770)) 
GLOBAL_UNIT_ASSIGNED_CONTEXT((#10767,#10768,#10769)) 
REPRESENTATION_CONTEXT('Context #1',
  '3D Context with UNIT and UNCERTAINTY') );
#10767 = ( LENGTH_UNIT() NAMED_UNIT(*) SI_UNIT(.MILLI.,.METRE.) );
#10768 = ( NAMED_UNIT(*) PLANE_ANGLE_UNIT() SI_UNIT($,.RADIAN.) );
#10769 = ( NAMED_UNIT(*) SI_UNIT($,.STERADIAN.) SOLID_ANGLE_UNIT() );
#10770 = UNCERTAINTY_MEASURE_WITH_UNIT(LENGTH_MEASURE(1.E-07),#10767,
  'distance_accuracy_value','confusion accuracy');
#10771 = CONTEXT_DEPENDENT_SHAPE_REPRESENTATION(#10772,#10774);
#10772 = ( REPRESENTATION_RELATIONSHIP('','',#10615,#10) 
REPRESENTATION_RELATIONSHIP_WITH_TRANSFORMATION(#10773) 
SHAPE_REPRESENTATION_RELATIONSHIP() );
#10773 = ITEM_DEFINED_TRANSFORMATION('','',#11,#251);
#10774 = PRODUCT_DEFINITION_SHAPE('Placement','Placement of an item',
  #10775);
#10775 = NEXT_ASSEMBLY_USAGE_OCCURRENCE('60',
'CAT-STARBOARD-CHINE-STARBOARD-04 | ChineStarboard | nominal plywood 20 
mm','',#5,#10610,$);
#10776 = PRODUCT_RELATED_PRODUCT_CATEGORY('part',$,(#10612));
#10777 = SHAPE_DEFINITION_REPRESENTATION(#10778,#10784);
#10778 = PRODUCT_DEFINITION_SHAPE('','',#10779);
#10779 = PRODUCT_DEFINITION('design','',#10780,#10783);
#10780 = PRODUCT_DEFINITION_FORMATION('','',#10781);
#10781 = PRODUCT(
  'CAT-STARBOARD-SIDE-PORT-04 | SidePort | nominal plywood 20 mm',
  'CAT-STARBOARD-SIDE-PORT-04 | SidePort | nominal plywood 20 mm','',(
    #10782));
#10782 = PRODUCT_CONTEXT('',#2,'mechanical');
#10783 = PRODUCT_DEFINITION_CONTEXT('part definition',#2,'design');
#10784 = ADVANCED_BREP_SHAPE_REPRESENTATION('',(#11,#10785),#10935);
#10785 = MANIFOLD_SOLID_BREP('',#10786);
#10786 = CLOSED_SHELL('',(#10787,#10827,#10858,#10889,#10911,#10923));
#10787 = ADVANCED_FACE('',(#10788),#10822,.T.);
#10788 = FACE_BOUND('',#10789,.T.);
#10789 = EDGE_LOOP('',(#10790,#10800,#10808,#10816));
#10790 = ORIENTED_EDGE('',*,*,#10791,.T.);
#10791 = EDGE_CURVE('',#10792,#10794,#10796,.T.);
#10792 = VERTEX_POINT('',#10793);
#10793 = CARTESIAN_POINT('',(390.,15.,14.737205583712));
#10794 = VERTEX_POINT('',#10795);
#10795 = CARTESIAN_POINT('',(390.,35.,14.737205583712));
#10796 = LINE('',#10797,#10798);
#10797 = CARTESIAN_POINT('',(390.,15.,14.737205583712));
#10798 = VECTOR('',#10799,1.);
#10799 = DIRECTION('',(-0.,1.,-0.));
#10800 = ORIENTED_EDGE('',*,*,#10801,.T.);
#10801 = EDGE_CURVE('',#10794,#10802,#10804,.T.);
#10802 = VERTEX_POINT('',#10803);
#10803 = CARTESIAN_POINT('',(560.,35.,14.737205583712));
#10804 = LINE('',#10805,#10806);
#10805 = CARTESIAN_POINT('',(390.,35.,14.737205583712));
#10806 = VECTOR('',#10807,1.);
#10807 = DIRECTION('',(1.,0.,0.));
#10808 = ORIENTED_EDGE('',*,*,#10809,.F.);
#10809 = EDGE_CURVE('',#10810,#10802,#10812,.T.);
#10810 = VERTEX_POINT('',#10811);
#10811 = CARTESIAN_POINT('',(560.,15.,14.737205583712));
#10812 = LINE('',#10813,#10814);
#10813 = CARTESIAN_POINT('',(560.,15.,14.737205583712));
#10814 = VECTOR('',#10815,1.);
#10815 = DIRECTION('',(-0.,1.,-0.));
#10816 = ORIENTED_EDGE('',*,*,#10817,.F.);
#10817 = EDGE_CURVE('',#10792,#10810,#10818,.T.);
#10818 = LINE('',#10819,#10820);
#10819 = CARTESIAN_POINT('',(390.,15.,14.737205583712));
#10820 = VECTOR('',#10821,1.);
#10821 = DIRECTION('',(1.,0.,0.));
#10822 = PLANE('',#10823);
#10823 = AXIS2_PLACEMENT_3D('',#10824,#10825,#10826);
#10824 = CARTESIAN_POINT('',(390.,15.,14.737205583712));
#10825 = DIRECTION('',(0.,0.,-1.));
#10826 = DIRECTION('',(1.,0.,0.));
#10827 = ADVANCED_FACE('',(#10828),#10853,.T.);
#10828 = FACE_BOUND('',#10829,.T.);
#10829 = EDGE_LOOP('',(#10830,#10831,#10839,#10847));
#10830 = ORIENTED_EDGE('',*,*,#10809,.T.);
#10831 = ORIENTED_EDGE('',*,*,#10832,.T.);
#10832 = EDGE_CURVE('',#10802,#10833,#10835,.T.);
#10833 = VERTEX_POINT('',#10834);
#10834 = CARTESIAN_POINT('',(560.,35.,140.));
#10835 = LINE('',#10836,#10837);
#10836 = CARTESIAN_POINT('',(560.,35.,14.737205583712));
#10837 = VECTOR('',#10838,1.);
#10838 = DIRECTION('',(0.,0.,1.));
#10839 = ORIENTED_EDGE('',*,*,#10840,.F.);
#10840 = EDGE_CURVE('',#10841,#10833,#10843,.T.);
#10841 = VERTEX_POINT('',#10842);
#10842 = CARTESIAN_POINT('',(560.,15.,140.));
#10843 = LINE('',#10844,#10845);
#10844 = CARTESIAN_POINT('',(560.,15.,140.));
#10845 = VECTOR('',#10846,1.);
#10846 = DIRECTION('',(-0.,1.,-0.));
#10847 = ORIENTED_EDGE('',*,*,#10848,.F.);
#10848 = EDGE_CURVE('',#10810,#10841,#10849,.T.);
#10849 = LINE('',#10850,#10851);
#10850 = CARTESIAN_POINT('',(560.,15.,14.737205583712));
#10851 = VECTOR('',#10852,1.);
#10852 = DIRECTION('',(0.,0.,1.));
#10853 = PLANE('',#10854);
#10854 = AXIS2_PLACEMENT_3D('',#10855,#10856,#10857);
#10855 = CARTESIAN_POINT('',(560.,15.,14.737205583712));
#10856 = DIRECTION('',(1.,0.,-0.));
#10857 = DIRECTION('',(0.,0.,1.));
#10858 = ADVANCED_FACE('',(#10859),#10884,.T.);
#10859 = FACE_BOUND('',#10860,.T.);
#10860 = EDGE_LOOP('',(#10861,#10862,#10870,#10878));
#10861 = ORIENTED_EDGE('',*,*,#10840,.T.);
#10862 = ORIENTED_EDGE('',*,*,#10863,.T.);
#10863 = EDGE_CURVE('',#10833,#10864,#10866,.T.);
#10864 = VERTEX_POINT('',#10865);
#10865 = CARTESIAN_POINT('',(390.,35.,140.));
#10866 = LINE('',#10867,#10868);
#10867 = CARTESIAN_POINT('',(560.,35.,140.));
#10868 = VECTOR('',#10869,1.);
#10869 = DIRECTION('',(-1.,0.,0.));
#10870 = ORIENTED_EDGE('',*,*,#10871,.F.);
#10871 = EDGE_CURVE('',#10872,#10864,#10874,.T.);
#10872 = VERTEX_POINT('',#10873);
#10873 = CARTESIAN_POINT('',(390.,15.,140.));
#10874 = LINE('',#10875,#10876);
#10875 = CARTESIAN_POINT('',(390.,15.,140.));
#10876 = VECTOR('',#10877,1.);
#10877 = DIRECTION('',(-0.,1.,-0.));
#10878 = ORIENTED_EDGE('',*,*,#10879,.F.);
#10879 = EDGE_CURVE('',#10841,#10872,#10880,.T.);
#10880 = LINE('',#10881,#10882);
#10881 = CARTESIAN_POINT('',(560.,15.,140.));
#10882 = VECTOR('',#10883,1.);
#10883 = DIRECTION('',(-1.,0.,0.));
#10884 = PLANE('',#10885);
#10885 = AXIS2_PLACEMENT_3D('',#10886,#10887,#10888);
#10886 = CARTESIAN_POINT('',(560.,15.,140.));
#10887 = DIRECTION('',(0.,0.,1.));
#10888 = DIRECTION('',(-1.,0.,0.));
#10889 = ADVANCED_FACE('',(#10890),#10906,.T.);
#10890 = FACE_BOUND('',#10891,.T.);
#10891 = EDGE_LOOP('',(#10892,#10893,#10899,#10900));
#10892 = ORIENTED_EDGE('',*,*,#10871,.T.);
#10893 = ORIENTED_EDGE('',*,*,#10894,.T.);
#10894 = EDGE_CURVE('',#10864,#10794,#10895,.T.);
#10895 = LINE('',#10896,#10897);
#10896 = CARTESIAN_POINT('',(390.,35.,140.));
#10897 = VECTOR('',#10898,1.);
#10898 = DIRECTION('',(0.,0.,-1.));
#10899 = ORIENTED_EDGE('',*,*,#10791,.F.);
#10900 = ORIENTED_EDGE('',*,*,#10901,.F.);
#10901 = EDGE_CURVE('',#10872,#10792,#10902,.T.);
#10902 = LINE('',#10903,#10904);
#10903 = CARTESIAN_POINT('',(390.,15.,140.));
#10904 = VECTOR('',#10905,1.);
#10905 = DIRECTION('',(0.,0.,-1.));
#10906 = PLANE('',#10907);
#10907 = AXIS2_PLACEMENT_3D('',#10908,#10909,#10910);
#10908 = CARTESIAN_POINT('',(390.,15.,140.));
#10909 = DIRECTION('',(-1.,-0.,-0.));
#10910 = DIRECTION('',(0.,0.,-1.));
#10911 = ADVANCED_FACE('',(#10912),#10918,.T.);
#10912 = FACE_BOUND('',#10913,.T.);
#10913 = EDGE_LOOP('',(#10914,#10915,#10916,#10917));
#10914 = ORIENTED_EDGE('',*,*,#10817,.T.);
#10915 = ORIENTED_EDGE('',*,*,#10848,.T.);
#10916 = ORIENTED_EDGE('',*,*,#10879,.T.);
#10917 = ORIENTED_EDGE('',*,*,#10901,.T.);
#10918 = PLANE('',#10919);
#10919 = AXIS2_PLACEMENT_3D('',#10920,#10921,#10922);
#10920 = CARTESIAN_POINT('',(475.,15.,77.368602791856));
#10921 = DIRECTION('',(-0.,-1.,-0.));
#10922 = DIRECTION('',(0.,0.,-1.));
#10923 = ADVANCED_FACE('',(#10924),#10930,.F.);
#10924 = FACE_BOUND('',#10925,.F.);
#10925 = EDGE_LOOP('',(#10926,#10927,#10928,#10929));
#10926 = ORIENTED_EDGE('',*,*,#10801,.T.);
#10927 = ORIENTED_EDGE('',*,*,#10832,.T.);
#10928 = ORIENTED_EDGE('',*,*,#10863,.T.);
#10929 = ORIENTED_EDGE('',*,*,#10894,.T.);
#10930 = PLANE('',#10931);
#10931 = AXIS2_PLACEMENT_3D('',#10932,#10933,#10934);
#10932 = CARTESIAN_POINT('',(475.,35.,77.368602791856));
#10933 = DIRECTION('',(-0.,-1.,-0.));
#10934 = DIRECTION('',(0.,0.,-1.));
#10935 = ( GEOMETRIC_REPRESENTATION_CONTEXT(3) 
GLOBAL_UNCERTAINTY_ASSIGNED_CONTEXT((#10939)) 
GLOBAL_UNIT_ASSIGNED_CONTEXT((#10936,#10937,#10938)) 
REPRESENTATION_CONTEXT('Context #1',
  '3D Context with UNIT and UNCERTAINTY') );
#10936 = ( LENGTH_UNIT() NAMED_UNIT(*) SI_UNIT(.MILLI.,.METRE.) );
#10937 = ( NAMED_UNIT(*) PLANE_ANGLE_UNIT() SI_UNIT($,.RADIAN.) );
#10938 = ( NAMED_UNIT(*) SI_UNIT($,.STERADIAN.) SOLID_ANGLE_UNIT() );
#10939 = UNCERTAINTY_MEASURE_WITH_UNIT(LENGTH_MEASURE(1.E-07),#10936,
  'distance_accuracy_value','confusion accuracy');
#10940 = CONTEXT_DEPENDENT_SHAPE_REPRESENTATION(#10941,#10943);
#10941 = ( REPRESENTATION_RELATIONSHIP('','',#10784,#10) 
REPRESENTATION_RELATIONSHIP_WITH_TRANSFORMATION(#10942) 
SHAPE_REPRESENTATION_RELATIONSHIP() );
#10942 = ITEM_DEFINED_TRANSFORMATION('','',#11,#255);
#10943 = PRODUCT_DEFINITION_SHAPE('Placement','Placement of an item',
  #10944);
#10944 = NEXT_ASSEMBLY_USAGE_OCCURRENCE('61',
  'CAT-STARBOARD-SIDE-PORT-04 | SidePort | nominal plywood 20 mm','',#5,
  #10779,$);
#10945 = PRODUCT_RELATED_PRODUCT_CATEGORY('part',$,(#10781));
#10946 = SHAPE_DEFINITION_REPRESENTATION(#10947,#10953);
#10947 = PRODUCT_DEFINITION_SHAPE('','',#10948);
#10948 = PRODUCT_DEFINITION('design','',#10949,#10952);
#10949 = PRODUCT_DEFINITION_FORMATION('','',#10950);
#10950 = PRODUCT(
'CAT-STARBOARD-SIDE-STARBOARD-04 | SideStarboard | nominal plywood 20 
mm',
'CAT-STARBOARD-SIDE-STARBOARD-04 | SideStarboard | nominal plywood 20 
mm','',(#10951));
#10951 = PRODUCT_CONTEXT('',#2,'mechanical');
#10952 = PRODUCT_DEFINITION_CONTEXT('part definition',#2,'design');
#10953 = ADVANCED_BREP_SHAPE_REPRESENTATION('',(#11,#10954),#11104);
#10954 = MANIFOLD_SOLID_BREP('',#10955);
#10955 = CLOSED_SHELL('',(#10956,#10996,#11027,#11058,#11080,#11092));
#10956 = ADVANCED_FACE('',(#10957),#10991,.T.);
#10957 = FACE_BOUND('',#10958,.T.);
#10958 = EDGE_LOOP('',(#10959,#10969,#10977,#10985));
#10959 = ORIENTED_EDGE('',*,*,#10960,.T.);
#10960 = EDGE_CURVE('',#10961,#10963,#10965,.T.);
#10961 = VERTEX_POINT('',#10962);
#10962 = CARTESIAN_POINT('',(390.,275.,14.737205583712));
#10963 = VERTEX_POINT('',#10964);
#10964 = CARTESIAN_POINT('',(390.,255.,14.737205583712));
#10965 = LINE('',#10966,#10967);
#10966 = CARTESIAN_POINT('',(390.,275.,14.737205583712));
#10967 = VECTOR('',#10968,1.);
#10968 = DIRECTION('',(-0.,-1.,-0.));
#10969 = ORIENTED_EDGE('',*,*,#10970,.T.);
#10970 = EDGE_CURVE('',#10963,#10971,#10973,.T.);
#10971 = VERTEX_POINT('',#10972);
#10972 = CARTESIAN_POINT('',(390.,255.,140.));
#10973 = LINE('',#10974,#10975);
#10974 = CARTESIAN_POINT('',(390.,255.,14.737205583712));
#10975 = VECTOR('',#10976,1.);
#10976 = DIRECTION('',(0.,0.,1.));
#10977 = ORIENTED_EDGE('',*,*,#10978,.F.);
#10978 = EDGE_CURVE('',#10979,#10971,#10981,.T.);
#10979 = VERTEX_POINT('',#10980);
#10980 = CARTESIAN_POINT('',(390.,275.,140.));
#10981 = LINE('',#10982,#10983);
#10982 = CARTESIAN_POINT('',(390.,275.,140.));
#10983 = VECTOR('',#10984,1.);
#10984 = DIRECTION('',(-0.,-1.,-0.));
#10985 = ORIENTED_EDGE('',*,*,#10986,.F.);
#10986 = EDGE_CURVE('',#10961,#10979,#10987,.T.);
#10987 = LINE('',#10988,#10989);
#10988 = CARTESIAN_POINT('',(390.,275.,14.737205583712));
#10989 = VECTOR('',#10990,1.);
#10990 = DIRECTION('',(0.,0.,1.));
#10991 = PLANE('',#10992);
#10992 = AXIS2_PLACEMENT_3D('',#10993,#10994,#10995);
#10993 = CARTESIAN_POINT('',(390.,275.,14.737205583712));
#10994 = DIRECTION('',(-1.,0.,0.));
#10995 = DIRECTION('',(0.,0.,1.));
#10996 = ADVANCED_FACE('',(#10997),#11022,.T.);
#10997 = FACE_BOUND('',#10998,.T.);
#10998 = EDGE_LOOP('',(#10999,#11000,#11008,#11016));
#10999 = ORIENTED_EDGE('',*,*,#10978,.T.);
#11000 = ORIENTED_EDGE('',*,*,#11001,.T.);
#11001 = EDGE_CURVE('',#10971,#11002,#11004,.T.);
#11002 = VERTEX_POINT('',#11003);
#11003 = CARTESIAN_POINT('',(560.,255.,140.));
#11004 = LINE('',#11005,#11006);
#11005 = CARTESIAN_POINT('',(390.,255.,140.));
#11006 = VECTOR('',#11007,1.);
#11007 = DIRECTION('',(1.,0.,0.));
#11008 = ORIENTED_EDGE('',*,*,#11009,.F.);
#11009 = EDGE_CURVE('',#11010,#11002,#11012,.T.);
#11010 = VERTEX_POINT('',#11011);
#11011 = CARTESIAN_POINT('',(560.,275.,140.));
#11012 = LINE('',#11013,#11014);
#11013 = CARTESIAN_POINT('',(560.,275.,140.));
#11014 = VECTOR('',#11015,1.);
#11015 = DIRECTION('',(-0.,-1.,-0.));
#11016 = ORIENTED_EDGE('',*,*,#11017,.F.);
#11017 = EDGE_CURVE('',#10979,#11010,#11018,.T.);
#11018 = LINE('',#11019,#11020);
#11019 = CARTESIAN_POINT('',(390.,275.,140.));
#11020 = VECTOR('',#11021,1.);
#11021 = DIRECTION('',(1.,0.,0.));
#11022 = PLANE('',#11023);
#11023 = AXIS2_PLACEMENT_3D('',#11024,#11025,#11026);
#11024 = CARTESIAN_POINT('',(390.,275.,140.));
#11025 = DIRECTION('',(0.,0.,1.));
#11026 = DIRECTION('',(1.,0.,-0.));
#11027 = ADVANCED_FACE('',(#11028),#11053,.T.);
#11028 = FACE_BOUND('',#11029,.T.);
#11029 = EDGE_LOOP('',(#11030,#11031,#11039,#11047));
#11030 = ORIENTED_EDGE('',*,*,#11009,.T.);
#11031 = ORIENTED_EDGE('',*,*,#11032,.T.);
#11032 = EDGE_CURVE('',#11002,#11033,#11035,.T.);
#11033 = VERTEX_POINT('',#11034);
#11034 = CARTESIAN_POINT('',(560.,255.,14.737205583712));
#11035 = LINE('',#11036,#11037);
#11036 = CARTESIAN_POINT('',(560.,255.,140.));
#11037 = VECTOR('',#11038,1.);
#11038 = DIRECTION('',(0.,0.,-1.));
#11039 = ORIENTED_EDGE('',*,*,#11040,.F.);
#11040 = EDGE_CURVE('',#11041,#11033,#11043,.T.);
#11041 = VERTEX_POINT('',#11042);
#11042 = CARTESIAN_POINT('',(560.,275.,14.737205583712));
#11043 = LINE('',#11044,#11045);
#11044 = CARTESIAN_POINT('',(560.,275.,14.737205583712));
#11045 = VECTOR('',#11046,1.);
#11046 = DIRECTION('',(-0.,-1.,-0.));
#11047 = ORIENTED_EDGE('',*,*,#11048,.F.);
#11048 = EDGE_CURVE('',#11010,#11041,#11049,.T.);
#11049 = LINE('',#11050,#11051);
#11050 = CARTESIAN_POINT('',(560.,275.,140.));
#11051 = VECTOR('',#11052,1.);
#11052 = DIRECTION('',(0.,0.,-1.));
#11053 = PLANE('',#11054);
#11054 = AXIS2_PLACEMENT_3D('',#11055,#11056,#11057);
#11055 = CARTESIAN_POINT('',(560.,275.,140.));
#11056 = DIRECTION('',(1.,-0.,0.));
#11057 = DIRECTION('',(0.,0.,-1.));
#11058 = ADVANCED_FACE('',(#11059),#11075,.T.);
#11059 = FACE_BOUND('',#11060,.T.);
#11060 = EDGE_LOOP('',(#11061,#11062,#11068,#11069));
#11061 = ORIENTED_EDGE('',*,*,#11040,.T.);
#11062 = ORIENTED_EDGE('',*,*,#11063,.T.);
#11063 = EDGE_CURVE('',#11033,#10963,#11064,.T.);
#11064 = LINE('',#11065,#11066);
#11065 = CARTESIAN_POINT('',(560.,255.,14.737205583712));
#11066 = VECTOR('',#11067,1.);
#11067 = DIRECTION('',(-1.,0.,0.));
#11068 = ORIENTED_EDGE('',*,*,#10960,.F.);
#11069 = ORIENTED_EDGE('',*,*,#11070,.F.);
#11070 = EDGE_CURVE('',#11041,#10961,#11071,.T.);
#11071 = LINE('',#11072,#11073);
#11072 = CARTESIAN_POINT('',(560.,275.,14.737205583712));
#11073 = VECTOR('',#11074,1.);
#11074 = DIRECTION('',(-1.,0.,0.));
#11075 = PLANE('',#11076);
#11076 = AXIS2_PLACEMENT_3D('',#11077,#11078,#11079);
#11077 = CARTESIAN_POINT('',(560.,275.,14.737205583712));
#11078 = DIRECTION('',(0.,0.,-1.));
#11079 = DIRECTION('',(-1.,0.,0.));
#11080 = ADVANCED_FACE('',(#11081),#11087,.T.);
#11081 = FACE_BOUND('',#11082,.T.);
#11082 = EDGE_LOOP('',(#11083,#11084,#11085,#11086));
#11083 = ORIENTED_EDGE('',*,*,#10986,.T.);
#11084 = ORIENTED_EDGE('',*,*,#11017,.T.);
#11085 = ORIENTED_EDGE('',*,*,#11048,.T.);
#11086 = ORIENTED_EDGE('',*,*,#11070,.T.);
#11087 = PLANE('',#11088);
#11088 = AXIS2_PLACEMENT_3D('',#11089,#11090,#11091);
#11089 = CARTESIAN_POINT('',(475.,275.,77.368602791856));
#11090 = DIRECTION('',(0.,1.,0.));
#11091 = DIRECTION('',(0.,-0.,1.));
#11092 = ADVANCED_FACE('',(#11093),#11099,.F.);
#11093 = FACE_BOUND('',#11094,.F.);
#11094 = EDGE_LOOP('',(#11095,#11096,#11097,#11098));
#11095 = ORIENTED_EDGE('',*,*,#10970,.T.);
#11096 = ORIENTED_EDGE('',*,*,#11001,.T.);
#11097 = ORIENTED_EDGE('',*,*,#11032,.T.);
#11098 = ORIENTED_EDGE('',*,*,#11063,.T.);
#11099 = PLANE('',#11100);
#11100 = AXIS2_PLACEMENT_3D('',#11101,#11102,#11103);
#11101 = CARTESIAN_POINT('',(475.,255.,77.368602791856));
#11102 = DIRECTION('',(0.,1.,0.));
#11103 = DIRECTION('',(0.,-0.,1.));
#11104 = ( GEOMETRIC_REPRESENTATION_CONTEXT(3) 
GLOBAL_UNCERTAINTY_ASSIGNED_CONTEXT((#11108)) 
GLOBAL_UNIT_ASSIGNED_CONTEXT((#11105,#11106,#11107)) 
REPRESENTATION_CONTEXT('Context #1',
  '3D Context with UNIT and UNCERTAINTY') );
#11105 = ( LENGTH_UNIT() NAMED_UNIT(*) SI_UNIT(.MILLI.,.METRE.) );
#11106 = ( NAMED_UNIT(*) PLANE_ANGLE_UNIT() SI_UNIT($,.RADIAN.) );
#11107 = ( NAMED_UNIT(*) SI_UNIT($,.STERADIAN.) SOLID_ANGLE_UNIT() );
#11108 = UNCERTAINTY_MEASURE_WITH_UNIT(LENGTH_MEASURE(1.E-07),#11105,
  'distance_accuracy_value','confusion accuracy');
#11109 = CONTEXT_DEPENDENT_SHAPE_REPRESENTATION(#11110,#11112);
#11110 = ( REPRESENTATION_RELATIONSHIP('','',#10953,#10) 
REPRESENTATION_RELATIONSHIP_WITH_TRANSFORMATION(#11111) 
SHAPE_REPRESENTATION_RELATIONSHIP() );
#11111 = ITEM_DEFINED_TRANSFORMATION('','',#11,#259);
#11112 = PRODUCT_DEFINITION_SHAPE('Placement','Placement of an item',
  #11113);
#11113 = NEXT_ASSEMBLY_USAGE_OCCURRENCE('62',
'CAT-STARBOARD-SIDE-STARBOARD-04 | SideStarboard | nominal plywood 20 
mm','',#5,#10948,$);
#11114 = PRODUCT_RELATED_PRODUCT_CATEGORY('part',$,(#10950));
#11115 = SHAPE_DEFINITION_REPRESENTATION(#11116,#11122);
#11116 = PRODUCT_DEFINITION_SHAPE('','',#11117);
#11117 = PRODUCT_DEFINITION('design','',#11118,#11121);
#11118 = PRODUCT_DEFINITION_FORMATION('','',#11119);
#11119 = PRODUCT(
  'CAT-STARBOARD-BOTTOM-05 | BottomFlat | nominal plywood 20 mm',
  'CAT-STARBOARD-BOTTOM-05 | BottomFlat | nominal plywood 20 mm','',(
    #11120));
#11120 = PRODUCT_CONTEXT('',#2,'mechanical');
#11121 = PRODUCT_DEFINITION_CONTEXT('part definition',#2,'design');
#11122 = ADVANCED_BREP_SHAPE_REPRESENTATION('',(#11,#11123),#11273);
#11123 = MANIFOLD_SOLID_BREP('',#11124);
#11124 = CLOSED_SHELL('',(#11125,#11165,#11196,#11227,#11249,#11261));
#11125 = ADVANCED_FACE('',(#11126),#11160,.F.);
#11126 = FACE_BOUND('',#11127,.F.);
#11127 = EDGE_LOOP('',(#11128,#11138,#11146,#11154));
#11128 = ORIENTED_EDGE('',*,*,#11129,.T.);
#11129 = EDGE_CURVE('',#11130,#11132,#11134,.T.);
#11130 = VERTEX_POINT('',#11131);
#11131 = CARTESIAN_POINT('',(560.,70.,0.));
#11132 = VERTEX_POINT('',#11133);
#11133 = CARTESIAN_POINT('',(560.,70.,20.));
#11134 = LINE('',#11135,#11136);
#11135 = CARTESIAN_POINT('',(560.,70.,0.));
#11136 = VECTOR('',#11137,1.);
#11137 = DIRECTION('',(0.,0.,1.));
#11138 = ORIENTED_EDGE('',*,*,#11139,.T.);
#11139 = EDGE_CURVE('',#11132,#11140,#11142,.T.);
#11140 = VERTEX_POINT('',#11141);
#11141 = CARTESIAN_POINT('',(730.,99.545454545455,20.));
#11142 = LINE('',#11143,#11144);
#11143 = CARTESIAN_POINT('',(560.,70.,20.));
#11144 = VECTOR('',#11145,1.);
#11145 = DIRECTION('',(0.985231082916,0.171230001042,0.));
#11146 = ORIENTED_EDGE('',*,*,#11147,.F.);
#11147 = EDGE_CURVE('',#11148,#11140,#11150,.T.);
#11148 = VERTEX_POINT('',#11149);
#11149 = CARTESIAN_POINT('',(730.,99.545454545455,0.));
#11150 = LINE('',#11151,#11152);
#11151 = CARTESIAN_POINT('',(730.,99.545454545455,0.));
#11152 = VECTOR('',#11153,1.);
#11153 = DIRECTION('',(0.,0.,1.));
#11154 = ORIENTED_EDGE('',*,*,#11155,.F.);
#11155 = EDGE_CURVE('',#11130,#11148,#11156,.T.);
#11156 = LINE('',#11157,#11158);
#11157 = CARTESIAN_POINT('',(560.,70.,0.));
#11158 = VECTOR('',#11159,1.);
#11159 = DIRECTION('',(0.985231082916,0.171230001042,0.));
#11160 = PLANE('',#11161);
#11161 = AXIS2_PLACEMENT_3D('',#11162,#11163,#11164);
#11162 = CARTESIAN_POINT('',(560.,70.,0.));
#11163 = DIRECTION('',(-0.171230001042,0.985231082916,0.));
#11164 = DIRECTION('',(0.985231082916,0.171230001042,0.));
#11165 = ADVANCED_FACE('',(#11166),#11191,.F.);
#11166 = FACE_BOUND('',#11167,.F.);
#11167 = EDGE_LOOP('',(#11168,#11169,#11177,#11185));
#11168 = ORIENTED_EDGE('',*,*,#11147,.T.);
#11169 = ORIENTED_EDGE('',*,*,#11170,.T.);
#11170 = EDGE_CURVE('',#11140,#11171,#11173,.T.);
#11171 = VERTEX_POINT('',#11172);
#11172 = CARTESIAN_POINT('',(730.,190.45454545454,20.));
#11173 = LINE('',#11174,#11175);
#11174 = CARTESIAN_POINT('',(730.,99.545454545455,20.));
#11175 = VECTOR('',#11176,1.);
#11176 = DIRECTION('',(0.,1.,0.));
#11177 = ORIENTED_EDGE('',*,*,#11178,.F.);
#11178 = EDGE_CURVE('',#11179,#11171,#11181,.T.);
#11179 = VERTEX_POINT('',#11180);
#11180 = CARTESIAN_POINT('',(730.,190.45454545454,0.));
#11181 = LINE('',#11182,#11183);
#11182 = CARTESIAN_POINT('',(730.,190.45454545454,0.));
#11183 = VECTOR('',#11184,1.);
#11184 = DIRECTION('',(0.,0.,1.));
#11185 = ORIENTED_EDGE('',*,*,#11186,.F.);
#11186 = EDGE_CURVE('',#11148,#11179,#11187,.T.);
#11187 = LINE('',#11188,#11189);
#11188 = CARTESIAN_POINT('',(730.,99.545454545455,0.));
#11189 = VECTOR('',#11190,1.);
#11190 = DIRECTION('',(0.,1.,0.));
#11191 = PLANE('',#11192);
#11192 = AXIS2_PLACEMENT_3D('',#11193,#11194,#11195);
#11193 = CARTESIAN_POINT('',(730.,99.545454545455,0.));
#11194 = DIRECTION('',(-1.,0.,0.));
#11195 = DIRECTION('',(0.,1.,0.));
#11196 = ADVANCED_FACE('',(#11197),#11222,.F.);
#11197 = FACE_BOUND('',#11198,.F.);
#11198 = EDGE_LOOP('',(#11199,#11200,#11208,#11216));
#11199 = ORIENTED_EDGE('',*,*,#11178,.T.);
#11200 = ORIENTED_EDGE('',*,*,#11201,.T.);
#11201 = EDGE_CURVE('',#11171,#11202,#11204,.T.);
#11202 = VERTEX_POINT('',#11203);
#11203 = CARTESIAN_POINT('',(560.,220.,20.));
#11204 = LINE('',#11205,#11206);
#11205 = CARTESIAN_POINT('',(730.,190.45454545454,20.));
#11206 = VECTOR('',#11207,1.);
#11207 = DIRECTION('',(-0.985231082916,0.171230001042,0.));
#11208 = ORIENTED_EDGE('',*,*,#11209,.F.);
#11209 = EDGE_CURVE('',#11210,#11202,#11212,.T.);
#11210 = VERTEX_POINT('',#11211);
#11211 = CARTESIAN_POINT('',(560.,220.,0.));
#11212 = LINE('',#11213,#11214);
#11213 = CARTESIAN_POINT('',(560.,220.,0.));
#11214 = VECTOR('',#11215,1.);
#11215 = DIRECTION('',(0.,0.,1.));
#11216 = ORIENTED_EDGE('',*,*,#11217,.F.);
#11217 = EDGE_CURVE('',#11179,#11210,#11218,.T.);
#11218 = LINE('',#11219,#11220);
#11219 = CARTESIAN_POINT('',(730.,190.45454545454,0.));
#11220 = VECTOR('',#11221,1.);
#11221 = DIRECTION('',(-0.985231082916,0.171230001042,0.));
#11222 = PLANE('',#11223);
#11223 = AXIS2_PLACEMENT_3D('',#11224,#11225,#11226);
#11224 = CARTESIAN_POINT('',(730.,190.45454545454,0.));
#11225 = DIRECTION('',(-0.171230001042,-0.985231082916,0.));
#11226 = DIRECTION('',(-0.985231082916,0.171230001042,0.));
#11227 = ADVANCED_FACE('',(#11228),#11244,.F.);
#11228 = FACE_BOUND('',#11229,.F.);
#11229 = EDGE_LOOP('',(#11230,#11231,#11237,#11238));
#11230 = ORIENTED_EDGE('',*,*,#11209,.T.);
#11231 = ORIENTED_EDGE('',*,*,#11232,.T.);
#11232 = EDGE_CURVE('',#11202,#11132,#11233,.T.);
#11233 = LINE('',#11234,#11235);
#11234 = CARTESIAN_POINT('',(560.,220.,20.));
#11235 = VECTOR('',#11236,1.);
#11236 = DIRECTION('',(0.,-1.,0.));
#11237 = ORIENTED_EDGE('',*,*,#11129,.F.);
#11238 = ORIENTED_EDGE('',*,*,#11239,.F.);
#11239 = EDGE_CURVE('',#11210,#11130,#11240,.T.);
#11240 = LINE('',#11241,#11242);
#11241 = CARTESIAN_POINT('',(560.,220.,0.));
#11242 = VECTOR('',#11243,1.);
#11243 = DIRECTION('',(0.,-1.,0.));
#11244 = PLANE('',#11245);
#11245 = AXIS2_PLACEMENT_3D('',#11246,#11247,#11248);
#11246 = CARTESIAN_POINT('',(560.,220.,0.));
#11247 = DIRECTION('',(1.,0.,-0.));
#11248 = DIRECTION('',(0.,-1.,0.));
#11249 = ADVANCED_FACE('',(#11250),#11256,.F.);
#11250 = FACE_BOUND('',#11251,.F.);
#11251 = EDGE_LOOP('',(#11252,#11253,#11254,#11255));
#11252 = ORIENTED_EDGE('',*,*,#11155,.T.);
#11253 = ORIENTED_EDGE('',*,*,#11186,.T.);
#11254 = ORIENTED_EDGE('',*,*,#11217,.T.);
#11255 = ORIENTED_EDGE('',*,*,#11239,.T.);
#11256 = PLANE('',#11257);
#11257 = AXIS2_PLACEMENT_3D('',#11258,#11259,#11260);
#11258 = CARTESIAN_POINT('',(636.42887781814,145.,0.));
#11259 = DIRECTION('',(0.,0.,1.));
#11260 = DIRECTION('',(1.,0.,-0.));
#11261 = ADVANCED_FACE('',(#11262),#11268,.T.);
#11262 = FACE_BOUND('',#11263,.T.);
#11263 = EDGE_LOOP('',(#11264,#11265,#11266,#11267));
#11264 = ORIENTED_EDGE('',*,*,#11139,.T.);
#11265 = ORIENTED_EDGE('',*,*,#11170,.T.);
#11266 = ORIENTED_EDGE('',*,*,#11201,.T.);
#11267 = ORIENTED_EDGE('',*,*,#11232,.T.);
#11268 = PLANE('',#11269);
#11269 = AXIS2_PLACEMENT_3D('',#11270,#11271,#11272);
#11270 = CARTESIAN_POINT('',(636.42887781814,145.,20.));
#11271 = DIRECTION('',(0.,0.,1.));
#11272 = DIRECTION('',(1.,0.,-0.));
#11273 = ( GEOMETRIC_REPRESENTATION_CONTEXT(3) 
GLOBAL_UNCERTAINTY_ASSIGNED_CONTEXT((#11277)) 
GLOBAL_UNIT_ASSIGNED_CONTEXT((#11274,#11275,#11276)) 
REPRESENTATION_CONTEXT('Context #1',
  '3D Context with UNIT and UNCERTAINTY') );
#11274 = ( LENGTH_UNIT() NAMED_UNIT(*) SI_UNIT(.MILLI.,.METRE.) );
#11275 = ( NAMED_UNIT(*) PLANE_ANGLE_UNIT() SI_UNIT($,.RADIAN.) );
#11276 = ( NAMED_UNIT(*) SI_UNIT($,.STERADIAN.) SOLID_ANGLE_UNIT() );
#11277 = UNCERTAINTY_MEASURE_WITH_UNIT(LENGTH_MEASURE(1.E-07),#11274,
  'distance_accuracy_value','confusion accuracy');
#11278 = CONTEXT_DEPENDENT_SHAPE_REPRESENTATION(#11279,#11281);
#11279 = ( REPRESENTATION_RELATIONSHIP('','',#11122,#10) 
REPRESENTATION_RELATIONSHIP_WITH_TRANSFORMATION(#11280) 
SHAPE_REPRESENTATION_RELATIONSHIP() );
#11280 = ITEM_DEFINED_TRANSFORMATION('','',#11,#263);
#11281 = PRODUCT_DEFINITION_SHAPE('Placement','Placement of an item',
  #11282);
#11282 = NEXT_ASSEMBLY_USAGE_OCCURRENCE('63',
  'CAT-STARBOARD-BOTTOM-05 | BottomFlat | nominal plywood 20 mm','',#5,
  #11117,$);
#11283 = PRODUCT_RELATED_PRODUCT_CATEGORY('part',$,(#11119));
#11284 = SHAPE_DEFINITION_REPRESENTATION(#11285,#11291);
#11285 = PRODUCT_DEFINITION_SHAPE('','',#11286);
#11286 = PRODUCT_DEFINITION('design','',#11287,#11290);
#11287 = PRODUCT_DEFINITION_FORMATION('','',#11288);
#11288 = PRODUCT(
  'CAT-STARBOARD-CHINE-PORT-05 | ChinePort | nominal plywood 20 mm',
  'CAT-STARBOARD-CHINE-PORT-05 | ChinePort | nominal plywood 20 mm','',(
    #11289));
#11289 = PRODUCT_CONTEXT('',#2,'mechanical');
#11290 = PRODUCT_DEFINITION_CONTEXT('part definition',#2,'design');
#11291 = ADVANCED_BREP_SHAPE_REPRESENTATION('',(#11,#11292),#11442);
#11292 = MANIFOLD_SOLID_BREP('',#11293);
#11293 = CLOSED_SHELL('',(#11294,#11334,#11365,#11396,#11418,#11430));
#11294 = ADVANCED_FACE('',(#11295),#11329,.T.);
#11295 = FACE_BOUND('',#11296,.T.);
#11296 = EDGE_LOOP('',(#11297,#11307,#11315,#11323));
#11297 = ORIENTED_EDGE('',*,*,#11298,.T.);
#11298 = EDGE_CURVE('',#11299,#11301,#11303,.T.);
#11299 = VERTEX_POINT('',#11300);
#11300 = CARTESIAN_POINT('',(560.,70.,0.));
#11301 = VERTEX_POINT('',#11302);
#11302 = CARTESIAN_POINT('',(559.10127038113,75.171151960874,
    19.299001851643));
#11303 = LINE('',#11304,#11305);
#11304 = CARTESIAN_POINT('',(560.,70.,0.));
#11305 = VECTOR('',#11306,1.);
#11306 = DIRECTION('',(-4.493648094343E-02,0.258557598044,0.964950092582
    ));
#11307 = ORIENTED_EDGE('',*,*,#11308,.T.);
#11308 = EDGE_CURVE('',#11301,#11309,#11311,.T.);
#11309 = VERTEX_POINT('',#11310);
#11310 = CARTESIAN_POINT('',(729.10127038113,104.71660650632,
    19.299001851643));
#11311 = LINE('',#11312,#11313);
#11312 = CARTESIAN_POINT('',(559.10127038113,75.171151960874,
    19.299001851643));
#11313 = VECTOR('',#11314,1.);
#11314 = DIRECTION('',(0.985231082916,0.171230001042,0.));
#11315 = ORIENTED_EDGE('',*,*,#11316,.F.);
#11316 = EDGE_CURVE('',#11317,#11309,#11319,.T.);
#11317 = VERTEX_POINT('',#11318);
#11318 = CARTESIAN_POINT('',(730.,99.545454545455,0.));
#11319 = LINE('',#11320,#11321);
#11320 = CARTESIAN_POINT('',(730.,99.545454545455,0.));
#11321 = VECTOR('',#11322,1.);
#11322 = DIRECTION('',(-4.493648094343E-02,0.258557598044,0.964950092582
    ));
#11323 = ORIENTED_EDGE('',*,*,#11324,.F.);
#11324 = EDGE_CURVE('',#11299,#11317,#11325,.T.);
#11325 = LINE('',#11326,#11327);
#11326 = CARTESIAN_POINT('',(560.,70.,0.));
#11327 = VECTOR('',#11328,1.);
#11328 = DIRECTION('',(0.985231082916,0.171230001042,0.));
#11329 = PLANE('',#11330);
#11330 = AXIS2_PLACEMENT_3D('',#11331,#11332,#11333);
#11331 = CARTESIAN_POINT('',(560.,70.,0.));
#11332 = DIRECTION('',(-0.165228405358,0.950698824674,-0.262433455995));
#11333 = DIRECTION('',(0.985231082916,0.171230001042,0.));
#11334 = ADVANCED_FACE('',(#11335),#11360,.T.);
#11335 = FACE_BOUND('',#11336,.T.);
#11336 = EDGE_LOOP('',(#11337,#11338,#11346,#11354));
#11337 = ORIENTED_EDGE('',*,*,#11316,.T.);
#11338 = ORIENTED_EDGE('',*,*,#11339,.T.);
#11339 = EDGE_CURVE('',#11309,#11340,#11342,.T.);
#11340 = VERTEX_POINT('',#11341);
#11341 = CARTESIAN_POINT('',(729.10127038113,49.716606506329,
    34.036207435355));
#11342 = LINE('',#11343,#11344);
#11343 = CARTESIAN_POINT('',(729.10127038113,104.71660650632,
    19.299001851643));
#11344 = VECTOR('',#11345,1.);
#11345 = DIRECTION('',(0.,-0.965925826289,0.258819045103));
#11346 = ORIENTED_EDGE('',*,*,#11347,.F.);
#11347 = EDGE_CURVE('',#11348,#11340,#11350,.T.);
#11348 = VERTEX_POINT('',#11349);
#11349 = CARTESIAN_POINT('',(730.,44.545454545455,14.737205583712));
#11350 = LINE('',#11351,#11352);
#11351 = CARTESIAN_POINT('',(730.,44.545454545455,14.737205583712));
#11352 = VECTOR('',#11353,1.);
#11353 = DIRECTION('',(-4.493648094343E-02,0.258557598044,0.964950092582
    ));
#11354 = ORIENTED_EDGE('',*,*,#11355,.F.);
#11355 = EDGE_CURVE('',#11317,#11348,#11356,.T.);
#11356 = LINE('',#11357,#11358);
#11357 = CARTESIAN_POINT('',(730.,99.545454545455,0.));
#11358 = VECTOR('',#11359,1.);
#11359 = DIRECTION('',(0.,-0.965925826289,0.258819045103));
#11360 = PLANE('',#11361);
#11361 = AXIS2_PLACEMENT_3D('',#11362,#11363,#11364);
#11362 = CARTESIAN_POINT('',(730.,99.545454545455,0.));
#11363 = DIRECTION('',(0.998989846135,1.163041708805E-02,
    4.34053074858E-02));
#11364 = DIRECTION('',(1.734723475977E-18,-0.965925826289,0.258819045103
    ));
#11365 = ADVANCED_FACE('',(#11366),#11391,.T.);
#11366 = FACE_BOUND('',#11367,.T.);
#11367 = EDGE_LOOP('',(#11368,#11369,#11377,#11385));
#11368 = ORIENTED_EDGE('',*,*,#11347,.T.);
#11369 = ORIENTED_EDGE('',*,*,#11370,.T.);
#11370 = EDGE_CURVE('',#11340,#11371,#11373,.T.);
#11371 = VERTEX_POINT('',#11372);
#11372 = CARTESIAN_POINT('',(559.10127038113,20.171151960874,
    34.036207435355));
#11373 = LINE('',#11374,#11375);
#11374 = CARTESIAN_POINT('',(729.10127038113,49.716606506329,
    34.036207435355));
#11375 = VECTOR('',#11376,1.);
#11376 = DIRECTION('',(-0.985231082916,-0.171230001042,0.));
#11377 = ORIENTED_EDGE('',*,*,#11378,.F.);
#11378 = EDGE_CURVE('',#11379,#11371,#11381,.T.);
#11379 = VERTEX_POINT('',#11380);
#11380 = CARTESIAN_POINT('',(560.,15.,14.737205583712));
#11381 = LINE('',#11382,#11383);
#11382 = CARTESIAN_POINT('',(560.,15.,14.737205583712));
#11383 = VECTOR('',#11384,1.);
#11384 = DIRECTION('',(-4.493648094343E-02,0.258557598044,0.964950092582
    ));
#11385 = ORIENTED_EDGE('',*,*,#11386,.F.);
#11386 = EDGE_CURVE('',#11348,#11379,#11387,.T.);
#11387 = LINE('',#11388,#11389);
#11388 = CARTESIAN_POINT('',(730.,44.545454545455,14.737205583712));
#11389 = VECTOR('',#11390,1.);
#11390 = DIRECTION('',(-0.985231082916,-0.171230001042,0.));
#11391 = PLANE('',#11392);
#11392 = AXIS2_PLACEMENT_3D('',#11393,#11394,#11395);
#11393 = CARTESIAN_POINT('',(730.,44.545454545455,14.737205583712));
#11394 = DIRECTION('',(0.165228405358,-0.950698824674,0.262433455995));
#11395 = DIRECTION('',(-0.985231082916,-0.171230001042,0.));
#11396 = ADVANCED_FACE('',(#11397),#11413,.T.);
#11397 = FACE_BOUND('',#11398,.T.);
#11398 = EDGE_LOOP('',(#11399,#11400,#11406,#11407));
#11399 = ORIENTED_EDGE('',*,*,#11378,.T.);
#11400 = ORIENTED_EDGE('',*,*,#11401,.T.);
#11401 = EDGE_CURVE('',#11371,#11301,#11402,.T.);
#11402 = LINE('',#11403,#11404);
#11403 = CARTESIAN_POINT('',(559.10127038113,20.171151960874,
    34.036207435355));
#11404 = VECTOR('',#11405,1.);
#11405 = DIRECTION('',(0.,0.965925826289,-0.258819045103));
#11406 = ORIENTED_EDGE('',*,*,#11298,.F.);
#11407 = ORIENTED_EDGE('',*,*,#11408,.F.);
#11408 = EDGE_CURVE('',#11379,#11299,#11409,.T.);
#11409 = LINE('',#11410,#11411);
#11410 = CARTESIAN_POINT('',(560.,15.,14.737205583712));
#11411 = VECTOR('',#11412,1.);
#11412 = DIRECTION('',(0.,0.965925826289,-0.258819045103));
#11413 = PLANE('',#11414);
#11414 = AXIS2_PLACEMENT_3D('',#11415,#11416,#11417);
#11415 = CARTESIAN_POINT('',(560.,15.,14.737205583712));
#11416 = DIRECTION('',(-0.998989846135,-1.163041708805E-02,
    -4.34053074858E-02));
#11417 = DIRECTION('',(-1.734723475977E-18,0.965925826289,
    -0.258819045103));
#11418 = ADVANCED_FACE('',(#11419),#11425,.T.);
#11419 = FACE_BOUND('',#11420,.T.);
#11420 = EDGE_LOOP('',(#11421,#11422,#11423,#11424));
#11421 = ORIENTED_EDGE('',*,*,#11324,.T.);
#11422 = ORIENTED_EDGE('',*,*,#11355,.T.);
#11423 = ORIENTED_EDGE('',*,*,#11386,.T.);
#11424 = ORIENTED_EDGE('',*,*,#11408,.T.);
#11425 = PLANE('',#11426);
#11426 = AXIS2_PLACEMENT_3D('',#11427,#11428,#11429);
#11427 = CARTESIAN_POINT('',(645.,57.272727272727,7.368602791856));
#11428 = DIRECTION('',(4.493648094343E-02,-0.258557598044,
    -0.964950092582));
#11429 = DIRECTION('',(0.,-0.965925826289,0.258819045103));
#11430 = ADVANCED_FACE('',(#11431),#11437,.F.);
#11431 = FACE_BOUND('',#11432,.F.);
#11432 = EDGE_LOOP('',(#11433,#11434,#11435,#11436));
#11433 = ORIENTED_EDGE('',*,*,#11308,.T.);
#11434 = ORIENTED_EDGE('',*,*,#11339,.T.);
#11435 = ORIENTED_EDGE('',*,*,#11370,.T.);
#11436 = ORIENTED_EDGE('',*,*,#11401,.T.);
#11437 = PLANE('',#11438);
#11438 = AXIS2_PLACEMENT_3D('',#11439,#11440,#11441);
#11439 = CARTESIAN_POINT('',(644.10127038113,62.443879233602,
    26.667604643499));
#11440 = DIRECTION('',(4.493648094343E-02,-0.258557598044,
    -0.964950092582));
#11441 = DIRECTION('',(0.,-0.965925826289,0.258819045103));
#11442 = ( GEOMETRIC_REPRESENTATION_CONTEXT(3) 
GLOBAL_UNCERTAINTY_ASSIGNED_CONTEXT((#11446)) 
GLOBAL_UNIT_ASSIGNED_CONTEXT((#11443,#11444,#11445)) 
REPRESENTATION_CONTEXT('Context #1',
  '3D Context with UNIT and UNCERTAINTY') );
#11443 = ( LENGTH_UNIT() NAMED_UNIT(*) SI_UNIT(.MILLI.,.METRE.) );
#11444 = ( NAMED_UNIT(*) PLANE_ANGLE_UNIT() SI_UNIT($,.RADIAN.) );
#11445 = ( NAMED_UNIT(*) SI_UNIT($,.STERADIAN.) SOLID_ANGLE_UNIT() );
#11446 = UNCERTAINTY_MEASURE_WITH_UNIT(LENGTH_MEASURE(1.E-07),#11443,
  'distance_accuracy_value','confusion accuracy');
#11447 = CONTEXT_DEPENDENT_SHAPE_REPRESENTATION(#11448,#11450);
#11448 = ( REPRESENTATION_RELATIONSHIP('','',#11291,#10) 
REPRESENTATION_RELATIONSHIP_WITH_TRANSFORMATION(#11449) 
SHAPE_REPRESENTATION_RELATIONSHIP() );
#11449 = ITEM_DEFINED_TRANSFORMATION('','',#11,#267);
#11450 = PRODUCT_DEFINITION_SHAPE('Placement','Placement of an item',
  #11451);
#11451 = NEXT_ASSEMBLY_USAGE_OCCURRENCE('64',
  'CAT-STARBOARD-CHINE-PORT-05 | ChinePort | nominal plywood 20 mm','',
  #5,#11286,$);
#11452 = PRODUCT_RELATED_PRODUCT_CATEGORY('part',$,(#11288));
#11453 = SHAPE_DEFINITION_REPRESENTATION(#11454,#11460);
#11454 = PRODUCT_DEFINITION_SHAPE('','',#11455);
#11455 = PRODUCT_DEFINITION('design','',#11456,#11459);
#11456 = PRODUCT_DEFINITION_FORMATION('','',#11457);
#11457 = PRODUCT(
'CAT-STARBOARD-CHINE-STARBOARD-05 | ChineStarboard | nominal plywood 20 
mm',
'CAT-STARBOARD-CHINE-STARBOARD-05 | ChineStarboard | nominal plywood 20 
mm','',(#11458));
#11458 = PRODUCT_CONTEXT('',#2,'mechanical');
#11459 = PRODUCT_DEFINITION_CONTEXT('part definition',#2,'design');
#11460 = ADVANCED_BREP_SHAPE_REPRESENTATION('',(#11,#11461),#11611);
#11461 = MANIFOLD_SOLID_BREP('',#11462);
#11462 = CLOSED_SHELL('',(#11463,#11503,#11534,#11565,#11587,#11599));
#11463 = ADVANCED_FACE('',(#11464),#11498,.T.);
#11464 = FACE_BOUND('',#11465,.T.);
#11465 = EDGE_LOOP('',(#11466,#11476,#11484,#11492));
#11466 = ORIENTED_EDGE('',*,*,#11467,.T.);
#11467 = EDGE_CURVE('',#11468,#11470,#11472,.T.);
#11468 = VERTEX_POINT('',#11469);
#11469 = CARTESIAN_POINT('',(560.,220.,0.));
#11470 = VERTEX_POINT('',#11471);
#11471 = CARTESIAN_POINT('',(559.10127038113,214.82884803912,
    19.299001851643));
#11472 = LINE('',#11473,#11474);
#11473 = CARTESIAN_POINT('',(560.,220.,0.));
#11474 = VECTOR('',#11475,1.);
#11475 = DIRECTION('',(-4.493648094343E-02,-0.258557598044,
    0.964950092582));
#11476 = ORIENTED_EDGE('',*,*,#11477,.T.);
#11477 = EDGE_CURVE('',#11470,#11478,#11480,.T.);
#11478 = VERTEX_POINT('',#11479);
#11479 = CARTESIAN_POINT('',(559.10127038113,269.82884803912,
    34.036207435355));
#11480 = LINE('',#11481,#11482);
#11481 = CARTESIAN_POINT('',(559.10127038113,214.82884803912,
    19.299001851643));
#11482 = VECTOR('',#11483,1.);
#11483 = DIRECTION('',(0.,0.965925826289,0.258819045103));
#11484 = ORIENTED_EDGE('',*,*,#11485,.F.);
#11485 = EDGE_CURVE('',#11486,#11478,#11488,.T.);
#11486 = VERTEX_POINT('',#11487);
#11487 = CARTESIAN_POINT('',(560.,275.,14.737205583712));
#11488 = LINE('',#11489,#11490);
#11489 = CARTESIAN_POINT('',(560.,275.,14.737205583712));
#11490 = VECTOR('',#11491,1.);
#11491 = DIRECTION('',(-4.493648094343E-02,-0.258557598044,
    0.964950092582));
#11492 = ORIENTED_EDGE('',*,*,#11493,.F.);
#11493 = EDGE_CURVE('',#11468,#11486,#11494,.T.);
#11494 = LINE('',#11495,#11496);
#11495 = CARTESIAN_POINT('',(560.,220.,0.));
#11496 = VECTOR('',#11497,1.);
#11497 = DIRECTION('',(0.,0.965925826289,0.258819045103));
#11498 = PLANE('',#11499);
#11499 = AXIS2_PLACEMENT_3D('',#11500,#11501,#11502);
#11500 = CARTESIAN_POINT('',(560.,220.,0.));
#11501 = DIRECTION('',(-0.998989846135,1.163041708805E-02,
    -4.34053074858E-02));
#11502 = DIRECTION('',(1.734723475977E-18,0.965925826289,0.258819045103)
  );
#11503 = ADVANCED_FACE('',(#11504),#11529,.T.);
#11504 = FACE_BOUND('',#11505,.T.);
#11505 = EDGE_LOOP('',(#11506,#11507,#11515,#11523));
#11506 = ORIENTED_EDGE('',*,*,#11485,.T.);
#11507 = ORIENTED_EDGE('',*,*,#11508,.T.);
#11508 = EDGE_CURVE('',#11478,#11509,#11511,.T.);
#11509 = VERTEX_POINT('',#11510);
#11510 = CARTESIAN_POINT('',(729.10127038113,240.28339349367,
    34.036207435355));
#11511 = LINE('',#11512,#11513);
#11512 = CARTESIAN_POINT('',(559.10127038113,269.82884803912,
    34.036207435355));
#11513 = VECTOR('',#11514,1.);
#11514 = DIRECTION('',(0.985231082916,-0.171230001042,0.));
#11515 = ORIENTED_EDGE('',*,*,#11516,.F.);
#11516 = EDGE_CURVE('',#11517,#11509,#11519,.T.);
#11517 = VERTEX_POINT('',#11518);
#11518 = CARTESIAN_POINT('',(730.,245.45454545454,14.737205583712));
#11519 = LINE('',#11520,#11521);
#11520 = CARTESIAN_POINT('',(730.,245.45454545454,14.737205583712));
#11521 = VECTOR('',#11522,1.);
#11522 = DIRECTION('',(-4.493648094343E-02,-0.258557598044,
    0.964950092582));
#11523 = ORIENTED_EDGE('',*,*,#11524,.F.);
#11524 = EDGE_CURVE('',#11486,#11517,#11525,.T.);
#11525 = LINE('',#11526,#11527);
#11526 = CARTESIAN_POINT('',(560.,275.,14.737205583712));
#11527 = VECTOR('',#11528,1.);
#11528 = DIRECTION('',(0.985231082916,-0.171230001042,0.));
#11529 = PLANE('',#11530);
#11530 = AXIS2_PLACEMENT_3D('',#11531,#11532,#11533);
#11531 = CARTESIAN_POINT('',(560.,275.,14.737205583712));
#11532 = DIRECTION('',(0.165228405358,0.950698824674,0.262433455995));
#11533 = DIRECTION('',(0.985231082916,-0.171230001042,0.));
#11534 = ADVANCED_FACE('',(#11535),#11560,.T.);
#11535 = FACE_BOUND('',#11536,.T.);
#11536 = EDGE_LOOP('',(#11537,#11538,#11546,#11554));
#11537 = ORIENTED_EDGE('',*,*,#11516,.T.);
#11538 = ORIENTED_EDGE('',*,*,#11539,.T.);
#11539 = EDGE_CURVE('',#11509,#11540,#11542,.T.);
#11540 = VERTEX_POINT('',#11541);
#11541 = CARTESIAN_POINT('',(729.10127038113,185.28339349367,
    19.299001851643));
#11542 = LINE('',#11543,#11544);
#11543 = CARTESIAN_POINT('',(729.10127038113,240.28339349367,
    34.036207435355));
#11544 = VECTOR('',#11545,1.);
#11545 = DIRECTION('',(0.,-0.965925826289,-0.258819045103));
#11546 = ORIENTED_EDGE('',*,*,#11547,.F.);
#11547 = EDGE_CURVE('',#11548,#11540,#11550,.T.);
#11548 = VERTEX_POINT('',#11549);
#11549 = CARTESIAN_POINT('',(730.,190.45454545454,0.));
#11550 = LINE('',#11551,#11552);
#11551 = CARTESIAN_POINT('',(730.,190.45454545454,0.));
#11552 = VECTOR('',#11553,1.);
#11553 = DIRECTION('',(-4.493648094343E-02,-0.258557598044,
    0.964950092582));
#11554 = ORIENTED_EDGE('',*,*,#11555,.F.);
#11555 = EDGE_CURVE('',#11517,#11548,#11556,.T.);
#11556 = LINE('',#11557,#11558);
#11557 = CARTESIAN_POINT('',(730.,245.45454545454,14.737205583712));
#11558 = VECTOR('',#11559,1.);
#11559 = DIRECTION('',(0.,-0.965925826289,-0.258819045103));
#11560 = PLANE('',#11561);
#11561 = AXIS2_PLACEMENT_3D('',#11562,#11563,#11564);
#11562 = CARTESIAN_POINT('',(730.,245.45454545454,14.737205583712));
#11563 = DIRECTION('',(0.998989846135,-1.163041708805E-02,
    4.34053074858E-02));
#11564 = DIRECTION('',(-1.734723475977E-18,-0.965925826289,
    -0.258819045103));
#11565 = ADVANCED_FACE('',(#11566),#11582,.T.);
#11566 = FACE_BOUND('',#11567,.T.);
#11567 = EDGE_LOOP('',(#11568,#11569,#11575,#11576));
#11568 = ORIENTED_EDGE('',*,*,#11547,.T.);
#11569 = ORIENTED_EDGE('',*,*,#11570,.T.);
#11570 = EDGE_CURVE('',#11540,#11470,#11571,.T.);
#11571 = LINE('',#11572,#11573);
#11572 = CARTESIAN_POINT('',(729.10127038113,185.28339349367,
    19.299001851643));
#11573 = VECTOR('',#11574,1.);
#11574 = DIRECTION('',(-0.985231082916,0.171230001042,0.));
#11575 = ORIENTED_EDGE('',*,*,#11467,.F.);
#11576 = ORIENTED_EDGE('',*,*,#11577,.F.);
#11577 = EDGE_CURVE('',#11548,#11468,#11578,.T.);
#11578 = LINE('',#11579,#11580);
#11579 = CARTESIAN_POINT('',(730.,190.45454545454,0.));
#11580 = VECTOR('',#11581,1.);
#11581 = DIRECTION('',(-0.985231082916,0.171230001042,0.));
#11582 = PLANE('',#11583);
#11583 = AXIS2_PLACEMENT_3D('',#11584,#11585,#11586);
#11584 = CARTESIAN_POINT('',(730.,190.45454545454,0.));
#11585 = DIRECTION('',(-0.165228405358,-0.950698824674,-0.262433455995)
  );
#11586 = DIRECTION('',(-0.985231082916,0.171230001042,0.));
#11587 = ADVANCED_FACE('',(#11588),#11594,.T.);
#11588 = FACE_BOUND('',#11589,.T.);
#11589 = EDGE_LOOP('',(#11590,#11591,#11592,#11593));
#11590 = ORIENTED_EDGE('',*,*,#11493,.T.);
#11591 = ORIENTED_EDGE('',*,*,#11524,.T.);
#11592 = ORIENTED_EDGE('',*,*,#11555,.T.);
#11593 = ORIENTED_EDGE('',*,*,#11577,.T.);
#11594 = PLANE('',#11595);
#11595 = AXIS2_PLACEMENT_3D('',#11596,#11597,#11598);
#11596 = CARTESIAN_POINT('',(645.,232.72727272727,7.368602791856));
#11597 = DIRECTION('',(4.493648094343E-02,0.258557598044,-0.964950092582
    ));
#11598 = DIRECTION('',(-1.734723475977E-18,-0.965925826289,
    -0.258819045103));
#11599 = ADVANCED_FACE('',(#11600),#11606,.F.);
#11600 = FACE_BOUND('',#11601,.F.);
#11601 = EDGE_LOOP('',(#11602,#11603,#11604,#11605));
#11602 = ORIENTED_EDGE('',*,*,#11477,.T.);
#11603 = ORIENTED_EDGE('',*,*,#11508,.T.);
#11604 = ORIENTED_EDGE('',*,*,#11539,.T.);
#11605 = ORIENTED_EDGE('',*,*,#11570,.T.);
#11606 = PLANE('',#11607);
#11607 = AXIS2_PLACEMENT_3D('',#11608,#11609,#11610);
#11608 = CARTESIAN_POINT('',(644.10127038113,227.55612076639,
    26.667604643499));
#11609 = DIRECTION('',(4.493648094343E-02,0.258557598044,-0.964950092582
    ));
#11610 = DIRECTION('',(-1.734723475977E-18,-0.965925826289,
    -0.258819045103));
#11611 = ( GEOMETRIC_REPRESENTATION_CONTEXT(3) 
GLOBAL_UNCERTAINTY_ASSIGNED_CONTEXT((#11615)) 
GLOBAL_UNIT_ASSIGNED_CONTEXT((#11612,#11613,#11614)) 
REPRESENTATION_CONTEXT('Context #1',
  '3D Context with UNIT and UNCERTAINTY') );
#11612 = ( LENGTH_UNIT() NAMED_UNIT(*) SI_UNIT(.MILLI.,.METRE.) );
#11613 = ( NAMED_UNIT(*) PLANE_ANGLE_UNIT() SI_UNIT($,.RADIAN.) );
#11614 = ( NAMED_UNIT(*) SI_UNIT($,.STERADIAN.) SOLID_ANGLE_UNIT() );
#11615 = UNCERTAINTY_MEASURE_WITH_UNIT(LENGTH_MEASURE(1.E-07),#11612,
  'distance_accuracy_value','confusion accuracy');
#11616 = CONTEXT_DEPENDENT_SHAPE_REPRESENTATION(#11617,#11619);
#11617 = ( REPRESENTATION_RELATIONSHIP('','',#11460,#10) 
REPRESENTATION_RELATIONSHIP_WITH_TRANSFORMATION(#11618) 
SHAPE_REPRESENTATION_RELATIONSHIP() );
#11618 = ITEM_DEFINED_TRANSFORMATION('','',#11,#271);
#11619 = PRODUCT_DEFINITION_SHAPE('Placement','Placement of an item',
  #11620);
#11620 = NEXT_ASSEMBLY_USAGE_OCCURRENCE('65',
'CAT-STARBOARD-CHINE-STARBOARD-05 | ChineStarboard | nominal plywood 20 
mm','',#5,#11455,$);
#11621 = PRODUCT_RELATED_PRODUCT_CATEGORY('part',$,(#11457));
#11622 = SHAPE_DEFINITION_REPRESENTATION(#11623,#11629);
#11623 = PRODUCT_DEFINITION_SHAPE('','',#11624);
#11624 = PRODUCT_DEFINITION('design','',#11625,#11628);
#11625 = PRODUCT_DEFINITION_FORMATION('','',#11626);
#11626 = PRODUCT(
  'CAT-STARBOARD-SIDE-PORT-05 | SidePort | nominal plywood 20 mm',
  'CAT-STARBOARD-SIDE-PORT-05 | SidePort | nominal plywood 20 mm','',(
    #11627));
#11627 = PRODUCT_CONTEXT('',#2,'mechanical');
#11628 = PRODUCT_DEFINITION_CONTEXT('part definition',#2,'design');
#11629 = ADVANCED_BREP_SHAPE_REPRESENTATION('',(#11,#11630),#11780);
#11630 = MANIFOLD_SOLID_BREP('',#11631);
#11631 = CLOSED_SHELL('',(#11632,#11672,#11703,#11734,#11756,#11768));
#11632 = ADVANCED_FACE('',(#11633),#11667,.T.);
#11633 = FACE_BOUND('',#11634,.T.);
#11634 = EDGE_LOOP('',(#11635,#11645,#11653,#11661));
#11635 = ORIENTED_EDGE('',*,*,#11636,.T.);
#11636 = EDGE_CURVE('',#11637,#11639,#11641,.T.);
#11637 = VERTEX_POINT('',#11638);
#11638 = CARTESIAN_POINT('',(560.,15.,14.737205583712));
#11639 = VERTEX_POINT('',#11640);
#11640 = CARTESIAN_POINT('',(556.57539997917,34.704621658315,
    14.737205583712));
#11641 = LINE('',#11642,#11643);
#11642 = CARTESIAN_POINT('',(560.,15.,14.737205583712));
#11643 = VECTOR('',#11644,1.);
#11644 = DIRECTION('',(-0.171230001042,0.985231082916,-0.));
#11645 = ORIENTED_EDGE('',*,*,#11646,.T.);
#11646 = EDGE_CURVE('',#11639,#11647,#11649,.T.);
#11647 = VERTEX_POINT('',#11648);
#11648 = CARTESIAN_POINT('',(726.57539997917,64.250076203769,
    14.737205583712));
#11649 = LINE('',#11650,#11651);
#11650 = CARTESIAN_POINT('',(556.57539997917,34.704621658315,
    14.737205583712));
#11651 = VECTOR('',#11652,1.);
#11652 = DIRECTION('',(0.985231082916,0.171230001042,0.));
#11653 = ORIENTED_EDGE('',*,*,#11654,.F.);
#11654 = EDGE_CURVE('',#11655,#11647,#11657,.T.);
#11655 = VERTEX_POINT('',#11656);
#11656 = CARTESIAN_POINT('',(730.,44.545454545455,14.737205583712));
#11657 = LINE('',#11658,#11659);
#11658 = CARTESIAN_POINT('',(730.,44.545454545455,14.737205583712));
#11659 = VECTOR('',#11660,1.);
#11660 = DIRECTION('',(-0.171230001042,0.985231082916,-0.));
#11661 = ORIENTED_EDGE('',*,*,#11662,.F.);
#11662 = EDGE_CURVE('',#11637,#11655,#11663,.T.);
#11663 = LINE('',#11664,#11665);
#11664 = CARTESIAN_POINT('',(560.,15.,14.737205583712));
#11665 = VECTOR('',#11666,1.);
#11666 = DIRECTION('',(0.985231082916,0.171230001042,0.));
#11667 = PLANE('',#11668);
#11668 = AXIS2_PLACEMENT_3D('',#11669,#11670,#11671);
#11669 = CARTESIAN_POINT('',(560.,15.,14.737205583712));
#11670 = DIRECTION('',(0.,0.,-1.));
#11671 = DIRECTION('',(0.985231082916,0.171230001042,0.));
#11672 = ADVANCED_FACE('',(#11673),#11698,.T.);
#11673 = FACE_BOUND('',#11674,.T.);
#11674 = EDGE_LOOP('',(#11675,#11676,#11684,#11692));
#11675 = ORIENTED_EDGE('',*,*,#11654,.T.);
#11676 = ORIENTED_EDGE('',*,*,#11677,.T.);
#11677 = EDGE_CURVE('',#11647,#11678,#11680,.T.);
#11678 = VERTEX_POINT('',#11679);
#11679 = CARTESIAN_POINT('',(726.57539997917,64.250076203769,140.));
#11680 = LINE('',#11681,#11682);
#11681 = CARTESIAN_POINT('',(726.57539997917,64.250076203769,
    14.737205583712));
#11682 = VECTOR('',#11683,1.);
#11683 = DIRECTION('',(0.,0.,1.));
#11684 = ORIENTED_EDGE('',*,*,#11685,.F.);
#11685 = EDGE_CURVE('',#11686,#11678,#11688,.T.);
#11686 = VERTEX_POINT('',#11687);
#11687 = CARTESIAN_POINT('',(730.,44.545454545455,140.));
#11688 = LINE('',#11689,#11690);
#11689 = CARTESIAN_POINT('',(730.,44.545454545455,140.));
#11690 = VECTOR('',#11691,1.);
#11691 = DIRECTION('',(-0.171230001042,0.985231082916,-0.));
#11692 = ORIENTED_EDGE('',*,*,#11693,.F.);
#11693 = EDGE_CURVE('',#11655,#11686,#11694,.T.);
#11694 = LINE('',#11695,#11696);
#11695 = CARTESIAN_POINT('',(730.,44.545454545455,14.737205583712));
#11696 = VECTOR('',#11697,1.);
#11697 = DIRECTION('',(0.,0.,1.));
#11698 = PLANE('',#11699);
#11699 = AXIS2_PLACEMENT_3D('',#11700,#11701,#11702);
#11700 = CARTESIAN_POINT('',(730.,44.545454545455,14.737205583712));
#11701 = DIRECTION('',(0.985231082916,0.171230001042,-0.));
#11702 = DIRECTION('',(0.,0.,1.));
#11703 = ADVANCED_FACE('',(#11704),#11729,.T.);
#11704 = FACE_BOUND('',#11705,.T.);
#11705 = EDGE_LOOP('',(#11706,#11707,#11715,#11723));
#11706 = ORIENTED_EDGE('',*,*,#11685,.T.);
#11707 = ORIENTED_EDGE('',*,*,#11708,.T.);
#11708 = EDGE_CURVE('',#11678,#11709,#11711,.T.);
#11709 = VERTEX_POINT('',#11710);
#11710 = CARTESIAN_POINT('',(556.57539997917,34.704621658315,140.));
#11711 = LINE('',#11712,#11713);
#11712 = CARTESIAN_POINT('',(726.57539997917,64.250076203769,140.));
#11713 = VECTOR('',#11714,1.);
#11714 = DIRECTION('',(-0.985231082916,-0.171230001042,0.));
#11715 = ORIENTED_EDGE('',*,*,#11716,.F.);
#11716 = EDGE_CURVE('',#11717,#11709,#11719,.T.);
#11717 = VERTEX_POINT('',#11718);
#11718 = CARTESIAN_POINT('',(560.,15.,140.));
#11719 = LINE('',#11720,#11721);
#11720 = CARTESIAN_POINT('',(560.,15.,140.));
#11721 = VECTOR('',#11722,1.);
#11722 = DIRECTION('',(-0.171230001042,0.985231082916,-0.));
#11723 = ORIENTED_EDGE('',*,*,#11724,.F.);
#11724 = EDGE_CURVE('',#11686,#11717,#11725,.T.);
#11725 = LINE('',#11726,#11727);
#11726 = CARTESIAN_POINT('',(730.,44.545454545455,140.));
#11727 = VECTOR('',#11728,1.);
#11728 = DIRECTION('',(-0.985231082916,-0.171230001042,0.));
#11729 = PLANE('',#11730);
#11730 = AXIS2_PLACEMENT_3D('',#11731,#11732,#11733);
#11731 = CARTESIAN_POINT('',(730.,44.545454545455,140.));
#11732 = DIRECTION('',(0.,0.,1.));
#11733 = DIRECTION('',(-0.985231082916,-0.171230001042,0.));
#11734 = ADVANCED_FACE('',(#11735),#11751,.T.);
#11735 = FACE_BOUND('',#11736,.T.);
#11736 = EDGE_LOOP('',(#11737,#11738,#11744,#11745));
#11737 = ORIENTED_EDGE('',*,*,#11716,.T.);
#11738 = ORIENTED_EDGE('',*,*,#11739,.T.);
#11739 = EDGE_CURVE('',#11709,#11639,#11740,.T.);
#11740 = LINE('',#11741,#11742);
#11741 = CARTESIAN_POINT('',(556.57539997917,34.704621658315,140.));
#11742 = VECTOR('',#11743,1.);
#11743 = DIRECTION('',(0.,0.,-1.));
#11744 = ORIENTED_EDGE('',*,*,#11636,.F.);
#11745 = ORIENTED_EDGE('',*,*,#11746,.F.);
#11746 = EDGE_CURVE('',#11717,#11637,#11747,.T.);
#11747 = LINE('',#11748,#11749);
#11748 = CARTESIAN_POINT('',(560.,15.,140.));
#11749 = VECTOR('',#11750,1.);
#11750 = DIRECTION('',(0.,0.,-1.));
#11751 = PLANE('',#11752);
#11752 = AXIS2_PLACEMENT_3D('',#11753,#11754,#11755);
#11753 = CARTESIAN_POINT('',(560.,15.,140.));
#11754 = DIRECTION('',(-0.985231082916,-0.171230001042,-0.));
#11755 = DIRECTION('',(0.,0.,-1.));
#11756 = ADVANCED_FACE('',(#11757),#11763,.T.);
#11757 = FACE_BOUND('',#11758,.T.);
#11758 = EDGE_LOOP('',(#11759,#11760,#11761,#11762));
#11759 = ORIENTED_EDGE('',*,*,#11662,.T.);
#11760 = ORIENTED_EDGE('',*,*,#11693,.T.);
#11761 = ORIENTED_EDGE('',*,*,#11724,.T.);
#11762 = ORIENTED_EDGE('',*,*,#11746,.T.);
#11763 = PLANE('',#11764);
#11764 = AXIS2_PLACEMENT_3D('',#11765,#11766,#11767);
#11765 = CARTESIAN_POINT('',(645.,29.772727272727,77.368602791856));
#11766 = DIRECTION('',(0.171230001042,-0.985231082916,-0.));
#11767 = DIRECTION('',(-0.985231082916,-0.171230001042,0.));
#11768 = ADVANCED_FACE('',(#11769),#11775,.F.);
#11769 = FACE_BOUND('',#11770,.F.);
#11770 = EDGE_LOOP('',(#11771,#11772,#11773,#11774));
#11771 = ORIENTED_EDGE('',*,*,#11646,.T.);
#11772 = ORIENTED_EDGE('',*,*,#11677,.T.);
#11773 = ORIENTED_EDGE('',*,*,#11708,.T.);
#11774 = ORIENTED_EDGE('',*,*,#11739,.T.);
#11775 = PLANE('',#11776);
#11776 = AXIS2_PLACEMENT_3D('',#11777,#11778,#11779);
#11777 = CARTESIAN_POINT('',(641.57539997917,49.477348931042,
    77.368602791856));
#11778 = DIRECTION('',(0.171230001042,-0.985231082916,-0.));
#11779 = DIRECTION('',(-0.985231082916,-0.171230001042,0.));
#11780 = ( GEOMETRIC_REPRESENTATION_CONTEXT(3) 
GLOBAL_UNCERTAINTY_ASSIGNED_CONTEXT((#11784)) 
GLOBAL_UNIT_ASSIGNED_CONTEXT((#11781,#11782,#11783)) 
REPRESENTATION_CONTEXT('Context #1',
  '3D Context with UNIT and UNCERTAINTY') );
#11781 = ( LENGTH_UNIT() NAMED_UNIT(*) SI_UNIT(.MILLI.,.METRE.) );
#11782 = ( NAMED_UNIT(*) PLANE_ANGLE_UNIT() SI_UNIT($,.RADIAN.) );
#11783 = ( NAMED_UNIT(*) SI_UNIT($,.STERADIAN.) SOLID_ANGLE_UNIT() );
#11784 = UNCERTAINTY_MEASURE_WITH_UNIT(LENGTH_MEASURE(1.E-07),#11781,
  'distance_accuracy_value','confusion accuracy');
#11785 = CONTEXT_DEPENDENT_SHAPE_REPRESENTATION(#11786,#11788);
#11786 = ( REPRESENTATION_RELATIONSHIP('','',#11629,#10) 
REPRESENTATION_RELATIONSHIP_WITH_TRANSFORMATION(#11787) 
SHAPE_REPRESENTATION_RELATIONSHIP() );
#11787 = ITEM_DEFINED_TRANSFORMATION('','',#11,#275);
#11788 = PRODUCT_DEFINITION_SHAPE('Placement','Placement of an item',
  #11789);
#11789 = NEXT_ASSEMBLY_USAGE_OCCURRENCE('66',
  'CAT-STARBOARD-SIDE-PORT-05 | SidePort | nominal plywood 20 mm','',#5,
  #11624,$);
#11790 = PRODUCT_RELATED_PRODUCT_CATEGORY('part',$,(#11626));
#11791 = SHAPE_DEFINITION_REPRESENTATION(#11792,#11798);
#11792 = PRODUCT_DEFINITION_SHAPE('','',#11793);
#11793 = PRODUCT_DEFINITION('design','',#11794,#11797);
#11794 = PRODUCT_DEFINITION_FORMATION('','',#11795);
#11795 = PRODUCT(
'CAT-STARBOARD-SIDE-STARBOARD-05 | SideStarboard | nominal plywood 20 
mm',
'CAT-STARBOARD-SIDE-STARBOARD-05 | SideStarboard | nominal plywood 20 
mm','',(#11796));
#11796 = PRODUCT_CONTEXT('',#2,'mechanical');
#11797 = PRODUCT_DEFINITION_CONTEXT('part definition',#2,'design');
#11798 = ADVANCED_BREP_SHAPE_REPRESENTATION('',(#11,#11799),#11949);
#11799 = MANIFOLD_SOLID_BREP('',#11800);
#11800 = CLOSED_SHELL('',(#11801,#11841,#11872,#11903,#11925,#11937));
#11801 = ADVANCED_FACE('',(#11802),#11836,.T.);
#11802 = FACE_BOUND('',#11803,.T.);
#11803 = EDGE_LOOP('',(#11804,#11814,#11822,#11830));
#11804 = ORIENTED_EDGE('',*,*,#11805,.T.);
#11805 = EDGE_CURVE('',#11806,#11808,#11810,.T.);
#11806 = VERTEX_POINT('',#11807);
#11807 = CARTESIAN_POINT('',(560.,275.,14.737205583712));
#11808 = VERTEX_POINT('',#11809);
#11809 = CARTESIAN_POINT('',(556.57539997917,255.29537834168,
    14.737205583712));
#11810 = LINE('',#11811,#11812);
#11811 = CARTESIAN_POINT('',(560.,275.,14.737205583712));
#11812 = VECTOR('',#11813,1.);
#11813 = DIRECTION('',(-0.171230001042,-0.985231082916,0.));
#11814 = ORIENTED_EDGE('',*,*,#11815,.T.);
#11815 = EDGE_CURVE('',#11808,#11816,#11818,.T.);
#11816 = VERTEX_POINT('',#11817);
#11817 = CARTESIAN_POINT('',(556.57539997917,255.29537834168,140.));
#11818 = LINE('',#11819,#11820);
#11819 = CARTESIAN_POINT('',(556.57539997917,255.29537834168,
    14.737205583712));
#11820 = VECTOR('',#11821,1.);
#11821 = DIRECTION('',(0.,0.,1.));
#11822 = ORIENTED_EDGE('',*,*,#11823,.F.);
#11823 = EDGE_CURVE('',#11824,#11816,#11826,.T.);
#11824 = VERTEX_POINT('',#11825);
#11825 = CARTESIAN_POINT('',(560.,275.,140.));
#11826 = LINE('',#11827,#11828);
#11827 = CARTESIAN_POINT('',(560.,275.,140.));
#11828 = VECTOR('',#11829,1.);
#11829 = DIRECTION('',(-0.171230001042,-0.985231082916,0.));
#11830 = ORIENTED_EDGE('',*,*,#11831,.F.);
#11831 = EDGE_CURVE('',#11806,#11824,#11832,.T.);
#11832 = LINE('',#11833,#11834);
#11833 = CARTESIAN_POINT('',(560.,275.,14.737205583712));
#11834 = VECTOR('',#11835,1.);
#11835 = DIRECTION('',(0.,0.,1.));
#11836 = PLANE('',#11837);
#11837 = AXIS2_PLACEMENT_3D('',#11838,#11839,#11840);
#11838 = CARTESIAN_POINT('',(560.,275.,14.737205583712));
#11839 = DIRECTION('',(-0.985231082916,0.171230001042,0.));
#11840 = DIRECTION('',(0.,0.,1.));
#11841 = ADVANCED_FACE('',(#11842),#11867,.T.);
#11842 = FACE_BOUND('',#11843,.T.);
#11843 = EDGE_LOOP('',(#11844,#11845,#11853,#11861));
#11844 = ORIENTED_EDGE('',*,*,#11823,.T.);
#11845 = ORIENTED_EDGE('',*,*,#11846,.T.);
#11846 = EDGE_CURVE('',#11816,#11847,#11849,.T.);
#11847 = VERTEX_POINT('',#11848);
#11848 = CARTESIAN_POINT('',(726.57539997917,225.74992379623,140.));
#11849 = LINE('',#11850,#11851);
#11850 = CARTESIAN_POINT('',(556.57539997917,255.29537834168,140.));
#11851 = VECTOR('',#11852,1.);
#11852 = DIRECTION('',(0.985231082916,-0.171230001042,0.));
#11853 = ORIENTED_EDGE('',*,*,#11854,.F.);
#11854 = EDGE_CURVE('',#11855,#11847,#11857,.T.);
#11855 = VERTEX_POINT('',#11856);
#11856 = CARTESIAN_POINT('',(730.,245.45454545454,140.));
#11857 = LINE('',#11858,#11859);
#11858 = CARTESIAN_POINT('',(730.,245.45454545454,140.));
#11859 = VECTOR('',#11860,1.);
#11860 = DIRECTION('',(-0.171230001042,-0.985231082916,0.));
#11861 = ORIENTED_EDGE('',*,*,#11862,.F.);
#11862 = EDGE_CURVE('',#11824,#11855,#11863,.T.);
#11863 = LINE('',#11864,#11865);
#11864 = CARTESIAN_POINT('',(560.,275.,140.));
#11865 = VECTOR('',#11866,1.);
#11866 = DIRECTION('',(0.985231082916,-0.171230001042,0.));
#11867 = PLANE('',#11868);
#11868 = AXIS2_PLACEMENT_3D('',#11869,#11870,#11871);
#11869 = CARTESIAN_POINT('',(560.,275.,140.));
#11870 = DIRECTION('',(0.,0.,1.));
#11871 = DIRECTION('',(0.985231082916,-0.171230001042,0.));
#11872 = ADVANCED_FACE('',(#11873),#11898,.T.);
#11873 = FACE_BOUND('',#11874,.T.);
#11874 = EDGE_LOOP('',(#11875,#11876,#11884,#11892));
#11875 = ORIENTED_EDGE('',*,*,#11854,.T.);
#11876 = ORIENTED_EDGE('',*,*,#11877,.T.);
#11877 = EDGE_CURVE('',#11847,#11878,#11880,.T.);
#11878 = VERTEX_POINT('',#11879);
#11879 = CARTESIAN_POINT('',(726.57539997917,225.74992379623,
    14.737205583712));
#11880 = LINE('',#11881,#11882);
#11881 = CARTESIAN_POINT('',(726.57539997917,225.74992379623,140.));
#11882 = VECTOR('',#11883,1.);
#11883 = DIRECTION('',(0.,0.,-1.));
#11884 = ORIENTED_EDGE('',*,*,#11885,.F.);
#11885 = EDGE_CURVE('',#11886,#11878,#11888,.T.);
#11886 = VERTEX_POINT('',#11887);
#11887 = CARTESIAN_POINT('',(730.,245.45454545454,14.737205583712));
#11888 = LINE('',#11889,#11890);
#11889 = CARTESIAN_POINT('',(730.,245.45454545454,14.737205583712));
#11890 = VECTOR('',#11891,1.);
#11891 = DIRECTION('',(-0.171230001042,-0.985231082916,0.));
#11892 = ORIENTED_EDGE('',*,*,#11893,.F.);
#11893 = EDGE_CURVE('',#11855,#11886,#11894,.T.);
#11894 = LINE('',#11895,#11896);
#11895 = CARTESIAN_POINT('',(730.,245.45454545454,140.));
#11896 = VECTOR('',#11897,1.);
#11897 = DIRECTION('',(0.,0.,-1.));
#11898 = PLANE('',#11899);
#11899 = AXIS2_PLACEMENT_3D('',#11900,#11901,#11902);
#11900 = CARTESIAN_POINT('',(730.,245.45454545454,140.));
#11901 = DIRECTION('',(0.985231082916,-0.171230001042,0.));
#11902 = DIRECTION('',(0.,0.,-1.));
#11903 = ADVANCED_FACE('',(#11904),#11920,.T.);
#11904 = FACE_BOUND('',#11905,.T.);
#11905 = EDGE_LOOP('',(#11906,#11907,#11913,#11914));
#11906 = ORIENTED_EDGE('',*,*,#11885,.T.);
#11907 = ORIENTED_EDGE('',*,*,#11908,.T.);
#11908 = EDGE_CURVE('',#11878,#11808,#11909,.T.);
#11909 = LINE('',#11910,#11911);
#11910 = CARTESIAN_POINT('',(726.57539997917,225.74992379623,
    14.737205583712));
#11911 = VECTOR('',#11912,1.);
#11912 = DIRECTION('',(-0.985231082916,0.171230001042,0.));
#11913 = ORIENTED_EDGE('',*,*,#11805,.F.);
#11914 = ORIENTED_EDGE('',*,*,#11915,.F.);
#11915 = EDGE_CURVE('',#11886,#11806,#11916,.T.);
#11916 = LINE('',#11917,#11918);
#11917 = CARTESIAN_POINT('',(730.,245.45454545454,14.737205583712));
#11918 = VECTOR('',#11919,1.);
#11919 = DIRECTION('',(-0.985231082916,0.171230001042,0.));
#11920 = PLANE('',#11921);
#11921 = AXIS2_PLACEMENT_3D('',#11922,#11923,#11924);
#11922 = CARTESIAN_POINT('',(730.,245.45454545454,14.737205583712));
#11923 = DIRECTION('',(-0.,0.,-1.));
#11924 = DIRECTION('',(-0.985231082916,0.171230001042,0.));
#11925 = ADVANCED_FACE('',(#11926),#11932,.T.);
#11926 = FACE_BOUND('',#11927,.T.);
#11927 = EDGE_LOOP('',(#11928,#11929,#11930,#11931));
#11928 = ORIENTED_EDGE('',*,*,#11831,.T.);
#11929 = ORIENTED_EDGE('',*,*,#11862,.T.);
#11930 = ORIENTED_EDGE('',*,*,#11893,.T.);
#11931 = ORIENTED_EDGE('',*,*,#11915,.T.);
#11932 = PLANE('',#11933);
#11933 = AXIS2_PLACEMENT_3D('',#11934,#11935,#11936);
#11934 = CARTESIAN_POINT('',(645.,260.22727272727,77.368602791856));
#11935 = DIRECTION('',(0.171230001042,0.985231082916,0.));
#11936 = DIRECTION('',(0.985231082916,-0.171230001042,0.));
#11937 = ADVANCED_FACE('',(#11938),#11944,.F.);
#11938 = FACE_BOUND('',#11939,.F.);
#11939 = EDGE_LOOP('',(#11940,#11941,#11942,#11943));
#11940 = ORIENTED_EDGE('',*,*,#11815,.T.);
#11941 = ORIENTED_EDGE('',*,*,#11846,.T.);
#11942 = ORIENTED_EDGE('',*,*,#11877,.T.);
#11943 = ORIENTED_EDGE('',*,*,#11908,.T.);
#11944 = PLANE('',#11945);
#11945 = AXIS2_PLACEMENT_3D('',#11946,#11947,#11948);
#11946 = CARTESIAN_POINT('',(641.57539997917,240.52265106895,
    77.368602791856));
#11947 = DIRECTION('',(0.171230001042,0.985231082916,0.));
#11948 = DIRECTION('',(0.985231082916,-0.171230001042,0.));
#11949 = ( GEOMETRIC_REPRESENTATION_CONTEXT(3) 
GLOBAL_UNCERTAINTY_ASSIGNED_CONTEXT((#11953)) 
GLOBAL_UNIT_ASSIGNED_CONTEXT((#11950,#11951,#11952)) 
REPRESENTATION_CONTEXT('Context #1',
  '3D Context with UNIT and UNCERTAINTY') );
#11950 = ( LENGTH_UNIT() NAMED_UNIT(*) SI_UNIT(.MILLI.,.METRE.) );
#11951 = ( NAMED_UNIT(*) PLANE_ANGLE_UNIT() SI_UNIT($,.RADIAN.) );
#11952 = ( NAMED_UNIT(*) SI_UNIT($,.STERADIAN.) SOLID_ANGLE_UNIT() );
#11953 = UNCERTAINTY_MEASURE_WITH_UNIT(LENGTH_MEASURE(1.E-07),#11950,
  'distance_accuracy_value','confusion accuracy');
#11954 = CONTEXT_DEPENDENT_SHAPE_REPRESENTATION(#11955,#11957);
#11955 = ( REPRESENTATION_RELATIONSHIP('','',#11798,#10) 
REPRESENTATION_RELATIONSHIP_WITH_TRANSFORMATION(#11956) 
SHAPE_REPRESENTATION_RELATIONSHIP() );
#11956 = ITEM_DEFINED_TRANSFORMATION('','',#11,#279);
#11957 = PRODUCT_DEFINITION_SHAPE('Placement','Placement of an item',
  #11958);
#11958 = NEXT_ASSEMBLY_USAGE_OCCURRENCE('67',
'CAT-STARBOARD-SIDE-STARBOARD-05 | SideStarboard | nominal plywood 20 
mm','',#5,#11793,$);
#11959 = PRODUCT_RELATED_PRODUCT_CATEGORY('part',$,(#11795));
#11960 = SHAPE_DEFINITION_REPRESENTATION(#11961,#11967);
#11961 = PRODUCT_DEFINITION_SHAPE('','',#11962);
#11962 = PRODUCT_DEFINITION('design','',#11963,#11966);
#11963 = PRODUCT_DEFINITION_FORMATION('','',#11964);
#11964 = PRODUCT(
  'CAT-STARBOARD-BOTTOM-06 | BottomFlat | nominal plywood 20 mm',
  'CAT-STARBOARD-BOTTOM-06 | BottomFlat | nominal plywood 20 mm','',(
    #11965));
#11965 = PRODUCT_CONTEXT('',#2,'mechanical');
#11966 = PRODUCT_DEFINITION_CONTEXT('part definition',#2,'design');
#11967 = ADVANCED_BREP_SHAPE_REPRESENTATION('',(#11,#11968),#12085);
#11968 = MANIFOLD_SOLID_BREP('',#11969);
#11969 = CLOSED_SHELL('',(#11970,#12010,#12041,#12063,#12074));
#11970 = ADVANCED_FACE('',(#11971),#12005,.F.);
#11971 = FACE_BOUND('',#11972,.F.);
#11972 = EDGE_LOOP('',(#11973,#11983,#11991,#11999));
#11973 = ORIENTED_EDGE('',*,*,#11974,.T.);
#11974 = EDGE_CURVE('',#11975,#11977,#11979,.T.);
#11975 = VERTEX_POINT('',#11976);
#11976 = CARTESIAN_POINT('',(730.,99.545454545455,0.));
#11977 = VERTEX_POINT('',#11978);
#11978 = CARTESIAN_POINT('',(730.,99.545454545455,20.));
#11979 = LINE('',#11980,#11981);
#11980 = CARTESIAN_POINT('',(730.,99.545454545455,0.));
#11981 = VECTOR('',#11982,1.);
#11982 = DIRECTION('',(0.,0.,1.));
#11983 = ORIENTED_EDGE('',*,*,#11984,.T.);
#11984 = EDGE_CURVE('',#11977,#11985,#11987,.T.);
#11985 = VERTEX_POINT('',#11986);
#11986 = CARTESIAN_POINT('',(900.,145.,20.));
#11987 = LINE('',#11988,#11989);
#11988 = CARTESIAN_POINT('',(730.,99.545454545455,20.));
#11989 = VECTOR('',#11990,1.);
#11990 = DIRECTION('',(0.966063236349,0.258305678168,0.));
#11991 = ORIENTED_EDGE('',*,*,#11992,.F.);
#11992 = EDGE_CURVE('',#11993,#11985,#11995,.T.);
#11993 = VERTEX_POINT('',#11994);
#11994 = CARTESIAN_POINT('',(900.,145.,0.));
#11995 = LINE('',#11996,#11997);
#11996 = CARTESIAN_POINT('',(900.,145.,0.));
#11997 = VECTOR('',#11998,1.);
#11998 = DIRECTION('',(0.,0.,1.));
#11999 = ORIENTED_EDGE('',*,*,#12000,.F.);
#12000 = EDGE_CURVE('',#11975,#11993,#12001,.T.);
#12001 = LINE('',#12002,#12003);
#12002 = CARTESIAN_POINT('',(730.,99.545454545455,0.));
#12003 = VECTOR('',#12004,1.);
#12004 = DIRECTION('',(0.966063236349,0.258305678168,0.));
#12005 = PLANE('',#12006);
#12006 = AXIS2_PLACEMENT_3D('',#12007,#12008,#12009);
#12007 = CARTESIAN_POINT('',(730.,99.545454545455,0.));
#12008 = DIRECTION('',(-0.258305678168,0.966063236349,0.));
#12009 = DIRECTION('',(0.966063236349,0.258305678168,0.));
#12010 = ADVANCED_FACE('',(#12011),#12036,.F.);
#12011 = FACE_BOUND('',#12012,.F.);
#12012 = EDGE_LOOP('',(#12013,#12014,#12022,#12030));
#12013 = ORIENTED_EDGE('',*,*,#11992,.T.);
#12014 = ORIENTED_EDGE('',*,*,#12015,.T.);
#12015 = EDGE_CURVE('',#11985,#12016,#12018,.T.);
#12016 = VERTEX_POINT('',#12017);
#12017 = CARTESIAN_POINT('',(730.,190.45454545454,20.));
#12018 = LINE('',#12019,#12020);
#12019 = CARTESIAN_POINT('',(900.,145.,20.));
#12020 = VECTOR('',#12021,1.);
#12021 = DIRECTION('',(-0.966063236349,0.258305678168,0.));
#12022 = ORIENTED_EDGE('',*,*,#12023,.F.);
#12023 = EDGE_CURVE('',#12024,#12016,#12026,.T.);
#12024 = VERTEX_POINT('',#12025);
#12025 = CARTESIAN_POINT('',(730.,190.45454545454,0.));
#12026 = LINE('',#12027,#12028);
#12027 = CARTESIAN_POINT('',(730.,190.45454545454,0.));
#12028 = VECTOR('',#12029,1.);
#12029 = DIRECTION('',(0.,0.,1.));
#12030 = ORIENTED_EDGE('',*,*,#12031,.F.);
#12031 = EDGE_CURVE('',#11993,#12024,#12032,.T.);
#12032 = LINE('',#12033,#12034);
#12033 = CARTESIAN_POINT('',(900.,145.,0.));
#12034 = VECTOR('',#12035,1.);
#12035 = DIRECTION('',(-0.966063236349,0.258305678168,0.));
#12036 = PLANE('',#12037);
#12037 = AXIS2_PLACEMENT_3D('',#12038,#12039,#12040);
#12038 = CARTESIAN_POINT('',(900.,145.,0.));
#12039 = DIRECTION('',(-0.258305678168,-0.966063236349,0.));
#12040 = DIRECTION('',(-0.966063236349,0.258305678168,0.));
#12041 = ADVANCED_FACE('',(#12042),#12058,.F.);
#12042 = FACE_BOUND('',#12043,.F.);
#12043 = EDGE_LOOP('',(#12044,#12045,#12051,#12052));
#12044 = ORIENTED_EDGE('',*,*,#12023,.T.);
#12045 = ORIENTED_EDGE('',*,*,#12046,.T.);
#12046 = EDGE_CURVE('',#12016,#11977,#12047,.T.);
#12047 = LINE('',#12048,#12049);
#12048 = CARTESIAN_POINT('',(730.,190.45454545454,20.));
#12049 = VECTOR('',#12050,1.);
#12050 = DIRECTION('',(0.,-1.,0.));
#12051 = ORIENTED_EDGE('',*,*,#11974,.F.);
#12052 = ORIENTED_EDGE('',*,*,#12053,.F.);
#12053 = EDGE_CURVE('',#12024,#11975,#12054,.T.);
#12054 = LINE('',#12055,#12056);
#12055 = CARTESIAN_POINT('',(730.,190.45454545454,0.));
#12056 = VECTOR('',#12057,1.);
#12057 = DIRECTION('',(0.,-1.,0.));
#12058 = PLANE('',#12059);
#12059 = AXIS2_PLACEMENT_3D('',#12060,#12061,#12062);
#12060 = CARTESIAN_POINT('',(730.,190.45454545454,0.));
#12061 = DIRECTION('',(1.,0.,-0.));
#12062 = DIRECTION('',(0.,-1.,0.));
#12063 = ADVANCED_FACE('',(#12064),#12069,.F.);
#12064 = FACE_BOUND('',#12065,.F.);
#12065 = EDGE_LOOP('',(#12066,#12067,#12068));
#12066 = ORIENTED_EDGE('',*,*,#12000,.T.);
#12067 = ORIENTED_EDGE('',*,*,#12031,.T.);
#12068 = ORIENTED_EDGE('',*,*,#12053,.T.);
#12069 = PLANE('',#12070);
#12070 = AXIS2_PLACEMENT_3D('',#12071,#12072,#12073);
#12071 = CARTESIAN_POINT('',(797.55115348738,145.,0.));
#12072 = DIRECTION('',(0.,0.,1.));
#12073 = DIRECTION('',(1.,0.,-0.));
#12074 = ADVANCED_FACE('',(#12075),#12080,.T.);
#12075 = FACE_BOUND('',#12076,.T.);
#12076 = EDGE_LOOP('',(#12077,#12078,#12079));
#12077 = ORIENTED_EDGE('',*,*,#11984,.T.);
#12078 = ORIENTED_EDGE('',*,*,#12015,.T.);
#12079 = ORIENTED_EDGE('',*,*,#12046,.T.);
#12080 = PLANE('',#12081);
#12081 = AXIS2_PLACEMENT_3D('',#12082,#12083,#12084);
#12082 = CARTESIAN_POINT('',(797.55115348738,145.,20.));
#12083 = DIRECTION('',(0.,0.,1.));
#12084 = DIRECTION('',(1.,0.,-0.));
#12085 = ( GEOMETRIC_REPRESENTATION_CONTEXT(3) 
GLOBAL_UNCERTAINTY_ASSIGNED_CONTEXT((#12089)) 
GLOBAL_UNIT_ASSIGNED_CONTEXT((#12086,#12087,#12088)) 
REPRESENTATION_CONTEXT('Context #1',
  '3D Context with UNIT and UNCERTAINTY') );
#12086 = ( LENGTH_UNIT() NAMED_UNIT(*) SI_UNIT(.MILLI.,.METRE.) );
#12087 = ( NAMED_UNIT(*) PLANE_ANGLE_UNIT() SI_UNIT($,.RADIAN.) );
#12088 = ( NAMED_UNIT(*) SI_UNIT($,.STERADIAN.) SOLID_ANGLE_UNIT() );
#12089 = UNCERTAINTY_MEASURE_WITH_UNIT(LENGTH_MEASURE(1.E-07),#12086,
  'distance_accuracy_value','confusion accuracy');
#12090 = CONTEXT_DEPENDENT_SHAPE_REPRESENTATION(#12091,#12093);
#12091 = ( REPRESENTATION_RELATIONSHIP('','',#11967,#10) 
REPRESENTATION_RELATIONSHIP_WITH_TRANSFORMATION(#12092) 
SHAPE_REPRESENTATION_RELATIONSHIP() );
#12092 = ITEM_DEFINED_TRANSFORMATION('','',#11,#283);
#12093 = PRODUCT_DEFINITION_SHAPE('Placement','Placement of an item',
  #12094);
#12094 = NEXT_ASSEMBLY_USAGE_OCCURRENCE('68',
  'CAT-STARBOARD-BOTTOM-06 | BottomFlat | nominal plywood 20 mm','',#5,
  #11962,$);
#12095 = PRODUCT_RELATED_PRODUCT_CATEGORY('part',$,(#11964));
#12096 = SHAPE_DEFINITION_REPRESENTATION(#12097,#12103);
#12097 = PRODUCT_DEFINITION_SHAPE('','',#12098);
#12098 = PRODUCT_DEFINITION('design','',#12099,#12102);
#12099 = PRODUCT_DEFINITION_FORMATION('','',#12100);
#12100 = PRODUCT(
  'CAT-STARBOARD-CHINE-PORT-06 | ChinePort | nominal plywood 20 mm',
  'CAT-STARBOARD-CHINE-PORT-06 | ChinePort | nominal plywood 20 mm','',(
    #12101));
#12101 = PRODUCT_CONTEXT('',#2,'mechanical');
#12102 = PRODUCT_DEFINITION_CONTEXT('part definition',#2,'design');
#12103 = ADVANCED_BREP_SHAPE_REPRESENTATION('',(#11,#12104),#12221);
#12104 = MANIFOLD_SOLID_BREP('',#12105);
#12105 = CLOSED_SHELL('',(#12106,#12146,#12177,#12199,#12210));
#12106 = ADVANCED_FACE('',(#12107),#12141,.T.);
#12107 = FACE_BOUND('',#12108,.T.);
#12108 = EDGE_LOOP('',(#12109,#12119,#12127,#12135));
#12109 = ORIENTED_EDGE('',*,*,#12110,.T.);
#12110 = EDGE_CURVE('',#12111,#12113,#12115,.T.);
#12111 = VERTEX_POINT('',#12112);
#12112 = CARTESIAN_POINT('',(730.,99.545454545455,0.));
#12113 = VERTEX_POINT('',#12114);
#12114 = CARTESIAN_POINT('',(728.61924324198,104.70948482045,
    19.272423358107));
#12115 = LINE('',#12116,#12117);
#12116 = CARTESIAN_POINT('',(730.,99.545454545455,0.));
#12117 = VECTOR('',#12118,1.);
#12118 = DIRECTION('',(-6.903783790101E-02,0.25820151375,0.963621167905)
  );
#12119 = ORIENTED_EDGE('',*,*,#12120,.T.);
#12120 = EDGE_CURVE('',#12113,#12121,#12123,.T.);
#12121 = VERTEX_POINT('',#12122);
#12122 = CARTESIAN_POINT('',(898.61924324198,150.16403027499,
    19.272423358107));
#12123 = LINE('',#12124,#12125);
#12124 = CARTESIAN_POINT('',(728.61924324198,104.70948482045,
    19.272423358107));
#12125 = VECTOR('',#12126,1.);
#12126 = DIRECTION('',(0.966063236349,0.258305678168,0.));
#12127 = ORIENTED_EDGE('',*,*,#12128,.F.);
#12128 = EDGE_CURVE('',#12129,#12121,#12131,.T.);
#12129 = VERTEX_POINT('',#12130);
#12130 = CARTESIAN_POINT('',(900.,145.,0.));
#12131 = LINE('',#12132,#12133);
#12132 = CARTESIAN_POINT('',(900.,145.,0.));
#12133 = VECTOR('',#12134,1.);
#12134 = DIRECTION('',(-6.903783790101E-02,0.25820151375,0.963621167905)
  );
#12135 = ORIENTED_EDGE('',*,*,#12136,.F.);
#12136 = EDGE_CURVE('',#12111,#12129,#12137,.T.);
#12137 = LINE('',#12138,#12139);
#12138 = CARTESIAN_POINT('',(730.,99.545454545455,0.));
#12139 = VECTOR('',#12140,1.);
#12140 = DIRECTION('',(0.966063236349,0.258305678168,0.));
#12141 = PLANE('',#12142);
#12142 = AXIS2_PLACEMENT_3D('',#12143,#12144,#12145);
#12143 = CARTESIAN_POINT('',(730.,99.545454545455,0.));
#12144 = DIRECTION('',(-0.248908819273,0.930918984082,-0.267271855542));
#12145 = DIRECTION('',(0.966063236349,0.258305678168,0.));
#12146 = ADVANCED_FACE('',(#12147),#12172,.T.);
#12147 = FACE_BOUND('',#12148,.T.);
#12148 = EDGE_LOOP('',(#12149,#12150,#12158,#12166));
#12149 = ORIENTED_EDGE('',*,*,#12128,.T.);
#12150 = ORIENTED_EDGE('',*,*,#12151,.T.);
#12151 = EDGE_CURVE('',#12121,#12152,#12154,.T.);
#12152 = VERTEX_POINT('',#12153);
#12153 = CARTESIAN_POINT('',(728.61924324198,49.70948482045,
    34.009628941819));
#12154 = LINE('',#12155,#12156);
#12155 = CARTESIAN_POINT('',(898.61924324198,150.16403027499,
    19.272423358107));
#12156 = VECTOR('',#12157,1.);
#12157 = DIRECTION('',(-0.858538766266,-0.507318361884,
    7.442624882379E-02));
#12158 = ORIENTED_EDGE('',*,*,#12159,.F.);
#12159 = EDGE_CURVE('',#12160,#12152,#12162,.T.);
#12160 = VERTEX_POINT('',#12161);
#12161 = CARTESIAN_POINT('',(730.,44.545454545455,14.737205583712));
#12162 = LINE('',#12163,#12164);
#12163 = CARTESIAN_POINT('',(730.,44.545454545455,14.737205583712));
#12164 = VECTOR('',#12165,1.);
#12165 = DIRECTION('',(-6.903783790101E-02,0.25820151375,0.963621167905)
  );
#12166 = ORIENTED_EDGE('',*,*,#12167,.F.);
#12167 = EDGE_CURVE('',#12129,#12160,#12168,.T.);
#12168 = LINE('',#12169,#12170);
#12169 = CARTESIAN_POINT('',(900.,145.,0.));
#12170 = VECTOR('',#12171,1.);
#12171 = DIRECTION('',(-0.858538766266,-0.507318361884,
    7.442624882379E-02));
#12172 = PLANE('',#12173);
#12173 = AXIS2_PLACEMENT_3D('',#12174,#12175,#12176);
#12174 = CARTESIAN_POINT('',(900.,145.,0.));
#12175 = DIRECTION('',(0.508079682488,-0.822167901339,0.256700171895));
#12176 = DIRECTION('',(-0.858538766266,-0.507318361884,
    7.442624882379E-02));
#12177 = ADVANCED_FACE('',(#12178),#12194,.T.);
#12178 = FACE_BOUND('',#12179,.T.);
#12179 = EDGE_LOOP('',(#12180,#12181,#12187,#12188));
#12180 = ORIENTED_EDGE('',*,*,#12159,.T.);
#12181 = ORIENTED_EDGE('',*,*,#12182,.T.);
#12182 = EDGE_CURVE('',#12152,#12113,#12183,.T.);
#12183 = LINE('',#12184,#12185);
#12184 = CARTESIAN_POINT('',(728.61924324198,49.70948482045,
    34.009628941819));
#12185 = VECTOR('',#12186,1.);
#12186 = DIRECTION('',(0.,0.965925826289,-0.258819045103));
#12187 = ORIENTED_EDGE('',*,*,#12110,.F.);
#12188 = ORIENTED_EDGE('',*,*,#12189,.F.);
#12189 = EDGE_CURVE('',#12160,#12111,#12190,.T.);
#12190 = LINE('',#12191,#12192);
#12191 = CARTESIAN_POINT('',(730.,44.545454545455,14.737205583712));
#12192 = VECTOR('',#12193,1.);
#12193 = DIRECTION('',(0.,0.965925826289,-0.258819045103));
#12194 = PLANE('',#12195);
#12195 = AXIS2_PLACEMENT_3D('',#12196,#12197,#12198);
#12196 = CARTESIAN_POINT('',(730.,44.545454545455,14.737205583712));
#12197 = DIRECTION('',(-0.997614042071,-1.786830728148E-02,
    -6.668543061974E-02));
#12198 = DIRECTION('',(3.469446951954E-18,0.965925826289,-0.258819045103
    ));
#12199 = ADVANCED_FACE('',(#12200),#12205,.T.);
#12200 = FACE_BOUND('',#12201,.T.);
#12201 = EDGE_LOOP('',(#12202,#12203,#12204));
#12202 = ORIENTED_EDGE('',*,*,#12136,.T.);
#12203 = ORIENTED_EDGE('',*,*,#12167,.T.);
#12204 = ORIENTED_EDGE('',*,*,#12189,.T.);
#12205 = PLANE('',#12206);
#12206 = AXIS2_PLACEMENT_3D('',#12207,#12208,#12209);
#12207 = CARTESIAN_POINT('',(803.76848879356,102.99956307857,
    4.359556493301));
#12208 = DIRECTION('',(6.903783790101E-02,-0.25820151375,-0.963621167905
    ));
#12209 = DIRECTION('',(0.,-0.965925826289,0.258819045103));
#12210 = ADVANCED_FACE('',(#12211),#12216,.F.);
#12211 = FACE_BOUND('',#12212,.F.);
#12212 = EDGE_LOOP('',(#12213,#12214,#12215));
#12213 = ORIENTED_EDGE('',*,*,#12120,.T.);
#12214 = ORIENTED_EDGE('',*,*,#12151,.T.);
#12215 = ORIENTED_EDGE('',*,*,#12182,.T.);
#12216 = PLANE('',#12217);
#12217 = AXIS2_PLACEMENT_3D('',#12218,#12219,#12220);
#12218 = CARTESIAN_POINT('',(802.38773203554,108.16359335357,
    23.631979851408));
#12219 = DIRECTION('',(6.903783790101E-02,-0.25820151375,-0.963621167905
    ));
#12220 = DIRECTION('',(0.,-0.965925826289,0.258819045103));
#12221 = ( GEOMETRIC_REPRESENTATION_CONTEXT(3) 
GLOBAL_UNCERTAINTY_ASSIGNED_CONTEXT((#12225)) 
GLOBAL_UNIT_ASSIGNED_CONTEXT((#12222,#12223,#12224)) 
REPRESENTATION_CONTEXT('Context #1',
  '3D Context with UNIT and UNCERTAINTY') );
#12222 = ( LENGTH_UNIT() NAMED_UNIT(*) SI_UNIT(.MILLI.,.METRE.) );
#12223 = ( NAMED_UNIT(*) PLANE_ANGLE_UNIT() SI_UNIT($,.RADIAN.) );
#12224 = ( NAMED_UNIT(*) SI_UNIT($,.STERADIAN.) SOLID_ANGLE_UNIT() );
#12225 = UNCERTAINTY_MEASURE_WITH_UNIT(LENGTH_MEASURE(1.E-07),#12222,
  'distance_accuracy_value','confusion accuracy');
#12226 = CONTEXT_DEPENDENT_SHAPE_REPRESENTATION(#12227,#12229);
#12227 = ( REPRESENTATION_RELATIONSHIP('','',#12103,#10) 
REPRESENTATION_RELATIONSHIP_WITH_TRANSFORMATION(#12228) 
SHAPE_REPRESENTATION_RELATIONSHIP() );
#12228 = ITEM_DEFINED_TRANSFORMATION('','',#11,#287);
#12229 = PRODUCT_DEFINITION_SHAPE('Placement','Placement of an item',
  #12230);
#12230 = NEXT_ASSEMBLY_USAGE_OCCURRENCE('69',
  'CAT-STARBOARD-CHINE-PORT-06 | ChinePort | nominal plywood 20 mm','',
  #5,#12098,$);
#12231 = PRODUCT_RELATED_PRODUCT_CATEGORY('part',$,(#12100));
#12232 = SHAPE_DEFINITION_REPRESENTATION(#12233,#12239);
#12233 = PRODUCT_DEFINITION_SHAPE('','',#12234);
#12234 = PRODUCT_DEFINITION('design','',#12235,#12238);
#12235 = PRODUCT_DEFINITION_FORMATION('','',#12236);
#12236 = PRODUCT(
'CAT-STARBOARD-CHINE-STARBOARD-06 | ChineStarboard | nominal plywood 20 
mm',
'CAT-STARBOARD-CHINE-STARBOARD-06 | ChineStarboard | nominal plywood 20 
mm','',(#12237));
#12237 = PRODUCT_CONTEXT('',#2,'mechanical');
#12238 = PRODUCT_DEFINITION_CONTEXT('part definition',#2,'design');
#12239 = ADVANCED_BREP_SHAPE_REPRESENTATION('',(#11,#12240),#12357);
#12240 = MANIFOLD_SOLID_BREP('',#12241);
#12241 = CLOSED_SHELL('',(#12242,#12282,#12313,#12335,#12346));
#12242 = ADVANCED_FACE('',(#12243),#12277,.T.);
#12243 = FACE_BOUND('',#12244,.T.);
#12244 = EDGE_LOOP('',(#12245,#12255,#12263,#12271));
#12245 = ORIENTED_EDGE('',*,*,#12246,.T.);
#12246 = EDGE_CURVE('',#12247,#12249,#12251,.T.);
#12247 = VERTEX_POINT('',#12248);
#12248 = CARTESIAN_POINT('',(730.,190.45454545454,0.));
#12249 = VERTEX_POINT('',#12250);
#12250 = CARTESIAN_POINT('',(728.61924324198,185.29051517955,
    19.272423358107));
#12251 = LINE('',#12252,#12253);
#12252 = CARTESIAN_POINT('',(730.,190.45454545454,0.));
#12253 = VECTOR('',#12254,1.);
#12254 = DIRECTION('',(-6.903783790101E-02,-0.25820151375,0.963621167905
    ));
#12255 = ORIENTED_EDGE('',*,*,#12256,.T.);
#12256 = EDGE_CURVE('',#12249,#12257,#12259,.T.);
#12257 = VERTEX_POINT('',#12258);
#12258 = CARTESIAN_POINT('',(728.61924324198,240.29051517955,
    34.009628941819));
#12259 = LINE('',#12260,#12261);
#12260 = CARTESIAN_POINT('',(728.61924324198,185.29051517955,
    19.272423358107));
#12261 = VECTOR('',#12262,1.);
#12262 = DIRECTION('',(0.,0.965925826289,0.258819045103));
#12263 = ORIENTED_EDGE('',*,*,#12264,.F.);
#12264 = EDGE_CURVE('',#12265,#12257,#12267,.T.);
#12265 = VERTEX_POINT('',#12266);
#12266 = CARTESIAN_POINT('',(730.,245.45454545454,14.737205583712));
#12267 = LINE('',#12268,#12269);
#12268 = CARTESIAN_POINT('',(730.,245.45454545454,14.737205583712));
#12269 = VECTOR('',#12270,1.);
#12270 = DIRECTION('',(-6.903783790101E-02,-0.25820151375,0.963621167905
    ));
#12271 = ORIENTED_EDGE('',*,*,#12272,.F.);
#12272 = EDGE_CURVE('',#12247,#12265,#12273,.T.);
#12273 = LINE('',#12274,#12275);
#12274 = CARTESIAN_POINT('',(730.,190.45454545454,0.));
#12275 = VECTOR('',#12276,1.);
#12276 = DIRECTION('',(0.,0.965925826289,0.258819045103));
#12277 = PLANE('',#12278);
#12278 = AXIS2_PLACEMENT_3D('',#12279,#12280,#12281);
#12279 = CARTESIAN_POINT('',(730.,190.45454545454,0.));
#12280 = DIRECTION('',(-0.997614042071,1.786830728148E-02,
    -6.668543061974E-02));
#12281 = DIRECTION('',(-3.469446951954E-18,0.965925826289,0.258819045103
    ));
#12282 = ADVANCED_FACE('',(#12283),#12308,.T.);
#12283 = FACE_BOUND('',#12284,.T.);
#12284 = EDGE_LOOP('',(#12285,#12286,#12294,#12302));
#12285 = ORIENTED_EDGE('',*,*,#12264,.T.);
#12286 = ORIENTED_EDGE('',*,*,#12287,.T.);
#12287 = EDGE_CURVE('',#12257,#12288,#12290,.T.);
#12288 = VERTEX_POINT('',#12289);
#12289 = CARTESIAN_POINT('',(898.61924324198,139.835969725,
    19.272423358107));
#12290 = LINE('',#12291,#12292);
#12291 = CARTESIAN_POINT('',(728.61924324198,240.29051517955,
    34.009628941819));
#12292 = VECTOR('',#12293,1.);
#12293 = DIRECTION('',(0.858538766266,-0.507318361884,
    -7.442624882379E-02));
#12294 = ORIENTED_EDGE('',*,*,#12295,.F.);
#12295 = EDGE_CURVE('',#12296,#12288,#12298,.T.);
#12296 = VERTEX_POINT('',#12297);
#12297 = CARTESIAN_POINT('',(900.,145.,0.));
#12298 = LINE('',#12299,#12300);
#12299 = CARTESIAN_POINT('',(900.,145.,0.));
#12300 = VECTOR('',#12301,1.);
#12301 = DIRECTION('',(-6.903783790101E-02,-0.25820151375,0.963621167905
    ));
#12302 = ORIENTED_EDGE('',*,*,#12303,.F.);
#12303 = EDGE_CURVE('',#12265,#12296,#12304,.T.);
#12304 = LINE('',#12305,#12306);
#12305 = CARTESIAN_POINT('',(730.,245.45454545454,14.737205583712));
#12306 = VECTOR('',#12307,1.);
#12307 = DIRECTION('',(0.858538766266,-0.507318361884,
    -7.442624882379E-02));
#12308 = PLANE('',#12309);
#12309 = AXIS2_PLACEMENT_3D('',#12310,#12311,#12312);
#12310 = CARTESIAN_POINT('',(730.,245.45454545454,14.737205583712));
#12311 = DIRECTION('',(0.508079682488,0.822167901339,0.256700171895));
#12312 = DIRECTION('',(0.858538766266,-0.507318361884,
    -7.442624882379E-02));
#12313 = ADVANCED_FACE('',(#12314),#12330,.T.);
#12314 = FACE_BOUND('',#12315,.T.);
#12315 = EDGE_LOOP('',(#12316,#12317,#12323,#12324));
#12316 = ORIENTED_EDGE('',*,*,#12295,.T.);
#12317 = ORIENTED_EDGE('',*,*,#12318,.T.);
#12318 = EDGE_CURVE('',#12288,#12249,#12319,.T.);
#12319 = LINE('',#12320,#12321);
#12320 = CARTESIAN_POINT('',(898.61924324198,139.835969725,
    19.272423358107));
#12321 = VECTOR('',#12322,1.);
#12322 = DIRECTION('',(-0.966063236349,0.258305678168,0.));
#12323 = ORIENTED_EDGE('',*,*,#12246,.F.);
#12324 = ORIENTED_EDGE('',*,*,#12325,.F.);
#12325 = EDGE_CURVE('',#12296,#12247,#12326,.T.);
#12326 = LINE('',#12327,#12328);
#12327 = CARTESIAN_POINT('',(900.,145.,0.));
#12328 = VECTOR('',#12329,1.);
#12329 = DIRECTION('',(-0.966063236349,0.258305678168,0.));
#12330 = PLANE('',#12331);
#12331 = AXIS2_PLACEMENT_3D('',#12332,#12333,#12334);
#12332 = CARTESIAN_POINT('',(900.,145.,0.));
#12333 = DIRECTION('',(-0.248908819273,-0.930918984082,-0.267271855542)
  );
#12334 = DIRECTION('',(-0.966063236349,0.258305678168,0.));
#12335 = ADVANCED_FACE('',(#12336),#12341,.T.);
#12336 = FACE_BOUND('',#12337,.T.);
#12337 = EDGE_LOOP('',(#12338,#12339,#12340));
#12338 = ORIENTED_EDGE('',*,*,#12272,.T.);
#12339 = ORIENTED_EDGE('',*,*,#12303,.T.);
#12340 = ORIENTED_EDGE('',*,*,#12325,.T.);
#12341 = PLANE('',#12342);
#12342 = AXIS2_PLACEMENT_3D('',#12343,#12344,#12345);
#12343 = CARTESIAN_POINT('',(803.76848879356,187.00043692142,
    4.359556493301));
#12344 = DIRECTION('',(6.903783790101E-02,0.25820151375,-0.963621167905)
  );
#12345 = DIRECTION('',(-3.469446951954E-18,-0.965925826289,
    -0.258819045103));
#12346 = ADVANCED_FACE('',(#12347),#12352,.F.);
#12347 = FACE_BOUND('',#12348,.F.);
#12348 = EDGE_LOOP('',(#12349,#12350,#12351));
#12349 = ORIENTED_EDGE('',*,*,#12256,.T.);
#12350 = ORIENTED_EDGE('',*,*,#12287,.T.);
#12351 = ORIENTED_EDGE('',*,*,#12318,.T.);
#12352 = PLANE('',#12353);
#12353 = AXIS2_PLACEMENT_3D('',#12354,#12355,#12356);
#12354 = CARTESIAN_POINT('',(802.38773203554,181.83640664642,
    23.631979851408));
#12355 = DIRECTION('',(6.903783790101E-02,0.25820151375,-0.963621167905)
  );
#12356 = DIRECTION('',(-3.469446951954E-18,-0.965925826289,
    -0.258819045103));
#12357 = ( GEOMETRIC_REPRESENTATION_CONTEXT(3) 
GLOBAL_UNCERTAINTY_ASSIGNED_CONTEXT((#12361)) 
GLOBAL_UNIT_ASSIGNED_CONTEXT((#12358,#12359,#12360)) 
REPRESENTATION_CONTEXT('Context #1',
  '3D Context with UNIT and UNCERTAINTY') );
#12358 = ( LENGTH_UNIT() NAMED_UNIT(*) SI_UNIT(.MILLI.,.METRE.) );
#12359 = ( NAMED_UNIT(*) PLANE_ANGLE_UNIT() SI_UNIT($,.RADIAN.) );
#12360 = ( NAMED_UNIT(*) SI_UNIT($,.STERADIAN.) SOLID_ANGLE_UNIT() );
#12361 = UNCERTAINTY_MEASURE_WITH_UNIT(LENGTH_MEASURE(1.E-07),#12358,
  'distance_accuracy_value','confusion accuracy');
#12362 = CONTEXT_DEPENDENT_SHAPE_REPRESENTATION(#12363,#12365);
#12363 = ( REPRESENTATION_RELATIONSHIP('','',#12239,#10) 
REPRESENTATION_RELATIONSHIP_WITH_TRANSFORMATION(#12364) 
SHAPE_REPRESENTATION_RELATIONSHIP() );
#12364 = ITEM_DEFINED_TRANSFORMATION('','',#11,#291);
#12365 = PRODUCT_DEFINITION_SHAPE('Placement','Placement of an item',
  #12366);
#12366 = NEXT_ASSEMBLY_USAGE_OCCURRENCE('70',
'CAT-STARBOARD-CHINE-STARBOARD-06 | ChineStarboard | nominal plywood 20 
mm','',#5,#12234,$);
#12367 = PRODUCT_RELATED_PRODUCT_CATEGORY('part',$,(#12236));
#12368 = SHAPE_DEFINITION_REPRESENTATION(#12369,#12375);
#12369 = PRODUCT_DEFINITION_SHAPE('','',#12370);
#12370 = PRODUCT_DEFINITION('design','',#12371,#12374);
#12371 = PRODUCT_DEFINITION_FORMATION('','',#12372);
#12372 = PRODUCT(
  'CAT-STARBOARD-SIDE-PORT-06 | SidePort | nominal plywood 20 mm',
  'CAT-STARBOARD-SIDE-PORT-06 | SidePort | nominal plywood 20 mm','',(
    #12373));
#12373 = PRODUCT_CONTEXT('',#2,'mechanical');
#12374 = PRODUCT_DEFINITION_CONTEXT('part definition',#2,'design');
#12375 = ADVANCED_BREP_SHAPE_REPRESENTATION('',(#11,#12376),#12526);
#12376 = MANIFOLD_SOLID_BREP('',#12377);
#12377 = CLOSED_SHELL('',(#12378,#12418,#12449,#12480,#12502,#12514));
#12378 = ADVANCED_FACE('',(#12379),#12413,.T.);
#12379 = FACE_BOUND('',#12380,.T.);
#12380 = EDGE_LOOP('',(#12381,#12391,#12399,#12407));
#12381 = ORIENTED_EDGE('',*,*,#12382,.T.);
#12382 = EDGE_CURVE('',#12383,#12385,#12387,.T.);
#12383 = VERTEX_POINT('',#12384);
#12384 = CARTESIAN_POINT('',(730.,44.545454545455,14.737205583712));
#12385 = VERTEX_POINT('',#12386);
#12386 = CARTESIAN_POINT('',(719.82541375746,61.763985109741,
    14.737205583712));
#12387 = LINE('',#12388,#12389);
#12388 = CARTESIAN_POINT('',(730.,44.545454545455,14.737205583712));
#12389 = VECTOR('',#12390,1.);
#12390 = DIRECTION('',(-0.508729312127,0.860926528214,-0.));
#12391 = ORIENTED_EDGE('',*,*,#12392,.T.);
#12392 = EDGE_CURVE('',#12385,#12393,#12395,.T.);
#12393 = VERTEX_POINT('',#12394);
#12394 = CARTESIAN_POINT('',(889.82541375746,162.21853056428,0.));
#12395 = LINE('',#12396,#12397);
#12396 = CARTESIAN_POINT('',(719.82541375746,61.763985109741,
    14.737205583712));
#12397 = VECTOR('',#12398,1.);
#12398 = DIRECTION('',(0.858538766266,0.507318361884,-7.442624882379E-02
    ));
#12399 = ORIENTED_EDGE('',*,*,#12400,.F.);
#12400 = EDGE_CURVE('',#12401,#12393,#12403,.T.);
#12401 = VERTEX_POINT('',#12402);
#12402 = CARTESIAN_POINT('',(900.,145.,0.));
#12403 = LINE('',#12404,#12405);
#12404 = CARTESIAN_POINT('',(900.,145.,0.));
#12405 = VECTOR('',#12406,1.);
#12406 = DIRECTION('',(-0.508729312127,0.860926528214,-0.));
#12407 = ORIENTED_EDGE('',*,*,#12408,.F.);
#12408 = EDGE_CURVE('',#12383,#12401,#12409,.T.);
#12409 = LINE('',#12410,#12411);
#12410 = CARTESIAN_POINT('',(730.,44.545454545455,14.737205583712));
#12411 = VECTOR('',#12412,1.);
#12412 = DIRECTION('',(0.858538766266,0.507318361884,-7.442624882379E-02
    ));
#12413 = PLANE('',#12414);
#12414 = AXIS2_PLACEMENT_3D('',#12415,#12416,#12417);
#12415 = CARTESIAN_POINT('',(730.,44.545454545455,14.737205583712));
#12416 = DIRECTION('',(-6.407553200788E-02,-3.786281436829E-02,
    -0.997226520649));
#12417 = DIRECTION('',(0.858538766266,0.507318361884,-7.442624882379E-02
    ));
#12418 = ADVANCED_FACE('',(#12419),#12444,.T.);
#12419 = FACE_BOUND('',#12420,.T.);
#12420 = EDGE_LOOP('',(#12421,#12422,#12430,#12438));
#12421 = ORIENTED_EDGE('',*,*,#12400,.T.);
#12422 = ORIENTED_EDGE('',*,*,#12423,.T.);
#12423 = EDGE_CURVE('',#12393,#12424,#12426,.T.);
#12424 = VERTEX_POINT('',#12425);
#12425 = CARTESIAN_POINT('',(889.82541375746,162.21853056428,140.));
#12426 = LINE('',#12427,#12428);
#12427 = CARTESIAN_POINT('',(889.82541375746,162.21853056428,0.));
#12428 = VECTOR('',#12429,1.);
#12429 = DIRECTION('',(0.,0.,1.));
#12430 = ORIENTED_EDGE('',*,*,#12431,.F.);
#12431 = EDGE_CURVE('',#12432,#12424,#12434,.T.);
#12432 = VERTEX_POINT('',#12433);
#12433 = CARTESIAN_POINT('',(900.,145.,140.));
#12434 = LINE('',#12435,#12436);
#12435 = CARTESIAN_POINT('',(900.,145.,140.));
#12436 = VECTOR('',#12437,1.);
#12437 = DIRECTION('',(-0.508729312127,0.860926528214,-0.));
#12438 = ORIENTED_EDGE('',*,*,#12439,.F.);
#12439 = EDGE_CURVE('',#12401,#12432,#12440,.T.);
#12440 = LINE('',#12441,#12442);
#12441 = CARTESIAN_POINT('',(900.,145.,0.));
#12442 = VECTOR('',#12443,1.);
#12443 = DIRECTION('',(0.,0.,1.));
#12444 = PLANE('',#12445);
#12445 = AXIS2_PLACEMENT_3D('',#12446,#12447,#12448);
#12446 = CARTESIAN_POINT('',(900.,145.,0.));
#12447 = DIRECTION('',(0.860926528214,0.508729312127,-0.));
#12448 = DIRECTION('',(0.,0.,1.));
#12449 = ADVANCED_FACE('',(#12450),#12475,.T.);
#12450 = FACE_BOUND('',#12451,.T.);
#12451 = EDGE_LOOP('',(#12452,#12453,#12461,#12469));
#12452 = ORIENTED_EDGE('',*,*,#12431,.T.);
#12453 = ORIENTED_EDGE('',*,*,#12454,.T.);
#12454 = EDGE_CURVE('',#12424,#12455,#12457,.T.);
#12455 = VERTEX_POINT('',#12456);
#12456 = CARTESIAN_POINT('',(719.82541375746,61.763985109741,140.));
#12457 = LINE('',#12458,#12459);
#12458 = CARTESIAN_POINT('',(889.82541375746,162.21853056428,140.));
#12459 = VECTOR('',#12460,1.);
#12460 = DIRECTION('',(-0.860926528214,-0.508729312127,0.));
#12461 = ORIENTED_EDGE('',*,*,#12462,.F.);
#12462 = EDGE_CURVE('',#12463,#12455,#12465,.T.);
#12463 = VERTEX_POINT('',#12464);
#12464 = CARTESIAN_POINT('',(730.,44.545454545455,140.));
#12465 = LINE('',#12466,#12467);
#12466 = CARTESIAN_POINT('',(730.,44.545454545455,140.));
#12467 = VECTOR('',#12468,1.);
#12468 = DIRECTION('',(-0.508729312127,0.860926528214,-0.));
#12469 = ORIENTED_EDGE('',*,*,#12470,.F.);
#12470 = EDGE_CURVE('',#12432,#12463,#12471,.T.);
#12471 = LINE('',#12472,#12473);
#12472 = CARTESIAN_POINT('',(900.,145.,140.));
#12473 = VECTOR('',#12474,1.);
#12474 = DIRECTION('',(-0.860926528214,-0.508729312127,0.));
#12475 = PLANE('',#12476);
#12476 = AXIS2_PLACEMENT_3D('',#12477,#12478,#12479);
#12477 = CARTESIAN_POINT('',(900.,145.,140.));
#12478 = DIRECTION('',(0.,0.,1.));
#12479 = DIRECTION('',(-0.860926528214,-0.508729312127,0.));
#12480 = ADVANCED_FACE('',(#12481),#12497,.T.);
#12481 = FACE_BOUND('',#12482,.T.);
#12482 = EDGE_LOOP('',(#12483,#12484,#12490,#12491));
#12483 = ORIENTED_EDGE('',*,*,#12462,.T.);
#12484 = ORIENTED_EDGE('',*,*,#12485,.T.);
#12485 = EDGE_CURVE('',#12455,#12385,#12486,.T.);
#12486 = LINE('',#12487,#12488);
#12487 = CARTESIAN_POINT('',(719.82541375746,61.763985109741,140.));
#12488 = VECTOR('',#12489,1.);
#12489 = DIRECTION('',(0.,0.,-1.));
#12490 = ORIENTED_EDGE('',*,*,#12382,.F.);
#12491 = ORIENTED_EDGE('',*,*,#12492,.F.);
#12492 = EDGE_CURVE('',#12463,#12383,#12493,.T.);
#12493 = LINE('',#12494,#12495);
#12494 = CARTESIAN_POINT('',(730.,44.545454545455,140.));
#12495 = VECTOR('',#12496,1.);
#12496 = DIRECTION('',(0.,0.,-1.));
#12497 = PLANE('',#12498);
#12498 = AXIS2_PLACEMENT_3D('',#12499,#12500,#12501);
#12499 = CARTESIAN_POINT('',(730.,44.545454545455,140.));
#12500 = DIRECTION('',(-0.860926528214,-0.508729312127,-0.));
#12501 = DIRECTION('',(0.,0.,-1.));
#12502 = ADVANCED_FACE('',(#12503),#12509,.T.);
#12503 = FACE_BOUND('',#12504,.T.);
#12504 = EDGE_LOOP('',(#12505,#12506,#12507,#12508));
#12505 = ORIENTED_EDGE('',*,*,#12408,.T.);
#12506 = ORIENTED_EDGE('',*,*,#12439,.T.);
#12507 = ORIENTED_EDGE('',*,*,#12470,.T.);
#12508 = ORIENTED_EDGE('',*,*,#12492,.T.);
#12509 = PLANE('',#12510);
#12510 = AXIS2_PLACEMENT_3D('',#12511,#12512,#12513);
#12511 = CARTESIAN_POINT('',(816.89586117937,95.893008878721,
    73.547006637622));
#12512 = DIRECTION('',(0.508729312127,-0.860926528214,-0.));
#12513 = DIRECTION('',(-0.860926528214,-0.508729312127,0.));
#12514 = ADVANCED_FACE('',(#12515),#12521,.F.);
#12515 = FACE_BOUND('',#12516,.F.);
#12516 = EDGE_LOOP('',(#12517,#12518,#12519,#12520));
#12517 = ORIENTED_EDGE('',*,*,#12392,.T.);
#12518 = ORIENTED_EDGE('',*,*,#12423,.T.);
#12519 = ORIENTED_EDGE('',*,*,#12454,.T.);
#12520 = ORIENTED_EDGE('',*,*,#12485,.T.);
#12521 = PLANE('',#12522);
#12522 = AXIS2_PLACEMENT_3D('',#12523,#12524,#12525);
#12523 = CARTESIAN_POINT('',(806.72127493684,113.111539443,
    73.547006637622));
#12524 = DIRECTION('',(0.508729312127,-0.860926528214,-0.));
#12525 = DIRECTION('',(-0.860926528214,-0.508729312127,0.));
#12526 = ( GEOMETRIC_REPRESENTATION_CONTEXT(3) 
GLOBAL_UNCERTAINTY_ASSIGNED_CONTEXT((#12530)) 
GLOBAL_UNIT_ASSIGNED_CONTEXT((#12527,#12528,#12529)) 
REPRESENTATION_CONTEXT('Context #1',
  '3D Context with UNIT and UNCERTAINTY') );
#12527 = ( LENGTH_UNIT() NAMED_UNIT(*) SI_UNIT(.MILLI.,.METRE.) );
#12528 = ( NAMED_UNIT(*) PLANE_ANGLE_UNIT() SI_UNIT($,.RADIAN.) );
#12529 = ( NAMED_UNIT(*) SI_UNIT($,.STERADIAN.) SOLID_ANGLE_UNIT() );
#12530 = UNCERTAINTY_MEASURE_WITH_UNIT(LENGTH_MEASURE(1.E-07),#12527,
  'distance_accuracy_value','confusion accuracy');
#12531 = CONTEXT_DEPENDENT_SHAPE_REPRESENTATION(#12532,#12534);
#12532 = ( REPRESENTATION_RELATIONSHIP('','',#12375,#10) 
REPRESENTATION_RELATIONSHIP_WITH_TRANSFORMATION(#12533) 
SHAPE_REPRESENTATION_RELATIONSHIP() );
#12533 = ITEM_DEFINED_TRANSFORMATION('','',#11,#295);
#12534 = PRODUCT_DEFINITION_SHAPE('Placement','Placement of an item',
  #12535);
#12535 = NEXT_ASSEMBLY_USAGE_OCCURRENCE('71',
  'CAT-STARBOARD-SIDE-PORT-06 | SidePort | nominal plywood 20 mm','',#5,
  #12370,$);
#12536 = PRODUCT_RELATED_PRODUCT_CATEGORY('part',$,(#12372));
#12537 = SHAPE_DEFINITION_REPRESENTATION(#12538,#12544);
#12538 = PRODUCT_DEFINITION_SHAPE('','',#12539);
#12539 = PRODUCT_DEFINITION('design','',#12540,#12543);
#12540 = PRODUCT_DEFINITION_FORMATION('','',#12541);
#12541 = PRODUCT(
'CAT-STARBOARD-SIDE-STARBOARD-06 | SideStarboard | nominal plywood 20 
mm',
'CAT-STARBOARD-SIDE-STARBOARD-06 | SideStarboard | nominal plywood 20 
mm','',(#12542));
#12542 = PRODUCT_CONTEXT('',#2,'mechanical');
#12543 = PRODUCT_DEFINITION_CONTEXT('part definition',#2,'design');
#12544 = ADVANCED_BREP_SHAPE_REPRESENTATION('',(#11,#12545),#12695);
#12545 = MANIFOLD_SOLID_BREP('',#12546);
#12546 = CLOSED_SHELL('',(#12547,#12587,#12618,#12649,#12671,#12683));
#12547 = ADVANCED_FACE('',(#12548),#12582,.T.);
#12548 = FACE_BOUND('',#12549,.T.);
#12549 = EDGE_LOOP('',(#12550,#12560,#12568,#12576));
#12550 = ORIENTED_EDGE('',*,*,#12551,.T.);
#12551 = EDGE_CURVE('',#12552,#12554,#12556,.T.);
#12552 = VERTEX_POINT('',#12553);
#12553 = CARTESIAN_POINT('',(730.,245.45454545454,14.737205583712));
#12554 = VERTEX_POINT('',#12555);
#12555 = CARTESIAN_POINT('',(719.82541375746,228.23601489025,
    14.737205583712));
#12556 = LINE('',#12557,#12558);
#12557 = CARTESIAN_POINT('',(730.,245.45454545454,14.737205583712));
#12558 = VECTOR('',#12559,1.);
#12559 = DIRECTION('',(-0.508729312127,-0.860926528214,0.));
#12560 = ORIENTED_EDGE('',*,*,#12561,.T.);
#12561 = EDGE_CURVE('',#12554,#12562,#12564,.T.);
#12562 = VERTEX_POINT('',#12563);
#12563 = CARTESIAN_POINT('',(719.82541375746,228.23601489025,140.));
#12564 = LINE('',#12565,#12566);
#12565 = CARTESIAN_POINT('',(719.82541375746,228.23601489025,
    14.737205583712));
#12566 = VECTOR('',#12567,1.);
#12567 = DIRECTION('',(0.,0.,1.));
#12568 = ORIENTED_EDGE('',*,*,#12569,.F.);
#12569 = EDGE_CURVE('',#12570,#12562,#12572,.T.);
#12570 = VERTEX_POINT('',#12571);
#12571 = CARTESIAN_POINT('',(730.,245.45454545454,140.));
#12572 = LINE('',#12573,#12574);
#12573 = CARTESIAN_POINT('',(730.,245.45454545454,140.));
#12574 = VECTOR('',#12575,1.);
#12575 = DIRECTION('',(-0.508729312127,-0.860926528214,0.));
#12576 = ORIENTED_EDGE('',*,*,#12577,.F.);
#12577 = EDGE_CURVE('',#12552,#12570,#12578,.T.);
#12578 = LINE('',#12579,#12580);
#12579 = CARTESIAN_POINT('',(730.,245.45454545454,14.737205583712));
#12580 = VECTOR('',#12581,1.);
#12581 = DIRECTION('',(0.,0.,1.));
#12582 = PLANE('',#12583);
#12583 = AXIS2_PLACEMENT_3D('',#12584,#12585,#12586);
#12584 = CARTESIAN_POINT('',(730.,245.45454545454,14.737205583712));
#12585 = DIRECTION('',(-0.860926528214,0.508729312127,0.));
#12586 = DIRECTION('',(0.,0.,1.));
#12587 = ADVANCED_FACE('',(#12588),#12613,.T.);
#12588 = FACE_BOUND('',#12589,.T.);
#12589 = EDGE_LOOP('',(#12590,#12591,#12599,#12607));
#12590 = ORIENTED_EDGE('',*,*,#12569,.T.);
#12591 = ORIENTED_EDGE('',*,*,#12592,.T.);
#12592 = EDGE_CURVE('',#12562,#12593,#12595,.T.);
#12593 = VERTEX_POINT('',#12594);
#12594 = CARTESIAN_POINT('',(889.82541375746,127.78146943571,140.));
#12595 = LINE('',#12596,#12597);
#12596 = CARTESIAN_POINT('',(719.82541375746,228.23601489025,140.));
#12597 = VECTOR('',#12598,1.);
#12598 = DIRECTION('',(0.860926528214,-0.508729312127,0.));
#12599 = ORIENTED_EDGE('',*,*,#12600,.F.);
#12600 = EDGE_CURVE('',#12601,#12593,#12603,.T.);
#12601 = VERTEX_POINT('',#12602);
#12602 = CARTESIAN_POINT('',(900.,145.,140.));
#12603 = LINE('',#12604,#12605);
#12604 = CARTESIAN_POINT('',(900.,145.,140.));
#12605 = VECTOR('',#12606,1.);
#12606 = DIRECTION('',(-0.508729312127,-0.860926528214,0.));
#12607 = ORIENTED_EDGE('',*,*,#12608,.F.);
#12608 = EDGE_CURVE('',#12570,#12601,#12609,.T.);
#12609 = LINE('',#12610,#12611);
#12610 = CARTESIAN_POINT('',(730.,245.45454545454,140.));
#12611 = VECTOR('',#12612,1.);
#12612 = DIRECTION('',(0.860926528214,-0.508729312127,0.));
#12613 = PLANE('',#12614);
#12614 = AXIS2_PLACEMENT_3D('',#12615,#12616,#12617);
#12615 = CARTESIAN_POINT('',(730.,245.45454545454,140.));
#12616 = DIRECTION('',(0.,0.,1.));
#12617 = DIRECTION('',(0.860926528214,-0.508729312127,0.));
#12618 = ADVANCED_FACE('',(#12619),#12644,.T.);
#12619 = FACE_BOUND('',#12620,.T.);
#12620 = EDGE_LOOP('',(#12621,#12622,#12630,#12638));
#12621 = ORIENTED_EDGE('',*,*,#12600,.T.);
#12622 = ORIENTED_EDGE('',*,*,#12623,.T.);
#12623 = EDGE_CURVE('',#12593,#12624,#12626,.T.);
#12624 = VERTEX_POINT('',#12625);
#12625 = CARTESIAN_POINT('',(889.82541375746,127.78146943571,0.));
#12626 = LINE('',#12627,#12628);
#12627 = CARTESIAN_POINT('',(889.82541375746,127.78146943571,140.));
#12628 = VECTOR('',#12629,1.);
#12629 = DIRECTION('',(0.,0.,-1.));
#12630 = ORIENTED_EDGE('',*,*,#12631,.F.);
#12631 = EDGE_CURVE('',#12632,#12624,#12634,.T.);
#12632 = VERTEX_POINT('',#12633);
#12633 = CARTESIAN_POINT('',(900.,145.,0.));
#12634 = LINE('',#12635,#12636);
#12635 = CARTESIAN_POINT('',(900.,145.,0.));
#12636 = VECTOR('',#12637,1.);
#12637 = DIRECTION('',(-0.508729312127,-0.860926528214,0.));
#12638 = ORIENTED_EDGE('',*,*,#12639,.F.);
#12639 = EDGE_CURVE('',#12601,#12632,#12640,.T.);
#12640 = LINE('',#12641,#12642);
#12641 = CARTESIAN_POINT('',(900.,145.,140.));
#12642 = VECTOR('',#12643,1.);
#12643 = DIRECTION('',(0.,0.,-1.));
#12644 = PLANE('',#12645);
#12645 = AXIS2_PLACEMENT_3D('',#12646,#12647,#12648);
#12646 = CARTESIAN_POINT('',(900.,145.,140.));
#12647 = DIRECTION('',(0.860926528214,-0.508729312127,0.));
#12648 = DIRECTION('',(0.,0.,-1.));
#12649 = ADVANCED_FACE('',(#12650),#12666,.T.);
#12650 = FACE_BOUND('',#12651,.T.);
#12651 = EDGE_LOOP('',(#12652,#12653,#12659,#12660));
#12652 = ORIENTED_EDGE('',*,*,#12631,.T.);
#12653 = ORIENTED_EDGE('',*,*,#12654,.T.);
#12654 = EDGE_CURVE('',#12624,#12554,#12655,.T.);
#12655 = LINE('',#12656,#12657);
#12656 = CARTESIAN_POINT('',(889.82541375746,127.78146943571,0.));
#12657 = VECTOR('',#12658,1.);
#12658 = DIRECTION('',(-0.858538766266,0.507318361884,7.442624882379E-02
    ));
#12659 = ORIENTED_EDGE('',*,*,#12551,.F.);
#12660 = ORIENTED_EDGE('',*,*,#12661,.F.);
#12661 = EDGE_CURVE('',#12632,#12552,#12662,.T.);
#12662 = LINE('',#12663,#12664);
#12663 = CARTESIAN_POINT('',(900.,145.,0.));
#12664 = VECTOR('',#12665,1.);
#12665 = DIRECTION('',(-0.858538766266,0.507318361884,7.442624882379E-02
    ));
#12666 = PLANE('',#12667);
#12667 = AXIS2_PLACEMENT_3D('',#12668,#12669,#12670);
#12668 = CARTESIAN_POINT('',(900.,145.,0.));
#12669 = DIRECTION('',(-6.407553200788E-02,3.786281436829E-02,
    -0.997226520649));
#12670 = DIRECTION('',(-0.858538766266,0.507318361884,7.442624882379E-02
    ));
#12671 = ADVANCED_FACE('',(#12672),#12678,.T.);
#12672 = FACE_BOUND('',#12673,.T.);
#12673 = EDGE_LOOP('',(#12674,#12675,#12676,#12677));
#12674 = ORIENTED_EDGE('',*,*,#12577,.T.);
#12675 = ORIENTED_EDGE('',*,*,#12608,.T.);
#12676 = ORIENTED_EDGE('',*,*,#12639,.T.);
#12677 = ORIENTED_EDGE('',*,*,#12661,.T.);
#12678 = PLANE('',#12679);
#12679 = AXIS2_PLACEMENT_3D('',#12680,#12681,#12682);
#12680 = CARTESIAN_POINT('',(816.89586117937,194.10699112127,
    73.547006637622));
#12681 = DIRECTION('',(0.508729312127,0.860926528214,0.));
#12682 = DIRECTION('',(0.860926528214,-0.508729312127,0.));
#12683 = ADVANCED_FACE('',(#12684),#12690,.F.);
#12684 = FACE_BOUND('',#12685,.F.);
#12685 = EDGE_LOOP('',(#12686,#12687,#12688,#12689));
#12686 = ORIENTED_EDGE('',*,*,#12561,.T.);
#12687 = ORIENTED_EDGE('',*,*,#12592,.T.);
#12688 = ORIENTED_EDGE('',*,*,#12623,.T.);
#12689 = ORIENTED_EDGE('',*,*,#12654,.T.);
#12690 = PLANE('',#12691);
#12691 = AXIS2_PLACEMENT_3D('',#12692,#12693,#12694);
#12692 = CARTESIAN_POINT('',(806.72127493684,176.88846055699,
    73.547006637622));
#12693 = DIRECTION('',(0.508729312127,0.860926528214,0.));
#12694 = DIRECTION('',(0.860926528214,-0.508729312127,0.));
#12695 = ( GEOMETRIC_REPRESENTATION_CONTEXT(3) 
GLOBAL_UNCERTAINTY_ASSIGNED_CONTEXT((#12699)) 
GLOBAL_UNIT_ASSIGNED_CONTEXT((#12696,#12697,#12698)) 
REPRESENTATION_CONTEXT('Context #1',
  '3D Context with UNIT and UNCERTAINTY') );
#12696 = ( LENGTH_UNIT() NAMED_UNIT(*) SI_UNIT(.MILLI.,.METRE.) );
#12697 = ( NAMED_UNIT(*) PLANE_ANGLE_UNIT() SI_UNIT($,.RADIAN.) );
#12698 = ( NAMED_UNIT(*) SI_UNIT($,.STERADIAN.) SOLID_ANGLE_UNIT() );
#12699 = UNCERTAINTY_MEASURE_WITH_UNIT(LENGTH_MEASURE(1.E-07),#12696,
  'distance_accuracy_value','confusion accuracy');
#12700 = CONTEXT_DEPENDENT_SHAPE_REPRESENTATION(#12701,#12703);
#12701 = ( REPRESENTATION_RELATIONSHIP('','',#12544,#10) 
REPRESENTATION_RELATIONSHIP_WITH_TRANSFORMATION(#12702) 
SHAPE_REPRESENTATION_RELATIONSHIP() );
#12702 = ITEM_DEFINED_TRANSFORMATION('','',#11,#299);
#12703 = PRODUCT_DEFINITION_SHAPE('Placement','Placement of an item',
  #12704);
#12704 = NEXT_ASSEMBLY_USAGE_OCCURRENCE('72',
'CAT-STARBOARD-SIDE-STARBOARD-06 | SideStarboard | nominal plywood 20 
mm','',#5,#12539,$);
#12705 = PRODUCT_RELATED_PRODUCT_CATEGORY('part',$,(#12541));
#12706 = SHAPE_DEFINITION_REPRESENTATION(#12707,#12713);
#12707 = PRODUCT_DEFINITION_SHAPE('','',#12708);
#12708 = PRODUCT_DEFINITION('design','',#12709,#12712);
#12709 = PRODUCT_DEFINITION_FORMATION('','',#12710);
#12710 = PRODUCT(
  'CAT-STARBOARD-TRANSOM-01 | Transom | nominal plywood 20 mm',
  'CAT-STARBOARD-TRANSOM-01 | Transom | nominal plywood 20 mm','',(
    #12711));
#12711 = PRODUCT_CONTEXT('',#2,'mechanical');
#12712 = PRODUCT_DEFINITION_CONTEXT('part definition',#2,'design');
#12713 = ADVANCED_BREP_SHAPE_REPRESENTATION('',(#11,#12714),#12930);
#12714 = MANIFOLD_SOLID_BREP('',#12715);
#12715 = CLOSED_SHELL('',(#12716,#12756,#12787,#12818,#12849,#12880,
    #12902,#12916));
#12716 = ADVANCED_FACE('',(#12717),#12751,.F.);
#12717 = FACE_BOUND('',#12718,.F.);
#12718 = EDGE_LOOP('',(#12719,#12729,#12737,#12745));
#12719 = ORIENTED_EDGE('',*,*,#12720,.T.);
#12720 = EDGE_CURVE('',#12721,#12723,#12725,.T.);
#12721 = VERTEX_POINT('',#12722);
#12722 = CARTESIAN_POINT('',(0.,70.,0.));
#12723 = VERTEX_POINT('',#12724);
#12724 = CARTESIAN_POINT('',(20.,70.,0.));
#12725 = LINE('',#12726,#12727);
#12726 = CARTESIAN_POINT('',(0.,70.,0.));
#12727 = VECTOR('',#12728,1.);
#12728 = DIRECTION('',(1.,0.,0.));
#12729 = ORIENTED_EDGE('',*,*,#12730,.T.);
#12730 = EDGE_CURVE('',#12723,#12731,#12733,.T.);
#12731 = VERTEX_POINT('',#12732);
#12732 = CARTESIAN_POINT('',(20.,220.,0.));
#12733 = LINE('',#12734,#12735);
#12734 = CARTESIAN_POINT('',(20.,70.,0.));
#12735 = VECTOR('',#12736,1.);
#12736 = DIRECTION('',(0.,1.,0.));
#12737 = ORIENTED_EDGE('',*,*,#12738,.F.);
#12738 = EDGE_CURVE('',#12739,#12731,#12741,.T.);
#12739 = VERTEX_POINT('',#12740);
#12740 = CARTESIAN_POINT('',(0.,220.,0.));
#12741 = LINE('',#12742,#12743);
#12742 = CARTESIAN_POINT('',(0.,220.,0.));
#12743 = VECTOR('',#12744,1.);
#12744 = DIRECTION('',(1.,0.,0.));
#12745 = ORIENTED_EDGE('',*,*,#12746,.F.);
#12746 = EDGE_CURVE('',#12721,#12739,#12747,.T.);
#12747 = LINE('',#12748,#12749);
#12748 = CARTESIAN_POINT('',(0.,70.,0.));
#12749 = VECTOR('',#12750,1.);
#12750 = DIRECTION('',(0.,1.,0.));
#12751 = PLANE('',#12752);
#12752 = AXIS2_PLACEMENT_3D('',#12753,#12754,#12755);
#12753 = CARTESIAN_POINT('',(0.,70.,0.));
#12754 = DIRECTION('',(0.,0.,1.));
#12755 = DIRECTION('',(0.,1.,0.));
#12756 = ADVANCED_FACE('',(#12757),#12782,.F.);
#12757 = FACE_BOUND('',#12758,.F.);
#12758 = EDGE_LOOP('',(#12759,#12760,#12768,#12776));
#12759 = ORIENTED_EDGE('',*,*,#12738,.T.);
#12760 = ORIENTED_EDGE('',*,*,#12761,.T.);
#12761 = EDGE_CURVE('',#12731,#12762,#12764,.T.);
#12762 = VERTEX_POINT('',#12763);
#12763 = CARTESIAN_POINT('',(20.,275.,14.737205583712));
#12764 = LINE('',#12765,#12766);
#12765 = CARTESIAN_POINT('',(20.,220.,0.));
#12766 = VECTOR('',#12767,1.);
#12767 = DIRECTION('',(0.,0.965925826289,0.258819045103));
#12768 = ORIENTED_EDGE('',*,*,#12769,.F.);
#12769 = EDGE_CURVE('',#12770,#12762,#12772,.T.);
#12770 = VERTEX_POINT('',#12771);
#12771 = CARTESIAN_POINT('',(0.,275.,14.737205583712));
#12772 = LINE('',#12773,#12774);
#12773 = CARTESIAN_POINT('',(0.,275.,14.737205583712));
#12774 = VECTOR('',#12775,1.);
#12775 = DIRECTION('',(1.,0.,0.));
#12776 = ORIENTED_EDGE('',*,*,#12777,.F.);
#12777 = EDGE_CURVE('',#12739,#12770,#12778,.T.);
#12778 = LINE('',#12779,#12780);
#12779 = CARTESIAN_POINT('',(0.,220.,0.));
#12780 = VECTOR('',#12781,1.);
#12781 = DIRECTION('',(0.,0.965925826289,0.258819045103));
#12782 = PLANE('',#12783);
#12783 = AXIS2_PLACEMENT_3D('',#12784,#12785,#12786);
#12784 = CARTESIAN_POINT('',(0.,220.,0.));
#12785 = DIRECTION('',(0.,-0.258819045103,0.965925826289));
#12786 = DIRECTION('',(0.,0.965925826289,0.258819045103));
#12787 = ADVANCED_FACE('',(#12788),#12813,.F.);
#12788 = FACE_BOUND('',#12789,.F.);
#12789 = EDGE_LOOP('',(#12790,#12791,#12799,#12807));
#12790 = ORIENTED_EDGE('',*,*,#12769,.T.);
#12791 = ORIENTED_EDGE('',*,*,#12792,.T.);
#12792 = EDGE_CURVE('',#12762,#12793,#12795,.T.);
#12793 = VERTEX_POINT('',#12794);
#12794 = CARTESIAN_POINT('',(20.,275.,140.));
#12795 = LINE('',#12796,#12797);
#12796 = CARTESIAN_POINT('',(20.,275.,14.737205583712));
#12797 = VECTOR('',#12798,1.);
#12798 = DIRECTION('',(0.,0.,1.));
#12799 = ORIENTED_EDGE('',*,*,#12800,.F.);
#12800 = EDGE_CURVE('',#12801,#12793,#12803,.T.);
#12801 = VERTEX_POINT('',#12802);
#12802 = CARTESIAN_POINT('',(0.,275.,140.));
#12803 = LINE('',#12804,#12805);
#12804 = CARTESIAN_POINT('',(0.,275.,140.));
#12805 = VECTOR('',#12806,1.);
#12806 = DIRECTION('',(1.,0.,0.));
#12807 = ORIENTED_EDGE('',*,*,#12808,.F.);
#12808 = EDGE_CURVE('',#12770,#12801,#12809,.T.);
#12809 = LINE('',#12810,#12811);
#12810 = CARTESIAN_POINT('',(0.,275.,14.737205583712));
#12811 = VECTOR('',#12812,1.);
#12812 = DIRECTION('',(0.,0.,1.));
#12813 = PLANE('',#12814);
#12814 = AXIS2_PLACEMENT_3D('',#12815,#12816,#12817);
#12815 = CARTESIAN_POINT('',(0.,275.,14.737205583712));
#12816 = DIRECTION('',(0.,-1.,0.));
#12817 = DIRECTION('',(0.,0.,1.));
#12818 = ADVANCED_FACE('',(#12819),#12844,.F.);
#12819 = FACE_BOUND('',#12820,.F.);
#12820 = EDGE_LOOP('',(#12821,#12822,#12830,#12838));
#12821 = ORIENTED_EDGE('',*,*,#12800,.T.);
#12822 = ORIENTED_EDGE('',*,*,#12823,.T.);
#12823 = EDGE_CURVE('',#12793,#12824,#12826,.T.);
#12824 = VERTEX_POINT('',#12825);
#12825 = CARTESIAN_POINT('',(20.,15.,140.));
#12826 = LINE('',#12827,#12828);
#12827 = CARTESIAN_POINT('',(20.,275.,140.));
#12828 = VECTOR('',#12829,1.);
#12829 = DIRECTION('',(0.,-1.,0.));
#12830 = ORIENTED_EDGE('',*,*,#12831,.F.);
#12831 = EDGE_CURVE('',#12832,#12824,#12834,.T.);
#12832 = VERTEX_POINT('',#12833);
#12833 = CARTESIAN_POINT('',(0.,15.,140.));
#12834 = LINE('',#12835,#12836);
#12835 = CARTESIAN_POINT('',(0.,15.,140.));
#12836 = VECTOR('',#12837,1.);
#12837 = DIRECTION('',(1.,0.,0.));
#12838 = ORIENTED_EDGE('',*,*,#12839,.F.);
#12839 = EDGE_CURVE('',#12801,#12832,#12840,.T.);
#12840 = LINE('',#12841,#12842);
#12841 = CARTESIAN_POINT('',(0.,275.,140.));
#12842 = VECTOR('',#12843,1.);
#12843 = DIRECTION('',(0.,-1.,0.));
#12844 = PLANE('',#12845);
#12845 = AXIS2_PLACEMENT_3D('',#12846,#12847,#12848);
#12846 = CARTESIAN_POINT('',(0.,275.,140.));
#12847 = DIRECTION('',(0.,0.,-1.));
#12848 = DIRECTION('',(0.,-1.,0.));
#12849 = ADVANCED_FACE('',(#12850),#12875,.F.);
#12850 = FACE_BOUND('',#12851,.F.);
#12851 = EDGE_LOOP('',(#12852,#12853,#12861,#12869));
#12852 = ORIENTED_EDGE('',*,*,#12831,.T.);
#12853 = ORIENTED_EDGE('',*,*,#12854,.T.);
#12854 = EDGE_CURVE('',#12824,#12855,#12857,.T.);
#12855 = VERTEX_POINT('',#12856);
#12856 = CARTESIAN_POINT('',(20.,15.,14.737205583712));
#12857 = LINE('',#12858,#12859);
#12858 = CARTESIAN_POINT('',(20.,15.,140.));
#12859 = VECTOR('',#12860,1.);
#12860 = DIRECTION('',(0.,0.,-1.));
#12861 = ORIENTED_EDGE('',*,*,#12862,.F.);
#12862 = EDGE_CURVE('',#12863,#12855,#12865,.T.);
#12863 = VERTEX_POINT('',#12864);
#12864 = CARTESIAN_POINT('',(0.,15.,14.737205583712));
#12865 = LINE('',#12866,#12867);
#12866 = CARTESIAN_POINT('',(0.,15.,14.737205583712));
#12867 = VECTOR('',#12868,1.);
#12868 = DIRECTION('',(1.,0.,0.));
#12869 = ORIENTED_EDGE('',*,*,#12870,.F.);
#12870 = EDGE_CURVE('',#12832,#12863,#12871,.T.);
#12871 = LINE('',#12872,#12873);
#12872 = CARTESIAN_POINT('',(0.,15.,140.));
#12873 = VECTOR('',#12874,1.);
#12874 = DIRECTION('',(0.,0.,-1.));
#12875 = PLANE('',#12876);
#12876 = AXIS2_PLACEMENT_3D('',#12877,#12878,#12879);
#12877 = CARTESIAN_POINT('',(0.,15.,140.));
#12878 = DIRECTION('',(-0.,1.,0.));
#12879 = DIRECTION('',(0.,0.,-1.));
#12880 = ADVANCED_FACE('',(#12881),#12897,.F.);
#12881 = FACE_BOUND('',#12882,.F.);
#12882 = EDGE_LOOP('',(#12883,#12884,#12890,#12891));
#12883 = ORIENTED_EDGE('',*,*,#12862,.T.);
#12884 = ORIENTED_EDGE('',*,*,#12885,.T.);
#12885 = EDGE_CURVE('',#12855,#12723,#12886,.T.);
#12886 = LINE('',#12887,#12888);
#12887 = CARTESIAN_POINT('',(20.,15.,14.737205583712));
#12888 = VECTOR('',#12889,1.);
#12889 = DIRECTION('',(0.,0.965925826289,-0.258819045103));
#12890 = ORIENTED_EDGE('',*,*,#12720,.F.);
#12891 = ORIENTED_EDGE('',*,*,#12892,.F.);
#12892 = EDGE_CURVE('',#12863,#12721,#12893,.T.);
#12893 = LINE('',#12894,#12895);
#12894 = CARTESIAN_POINT('',(0.,15.,14.737205583712));
#12895 = VECTOR('',#12896,1.);
#12896 = DIRECTION('',(0.,0.965925826289,-0.258819045103));
#12897 = PLANE('',#12898);
#12898 = AXIS2_PLACEMENT_3D('',#12899,#12900,#12901);
#12899 = CARTESIAN_POINT('',(0.,15.,14.737205583712));
#12900 = DIRECTION('',(-0.,0.258819045103,0.965925826289));
#12901 = DIRECTION('',(0.,0.965925826289,-0.258819045103));
#12902 = ADVANCED_FACE('',(#12903),#12911,.F.);
#12903 = FACE_BOUND('',#12904,.F.);
#12904 = EDGE_LOOP('',(#12905,#12906,#12907,#12908,#12909,#12910));
#12905 = ORIENTED_EDGE('',*,*,#12746,.T.);
#12906 = ORIENTED_EDGE('',*,*,#12777,.T.);
#12907 = ORIENTED_EDGE('',*,*,#12808,.T.);
#12908 = ORIENTED_EDGE('',*,*,#12839,.T.);
#12909 = ORIENTED_EDGE('',*,*,#12870,.T.);
#12910 = ORIENTED_EDGE('',*,*,#12892,.T.);
#12911 = PLANE('',#12912);
#12912 = AXIS2_PLACEMENT_3D('',#12913,#12914,#12915);
#12913 = CARTESIAN_POINT('',(0.,145.,73.116629192736));
#12914 = DIRECTION('',(1.,0.,0.));
#12915 = DIRECTION('',(-0.,0.,1.));
#12916 = ADVANCED_FACE('',(#12917),#12925,.T.);
#12917 = FACE_BOUND('',#12918,.T.);
#12918 = EDGE_LOOP('',(#12919,#12920,#12921,#12922,#12923,#12924));
#12919 = ORIENTED_EDGE('',*,*,#12730,.T.);
#12920 = ORIENTED_EDGE('',*,*,#12761,.T.);
#12921 = ORIENTED_EDGE('',*,*,#12792,.T.);
#12922 = ORIENTED_EDGE('',*,*,#12823,.T.);
#12923 = ORIENTED_EDGE('',*,*,#12854,.T.);
#12924 = ORIENTED_EDGE('',*,*,#12885,.T.);
#12925 = PLANE('',#12926);
#12926 = AXIS2_PLACEMENT_3D('',#12927,#12928,#12929);
#12927 = CARTESIAN_POINT('',(20.,145.,73.116629192736));
#12928 = DIRECTION('',(1.,0.,0.));
#12929 = DIRECTION('',(-0.,0.,1.));
#12930 = ( GEOMETRIC_REPRESENTATION_CONTEXT(3) 
GLOBAL_UNCERTAINTY_ASSIGNED_CONTEXT((#12934)) 
GLOBAL_UNIT_ASSIGNED_CONTEXT((#12931,#12932,#12933)) 
REPRESENTATION_CONTEXT('Context #1',
  '3D Context with UNIT and UNCERTAINTY') );
#12931 = ( LENGTH_UNIT() NAMED_UNIT(*) SI_UNIT(.MILLI.,.METRE.) );
#12932 = ( NAMED_UNIT(*) PLANE_ANGLE_UNIT() SI_UNIT($,.RADIAN.) );
#12933 = ( NAMED_UNIT(*) SI_UNIT($,.STERADIAN.) SOLID_ANGLE_UNIT() );
#12934 = UNCERTAINTY_MEASURE_WITH_UNIT(LENGTH_MEASURE(1.E-07),#12931,
  'distance_accuracy_value','confusion accuracy');
#12935 = CONTEXT_DEPENDENT_SHAPE_REPRESENTATION(#12936,#12938);
#12936 = ( REPRESENTATION_RELATIONSHIP('','',#12713,#10) 
REPRESENTATION_RELATIONSHIP_WITH_TRANSFORMATION(#12937) 
SHAPE_REPRESENTATION_RELATIONSHIP() );
#12937 = ITEM_DEFINED_TRANSFORMATION('','',#11,#303);
#12938 = PRODUCT_DEFINITION_SHAPE('Placement','Placement of an item',
  #12939);
#12939 = NEXT_ASSEMBLY_USAGE_OCCURRENCE('73',
  'CAT-STARBOARD-TRANSOM-01 | Transom | nominal plywood 20 mm','',#5,
  #12708,$);
#12940 = PRODUCT_RELATED_PRODUCT_CATEGORY('part',$,(#12710));
#12941 = SHAPE_DEFINITION_REPRESENTATION(#12942,#12948);
#12942 = PRODUCT_DEFINITION_SHAPE('','',#12943);
#12943 = PRODUCT_DEFINITION('design','',#12944,#12947);
#12944 = PRODUCT_DEFINITION_FORMATION('','',#12945);
#12945 = PRODUCT(
  'CAT-STARBOARD-BULKHEAD-01 | Bulkhead | nominal plywood 20 mm',
  'CAT-STARBOARD-BULKHEAD-01 | Bulkhead | nominal plywood 20 mm','',(
    #12946));
#12946 = PRODUCT_CONTEXT('',#2,'mechanical');
#12947 = PRODUCT_DEFINITION_CONTEXT('part definition',#2,'design');
#12948 = ADVANCED_BREP_SHAPE_REPRESENTATION('',(#11,#12949),#13165);
#12949 = MANIFOLD_SOLID_BREP('',#12950);
#12950 = CLOSED_SHELL('',(#12951,#12991,#13022,#13053,#13084,#13115,
    #13137,#13151));
#12951 = ADVANCED_FACE('',(#12952),#12986,.F.);
#12952 = FACE_BOUND('',#12953,.F.);
#12953 = EDGE_LOOP('',(#12954,#12964,#12972,#12980));
#12954 = ORIENTED_EDGE('',*,*,#12955,.T.);
#12955 = EDGE_CURVE('',#12956,#12958,#12960,.T.);
#12956 = VERTEX_POINT('',#12957);
#12957 = CARTESIAN_POINT('',(50.,70.,0.));
#12958 = VERTEX_POINT('',#12959);
#12959 = CARTESIAN_POINT('',(70.,70.,0.));
#12960 = LINE('',#12961,#12962);
#12961 = CARTESIAN_POINT('',(50.,70.,0.));
#12962 = VECTOR('',#12963,1.);
#12963 = DIRECTION('',(1.,0.,0.));
#12964 = ORIENTED_EDGE('',*,*,#12965,.T.);
#12965 = EDGE_CURVE('',#12958,#12966,#12968,.T.);
#12966 = VERTEX_POINT('',#12967);
#12967 = CARTESIAN_POINT('',(70.,220.,0.));
#12968 = LINE('',#12969,#12970);
#12969 = CARTESIAN_POINT('',(70.,70.,0.));
#12970 = VECTOR('',#12971,1.);
#12971 = DIRECTION('',(0.,1.,0.));
#12972 = ORIENTED_EDGE('',*,*,#12973,.F.);
#12973 = EDGE_CURVE('',#12974,#12966,#12976,.T.);
#12974 = VERTEX_POINT('',#12975);
#12975 = CARTESIAN_POINT('',(50.,220.,0.));
#12976 = LINE('',#12977,#12978);
#12977 = CARTESIAN_POINT('',(50.,220.,0.));
#12978 = VECTOR('',#12979,1.);
#12979 = DIRECTION('',(1.,0.,0.));
#12980 = ORIENTED_EDGE('',*,*,#12981,.F.);
#12981 = EDGE_CURVE('',#12956,#12974,#12982,.T.);
#12982 = LINE('',#12983,#12984);
#12983 = CARTESIAN_POINT('',(50.,70.,0.));
#12984 = VECTOR('',#12985,1.);
#12985 = DIRECTION('',(0.,1.,0.));
#12986 = PLANE('',#12987);
#12987 = AXIS2_PLACEMENT_3D('',#12988,#12989,#12990);
#12988 = CARTESIAN_POINT('',(50.,70.,0.));
#12989 = DIRECTION('',(0.,0.,1.));
#12990 = DIRECTION('',(0.,1.,0.));
#12991 = ADVANCED_FACE('',(#12992),#13017,.F.);
#12992 = FACE_BOUND('',#12993,.F.);
#12993 = EDGE_LOOP('',(#12994,#12995,#13003,#13011));
#12994 = ORIENTED_EDGE('',*,*,#12973,.T.);
#12995 = ORIENTED_EDGE('',*,*,#12996,.T.);
#12996 = EDGE_CURVE('',#12966,#12997,#12999,.T.);
#12997 = VERTEX_POINT('',#12998);
#12998 = CARTESIAN_POINT('',(70.,275.,14.737205583712));
#12999 = LINE('',#13000,#13001);
#13000 = CARTESIAN_POINT('',(70.,220.,0.));
#13001 = VECTOR('',#13002,1.);
#13002 = DIRECTION('',(0.,0.965925826289,0.258819045103));
#13003 = ORIENTED_EDGE('',*,*,#13004,.F.);
#13004 = EDGE_CURVE('',#13005,#12997,#13007,.T.);
#13005 = VERTEX_POINT('',#13006);
#13006 = CARTESIAN_POINT('',(50.,275.,14.737205583712));
#13007 = LINE('',#13008,#13009);
#13008 = CARTESIAN_POINT('',(50.,275.,14.737205583712));
#13009 = VECTOR('',#13010,1.);
#13010 = DIRECTION('',(1.,0.,0.));
#13011 = ORIENTED_EDGE('',*,*,#13012,.F.);
#13012 = EDGE_CURVE('',#12974,#13005,#13013,.T.);
#13013 = LINE('',#13014,#13015);
#13014 = CARTESIAN_POINT('',(50.,220.,0.));
#13015 = VECTOR('',#13016,1.);
#13016 = DIRECTION('',(0.,0.965925826289,0.258819045103));
#13017 = PLANE('',#13018);
#13018 = AXIS2_PLACEMENT_3D('',#13019,#13020,#13021);
#13019 = CARTESIAN_POINT('',(50.,220.,0.));
#13020 = DIRECTION('',(0.,-0.258819045103,0.965925826289));
#13021 = DIRECTION('',(0.,0.965925826289,0.258819045103));
#13022 = ADVANCED_FACE('',(#13023),#13048,.F.);
#13023 = FACE_BOUND('',#13024,.F.);
#13024 = EDGE_LOOP('',(#13025,#13026,#13034,#13042));
#13025 = ORIENTED_EDGE('',*,*,#13004,.T.);
#13026 = ORIENTED_EDGE('',*,*,#13027,.T.);
#13027 = EDGE_CURVE('',#12997,#13028,#13030,.T.);
#13028 = VERTEX_POINT('',#13029);
#13029 = CARTESIAN_POINT('',(70.,275.,120.));
#13030 = LINE('',#13031,#13032);
#13031 = CARTESIAN_POINT('',(70.,275.,14.737205583712));
#13032 = VECTOR('',#13033,1.);
#13033 = DIRECTION('',(0.,0.,1.));
#13034 = ORIENTED_EDGE('',*,*,#13035,.F.);
#13035 = EDGE_CURVE('',#13036,#13028,#13038,.T.);
#13036 = VERTEX_POINT('',#13037);
#13037 = CARTESIAN_POINT('',(50.,275.,120.));
#13038 = LINE('',#13039,#13040);
#13039 = CARTESIAN_POINT('',(50.,275.,120.));
#13040 = VECTOR('',#13041,1.);
#13041 = DIRECTION('',(1.,0.,0.));
#13042 = ORIENTED_EDGE('',*,*,#13043,.F.);
#13043 = EDGE_CURVE('',#13005,#13036,#13044,.T.);
#13044 = LINE('',#13045,#13046);
#13045 = CARTESIAN_POINT('',(50.,275.,14.737205583712));
#13046 = VECTOR('',#13047,1.);
#13047 = DIRECTION('',(0.,0.,1.));
#13048 = PLANE('',#13049);
#13049 = AXIS2_PLACEMENT_3D('',#13050,#13051,#13052);
#13050 = CARTESIAN_POINT('',(50.,275.,14.737205583712));
#13051 = DIRECTION('',(0.,-1.,0.));
#13052 = DIRECTION('',(0.,0.,1.));
#13053 = ADVANCED_FACE('',(#13054),#13079,.F.);
#13054 = FACE_BOUND('',#13055,.F.);
#13055 = EDGE_LOOP('',(#13056,#13057,#13065,#13073));
#13056 = ORIENTED_EDGE('',*,*,#13035,.T.);
#13057 = ORIENTED_EDGE('',*,*,#13058,.T.);
#13058 = EDGE_CURVE('',#13028,#13059,#13061,.T.);
#13059 = VERTEX_POINT('',#13060);
#13060 = CARTESIAN_POINT('',(70.,15.,120.));
#13061 = LINE('',#13062,#13063);
#13062 = CARTESIAN_POINT('',(70.,275.,120.));
#13063 = VECTOR('',#13064,1.);
#13064 = DIRECTION('',(0.,-1.,0.));
#13065 = ORIENTED_EDGE('',*,*,#13066,.F.);
#13066 = EDGE_CURVE('',#13067,#13059,#13069,.T.);
#13067 = VERTEX_POINT('',#13068);
#13068 = CARTESIAN_POINT('',(50.,15.,120.));
#13069 = LINE('',#13070,#13071);
#13070 = CARTESIAN_POINT('',(50.,15.,120.));
#13071 = VECTOR('',#13072,1.);
#13072 = DIRECTION('',(1.,0.,0.));
#13073 = ORIENTED_EDGE('',*,*,#13074,.F.);
#13074 = EDGE_CURVE('',#13036,#13067,#13075,.T.);
#13075 = LINE('',#13076,#13077);
#13076 = CARTESIAN_POINT('',(50.,275.,120.));
#13077 = VECTOR('',#13078,1.);
#13078 = DIRECTION('',(0.,-1.,0.));
#13079 = PLANE('',#13080);
#13080 = AXIS2_PLACEMENT_3D('',#13081,#13082,#13083);
#13081 = CARTESIAN_POINT('',(50.,275.,120.));
#13082 = DIRECTION('',(0.,0.,-1.));
#13083 = DIRECTION('',(0.,-1.,0.));
#13084 = ADVANCED_FACE('',(#13085),#13110,.F.);
#13085 = FACE_BOUND('',#13086,.F.);
#13086 = EDGE_LOOP('',(#13087,#13088,#13096,#13104));
#13087 = ORIENTED_EDGE('',*,*,#13066,.T.);
#13088 = ORIENTED_EDGE('',*,*,#13089,.T.);
#13089 = EDGE_CURVE('',#13059,#13090,#13092,.T.);
#13090 = VERTEX_POINT('',#13091);
#13091 = CARTESIAN_POINT('',(70.,15.,14.737205583712));
#13092 = LINE('',#13093,#13094);
#13093 = CARTESIAN_POINT('',(70.,15.,120.));
#13094 = VECTOR('',#13095,1.);
#13095 = DIRECTION('',(0.,0.,-1.));
#13096 = ORIENTED_EDGE('',*,*,#13097,.F.);
#13097 = EDGE_CURVE('',#13098,#13090,#13100,.T.);
#13098 = VERTEX_POINT('',#13099);
#13099 = CARTESIAN_POINT('',(50.,15.,14.737205583712));
#13100 = LINE('',#13101,#13102);
#13101 = CARTESIAN_POINT('',(50.,15.,14.737205583712));
#13102 = VECTOR('',#13103,1.);
#13103 = DIRECTION('',(1.,0.,0.));
#13104 = ORIENTED_EDGE('',*,*,#13105,.F.);
#13105 = EDGE_CURVE('',#13067,#13098,#13106,.T.);
#13106 = LINE('',#13107,#13108);
#13107 = CARTESIAN_POINT('',(50.,15.,120.));
#13108 = VECTOR('',#13109,1.);
#13109 = DIRECTION('',(0.,0.,-1.));
#13110 = PLANE('',#13111);
#13111 = AXIS2_PLACEMENT_3D('',#13112,#13113,#13114);
#13112 = CARTESIAN_POINT('',(50.,15.,120.));
#13113 = DIRECTION('',(-0.,1.,0.));
#13114 = DIRECTION('',(0.,0.,-1.));
#13115 = ADVANCED_FACE('',(#13116),#13132,.F.);
#13116 = FACE_BOUND('',#13117,.F.);
#13117 = EDGE_LOOP('',(#13118,#13119,#13125,#13126));
#13118 = ORIENTED_EDGE('',*,*,#13097,.T.);
#13119 = ORIENTED_EDGE('',*,*,#13120,.T.);
#13120 = EDGE_CURVE('',#13090,#12958,#13121,.T.);
#13121 = LINE('',#13122,#13123);
#13122 = CARTESIAN_POINT('',(70.,15.,14.737205583712));
#13123 = VECTOR('',#13124,1.);
#13124 = DIRECTION('',(0.,0.965925826289,-0.258819045103));
#13125 = ORIENTED_EDGE('',*,*,#12955,.F.);
#13126 = ORIENTED_EDGE('',*,*,#13127,.F.);
#13127 = EDGE_CURVE('',#13098,#12956,#13128,.T.);
#13128 = LINE('',#13129,#13130);
#13129 = CARTESIAN_POINT('',(50.,15.,14.737205583712));
#13130 = VECTOR('',#13131,1.);
#13131 = DIRECTION('',(0.,0.965925826289,-0.258819045103));
#13132 = PLANE('',#13133);
#13133 = AXIS2_PLACEMENT_3D('',#13134,#13135,#13136);
#13134 = CARTESIAN_POINT('',(50.,15.,14.737205583712));
#13135 = DIRECTION('',(-0.,0.258819045103,0.965925826289));
#13136 = DIRECTION('',(0.,0.965925826289,-0.258819045103));
#13137 = ADVANCED_FACE('',(#13138),#13146,.F.);
#13138 = FACE_BOUND('',#13139,.F.);
#13139 = EDGE_LOOP('',(#13140,#13141,#13142,#13143,#13144,#13145));
#13140 = ORIENTED_EDGE('',*,*,#12981,.T.);
#13141 = ORIENTED_EDGE('',*,*,#13012,.T.);
#13142 = ORIENTED_EDGE('',*,*,#13043,.T.);
#13143 = ORIENTED_EDGE('',*,*,#13074,.T.);
#13144 = ORIENTED_EDGE('',*,*,#13105,.T.);
#13145 = ORIENTED_EDGE('',*,*,#13127,.T.);
#13146 = PLANE('',#13147);
#13147 = AXIS2_PLACEMENT_3D('',#13148,#13149,#13150);
#13148 = CARTESIAN_POINT('',(50.,145.,62.937879085693));
#13149 = DIRECTION('',(1.,0.,0.));
#13150 = DIRECTION('',(-0.,0.,1.));
#13151 = ADVANCED_FACE('',(#13152),#13160,.T.);
#13152 = FACE_BOUND('',#13153,.T.);
#13153 = EDGE_LOOP('',(#13154,#13155,#13156,#13157,#13158,#13159));
#13154 = ORIENTED_EDGE('',*,*,#12965,.T.);
#13155 = ORIENTED_EDGE('',*,*,#12996,.T.);
#13156 = ORIENTED_EDGE('',*,*,#13027,.T.);
#13157 = ORIENTED_EDGE('',*,*,#13058,.T.);
#13158 = ORIENTED_EDGE('',*,*,#13089,.T.);
#13159 = ORIENTED_EDGE('',*,*,#13120,.T.);
#13160 = PLANE('',#13161);
#13161 = AXIS2_PLACEMENT_3D('',#13162,#13163,#13164);
#13162 = CARTESIAN_POINT('',(70.,145.,62.937879085693));
#13163 = DIRECTION('',(1.,0.,0.));
#13164 = DIRECTION('',(-0.,0.,1.));
#13165 = ( GEOMETRIC_REPRESENTATION_CONTEXT(3) 
GLOBAL_UNCERTAINTY_ASSIGNED_CONTEXT((#13169)) 
GLOBAL_UNIT_ASSIGNED_CONTEXT((#13166,#13167,#13168)) 
REPRESENTATION_CONTEXT('Context #1',
  '3D Context with UNIT and UNCERTAINTY') );
#13166 = ( LENGTH_UNIT() NAMED_UNIT(*) SI_UNIT(.MILLI.,.METRE.) );
#13167 = ( NAMED_UNIT(*) PLANE_ANGLE_UNIT() SI_UNIT($,.RADIAN.) );
#13168 = ( NAMED_UNIT(*) SI_UNIT($,.STERADIAN.) SOLID_ANGLE_UNIT() );
#13169 = UNCERTAINTY_MEASURE_WITH_UNIT(LENGTH_MEASURE(1.E-07),#13166,
  'distance_accuracy_value','confusion accuracy');
#13170 = CONTEXT_DEPENDENT_SHAPE_REPRESENTATION(#13171,#13173);
#13171 = ( REPRESENTATION_RELATIONSHIP('','',#12948,#10) 
REPRESENTATION_RELATIONSHIP_WITH_TRANSFORMATION(#13172) 
SHAPE_REPRESENTATION_RELATIONSHIP() );
#13172 = ITEM_DEFINED_TRANSFORMATION('','',#11,#307);
#13173 = PRODUCT_DEFINITION_SHAPE('Placement','Placement of an item',
  #13174);
#13174 = NEXT_ASSEMBLY_USAGE_OCCURRENCE('74',
  'CAT-STARBOARD-BULKHEAD-01 | Bulkhead | nominal plywood 20 mm','',#5,
  #12943,$);
#13175 = PRODUCT_RELATED_PRODUCT_CATEGORY('part',$,(#12945));
#13176 = SHAPE_DEFINITION_REPRESENTATION(#13177,#13183);
#13177 = PRODUCT_DEFINITION_SHAPE('','',#13178);
#13178 = PRODUCT_DEFINITION('design','',#13179,#13182);
#13179 = PRODUCT_DEFINITION_FORMATION('','',#13180);
#13180 = PRODUCT(
  'CAT-STARBOARD-BULKHEAD-02 | Bulkhead | nominal plywood 20 mm',
  'CAT-STARBOARD-BULKHEAD-02 | Bulkhead | nominal plywood 20 mm','',(
    #13181));
#13181 = PRODUCT_CONTEXT('',#2,'mechanical');
#13182 = PRODUCT_DEFINITION_CONTEXT('part definition',#2,'design');
#13183 = ADVANCED_BREP_SHAPE_REPRESENTATION('',(#11,#13184),#13400);
#13184 = MANIFOLD_SOLID_BREP('',#13185);
#13185 = CLOSED_SHELL('',(#13186,#13226,#13257,#13288,#13319,#13350,
    #13372,#13386));
#13186 = ADVANCED_FACE('',(#13187),#13221,.F.);
#13187 = FACE_BOUND('',#13188,.F.);
#13188 = EDGE_LOOP('',(#13189,#13199,#13207,#13215));
#13189 = ORIENTED_EDGE('',*,*,#13190,.T.);
#13190 = EDGE_CURVE('',#13191,#13193,#13195,.T.);
#13191 = VERTEX_POINT('',#13192);
#13192 = CARTESIAN_POINT('',(220.,70.,0.));
#13193 = VERTEX_POINT('',#13194);
#13194 = CARTESIAN_POINT('',(240.,70.,0.));
#13195 = LINE('',#13196,#13197);
#13196 = CARTESIAN_POINT('',(220.,70.,0.));
#13197 = VECTOR('',#13198,1.);
#13198 = DIRECTION('',(1.,0.,0.));
#13199 = ORIENTED_EDGE('',*,*,#13200,.T.);
#13200 = EDGE_CURVE('',#13193,#13201,#13203,.T.);
#13201 = VERTEX_POINT('',#13202);
#13202 = CARTESIAN_POINT('',(240.,220.,0.));
#13203 = LINE('',#13204,#13205);
#13204 = CARTESIAN_POINT('',(240.,70.,0.));
#13205 = VECTOR('',#13206,1.);
#13206 = DIRECTION('',(0.,1.,0.));
#13207 = ORIENTED_EDGE('',*,*,#13208,.F.);
#13208 = EDGE_CURVE('',#13209,#13201,#13211,.T.);
#13209 = VERTEX_POINT('',#13210);
#13210 = CARTESIAN_POINT('',(220.,220.,0.));
#13211 = LINE('',#13212,#13213);
#13212 = CARTESIAN_POINT('',(220.,220.,0.));
#13213 = VECTOR('',#13214,1.);
#13214 = DIRECTION('',(1.,0.,0.));
#13215 = ORIENTED_EDGE('',*,*,#13216,.F.);
#13216 = EDGE_CURVE('',#13191,#13209,#13217,.T.);
#13217 = LINE('',#13218,#13219);
#13218 = CARTESIAN_POINT('',(220.,70.,0.));
#13219 = VECTOR('',#13220,1.);
#13220 = DIRECTION('',(0.,1.,0.));
#13221 = PLANE('',#13222);
#13222 = AXIS2_PLACEMENT_3D('',#13223,#13224,#13225);
#13223 = CARTESIAN_POINT('',(220.,70.,0.));
#13224 = DIRECTION('',(0.,0.,1.));
#13225 = DIRECTION('',(0.,1.,0.));
#13226 = ADVANCED_FACE('',(#13227),#13252,.F.);
#13227 = FACE_BOUND('',#13228,.F.);
#13228 = EDGE_LOOP('',(#13229,#13230,#13238,#13246));
#13229 = ORIENTED_EDGE('',*,*,#13208,.T.);
#13230 = ORIENTED_EDGE('',*,*,#13231,.T.);
#13231 = EDGE_CURVE('',#13201,#13232,#13234,.T.);
#13232 = VERTEX_POINT('',#13233);
#13233 = CARTESIAN_POINT('',(240.,275.,14.737205583712));
#13234 = LINE('',#13235,#13236);
#13235 = CARTESIAN_POINT('',(240.,220.,0.));
#13236 = VECTOR('',#13237,1.);
#13237 = DIRECTION('',(0.,0.965925826289,0.258819045103));
#13238 = ORIENTED_EDGE('',*,*,#13239,.F.);
#13239 = EDGE_CURVE('',#13240,#13232,#13242,.T.);
#13240 = VERTEX_POINT('',#13241);
#13241 = CARTESIAN_POINT('',(220.,275.,14.737205583712));
#13242 = LINE('',#13243,#13244);
#13243 = CARTESIAN_POINT('',(220.,275.,14.737205583712));
#13244 = VECTOR('',#13245,1.);
#13245 = DIRECTION('',(1.,0.,0.));
#13246 = ORIENTED_EDGE('',*,*,#13247,.F.);
#13247 = EDGE_CURVE('',#13209,#13240,#13248,.T.);
#13248 = LINE('',#13249,#13250);
#13249 = CARTESIAN_POINT('',(220.,220.,0.));
#13250 = VECTOR('',#13251,1.);
#13251 = DIRECTION('',(0.,0.965925826289,0.258819045103));
#13252 = PLANE('',#13253);
#13253 = AXIS2_PLACEMENT_3D('',#13254,#13255,#13256);
#13254 = CARTESIAN_POINT('',(220.,220.,0.));
#13255 = DIRECTION('',(0.,-0.258819045103,0.965925826289));
#13256 = DIRECTION('',(0.,0.965925826289,0.258819045103));
#13257 = ADVANCED_FACE('',(#13258),#13283,.F.);
#13258 = FACE_BOUND('',#13259,.F.);
#13259 = EDGE_LOOP('',(#13260,#13261,#13269,#13277));
#13260 = ORIENTED_EDGE('',*,*,#13239,.T.);
#13261 = ORIENTED_EDGE('',*,*,#13262,.T.);
#13262 = EDGE_CURVE('',#13232,#13263,#13265,.T.);
#13263 = VERTEX_POINT('',#13264);
#13264 = CARTESIAN_POINT('',(240.,275.,120.));
#13265 = LINE('',#13266,#13267);
#13266 = CARTESIAN_POINT('',(240.,275.,14.737205583712));
#13267 = VECTOR('',#13268,1.);
#13268 = DIRECTION('',(0.,0.,1.));
#13269 = ORIENTED_EDGE('',*,*,#13270,.F.);
#13270 = EDGE_CURVE('',#13271,#13263,#13273,.T.);
#13271 = VERTEX_POINT('',#13272);
#13272 = CARTESIAN_POINT('',(220.,275.,120.));
#13273 = LINE('',#13274,#13275);
#13274 = CARTESIAN_POINT('',(220.,275.,120.));
#13275 = VECTOR('',#13276,1.);
#13276 = DIRECTION('',(1.,0.,0.));
#13277 = ORIENTED_EDGE('',*,*,#13278,.F.);
#13278 = EDGE_CURVE('',#13240,#13271,#13279,.T.);
#13279 = LINE('',#13280,#13281);
#13280 = CARTESIAN_POINT('',(220.,275.,14.737205583712));
#13281 = VECTOR('',#13282,1.);
#13282 = DIRECTION('',(0.,0.,1.));
#13283 = PLANE('',#13284);
#13284 = AXIS2_PLACEMENT_3D('',#13285,#13286,#13287);
#13285 = CARTESIAN_POINT('',(220.,275.,14.737205583712));
#13286 = DIRECTION('',(0.,-1.,0.));
#13287 = DIRECTION('',(0.,0.,1.));
#13288 = ADVANCED_FACE('',(#13289),#13314,.F.);
#13289 = FACE_BOUND('',#13290,.F.);
#13290 = EDGE_LOOP('',(#13291,#13292,#13300,#13308));
#13291 = ORIENTED_EDGE('',*,*,#13270,.T.);
#13292 = ORIENTED_EDGE('',*,*,#13293,.T.);
#13293 = EDGE_CURVE('',#13263,#13294,#13296,.T.);
#13294 = VERTEX_POINT('',#13295);
#13295 = CARTESIAN_POINT('',(240.,15.,120.));
#13296 = LINE('',#13297,#13298);
#13297 = CARTESIAN_POINT('',(240.,275.,120.));
#13298 = VECTOR('',#13299,1.);
#13299 = DIRECTION('',(0.,-1.,0.));
#13300 = ORIENTED_EDGE('',*,*,#13301,.F.);
#13301 = EDGE_CURVE('',#13302,#13294,#13304,.T.);
#13302 = VERTEX_POINT('',#13303);
#13303 = CARTESIAN_POINT('',(220.,15.,120.));
#13304 = LINE('',#13305,#13306);
#13305 = CARTESIAN_POINT('',(220.,15.,120.));
#13306 = VECTOR('',#13307,1.);
#13307 = DIRECTION('',(1.,0.,0.));
#13308 = ORIENTED_EDGE('',*,*,#13309,.F.);
#13309 = EDGE_CURVE('',#13271,#13302,#13310,.T.);
#13310 = LINE('',#13311,#13312);
#13311 = CARTESIAN_POINT('',(220.,275.,120.));
#13312 = VECTOR('',#13313,1.);
#13313 = DIRECTION('',(0.,-1.,0.));
#13314 = PLANE('',#13315);
#13315 = AXIS2_PLACEMENT_3D('',#13316,#13317,#13318);
#13316 = CARTESIAN_POINT('',(220.,275.,120.));
#13317 = DIRECTION('',(0.,0.,-1.));
#13318 = DIRECTION('',(0.,-1.,0.));
#13319 = ADVANCED_FACE('',(#13320),#13345,.F.);
#13320 = FACE_BOUND('',#13321,.F.);
#13321 = EDGE_LOOP('',(#13322,#13323,#13331,#13339));
#13322 = ORIENTED_EDGE('',*,*,#13301,.T.);
#13323 = ORIENTED_EDGE('',*,*,#13324,.T.);
#13324 = EDGE_CURVE('',#13294,#13325,#13327,.T.);
#13325 = VERTEX_POINT('',#13326);
#13326 = CARTESIAN_POINT('',(240.,15.,14.737205583712));
#13327 = LINE('',#13328,#13329);
#13328 = CARTESIAN_POINT('',(240.,15.,120.));
#13329 = VECTOR('',#13330,1.);
#13330 = DIRECTION('',(0.,0.,-1.));
#13331 = ORIENTED_EDGE('',*,*,#13332,.F.);
#13332 = EDGE_CURVE('',#13333,#13325,#13335,.T.);
#13333 = VERTEX_POINT('',#13334);
#13334 = CARTESIAN_POINT('',(220.,15.,14.737205583712));
#13335 = LINE('',#13336,#13337);
#13336 = CARTESIAN_POINT('',(220.,15.,14.737205583712));
#13337 = VECTOR('',#13338,1.);
#13338 = DIRECTION('',(1.,0.,0.));
#13339 = ORIENTED_EDGE('',*,*,#13340,.F.);
#13340 = EDGE_CURVE('',#13302,#13333,#13341,.T.);
#13341 = LINE('',#13342,#13343);
#13342 = CARTESIAN_POINT('',(220.,15.,120.));
#13343 = VECTOR('',#13344,1.);
#13344 = DIRECTION('',(0.,0.,-1.));
#13345 = PLANE('',#13346);
#13346 = AXIS2_PLACEMENT_3D('',#13347,#13348,#13349);
#13347 = CARTESIAN_POINT('',(220.,15.,120.));
#13348 = DIRECTION('',(-0.,1.,0.));
#13349 = DIRECTION('',(0.,0.,-1.));
#13350 = ADVANCED_FACE('',(#13351),#13367,.F.);
#13351 = FACE_BOUND('',#13352,.F.);
#13352 = EDGE_LOOP('',(#13353,#13354,#13360,#13361));
#13353 = ORIENTED_EDGE('',*,*,#13332,.T.);
#13354 = ORIENTED_EDGE('',*,*,#13355,.T.);
#13355 = EDGE_CURVE('',#13325,#13193,#13356,.T.);
#13356 = LINE('',#13357,#13358);
#13357 = CARTESIAN_POINT('',(240.,15.,14.737205583712));
#13358 = VECTOR('',#13359,1.);
#13359 = DIRECTION('',(0.,0.965925826289,-0.258819045103));
#13360 = ORIENTED_EDGE('',*,*,#13190,.F.);
#13361 = ORIENTED_EDGE('',*,*,#13362,.F.);
#13362 = EDGE_CURVE('',#13333,#13191,#13363,.T.);
#13363 = LINE('',#13364,#13365);
#13364 = CARTESIAN_POINT('',(220.,15.,14.737205583712));
#13365 = VECTOR('',#13366,1.);
#13366 = DIRECTION('',(0.,0.965925826289,-0.258819045103));
#13367 = PLANE('',#13368);
#13368 = AXIS2_PLACEMENT_3D('',#13369,#13370,#13371);
#13369 = CARTESIAN_POINT('',(220.,15.,14.737205583712));
#13370 = DIRECTION('',(-0.,0.258819045103,0.965925826289));
#13371 = DIRECTION('',(0.,0.965925826289,-0.258819045103));
#13372 = ADVANCED_FACE('',(#13373),#13381,.F.);
#13373 = FACE_BOUND('',#13374,.F.);
#13374 = EDGE_LOOP('',(#13375,#13376,#13377,#13378,#13379,#13380));
#13375 = ORIENTED_EDGE('',*,*,#13216,.T.);
#13376 = ORIENTED_EDGE('',*,*,#13247,.T.);
#13377 = ORIENTED_EDGE('',*,*,#13278,.T.);
#13378 = ORIENTED_EDGE('',*,*,#13309,.T.);
#13379 = ORIENTED_EDGE('',*,*,#13340,.T.);
#13380 = ORIENTED_EDGE('',*,*,#13362,.T.);
#13381 = PLANE('',#13382);
#13382 = AXIS2_PLACEMENT_3D('',#13383,#13384,#13385);
#13383 = CARTESIAN_POINT('',(220.,145.,62.937879085693));
#13384 = DIRECTION('',(1.,0.,0.));
#13385 = DIRECTION('',(-0.,0.,1.));
#13386 = ADVANCED_FACE('',(#13387),#13395,.T.);
#13387 = FACE_BOUND('',#13388,.T.);
#13388 = EDGE_LOOP('',(#13389,#13390,#13391,#13392,#13393,#13394));
#13389 = ORIENTED_EDGE('',*,*,#13200,.T.);
#13390 = ORIENTED_EDGE('',*,*,#13231,.T.);
#13391 = ORIENTED_EDGE('',*,*,#13262,.T.);
#13392 = ORIENTED_EDGE('',*,*,#13293,.T.);
#13393 = ORIENTED_EDGE('',*,*,#13324,.T.);
#13394 = ORIENTED_EDGE('',*,*,#13355,.T.);
#13395 = PLANE('',#13396);
#13396 = AXIS2_PLACEMENT_3D('',#13397,#13398,#13399);
#13397 = CARTESIAN_POINT('',(240.,145.,62.937879085693));
#13398 = DIRECTION('',(1.,0.,0.));
#13399 = DIRECTION('',(-0.,0.,1.));
#13400 = ( GEOMETRIC_REPRESENTATION_CONTEXT(3) 
GLOBAL_UNCERTAINTY_ASSIGNED_CONTEXT((#13404)) 
GLOBAL_UNIT_ASSIGNED_CONTEXT((#13401,#13402,#13403)) 
REPRESENTATION_CONTEXT('Context #1',
  '3D Context with UNIT and UNCERTAINTY') );
#13401 = ( LENGTH_UNIT() NAMED_UNIT(*) SI_UNIT(.MILLI.,.METRE.) );
#13402 = ( NAMED_UNIT(*) PLANE_ANGLE_UNIT() SI_UNIT($,.RADIAN.) );
#13403 = ( NAMED_UNIT(*) SI_UNIT($,.STERADIAN.) SOLID_ANGLE_UNIT() );
#13404 = UNCERTAINTY_MEASURE_WITH_UNIT(LENGTH_MEASURE(1.E-07),#13401,
  'distance_accuracy_value','confusion accuracy');
#13405 = CONTEXT_DEPENDENT_SHAPE_REPRESENTATION(#13406,#13408);
#13406 = ( REPRESENTATION_RELATIONSHIP('','',#13183,#10) 
REPRESENTATION_RELATIONSHIP_WITH_TRANSFORMATION(#13407) 
SHAPE_REPRESENTATION_RELATIONSHIP() );
#13407 = ITEM_DEFINED_TRANSFORMATION('','',#11,#311);
#13408 = PRODUCT_DEFINITION_SHAPE('Placement','Placement of an item',
  #13409);
#13409 = NEXT_ASSEMBLY_USAGE_OCCURRENCE('75',
  'CAT-STARBOARD-BULKHEAD-02 | Bulkhead | nominal plywood 20 mm','',#5,
  #13178,$);
#13410 = PRODUCT_RELATED_PRODUCT_CATEGORY('part',$,(#13180));
#13411 = SHAPE_DEFINITION_REPRESENTATION(#13412,#13418);
#13412 = PRODUCT_DEFINITION_SHAPE('','',#13413);
#13413 = PRODUCT_DEFINITION('design','',#13414,#13417);
#13414 = PRODUCT_DEFINITION_FORMATION('','',#13415);
#13415 = PRODUCT(
  'CAT-STARBOARD-BULKHEAD-03 | Bulkhead | nominal plywood 20 mm',
  'CAT-STARBOARD-BULKHEAD-03 | Bulkhead | nominal plywood 20 mm','',(
    #13416));
#13416 = PRODUCT_CONTEXT('',#2,'mechanical');
#13417 = PRODUCT_DEFINITION_CONTEXT('part definition',#2,'design');
#13418 = ADVANCED_BREP_SHAPE_REPRESENTATION('',(#11,#13419),#13635);
#13419 = MANIFOLD_SOLID_BREP('',#13420);
#13420 = CLOSED_SHELL('',(#13421,#13461,#13492,#13523,#13554,#13585,
    #13607,#13621));
#13421 = ADVANCED_FACE('',(#13422),#13456,.F.);
#13422 = FACE_BOUND('',#13423,.F.);
#13423 = EDGE_LOOP('',(#13424,#13434,#13442,#13450));
#13424 = ORIENTED_EDGE('',*,*,#13425,.T.);
#13425 = EDGE_CURVE('',#13426,#13428,#13430,.T.);
#13426 = VERTEX_POINT('',#13427);
#13427 = CARTESIAN_POINT('',(390.,70.,0.));
#13428 = VERTEX_POINT('',#13429);
#13429 = CARTESIAN_POINT('',(410.,70.,0.));
#13430 = LINE('',#13431,#13432);
#13431 = CARTESIAN_POINT('',(390.,70.,0.));
#13432 = VECTOR('',#13433,1.);
#13433 = DIRECTION('',(1.,0.,0.));
#13434 = ORIENTED_EDGE('',*,*,#13435,.T.);
#13435 = EDGE_CURVE('',#13428,#13436,#13438,.T.);
#13436 = VERTEX_POINT('',#13437);
#13437 = CARTESIAN_POINT('',(410.,220.,0.));
#13438 = LINE('',#13439,#13440);
#13439 = CARTESIAN_POINT('',(410.,70.,0.));
#13440 = VECTOR('',#13441,1.);
#13441 = DIRECTION('',(0.,1.,0.));
#13442 = ORIENTED_EDGE('',*,*,#13443,.F.);
#13443 = EDGE_CURVE('',#13444,#13436,#13446,.T.);
#13444 = VERTEX_POINT('',#13445);
#13445 = CARTESIAN_POINT('',(390.,220.,0.));
#13446 = LINE('',#13447,#13448);
#13447 = CARTESIAN_POINT('',(390.,220.,0.));
#13448 = VECTOR('',#13449,1.);
#13449 = DIRECTION('',(1.,0.,0.));
#13450 = ORIENTED_EDGE('',*,*,#13451,.F.);
#13451 = EDGE_CURVE('',#13426,#13444,#13452,.T.);
#13452 = LINE('',#13453,#13454);
#13453 = CARTESIAN_POINT('',(390.,70.,0.));
#13454 = VECTOR('',#13455,1.);
#13455 = DIRECTION('',(0.,1.,0.));
#13456 = PLANE('',#13457);
#13457 = AXIS2_PLACEMENT_3D('',#13458,#13459,#13460);
#13458 = CARTESIAN_POINT('',(390.,70.,0.));
#13459 = DIRECTION('',(0.,0.,1.));
#13460 = DIRECTION('',(0.,1.,0.));
#13461 = ADVANCED_FACE('',(#13462),#13487,.F.);
#13462 = FACE_BOUND('',#13463,.F.);
#13463 = EDGE_LOOP('',(#13464,#13465,#13473,#13481));
#13464 = ORIENTED_EDGE('',*,*,#13443,.T.);
#13465 = ORIENTED_EDGE('',*,*,#13466,.T.);
#13466 = EDGE_CURVE('',#13436,#13467,#13469,.T.);
#13467 = VERTEX_POINT('',#13468);
#13468 = CARTESIAN_POINT('',(410.,275.,14.737205583712));
#13469 = LINE('',#13470,#13471);
#13470 = CARTESIAN_POINT('',(410.,220.,0.));
#13471 = VECTOR('',#13472,1.);
#13472 = DIRECTION('',(0.,0.965925826289,0.258819045103));
#13473 = ORIENTED_EDGE('',*,*,#13474,.F.);
#13474 = EDGE_CURVE('',#13475,#13467,#13477,.T.);
#13475 = VERTEX_POINT('',#13476);
#13476 = CARTESIAN_POINT('',(390.,275.,14.737205583712));
#13477 = LINE('',#13478,#13479);
#13478 = CARTESIAN_POINT('',(390.,275.,14.737205583712));
#13479 = VECTOR('',#13480,1.);
#13480 = DIRECTION('',(1.,0.,0.));
#13481 = ORIENTED_EDGE('',*,*,#13482,.F.);
#13482 = EDGE_CURVE('',#13444,#13475,#13483,.T.);
#13483 = LINE('',#13484,#13485);
#13484 = CARTESIAN_POINT('',(390.,220.,0.));
#13485 = VECTOR('',#13486,1.);
#13486 = DIRECTION('',(0.,0.965925826289,0.258819045103));
#13487 = PLANE('',#13488);
#13488 = AXIS2_PLACEMENT_3D('',#13489,#13490,#13491);
#13489 = CARTESIAN_POINT('',(390.,220.,0.));
#13490 = DIRECTION('',(0.,-0.258819045103,0.965925826289));
#13491 = DIRECTION('',(0.,0.965925826289,0.258819045103));
#13492 = ADVANCED_FACE('',(#13493),#13518,.F.);
#13493 = FACE_BOUND('',#13494,.F.);
#13494 = EDGE_LOOP('',(#13495,#13496,#13504,#13512));
#13495 = ORIENTED_EDGE('',*,*,#13474,.T.);
#13496 = ORIENTED_EDGE('',*,*,#13497,.T.);
#13497 = EDGE_CURVE('',#13467,#13498,#13500,.T.);
#13498 = VERTEX_POINT('',#13499);
#13499 = CARTESIAN_POINT('',(410.,275.,120.));
#13500 = LINE('',#13501,#13502);
#13501 = CARTESIAN_POINT('',(410.,275.,14.737205583712));
#13502 = VECTOR('',#13503,1.);
#13503 = DIRECTION('',(0.,0.,1.));
#13504 = ORIENTED_EDGE('',*,*,#13505,.F.);
#13505 = EDGE_CURVE('',#13506,#13498,#13508,.T.);
#13506 = VERTEX_POINT('',#13507);
#13507 = CARTESIAN_POINT('',(390.,275.,120.));
#13508 = LINE('',#13509,#13510);
#13509 = CARTESIAN_POINT('',(390.,275.,120.));
#13510 = VECTOR('',#13511,1.);
#13511 = DIRECTION('',(1.,0.,0.));
#13512 = ORIENTED_EDGE('',*,*,#13513,.F.);
#13513 = EDGE_CURVE('',#13475,#13506,#13514,.T.);
#13514 = LINE('',#13515,#13516);
#13515 = CARTESIAN_POINT('',(390.,275.,14.737205583712));
#13516 = VECTOR('',#13517,1.);
#13517 = DIRECTION('',(0.,0.,1.));
#13518 = PLANE('',#13519);
#13519 = AXIS2_PLACEMENT_3D('',#13520,#13521,#13522);
#13520 = CARTESIAN_POINT('',(390.,275.,14.737205583712));
#13521 = DIRECTION('',(0.,-1.,0.));
#13522 = DIRECTION('',(0.,0.,1.));
#13523 = ADVANCED_FACE('',(#13524),#13549,.F.);
#13524 = FACE_BOUND('',#13525,.F.);
#13525 = EDGE_LOOP('',(#13526,#13527,#13535,#13543));
#13526 = ORIENTED_EDGE('',*,*,#13505,.T.);
#13527 = ORIENTED_EDGE('',*,*,#13528,.T.);
#13528 = EDGE_CURVE('',#13498,#13529,#13531,.T.);
#13529 = VERTEX_POINT('',#13530);
#13530 = CARTESIAN_POINT('',(410.,15.,120.));
#13531 = LINE('',#13532,#13533);
#13532 = CARTESIAN_POINT('',(410.,275.,120.));
#13533 = VECTOR('',#13534,1.);
#13534 = DIRECTION('',(0.,-1.,0.));
#13535 = ORIENTED_EDGE('',*,*,#13536,.F.);
#13536 = EDGE_CURVE('',#13537,#13529,#13539,.T.);
#13537 = VERTEX_POINT('',#13538);
#13538 = CARTESIAN_POINT('',(390.,15.,120.));
#13539 = LINE('',#13540,#13541);
#13540 = CARTESIAN_POINT('',(390.,15.,120.));
#13541 = VECTOR('',#13542,1.);
#13542 = DIRECTION('',(1.,0.,0.));
#13543 = ORIENTED_EDGE('',*,*,#13544,.F.);
#13544 = EDGE_CURVE('',#13506,#13537,#13545,.T.);
#13545 = LINE('',#13546,#13547);
#13546 = CARTESIAN_POINT('',(390.,275.,120.));
#13547 = VECTOR('',#13548,1.);
#13548 = DIRECTION('',(0.,-1.,0.));
#13549 = PLANE('',#13550);
#13550 = AXIS2_PLACEMENT_3D('',#13551,#13552,#13553);
#13551 = CARTESIAN_POINT('',(390.,275.,120.));
#13552 = DIRECTION('',(0.,0.,-1.));
#13553 = DIRECTION('',(0.,-1.,0.));
#13554 = ADVANCED_FACE('',(#13555),#13580,.F.);
#13555 = FACE_BOUND('',#13556,.F.);
#13556 = EDGE_LOOP('',(#13557,#13558,#13566,#13574));
#13557 = ORIENTED_EDGE('',*,*,#13536,.T.);
#13558 = ORIENTED_EDGE('',*,*,#13559,.T.);
#13559 = EDGE_CURVE('',#13529,#13560,#13562,.T.);
#13560 = VERTEX_POINT('',#13561);
#13561 = CARTESIAN_POINT('',(410.,15.,14.737205583712));
#13562 = LINE('',#13563,#13564);
#13563 = CARTESIAN_POINT('',(410.,15.,120.));
#13564 = VECTOR('',#13565,1.);
#13565 = DIRECTION('',(0.,0.,-1.));
#13566 = ORIENTED_EDGE('',*,*,#13567,.F.);
#13567 = EDGE_CURVE('',#13568,#13560,#13570,.T.);
#13568 = VERTEX_POINT('',#13569);
#13569 = CARTESIAN_POINT('',(390.,15.,14.737205583712));
#13570 = LINE('',#13571,#13572);
#13571 = CARTESIAN_POINT('',(390.,15.,14.737205583712));
#13572 = VECTOR('',#13573,1.);
#13573 = DIRECTION('',(1.,0.,0.));
#13574 = ORIENTED_EDGE('',*,*,#13575,.F.);
#13575 = EDGE_CURVE('',#13537,#13568,#13576,.T.);
#13576 = LINE('',#13577,#13578);
#13577 = CARTESIAN_POINT('',(390.,15.,120.));
#13578 = VECTOR('',#13579,1.);
#13579 = DIRECTION('',(0.,0.,-1.));
#13580 = PLANE('',#13581);
#13581 = AXIS2_PLACEMENT_3D('',#13582,#13583,#13584);
#13582 = CARTESIAN_POINT('',(390.,15.,120.));
#13583 = DIRECTION('',(-0.,1.,0.));
#13584 = DIRECTION('',(0.,0.,-1.));
#13585 = ADVANCED_FACE('',(#13586),#13602,.F.);
#13586 = FACE_BOUND('',#13587,.F.);
#13587 = EDGE_LOOP('',(#13588,#13589,#13595,#13596));
#13588 = ORIENTED_EDGE('',*,*,#13567,.T.);
#13589 = ORIENTED_EDGE('',*,*,#13590,.T.);
#13590 = EDGE_CURVE('',#13560,#13428,#13591,.T.);
#13591 = LINE('',#13592,#13593);
#13592 = CARTESIAN_POINT('',(410.,15.,14.737205583712));
#13593 = VECTOR('',#13594,1.);
#13594 = DIRECTION('',(0.,0.965925826289,-0.258819045103));
#13595 = ORIENTED_EDGE('',*,*,#13425,.F.);
#13596 = ORIENTED_EDGE('',*,*,#13597,.F.);
#13597 = EDGE_CURVE('',#13568,#13426,#13598,.T.);
#13598 = LINE('',#13599,#13600);
#13599 = CARTESIAN_POINT('',(390.,15.,14.737205583712));
#13600 = VECTOR('',#13601,1.);
#13601 = DIRECTION('',(0.,0.965925826289,-0.258819045103));
#13602 = PLANE('',#13603);
#13603 = AXIS2_PLACEMENT_3D('',#13604,#13605,#13606);
#13604 = CARTESIAN_POINT('',(390.,15.,14.737205583712));
#13605 = DIRECTION('',(-0.,0.258819045103,0.965925826289));
#13606 = DIRECTION('',(0.,0.965925826289,-0.258819045103));
#13607 = ADVANCED_FACE('',(#13608),#13616,.F.);
#13608 = FACE_BOUND('',#13609,.F.);
#13609 = EDGE_LOOP('',(#13610,#13611,#13612,#13613,#13614,#13615));
#13610 = ORIENTED_EDGE('',*,*,#13451,.T.);
#13611 = ORIENTED_EDGE('',*,*,#13482,.T.);
#13612 = ORIENTED_EDGE('',*,*,#13513,.T.);
#13613 = ORIENTED_EDGE('',*,*,#13544,.T.);
#13614 = ORIENTED_EDGE('',*,*,#13575,.T.);
#13615 = ORIENTED_EDGE('',*,*,#13597,.T.);
#13616 = PLANE('',#13617);
#13617 = AXIS2_PLACEMENT_3D('',#13618,#13619,#13620);
#13618 = CARTESIAN_POINT('',(390.,145.,62.937879085693));
#13619 = DIRECTION('',(1.,0.,0.));
#13620 = DIRECTION('',(-0.,0.,1.));
#13621 = ADVANCED_FACE('',(#13622),#13630,.T.);
#13622 = FACE_BOUND('',#13623,.T.);
#13623 = EDGE_LOOP('',(#13624,#13625,#13626,#13627,#13628,#13629));
#13624 = ORIENTED_EDGE('',*,*,#13435,.T.);
#13625 = ORIENTED_EDGE('',*,*,#13466,.T.);
#13626 = ORIENTED_EDGE('',*,*,#13497,.T.);
#13627 = ORIENTED_EDGE('',*,*,#13528,.T.);
#13628 = ORIENTED_EDGE('',*,*,#13559,.T.);
#13629 = ORIENTED_EDGE('',*,*,#13590,.T.);
#13630 = PLANE('',#13631);
#13631 = AXIS2_PLACEMENT_3D('',#13632,#13633,#13634);
#13632 = CARTESIAN_POINT('',(410.,145.,62.937879085693));
#13633 = DIRECTION('',(1.,0.,0.));
#13634 = DIRECTION('',(-0.,0.,1.));
#13635 = ( GEOMETRIC_REPRESENTATION_CONTEXT(3) 
GLOBAL_UNCERTAINTY_ASSIGNED_CONTEXT((#13639)) 
GLOBAL_UNIT_ASSIGNED_CONTEXT((#13636,#13637,#13638)) 
REPRESENTATION_CONTEXT('Context #1',
  '3D Context with UNIT and UNCERTAINTY') );
#13636 = ( LENGTH_UNIT() NAMED_UNIT(*) SI_UNIT(.MILLI.,.METRE.) );
#13637 = ( NAMED_UNIT(*) PLANE_ANGLE_UNIT() SI_UNIT($,.RADIAN.) );
#13638 = ( NAMED_UNIT(*) SI_UNIT($,.STERADIAN.) SOLID_ANGLE_UNIT() );
#13639 = UNCERTAINTY_MEASURE_WITH_UNIT(LENGTH_MEASURE(1.E-07),#13636,
  'distance_accuracy_value','confusion accuracy');
#13640 = CONTEXT_DEPENDENT_SHAPE_REPRESENTATION(#13641,#13643);
#13641 = ( REPRESENTATION_RELATIONSHIP('','',#13418,#10) 
REPRESENTATION_RELATIONSHIP_WITH_TRANSFORMATION(#13642) 
SHAPE_REPRESENTATION_RELATIONSHIP() );
#13642 = ITEM_DEFINED_TRANSFORMATION('','',#11,#315);
#13643 = PRODUCT_DEFINITION_SHAPE('Placement','Placement of an item',
  #13644);
#13644 = NEXT_ASSEMBLY_USAGE_OCCURRENCE('76',
  'CAT-STARBOARD-BULKHEAD-03 | Bulkhead | nominal plywood 20 mm','',#5,
  #13413,$);
#13645 = PRODUCT_RELATED_PRODUCT_CATEGORY('part',$,(#13415));
#13646 = SHAPE_DEFINITION_REPRESENTATION(#13647,#13653);
#13647 = PRODUCT_DEFINITION_SHAPE('','',#13648);
#13648 = PRODUCT_DEFINITION('design','',#13649,#13652);
#13649 = PRODUCT_DEFINITION_FORMATION('','',#13650);
#13650 = PRODUCT(
  'CAT-STARBOARD-BULKHEAD-04 | Bulkhead | nominal plywood 20 mm',
  'CAT-STARBOARD-BULKHEAD-04 | Bulkhead | nominal plywood 20 mm','',(
    #13651));
#13651 = PRODUCT_CONTEXT('',#2,'mechanical');
#13652 = PRODUCT_DEFINITION_CONTEXT('part definition',#2,'design');
#13653 = ADVANCED_BREP_SHAPE_REPRESENTATION('',(#11,#13654),#13870);
#13654 = MANIFOLD_SOLID_BREP('',#13655);
#13655 = CLOSED_SHELL('',(#13656,#13696,#13727,#13758,#13789,#13820,
    #13842,#13856));
#13656 = ADVANCED_FACE('',(#13657),#13691,.F.);
#13657 = FACE_BOUND('',#13658,.F.);
#13658 = EDGE_LOOP('',(#13659,#13669,#13677,#13685));
#13659 = ORIENTED_EDGE('',*,*,#13660,.T.);
#13660 = EDGE_CURVE('',#13661,#13663,#13665,.T.);
#13661 = VERTEX_POINT('',#13662);
#13662 = CARTESIAN_POINT('',(560.,70.,0.));
#13663 = VERTEX_POINT('',#13664);
#13664 = CARTESIAN_POINT('',(580.,70.,0.));
#13665 = LINE('',#13666,#13667);
#13666 = CARTESIAN_POINT('',(560.,70.,0.));
#13667 = VECTOR('',#13668,1.);
#13668 = DIRECTION('',(1.,0.,0.));
#13669 = ORIENTED_EDGE('',*,*,#13670,.T.);
#13670 = EDGE_CURVE('',#13663,#13671,#13673,.T.);
#13671 = VERTEX_POINT('',#13672);
#13672 = CARTESIAN_POINT('',(580.,220.,0.));
#13673 = LINE('',#13674,#13675);
#13674 = CARTESIAN_POINT('',(580.,70.,0.));
#13675 = VECTOR('',#13676,1.);
#13676 = DIRECTION('',(0.,1.,0.));
#13677 = ORIENTED_EDGE('',*,*,#13678,.F.);
#13678 = EDGE_CURVE('',#13679,#13671,#13681,.T.);
#13679 = VERTEX_POINT('',#13680);
#13680 = CARTESIAN_POINT('',(560.,220.,0.));
#13681 = LINE('',#13682,#13683);
#13682 = CARTESIAN_POINT('',(560.,220.,0.));
#13683 = VECTOR('',#13684,1.);
#13684 = DIRECTION('',(1.,0.,0.));
#13685 = ORIENTED_EDGE('',*,*,#13686,.F.);
#13686 = EDGE_CURVE('',#13661,#13679,#13687,.T.);
#13687 = LINE('',#13688,#13689);
#13688 = CARTESIAN_POINT('',(560.,70.,0.));
#13689 = VECTOR('',#13690,1.);
#13690 = DIRECTION('',(0.,1.,0.));
#13691 = PLANE('',#13692);
#13692 = AXIS2_PLACEMENT_3D('',#13693,#13694,#13695);
#13693 = CARTESIAN_POINT('',(560.,70.,0.));
#13694 = DIRECTION('',(0.,0.,1.));
#13695 = DIRECTION('',(0.,1.,0.));
#13696 = ADVANCED_FACE('',(#13697),#13722,.F.);
#13697 = FACE_BOUND('',#13698,.F.);
#13698 = EDGE_LOOP('',(#13699,#13700,#13708,#13716));
#13699 = ORIENTED_EDGE('',*,*,#13678,.T.);
#13700 = ORIENTED_EDGE('',*,*,#13701,.T.);
#13701 = EDGE_CURVE('',#13671,#13702,#13704,.T.);
#13702 = VERTEX_POINT('',#13703);
#13703 = CARTESIAN_POINT('',(580.,275.,14.737205583712));
#13704 = LINE('',#13705,#13706);
#13705 = CARTESIAN_POINT('',(580.,220.,0.));
#13706 = VECTOR('',#13707,1.);
#13707 = DIRECTION('',(0.,0.965925826289,0.258819045103));
#13708 = ORIENTED_EDGE('',*,*,#13709,.F.);
#13709 = EDGE_CURVE('',#13710,#13702,#13712,.T.);
#13710 = VERTEX_POINT('',#13711);
#13711 = CARTESIAN_POINT('',(560.,275.,14.737205583712));
#13712 = LINE('',#13713,#13714);
#13713 = CARTESIAN_POINT('',(560.,275.,14.737205583712));
#13714 = VECTOR('',#13715,1.);
#13715 = DIRECTION('',(1.,0.,0.));
#13716 = ORIENTED_EDGE('',*,*,#13717,.F.);
#13717 = EDGE_CURVE('',#13679,#13710,#13718,.T.);
#13718 = LINE('',#13719,#13720);
#13719 = CARTESIAN_POINT('',(560.,220.,0.));
#13720 = VECTOR('',#13721,1.);
#13721 = DIRECTION('',(0.,0.965925826289,0.258819045103));
#13722 = PLANE('',#13723);
#13723 = AXIS2_PLACEMENT_3D('',#13724,#13725,#13726);
#13724 = CARTESIAN_POINT('',(560.,220.,0.));
#13725 = DIRECTION('',(0.,-0.258819045103,0.965925826289));
#13726 = DIRECTION('',(0.,0.965925826289,0.258819045103));
#13727 = ADVANCED_FACE('',(#13728),#13753,.F.);
#13728 = FACE_BOUND('',#13729,.F.);
#13729 = EDGE_LOOP('',(#13730,#13731,#13739,#13747));
#13730 = ORIENTED_EDGE('',*,*,#13709,.T.);
#13731 = ORIENTED_EDGE('',*,*,#13732,.T.);
#13732 = EDGE_CURVE('',#13702,#13733,#13735,.T.);
#13733 = VERTEX_POINT('',#13734);
#13734 = CARTESIAN_POINT('',(580.,275.,120.));
#13735 = LINE('',#13736,#13737);
#13736 = CARTESIAN_POINT('',(580.,275.,14.737205583712));
#13737 = VECTOR('',#13738,1.);
#13738 = DIRECTION('',(0.,0.,1.));
#13739 = ORIENTED_EDGE('',*,*,#13740,.F.);
#13740 = EDGE_CURVE('',#13741,#13733,#13743,.T.);
#13741 = VERTEX_POINT('',#13742);
#13742 = CARTESIAN_POINT('',(560.,275.,120.));
#13743 = LINE('',#13744,#13745);
#13744 = CARTESIAN_POINT('',(560.,275.,120.));
#13745 = VECTOR('',#13746,1.);
#13746 = DIRECTION('',(1.,0.,0.));
#13747 = ORIENTED_EDGE('',*,*,#13748,.F.);
#13748 = EDGE_CURVE('',#13710,#13741,#13749,.T.);
#13749 = LINE('',#13750,#13751);
#13750 = CARTESIAN_POINT('',(560.,275.,14.737205583712));
#13751 = VECTOR('',#13752,1.);
#13752 = DIRECTION('',(0.,0.,1.));
#13753 = PLANE('',#13754);
#13754 = AXIS2_PLACEMENT_3D('',#13755,#13756,#13757);
#13755 = CARTESIAN_POINT('',(560.,275.,14.737205583712));
#13756 = DIRECTION('',(0.,-1.,0.));
#13757 = DIRECTION('',(0.,0.,1.));
#13758 = ADVANCED_FACE('',(#13759),#13784,.F.);
#13759 = FACE_BOUND('',#13760,.F.);
#13760 = EDGE_LOOP('',(#13761,#13762,#13770,#13778));
#13761 = ORIENTED_EDGE('',*,*,#13740,.T.);
#13762 = ORIENTED_EDGE('',*,*,#13763,.T.);
#13763 = EDGE_CURVE('',#13733,#13764,#13766,.T.);
#13764 = VERTEX_POINT('',#13765);
#13765 = CARTESIAN_POINT('',(580.,15.,120.));
#13766 = LINE('',#13767,#13768);
#13767 = CARTESIAN_POINT('',(580.,275.,120.));
#13768 = VECTOR('',#13769,1.);
#13769 = DIRECTION('',(0.,-1.,0.));
#13770 = ORIENTED_EDGE('',*,*,#13771,.F.);
#13771 = EDGE_CURVE('',#13772,#13764,#13774,.T.);
#13772 = VERTEX_POINT('',#13773);
#13773 = CARTESIAN_POINT('',(560.,15.,120.));
#13774 = LINE('',#13775,#13776);
#13775 = CARTESIAN_POINT('',(560.,15.,120.));
#13776 = VECTOR('',#13777,1.);
#13777 = DIRECTION('',(1.,0.,0.));
#13778 = ORIENTED_EDGE('',*,*,#13779,.F.);
#13779 = EDGE_CURVE('',#13741,#13772,#13780,.T.);
#13780 = LINE('',#13781,#13782);
#13781 = CARTESIAN_POINT('',(560.,275.,120.));
#13782 = VECTOR('',#13783,1.);
#13783 = DIRECTION('',(0.,-1.,0.));
#13784 = PLANE('',#13785);
#13785 = AXIS2_PLACEMENT_3D('',#13786,#13787,#13788);
#13786 = CARTESIAN_POINT('',(560.,275.,120.));
#13787 = DIRECTION('',(0.,0.,-1.));
#13788 = DIRECTION('',(0.,-1.,0.));
#13789 = ADVANCED_FACE('',(#13790),#13815,.F.);
#13790 = FACE_BOUND('',#13791,.F.);
#13791 = EDGE_LOOP('',(#13792,#13793,#13801,#13809));
#13792 = ORIENTED_EDGE('',*,*,#13771,.T.);
#13793 = ORIENTED_EDGE('',*,*,#13794,.T.);
#13794 = EDGE_CURVE('',#13764,#13795,#13797,.T.);
#13795 = VERTEX_POINT('',#13796);
#13796 = CARTESIAN_POINT('',(580.,15.,14.737205583712));
#13797 = LINE('',#13798,#13799);
#13798 = CARTESIAN_POINT('',(580.,15.,120.));
#13799 = VECTOR('',#13800,1.);
#13800 = DIRECTION('',(0.,0.,-1.));
#13801 = ORIENTED_EDGE('',*,*,#13802,.F.);
#13802 = EDGE_CURVE('',#13803,#13795,#13805,.T.);
#13803 = VERTEX_POINT('',#13804);
#13804 = CARTESIAN_POINT('',(560.,15.,14.737205583712));
#13805 = LINE('',#13806,#13807);
#13806 = CARTESIAN_POINT('',(560.,15.,14.737205583712));
#13807 = VECTOR('',#13808,1.);
#13808 = DIRECTION('',(1.,0.,0.));
#13809 = ORIENTED_EDGE('',*,*,#13810,.F.);
#13810 = EDGE_CURVE('',#13772,#13803,#13811,.T.);
#13811 = LINE('',#13812,#13813);
#13812 = CARTESIAN_POINT('',(560.,15.,120.));
#13813 = VECTOR('',#13814,1.);
#13814 = DIRECTION('',(0.,0.,-1.));
#13815 = PLANE('',#13816);
#13816 = AXIS2_PLACEMENT_3D('',#13817,#13818,#13819);
#13817 = CARTESIAN_POINT('',(560.,15.,120.));
#13818 = DIRECTION('',(-0.,1.,0.));
#13819 = DIRECTION('',(0.,0.,-1.));
#13820 = ADVANCED_FACE('',(#13821),#13837,.F.);
#13821 = FACE_BOUND('',#13822,.F.);
#13822 = EDGE_LOOP('',(#13823,#13824,#13830,#13831));
#13823 = ORIENTED_EDGE('',*,*,#13802,.T.);
#13824 = ORIENTED_EDGE('',*,*,#13825,.T.);
#13825 = EDGE_CURVE('',#13795,#13663,#13826,.T.);
#13826 = LINE('',#13827,#13828);
#13827 = CARTESIAN_POINT('',(580.,15.,14.737205583712));
#13828 = VECTOR('',#13829,1.);
#13829 = DIRECTION('',(0.,0.965925826289,-0.258819045103));
#13830 = ORIENTED_EDGE('',*,*,#13660,.F.);
#13831 = ORIENTED_EDGE('',*,*,#13832,.F.);
#13832 = EDGE_CURVE('',#13803,#13661,#13833,.T.);
#13833 = LINE('',#13834,#13835);
#13834 = CARTESIAN_POINT('',(560.,15.,14.737205583712));
#13835 = VECTOR('',#13836,1.);
#13836 = DIRECTION('',(0.,0.965925826289,-0.258819045103));
#13837 = PLANE('',#13838);
#13838 = AXIS2_PLACEMENT_3D('',#13839,#13840,#13841);
#13839 = CARTESIAN_POINT('',(560.,15.,14.737205583712));
#13840 = DIRECTION('',(-0.,0.258819045103,0.965925826289));
#13841 = DIRECTION('',(0.,0.965925826289,-0.258819045103));
#13842 = ADVANCED_FACE('',(#13843),#13851,.F.);
#13843 = FACE_BOUND('',#13844,.F.);
#13844 = EDGE_LOOP('',(#13845,#13846,#13847,#13848,#13849,#13850));
#13845 = ORIENTED_EDGE('',*,*,#13686,.T.);
#13846 = ORIENTED_EDGE('',*,*,#13717,.T.);
#13847 = ORIENTED_EDGE('',*,*,#13748,.T.);
#13848 = ORIENTED_EDGE('',*,*,#13779,.T.);
#13849 = ORIENTED_EDGE('',*,*,#13810,.T.);
#13850 = ORIENTED_EDGE('',*,*,#13832,.T.);
#13851 = PLANE('',#13852);
#13852 = AXIS2_PLACEMENT_3D('',#13853,#13854,#13855);
#13853 = CARTESIAN_POINT('',(560.,145.,62.937879085693));
#13854 = DIRECTION('',(1.,0.,0.));
#13855 = DIRECTION('',(-0.,0.,1.));
#13856 = ADVANCED_FACE('',(#13857),#13865,.T.);
#13857 = FACE_BOUND('',#13858,.T.);
#13858 = EDGE_LOOP('',(#13859,#13860,#13861,#13862,#13863,#13864));
#13859 = ORIENTED_EDGE('',*,*,#13670,.T.);
#13860 = ORIENTED_EDGE('',*,*,#13701,.T.);
#13861 = ORIENTED_EDGE('',*,*,#13732,.T.);
#13862 = ORIENTED_EDGE('',*,*,#13763,.T.);
#13863 = ORIENTED_EDGE('',*,*,#13794,.T.);
#13864 = ORIENTED_EDGE('',*,*,#13825,.T.);
#13865 = PLANE('',#13866);
#13866 = AXIS2_PLACEMENT_3D('',#13867,#13868,#13869);
#13867 = CARTESIAN_POINT('',(580.,145.,62.937879085693));
#13868 = DIRECTION('',(1.,0.,0.));
#13869 = DIRECTION('',(-0.,0.,1.));
#13870 = ( GEOMETRIC_REPRESENTATION_CONTEXT(3) 
GLOBAL_UNCERTAINTY_ASSIGNED_CONTEXT((#13874)) 
GLOBAL_UNIT_ASSIGNED_CONTEXT((#13871,#13872,#13873)) 
REPRESENTATION_CONTEXT('Context #1',
  '3D Context with UNIT and UNCERTAINTY') );
#13871 = ( LENGTH_UNIT() NAMED_UNIT(*) SI_UNIT(.MILLI.,.METRE.) );
#13872 = ( NAMED_UNIT(*) PLANE_ANGLE_UNIT() SI_UNIT($,.RADIAN.) );
#13873 = ( NAMED_UNIT(*) SI_UNIT($,.STERADIAN.) SOLID_ANGLE_UNIT() );
#13874 = UNCERTAINTY_MEASURE_WITH_UNIT(LENGTH_MEASURE(1.E-07),#13871,
  'distance_accuracy_value','confusion accuracy');
#13875 = CONTEXT_DEPENDENT_SHAPE_REPRESENTATION(#13876,#13878);
#13876 = ( REPRESENTATION_RELATIONSHIP('','',#13653,#10) 
REPRESENTATION_RELATIONSHIP_WITH_TRANSFORMATION(#13877) 
SHAPE_REPRESENTATION_RELATIONSHIP() );
#13877 = ITEM_DEFINED_TRANSFORMATION('','',#11,#319);
#13878 = PRODUCT_DEFINITION_SHAPE('Placement','Placement of an item',
  #13879);
#13879 = NEXT_ASSEMBLY_USAGE_OCCURRENCE('77',
  'CAT-STARBOARD-BULKHEAD-04 | Bulkhead | nominal plywood 20 mm','',#5,
  #13648,$);
#13880 = PRODUCT_RELATED_PRODUCT_CATEGORY('part',$,(#13650));
#13881 = SHAPE_DEFINITION_REPRESENTATION(#13882,#13888);
#13882 = PRODUCT_DEFINITION_SHAPE('','',#13883);
#13883 = PRODUCT_DEFINITION('design','',#13884,#13887);
#13884 = PRODUCT_DEFINITION_FORMATION('','',#13885);
#13885 = PRODUCT(
  'CAT-STARBOARD-BULKHEAD-05 | Bulkhead | nominal plywood 20 mm',
  'CAT-STARBOARD-BULKHEAD-05 | Bulkhead | nominal plywood 20 mm','',(
    #13886));
#13886 = PRODUCT_CONTEXT('',#2,'mechanical');
#13887 = PRODUCT_DEFINITION_CONTEXT('part definition',#2,'design');
#13888 = ADVANCED_BREP_SHAPE_REPRESENTATION('',(#11,#13889),#14105);
#13889 = MANIFOLD_SOLID_BREP('',#13890);
#13890 = CLOSED_SHELL('',(#13891,#13931,#13962,#13993,#14024,#14055,
    #14077,#14091));
#13891 = ADVANCED_FACE('',(#13892),#13926,.F.);
#13892 = FACE_BOUND('',#13893,.F.);
#13893 = EDGE_LOOP('',(#13894,#13904,#13912,#13920));
#13894 = ORIENTED_EDGE('',*,*,#13895,.T.);
#13895 = EDGE_CURVE('',#13896,#13898,#13900,.T.);
#13896 = VERTEX_POINT('',#13897);
#13897 = CARTESIAN_POINT('',(730.,99.545454545455,0.));
#13898 = VERTEX_POINT('',#13899);
#13899 = CARTESIAN_POINT('',(750.,99.545454545455,0.));
#13900 = LINE('',#13901,#13902);
#13901 = CARTESIAN_POINT('',(730.,99.545454545455,0.));
#13902 = VECTOR('',#13903,1.);
#13903 = DIRECTION('',(1.,0.,0.));
#13904 = ORIENTED_EDGE('',*,*,#13905,.T.);
#13905 = EDGE_CURVE('',#13898,#13906,#13908,.T.);
#13906 = VERTEX_POINT('',#13907);
#13907 = CARTESIAN_POINT('',(750.,190.45454545454,0.));
#13908 = LINE('',#13909,#13910);
#13909 = CARTESIAN_POINT('',(750.,99.545454545455,0.));
#13910 = VECTOR('',#13911,1.);
#13911 = DIRECTION('',(0.,1.,0.));
#13912 = ORIENTED_EDGE('',*,*,#13913,.F.);
#13913 = EDGE_CURVE('',#13914,#13906,#13916,.T.);
#13914 = VERTEX_POINT('',#13915);
#13915 = CARTESIAN_POINT('',(730.,190.45454545454,0.));
#13916 = LINE('',#13917,#13918);
#13917 = CARTESIAN_POINT('',(730.,190.45454545454,0.));
#13918 = VECTOR('',#13919,1.);
#13919 = DIRECTION('',(1.,0.,0.));
#13920 = ORIENTED_EDGE('',*,*,#13921,.F.);
#13921 = EDGE_CURVE('',#13896,#13914,#13922,.T.);
#13922 = LINE('',#13923,#13924);
#13923 = CARTESIAN_POINT('',(730.,99.545454545455,0.));
#13924 = VECTOR('',#13925,1.);
#13925 = DIRECTION('',(0.,1.,0.));
#13926 = PLANE('',#13927);
#13927 = AXIS2_PLACEMENT_3D('',#13928,#13929,#13930);
#13928 = CARTESIAN_POINT('',(730.,99.545454545455,0.));
#13929 = DIRECTION('',(0.,0.,1.));
#13930 = DIRECTION('',(0.,1.,0.));
#13931 = ADVANCED_FACE('',(#13932),#13957,.F.);
#13932 = FACE_BOUND('',#13933,.F.);
#13933 = EDGE_LOOP('',(#13934,#13935,#13943,#13951));
#13934 = ORIENTED_EDGE('',*,*,#13913,.T.);
#13935 = ORIENTED_EDGE('',*,*,#13936,.T.);
#13936 = EDGE_CURVE('',#13906,#13937,#13939,.T.);
#13937 = VERTEX_POINT('',#13938);
#13938 = CARTESIAN_POINT('',(750.,245.45454545454,14.737205583712));
#13939 = LINE('',#13940,#13941);
#13940 = CARTESIAN_POINT('',(750.,190.45454545454,0.));
#13941 = VECTOR('',#13942,1.);
#13942 = DIRECTION('',(0.,0.965925826289,0.258819045103));
#13943 = ORIENTED_EDGE('',*,*,#13944,.F.);
#13944 = EDGE_CURVE('',#13945,#13937,#13947,.T.);
#13945 = VERTEX_POINT('',#13946);
#13946 = CARTESIAN_POINT('',(730.,245.45454545454,14.737205583712));
#13947 = LINE('',#13948,#13949);
#13948 = CARTESIAN_POINT('',(730.,245.45454545454,14.737205583712));
#13949 = VECTOR('',#13950,1.);
#13950 = DIRECTION('',(1.,0.,0.));
#13951 = ORIENTED_EDGE('',*,*,#13952,.F.);
#13952 = EDGE_CURVE('',#13914,#13945,#13953,.T.);
#13953 = LINE('',#13954,#13955);
#13954 = CARTESIAN_POINT('',(730.,190.45454545454,0.));
#13955 = VECTOR('',#13956,1.);
#13956 = DIRECTION('',(0.,0.965925826289,0.258819045103));
#13957 = PLANE('',#13958);
#13958 = AXIS2_PLACEMENT_3D('',#13959,#13960,#13961);
#13959 = CARTESIAN_POINT('',(730.,190.45454545454,0.));
#13960 = DIRECTION('',(0.,-0.258819045103,0.965925826289));
#13961 = DIRECTION('',(0.,0.965925826289,0.258819045103));
#13962 = ADVANCED_FACE('',(#13963),#13988,.F.);
#13963 = FACE_BOUND('',#13964,.F.);
#13964 = EDGE_LOOP('',(#13965,#13966,#13974,#13982));
#13965 = ORIENTED_EDGE('',*,*,#13944,.T.);
#13966 = ORIENTED_EDGE('',*,*,#13967,.T.);
#13967 = EDGE_CURVE('',#13937,#13968,#13970,.T.);
#13968 = VERTEX_POINT('',#13969);
#13969 = CARTESIAN_POINT('',(750.,245.45454545454,120.));
#13970 = LINE('',#13971,#13972);
#13971 = CARTESIAN_POINT('',(750.,245.45454545454,14.737205583712));
#13972 = VECTOR('',#13973,1.);
#13973 = DIRECTION('',(0.,0.,1.));
#13974 = ORIENTED_EDGE('',*,*,#13975,.F.);
#13975 = EDGE_CURVE('',#13976,#13968,#13978,.T.);
#13976 = VERTEX_POINT('',#13977);
#13977 = CARTESIAN_POINT('',(730.,245.45454545454,120.));
#13978 = LINE('',#13979,#13980);
#13979 = CARTESIAN_POINT('',(730.,245.45454545454,120.));
#13980 = VECTOR('',#13981,1.);
#13981 = DIRECTION('',(1.,0.,0.));
#13982 = ORIENTED_EDGE('',*,*,#13983,.F.);
#13983 = EDGE_CURVE('',#13945,#13976,#13984,.T.);
#13984 = LINE('',#13985,#13986);
#13985 = CARTESIAN_POINT('',(730.,245.45454545454,14.737205583712));
#13986 = VECTOR('',#13987,1.);
#13987 = DIRECTION('',(0.,0.,1.));
#13988 = PLANE('',#13989);
#13989 = AXIS2_PLACEMENT_3D('',#13990,#13991,#13992);
#13990 = CARTESIAN_POINT('',(730.,245.45454545454,14.737205583712));
#13991 = DIRECTION('',(0.,-1.,0.));
#13992 = DIRECTION('',(0.,0.,1.));
#13993 = ADVANCED_FACE('',(#13994),#14019,.F.);
#13994 = FACE_BOUND('',#13995,.F.);
#13995 = EDGE_LOOP('',(#13996,#13997,#14005,#14013));
#13996 = ORIENTED_EDGE('',*,*,#13975,.T.);
#13997 = ORIENTED_EDGE('',*,*,#13998,.T.);
#13998 = EDGE_CURVE('',#13968,#13999,#14001,.T.);
#13999 = VERTEX_POINT('',#14000);
#14000 = CARTESIAN_POINT('',(750.,44.545454545455,120.));
#14001 = LINE('',#14002,#14003);
#14002 = CARTESIAN_POINT('',(750.,245.45454545454,120.));
#14003 = VECTOR('',#14004,1.);
#14004 = DIRECTION('',(0.,-1.,0.));
#14005 = ORIENTED_EDGE('',*,*,#14006,.F.);
#14006 = EDGE_CURVE('',#14007,#13999,#14009,.T.);
#14007 = VERTEX_POINT('',#14008);
#14008 = CARTESIAN_POINT('',(730.,44.545454545455,120.));
#14009 = LINE('',#14010,#14011);
#14010 = CARTESIAN_POINT('',(730.,44.545454545455,120.));
#14011 = VECTOR('',#14012,1.);
#14012 = DIRECTION('',(1.,0.,0.));
#14013 = ORIENTED_EDGE('',*,*,#14014,.F.);
#14014 = EDGE_CURVE('',#13976,#14007,#14015,.T.);
#14015 = LINE('',#14016,#14017);
#14016 = CARTESIAN_POINT('',(730.,245.45454545454,120.));
#14017 = VECTOR('',#14018,1.);
#14018 = DIRECTION('',(0.,-1.,0.));
#14019 = PLANE('',#14020);
#14020 = AXIS2_PLACEMENT_3D('',#14021,#14022,#14023);
#14021 = CARTESIAN_POINT('',(730.,245.45454545454,120.));
#14022 = DIRECTION('',(0.,0.,-1.));
#14023 = DIRECTION('',(0.,-1.,0.));
#14024 = ADVANCED_FACE('',(#14025),#14050,.F.);
#14025 = FACE_BOUND('',#14026,.F.);
#14026 = EDGE_LOOP('',(#14027,#14028,#14036,#14044));
#14027 = ORIENTED_EDGE('',*,*,#14006,.T.);
#14028 = ORIENTED_EDGE('',*,*,#14029,.T.);
#14029 = EDGE_CURVE('',#13999,#14030,#14032,.T.);
#14030 = VERTEX_POINT('',#14031);
#14031 = CARTESIAN_POINT('',(750.,44.545454545455,14.737205583712));
#14032 = LINE('',#14033,#14034);
#14033 = CARTESIAN_POINT('',(750.,44.545454545455,120.));
#14034 = VECTOR('',#14035,1.);
#14035 = DIRECTION('',(0.,0.,-1.));
#14036 = ORIENTED_EDGE('',*,*,#14037,.F.);
#14037 = EDGE_CURVE('',#14038,#14030,#14040,.T.);
#14038 = VERTEX_POINT('',#14039);
#14039 = CARTESIAN_POINT('',(730.,44.545454545455,14.737205583712));
#14040 = LINE('',#14041,#14042);
#14041 = CARTESIAN_POINT('',(730.,44.545454545455,14.737205583712));
#14042 = VECTOR('',#14043,1.);
#14043 = DIRECTION('',(1.,0.,0.));
#14044 = ORIENTED_EDGE('',*,*,#14045,.F.);
#14045 = EDGE_CURVE('',#14007,#14038,#14046,.T.);
#14046 = LINE('',#14047,#14048);
#14047 = CARTESIAN_POINT('',(730.,44.545454545455,120.));
#14048 = VECTOR('',#14049,1.);
#14049 = DIRECTION('',(0.,0.,-1.));
#14050 = PLANE('',#14051);
#14051 = AXIS2_PLACEMENT_3D('',#14052,#14053,#14054);
#14052 = CARTESIAN_POINT('',(730.,44.545454545455,120.));
#14053 = DIRECTION('',(-0.,1.,0.));
#14054 = DIRECTION('',(0.,0.,-1.));
#14055 = ADVANCED_FACE('',(#14056),#14072,.F.);
#14056 = FACE_BOUND('',#14057,.F.);
#14057 = EDGE_LOOP('',(#14058,#14059,#14065,#14066));
#14058 = ORIENTED_EDGE('',*,*,#14037,.T.);
#14059 = ORIENTED_EDGE('',*,*,#14060,.T.);
#14060 = EDGE_CURVE('',#14030,#13898,#14061,.T.);
#14061 = LINE('',#14062,#14063);
#14062 = CARTESIAN_POINT('',(750.,44.545454545455,14.737205583712));
#14063 = VECTOR('',#14064,1.);
#14064 = DIRECTION('',(0.,0.965925826289,-0.258819045103));
#14065 = ORIENTED_EDGE('',*,*,#13895,.F.);
#14066 = ORIENTED_EDGE('',*,*,#14067,.F.);
#14067 = EDGE_CURVE('',#14038,#13896,#14068,.T.);
#14068 = LINE('',#14069,#14070);
#14069 = CARTESIAN_POINT('',(730.,44.545454545455,14.737205583712));
#14070 = VECTOR('',#14071,1.);
#14071 = DIRECTION('',(0.,0.965925826289,-0.258819045103));
#14072 = PLANE('',#14073);
#14073 = AXIS2_PLACEMENT_3D('',#14074,#14075,#14076);
#14074 = CARTESIAN_POINT('',(730.,44.545454545455,14.737205583712));
#14075 = DIRECTION('',(-0.,0.258819045103,0.965925826289));
#14076 = DIRECTION('',(0.,0.965925826289,-0.258819045103));
#14077 = ADVANCED_FACE('',(#14078),#14086,.F.);
#14078 = FACE_BOUND('',#14079,.F.);
#14079 = EDGE_LOOP('',(#14080,#14081,#14082,#14083,#14084,#14085));
#14080 = ORIENTED_EDGE('',*,*,#13921,.T.);
#14081 = ORIENTED_EDGE('',*,*,#13952,.T.);
#14082 = ORIENTED_EDGE('',*,*,#13983,.T.);
#14083 = ORIENTED_EDGE('',*,*,#14014,.T.);
#14084 = ORIENTED_EDGE('',*,*,#14045,.T.);
#14085 = ORIENTED_EDGE('',*,*,#14067,.T.);
#14086 = PLANE('',#14087);
#14087 = AXIS2_PLACEMENT_3D('',#14088,#14089,#14090);
#14088 = CARTESIAN_POINT('',(730.,145.,63.501316743348));
#14089 = DIRECTION('',(1.,0.,0.));
#14090 = DIRECTION('',(-0.,0.,1.));
#14091 = ADVANCED_FACE('',(#14092),#14100,.T.);
#14092 = FACE_BOUND('',#14093,.T.);
#14093 = EDGE_LOOP('',(#14094,#14095,#14096,#14097,#14098,#14099));
#14094 = ORIENTED_EDGE('',*,*,#13905,.T.);
#14095 = ORIENTED_EDGE('',*,*,#13936,.T.);
#14096 = ORIENTED_EDGE('',*,*,#13967,.T.);
#14097 = ORIENTED_EDGE('',*,*,#13998,.T.);
#14098 = ORIENTED_EDGE('',*,*,#14029,.T.);
#14099 = ORIENTED_EDGE('',*,*,#14060,.T.);
#14100 = PLANE('',#14101);
#14101 = AXIS2_PLACEMENT_3D('',#14102,#14103,#14104);
#14102 = CARTESIAN_POINT('',(750.,145.,63.501316743348));
#14103 = DIRECTION('',(1.,0.,0.));
#14104 = DIRECTION('',(-0.,0.,1.));
#14105 = ( GEOMETRIC_REPRESENTATION_CONTEXT(3) 
GLOBAL_UNCERTAINTY_ASSIGNED_CONTEXT((#14109)) 
GLOBAL_UNIT_ASSIGNED_CONTEXT((#14106,#14107,#14108)) 
REPRESENTATION_CONTEXT('Context #1',
  '3D Context with UNIT and UNCERTAINTY') );
#14106 = ( LENGTH_UNIT() NAMED_UNIT(*) SI_UNIT(.MILLI.,.METRE.) );
#14107 = ( NAMED_UNIT(*) PLANE_ANGLE_UNIT() SI_UNIT($,.RADIAN.) );
#14108 = ( NAMED_UNIT(*) SI_UNIT($,.STERADIAN.) SOLID_ANGLE_UNIT() );
#14109 = UNCERTAINTY_MEASURE_WITH_UNIT(LENGTH_MEASURE(1.E-07),#14106,
  'distance_accuracy_value','confusion accuracy');
#14110 = CONTEXT_DEPENDENT_SHAPE_REPRESENTATION(#14111,#14113);
#14111 = ( REPRESENTATION_RELATIONSHIP('','',#13888,#10) 
REPRESENTATION_RELATIONSHIP_WITH_TRANSFORMATION(#14112) 
SHAPE_REPRESENTATION_RELATIONSHIP() );
#14112 = ITEM_DEFINED_TRANSFORMATION('','',#11,#323);
#14113 = PRODUCT_DEFINITION_SHAPE('Placement','Placement of an item',
  #14114);
#14114 = NEXT_ASSEMBLY_USAGE_OCCURRENCE('78',
  'CAT-STARBOARD-BULKHEAD-05 | Bulkhead | nominal plywood 20 mm','',#5,
  #13883,$);
#14115 = PRODUCT_RELATED_PRODUCT_CATEGORY('part',$,(#13885));
#14116 = SHAPE_DEFINITION_REPRESENTATION(#14117,#14123);
#14117 = PRODUCT_DEFINITION_SHAPE('','',#14118);
#14118 = PRODUCT_DEFINITION('design','',#14119,#14122);
#14119 = PRODUCT_DEFINITION_FORMATION('','',#14120);
#14120 = PRODUCT('CAT-STARBOARD-DECK-01 | Deck | nominal plywood 20 mm',
  'CAT-STARBOARD-DECK-01 | Deck | nominal plywood 20 mm','',(#14121));
#14121 = PRODUCT_CONTEXT('',#2,'mechanical');
#14122 = PRODUCT_DEFINITION_CONTEXT('part definition',#2,'design');
#14123 = ADVANCED_BREP_SHAPE_REPRESENTATION('',(#11,#14124),#14274);
#14124 = MANIFOLD_SOLID_BREP('',#14125);
#14125 = CLOSED_SHELL('',(#14126,#14166,#14197,#14228,#14250,#14262));
#14126 = ADVANCED_FACE('',(#14127),#14161,.F.);
#14127 = FACE_BOUND('',#14128,.F.);
#14128 = EDGE_LOOP('',(#14129,#14139,#14147,#14155));
#14129 = ORIENTED_EDGE('',*,*,#14130,.T.);
#14130 = EDGE_CURVE('',#14131,#14133,#14135,.T.);
#14131 = VERTEX_POINT('',#14132);
#14132 = CARTESIAN_POINT('',(0.,15.,120.));
#14133 = VERTEX_POINT('',#14134);
#14134 = CARTESIAN_POINT('',(0.,15.,140.));
#14135 = LINE('',#14136,#14137);
#14136 = CARTESIAN_POINT('',(0.,15.,120.));
#14137 = VECTOR('',#14138,1.);
#14138 = DIRECTION('',(0.,0.,1.));
#14139 = ORIENTED_EDGE('',*,*,#14140,.T.);
#14140 = EDGE_CURVE('',#14133,#14141,#14143,.T.);
#14141 = VERTEX_POINT('',#14142);
#14142 = CARTESIAN_POINT('',(50.,15.,140.));
#14143 = LINE('',#14144,#14145);
#14144 = CARTESIAN_POINT('',(0.,15.,140.));
#14145 = VECTOR('',#14146,1.);
#14146 = DIRECTION('',(1.,0.,0.));
#14147 = ORIENTED_EDGE('',*,*,#14148,.F.);
#14148 = EDGE_CURVE('',#14149,#14141,#14151,.T.);
#14149 = VERTEX_POINT('',#14150);
#14150 = CARTESIAN_POINT('',(50.,15.,120.));
#14151 = LINE('',#14152,#14153);
#14152 = CARTESIAN_POINT('',(50.,15.,120.));
#14153 = VECTOR('',#14154,1.);
#14154 = DIRECTION('',(0.,0.,1.));
#14155 = ORIENTED_EDGE('',*,*,#14156,.F.);
#14156 = EDGE_CURVE('',#14131,#14149,#14157,.T.);
#14157 = LINE('',#14158,#14159);
#14158 = CARTESIAN_POINT('',(0.,15.,120.));
#14159 = VECTOR('',#14160,1.);
#14160 = DIRECTION('',(1.,0.,0.));
#14161 = PLANE('',#14162);
#14162 = AXIS2_PLACEMENT_3D('',#14163,#14164,#14165);
#14163 = CARTESIAN_POINT('',(0.,15.,120.));
#14164 = DIRECTION('',(0.,1.,0.));
#14165 = DIRECTION('',(1.,0.,0.));
#14166 = ADVANCED_FACE('',(#14167),#14192,.F.);
#14167 = FACE_BOUND('',#14168,.F.);
#14168 = EDGE_LOOP('',(#14169,#14170,#14178,#14186));
#14169 = ORIENTED_EDGE('',*,*,#14148,.T.);
#14170 = ORIENTED_EDGE('',*,*,#14171,.T.);
#14171 = EDGE_CURVE('',#14141,#14172,#14174,.T.);
#14172 = VERTEX_POINT('',#14173);
#14173 = CARTESIAN_POINT('',(50.,275.,140.));
#14174 = LINE('',#14175,#14176);
#14175 = CARTESIAN_POINT('',(50.,15.,140.));
#14176 = VECTOR('',#14177,1.);
#14177 = DIRECTION('',(0.,1.,0.));
#14178 = ORIENTED_EDGE('',*,*,#14179,.F.);
#14179 = EDGE_CURVE('',#14180,#14172,#14182,.T.);
#14180 = VERTEX_POINT('',#14181);
#14181 = CARTESIAN_POINT('',(50.,275.,120.));
#14182 = LINE('',#14183,#14184);
#14183 = CARTESIAN_POINT('',(50.,275.,120.));
#14184 = VECTOR('',#14185,1.);
#14185 = DIRECTION('',(0.,0.,1.));
#14186 = ORIENTED_EDGE('',*,*,#14187,.F.);
#14187 = EDGE_CURVE('',#14149,#14180,#14188,.T.);
#14188 = LINE('',#14189,#14190);
#14189 = CARTESIAN_POINT('',(50.,15.,120.));
#14190 = VECTOR('',#14191,1.);
#14191 = DIRECTION('',(0.,1.,0.));
#14192 = PLANE('',#14193);
#14193 = AXIS2_PLACEMENT_3D('',#14194,#14195,#14196);
#14194 = CARTESIAN_POINT('',(50.,15.,120.));
#14195 = DIRECTION('',(-1.,0.,0.));
#14196 = DIRECTION('',(0.,1.,0.));
#14197 = ADVANCED_FACE('',(#14198),#14223,.F.);
#14198 = FACE_BOUND('',#14199,.F.);
#14199 = EDGE_LOOP('',(#14200,#14201,#14209,#14217));
#14200 = ORIENTED_EDGE('',*,*,#14179,.T.);
#14201 = ORIENTED_EDGE('',*,*,#14202,.T.);
#14202 = EDGE_CURVE('',#14172,#14203,#14205,.T.);
#14203 = VERTEX_POINT('',#14204);
#14204 = CARTESIAN_POINT('',(0.,275.,140.));
#14205 = LINE('',#14206,#14207);
#14206 = CARTESIAN_POINT('',(50.,275.,140.));
#14207 = VECTOR('',#14208,1.);
#14208 = DIRECTION('',(-1.,0.,0.));
#14209 = ORIENTED_EDGE('',*,*,#14210,.F.);
#14210 = EDGE_CURVE('',#14211,#14203,#14213,.T.);
#14211 = VERTEX_POINT('',#14212);
#14212 = CARTESIAN_POINT('',(0.,275.,120.));
#14213 = LINE('',#14214,#14215);
#14214 = CARTESIAN_POINT('',(0.,275.,120.));
#14215 = VECTOR('',#14216,1.);
#14216 = DIRECTION('',(0.,0.,1.));
#14217 = ORIENTED_EDGE('',*,*,#14218,.F.);
#14218 = EDGE_CURVE('',#14180,#14211,#14219,.T.);
#14219 = LINE('',#14220,#14221);
#14220 = CARTESIAN_POINT('',(50.,275.,120.));
#14221 = VECTOR('',#14222,1.);
#14222 = DIRECTION('',(-1.,0.,0.));
#14223 = PLANE('',#14224);
#14224 = AXIS2_PLACEMENT_3D('',#14225,#14226,#14227);
#14225 = CARTESIAN_POINT('',(50.,275.,120.));
#14226 = DIRECTION('',(0.,-1.,0.));
#14227 = DIRECTION('',(-1.,0.,0.));
#14228 = ADVANCED_FACE('',(#14229),#14245,.F.);
#14229 = FACE_BOUND('',#14230,.F.);
#14230 = EDGE_LOOP('',(#14231,#14232,#14238,#14239));
#14231 = ORIENTED_EDGE('',*,*,#14210,.T.);
#14232 = ORIENTED_EDGE('',*,*,#14233,.T.);
#14233 = EDGE_CURVE('',#14203,#14133,#14234,.T.);
#14234 = LINE('',#14235,#14236);
#14235 = CARTESIAN_POINT('',(0.,275.,140.));
#14236 = VECTOR('',#14237,1.);
#14237 = DIRECTION('',(0.,-1.,0.));
#14238 = ORIENTED_EDGE('',*,*,#14130,.F.);
#14239 = ORIENTED_EDGE('',*,*,#14240,.F.);
#14240 = EDGE_CURVE('',#14211,#14131,#14241,.T.);
#14241 = LINE('',#14242,#14243);
#14242 = CARTESIAN_POINT('',(0.,275.,120.));
#14243 = VECTOR('',#14244,1.);
#14244 = DIRECTION('',(0.,-1.,0.));
#14245 = PLANE('',#14246);
#14246 = AXIS2_PLACEMENT_3D('',#14247,#14248,#14249);
#14247 = CARTESIAN_POINT('',(0.,275.,120.));
#14248 = DIRECTION('',(1.,0.,-0.));
#14249 = DIRECTION('',(0.,-1.,0.));
#14250 = ADVANCED_FACE('',(#14251),#14257,.F.);
#14251 = FACE_BOUND('',#14252,.F.);
#14252 = EDGE_LOOP('',(#14253,#14254,#14255,#14256));
#14253 = ORIENTED_EDGE('',*,*,#14156,.T.);
#14254 = ORIENTED_EDGE('',*,*,#14187,.T.);
#14255 = ORIENTED_EDGE('',*,*,#14218,.T.);
#14256 = ORIENTED_EDGE('',*,*,#14240,.T.);
#14257 = PLANE('',#14258);
#14258 = AXIS2_PLACEMENT_3D('',#14259,#14260,#14261);
#14259 = CARTESIAN_POINT('',(25.,145.,120.));
#14260 = DIRECTION('',(0.,0.,1.));
#14261 = DIRECTION('',(1.,0.,-0.));
#14262 = ADVANCED_FACE('',(#14263),#14269,.T.);
#14263 = FACE_BOUND('',#14264,.T.);
#14264 = EDGE_LOOP('',(#14265,#14266,#14267,#14268));
#14265 = ORIENTED_EDGE('',*,*,#14140,.T.);
#14266 = ORIENTED_EDGE('',*,*,#14171,.T.);
#14267 = ORIENTED_EDGE('',*,*,#14202,.T.);
#14268 = ORIENTED_EDGE('',*,*,#14233,.T.);
#14269 = PLANE('',#14270);
#14270 = AXIS2_PLACEMENT_3D('',#14271,#14272,#14273);
#14271 = CARTESIAN_POINT('',(25.,145.,140.));
#14272 = DIRECTION('',(0.,0.,1.));
#14273 = DIRECTION('',(1.,0.,-0.));
#14274 = ( GEOMETRIC_REPRESENTATION_CONTEXT(3) 
GLOBAL_UNCERTAINTY_ASSIGNED_CONTEXT((#14278)) 
GLOBAL_UNIT_ASSIGNED_CONTEXT((#14275,#14276,#14277)) 
REPRESENTATION_CONTEXT('Context #1',
  '3D Context with UNIT and UNCERTAINTY') );
#14275 = ( LENGTH_UNIT() NAMED_UNIT(*) SI_UNIT(.MILLI.,.METRE.) );
#14276 = ( NAMED_UNIT(*) PLANE_ANGLE_UNIT() SI_UNIT($,.RADIAN.) );
#14277 = ( NAMED_UNIT(*) SI_UNIT($,.STERADIAN.) SOLID_ANGLE_UNIT() );
#14278 = UNCERTAINTY_MEASURE_WITH_UNIT(LENGTH_MEASURE(1.E-07),#14275,
  'distance_accuracy_value','confusion accuracy');
#14279 = CONTEXT_DEPENDENT_SHAPE_REPRESENTATION(#14280,#14282);
#14280 = ( REPRESENTATION_RELATIONSHIP('','',#14123,#10) 
REPRESENTATION_RELATIONSHIP_WITH_TRANSFORMATION(#14281) 
SHAPE_REPRESENTATION_RELATIONSHIP() );
#14281 = ITEM_DEFINED_TRANSFORMATION('','',#11,#327);
#14282 = PRODUCT_DEFINITION_SHAPE('Placement','Placement of an item',
  #14283);
#14283 = NEXT_ASSEMBLY_USAGE_OCCURRENCE('79',
  'CAT-STARBOARD-DECK-01 | Deck | nominal plywood 20 mm','',#5,#14118,$
  );
#14284 = PRODUCT_RELATED_PRODUCT_CATEGORY('part',$,(#14120));
#14285 = SHAPE_DEFINITION_REPRESENTATION(#14286,#14292);
#14286 = PRODUCT_DEFINITION_SHAPE('','',#14287);
#14287 = PRODUCT_DEFINITION('design','',#14288,#14291);
#14288 = PRODUCT_DEFINITION_FORMATION('','',#14289);
#14289 = PRODUCT('CAT-STARBOARD-DECK-02 | Deck | nominal plywood 20 mm',
  'CAT-STARBOARD-DECK-02 | Deck | nominal plywood 20 mm','',(#14290));
#14290 = PRODUCT_CONTEXT('',#2,'mechanical');
#14291 = PRODUCT_DEFINITION_CONTEXT('part definition',#2,'design');
#14292 = ADVANCED_BREP_SHAPE_REPRESENTATION('',(#11,#14293),#14443);
#14293 = MANIFOLD_SOLID_BREP('',#14294);
#14294 = CLOSED_SHELL('',(#14295,#14335,#14366,#14397,#14419,#14431));
#14295 = ADVANCED_FACE('',(#14296),#14330,.F.);
#14296 = FACE_BOUND('',#14297,.F.);
#14297 = EDGE_LOOP('',(#14298,#14308,#14316,#14324));
#14298 = ORIENTED_EDGE('',*,*,#14299,.T.);
#14299 = EDGE_CURVE('',#14300,#14302,#14304,.T.);
#14300 = VERTEX_POINT('',#14301);
#14301 = CARTESIAN_POINT('',(50.,15.,120.));
#14302 = VERTEX_POINT('',#14303);
#14303 = CARTESIAN_POINT('',(50.,15.,140.));
#14304 = LINE('',#14305,#14306);
#14305 = CARTESIAN_POINT('',(50.,15.,120.));
#14306 = VECTOR('',#14307,1.);
#14307 = DIRECTION('',(0.,0.,1.));
#14308 = ORIENTED_EDGE('',*,*,#14309,.T.);
#14309 = EDGE_CURVE('',#14302,#14310,#14312,.T.);
#14310 = VERTEX_POINT('',#14311);
#14311 = CARTESIAN_POINT('',(220.,15.,140.));
#14312 = LINE('',#14313,#14314);
#14313 = CARTESIAN_POINT('',(50.,15.,140.));
#14314 = VECTOR('',#14315,1.);
#14315 = DIRECTION('',(1.,0.,0.));
#14316 = ORIENTED_EDGE('',*,*,#14317,.F.);
#14317 = EDGE_CURVE('',#14318,#14310,#14320,.T.);
#14318 = VERTEX_POINT('',#14319);
#14319 = CARTESIAN_POINT('',(220.,15.,120.));
#14320 = LINE('',#14321,#14322);
#14321 = CARTESIAN_POINT('',(220.,15.,120.));
#14322 = VECTOR('',#14323,1.);
#14323 = DIRECTION('',(0.,0.,1.));
#14324 = ORIENTED_EDGE('',*,*,#14325,.F.);
#14325 = EDGE_CURVE('',#14300,#14318,#14326,.T.);
#14326 = LINE('',#14327,#14328);
#14327 = CARTESIAN_POINT('',(50.,15.,120.));
#14328 = VECTOR('',#14329,1.);
#14329 = DIRECTION('',(1.,0.,0.));
#14330 = PLANE('',#14331);
#14331 = AXIS2_PLACEMENT_3D('',#14332,#14333,#14334);
#14332 = CARTESIAN_POINT('',(50.,15.,120.));
#14333 = DIRECTION('',(0.,1.,0.));
#14334 = DIRECTION('',(1.,0.,0.));
#14335 = ADVANCED_FACE('',(#14336),#14361,.F.);
#14336 = FACE_BOUND('',#14337,.F.);
#14337 = EDGE_LOOP('',(#14338,#14339,#14347,#14355));
#14338 = ORIENTED_EDGE('',*,*,#14317,.T.);
#14339 = ORIENTED_EDGE('',*,*,#14340,.T.);
#14340 = EDGE_CURVE('',#14310,#14341,#14343,.T.);
#14341 = VERTEX_POINT('',#14342);
#14342 = CARTESIAN_POINT('',(220.,275.,140.));
#14343 = LINE('',#14344,#14345);
#14344 = CARTESIAN_POINT('',(220.,15.,140.));
#14345 = VECTOR('',#14346,1.);
#14346 = DIRECTION('',(0.,1.,0.));
#14347 = ORIENTED_EDGE('',*,*,#14348,.F.);
#14348 = EDGE_CURVE('',#14349,#14341,#14351,.T.);
#14349 = VERTEX_POINT('',#14350);
#14350 = CARTESIAN_POINT('',(220.,275.,120.));
#14351 = LINE('',#14352,#14353);
#14352 = CARTESIAN_POINT('',(220.,275.,120.));
#14353 = VECTOR('',#14354,1.);
#14354 = DIRECTION('',(0.,0.,1.));
#14355 = ORIENTED_EDGE('',*,*,#14356,.F.);
#14356 = EDGE_CURVE('',#14318,#14349,#14357,.T.);
#14357 = LINE('',#14358,#14359);
#14358 = CARTESIAN_POINT('',(220.,15.,120.));
#14359 = VECTOR('',#14360,1.);
#14360 = DIRECTION('',(0.,1.,0.));
#14361 = PLANE('',#14362);
#14362 = AXIS2_PLACEMENT_3D('',#14363,#14364,#14365);
#14363 = CARTESIAN_POINT('',(220.,15.,120.));
#14364 = DIRECTION('',(-1.,0.,0.));
#14365 = DIRECTION('',(0.,1.,0.));
#14366 = ADVANCED_FACE('',(#14367),#14392,.F.);
#14367 = FACE_BOUND('',#14368,.F.);
#14368 = EDGE_LOOP('',(#14369,#14370,#14378,#14386));
#14369 = ORIENTED_EDGE('',*,*,#14348,.T.);
#14370 = ORIENTED_EDGE('',*,*,#14371,.T.);
#14371 = EDGE_CURVE('',#14341,#14372,#14374,.T.);
#14372 = VERTEX_POINT('',#14373);
#14373 = CARTESIAN_POINT('',(50.,275.,140.));
#14374 = LINE('',#14375,#14376);
#14375 = CARTESIAN_POINT('',(220.,275.,140.));
#14376 = VECTOR('',#14377,1.);
#14377 = DIRECTION('',(-1.,0.,0.));
#14378 = ORIENTED_EDGE('',*,*,#14379,.F.);
#14379 = EDGE_CURVE('',#14380,#14372,#14382,.T.);
#14380 = VERTEX_POINT('',#14381);
#14381 = CARTESIAN_POINT('',(50.,275.,120.));
#14382 = LINE('',#14383,#14384);
#14383 = CARTESIAN_POINT('',(50.,275.,120.));
#14384 = VECTOR('',#14385,1.);
#14385 = DIRECTION('',(0.,0.,1.));
#14386 = ORIENTED_EDGE('',*,*,#14387,.F.);
#14387 = EDGE_CURVE('',#14349,#14380,#14388,.T.);
#14388 = LINE('',#14389,#14390);
#14389 = CARTESIAN_POINT('',(220.,275.,120.));
#14390 = VECTOR('',#14391,1.);
#14391 = DIRECTION('',(-1.,0.,0.));
#14392 = PLANE('',#14393);
#14393 = AXIS2_PLACEMENT_3D('',#14394,#14395,#14396);
#14394 = CARTESIAN_POINT('',(220.,275.,120.));
#14395 = DIRECTION('',(0.,-1.,0.));
#14396 = DIRECTION('',(-1.,0.,0.));
#14397 = ADVANCED_FACE('',(#14398),#14414,.F.);
#14398 = FACE_BOUND('',#14399,.F.);
#14399 = EDGE_LOOP('',(#14400,#14401,#14407,#14408));
#14400 = ORIENTED_EDGE('',*,*,#14379,.T.);
#14401 = ORIENTED_EDGE('',*,*,#14402,.T.);
#14402 = EDGE_CURVE('',#14372,#14302,#14403,.T.);
#14403 = LINE('',#14404,#14405);
#14404 = CARTESIAN_POINT('',(50.,275.,140.));
#14405 = VECTOR('',#14406,1.);
#14406 = DIRECTION('',(0.,-1.,0.));
#14407 = ORIENTED_EDGE('',*,*,#14299,.F.);
#14408 = ORIENTED_EDGE('',*,*,#14409,.F.);
#14409 = EDGE_CURVE('',#14380,#14300,#14410,.T.);
#14410 = LINE('',#14411,#14412);
#14411 = CARTESIAN_POINT('',(50.,275.,120.));
#14412 = VECTOR('',#14413,1.);
#14413 = DIRECTION('',(0.,-1.,0.));
#14414 = PLANE('',#14415);
#14415 = AXIS2_PLACEMENT_3D('',#14416,#14417,#14418);
#14416 = CARTESIAN_POINT('',(50.,275.,120.));
#14417 = DIRECTION('',(1.,0.,-0.));
#14418 = DIRECTION('',(0.,-1.,0.));
#14419 = ADVANCED_FACE('',(#14420),#14426,.F.);
#14420 = FACE_BOUND('',#14421,.F.);
#14421 = EDGE_LOOP('',(#14422,#14423,#14424,#14425));
#14422 = ORIENTED_EDGE('',*,*,#14325,.T.);
#14423 = ORIENTED_EDGE('',*,*,#14356,.T.);
#14424 = ORIENTED_EDGE('',*,*,#14387,.T.);
#14425 = ORIENTED_EDGE('',*,*,#14409,.T.);
#14426 = PLANE('',#14427);
#14427 = AXIS2_PLACEMENT_3D('',#14428,#14429,#14430);
#14428 = CARTESIAN_POINT('',(135.,145.,120.));
#14429 = DIRECTION('',(0.,0.,1.));
#14430 = DIRECTION('',(1.,0.,-0.));
#14431 = ADVANCED_FACE('',(#14432),#14438,.T.);
#14432 = FACE_BOUND('',#14433,.T.);
#14433 = EDGE_LOOP('',(#14434,#14435,#14436,#14437));
#14434 = ORIENTED_EDGE('',*,*,#14309,.T.);
#14435 = ORIENTED_EDGE('',*,*,#14340,.T.);
#14436 = ORIENTED_EDGE('',*,*,#14371,.T.);
#14437 = ORIENTED_EDGE('',*,*,#14402,.T.);
#14438 = PLANE('',#14439);
#14439 = AXIS2_PLACEMENT_3D('',#14440,#14441,#14442);
#14440 = CARTESIAN_POINT('',(135.,145.,140.));
#14441 = DIRECTION('',(0.,0.,1.));
#14442 = DIRECTION('',(1.,0.,-0.));
#14443 = ( GEOMETRIC_REPRESENTATION_CONTEXT(3) 
GLOBAL_UNCERTAINTY_ASSIGNED_CONTEXT((#14447)) 
GLOBAL_UNIT_ASSIGNED_CONTEXT((#14444,#14445,#14446)) 
REPRESENTATION_CONTEXT('Context #1',
  '3D Context with UNIT and UNCERTAINTY') );
#14444 = ( LENGTH_UNIT() NAMED_UNIT(*) SI_UNIT(.MILLI.,.METRE.) );
#14445 = ( NAMED_UNIT(*) PLANE_ANGLE_UNIT() SI_UNIT($,.RADIAN.) );
#14446 = ( NAMED_UNIT(*) SI_UNIT($,.STERADIAN.) SOLID_ANGLE_UNIT() );
#14447 = UNCERTAINTY_MEASURE_WITH_UNIT(LENGTH_MEASURE(1.E-07),#14444,
  'distance_accuracy_value','confusion accuracy');
#14448 = CONTEXT_DEPENDENT_SHAPE_REPRESENTATION(#14449,#14451);
#14449 = ( REPRESENTATION_RELATIONSHIP('','',#14292,#10) 
REPRESENTATION_RELATIONSHIP_WITH_TRANSFORMATION(#14450) 
SHAPE_REPRESENTATION_RELATIONSHIP() );
#14450 = ITEM_DEFINED_TRANSFORMATION('','',#11,#331);
#14451 = PRODUCT_DEFINITION_SHAPE('Placement','Placement of an item',
  #14452);
#14452 = NEXT_ASSEMBLY_USAGE_OCCURRENCE('80',
  'CAT-STARBOARD-DECK-02 | Deck | nominal plywood 20 mm','',#5,#14287,$
  );
#14453 = PRODUCT_RELATED_PRODUCT_CATEGORY('part',$,(#14289));
#14454 = SHAPE_DEFINITION_REPRESENTATION(#14455,#14461);
#14455 = PRODUCT_DEFINITION_SHAPE('','',#14456);
#14456 = PRODUCT_DEFINITION('design','',#14457,#14460);
#14457 = PRODUCT_DEFINITION_FORMATION('','',#14458);
#14458 = PRODUCT('CAT-STARBOARD-DECK-03 | Deck | nominal plywood 20 mm',
  'CAT-STARBOARD-DECK-03 | Deck | nominal plywood 20 mm','',(#14459));
#14459 = PRODUCT_CONTEXT('',#2,'mechanical');
#14460 = PRODUCT_DEFINITION_CONTEXT('part definition',#2,'design');
#14461 = ADVANCED_BREP_SHAPE_REPRESENTATION('',(#11,#14462),#14612);
#14462 = MANIFOLD_SOLID_BREP('',#14463);
#14463 = CLOSED_SHELL('',(#14464,#14504,#14535,#14566,#14588,#14600));
#14464 = ADVANCED_FACE('',(#14465),#14499,.F.);
#14465 = FACE_BOUND('',#14466,.F.);
#14466 = EDGE_LOOP('',(#14467,#14477,#14485,#14493));
#14467 = ORIENTED_EDGE('',*,*,#14468,.T.);
#14468 = EDGE_CURVE('',#14469,#14471,#14473,.T.);
#14469 = VERTEX_POINT('',#14470);
#14470 = CARTESIAN_POINT('',(220.,15.,120.));
#14471 = VERTEX_POINT('',#14472);
#14472 = CARTESIAN_POINT('',(220.,15.,140.));
#14473 = LINE('',#14474,#14475);
#14474 = CARTESIAN_POINT('',(220.,15.,120.));
#14475 = VECTOR('',#14476,1.);
#14476 = DIRECTION('',(0.,0.,1.));
#14477 = ORIENTED_EDGE('',*,*,#14478,.T.);
#14478 = EDGE_CURVE('',#14471,#14479,#14481,.T.);
#14479 = VERTEX_POINT('',#14480);
#14480 = CARTESIAN_POINT('',(390.,15.,140.));
#14481 = LINE('',#14482,#14483);
#14482 = CARTESIAN_POINT('',(220.,15.,140.));
#14483 = VECTOR('',#14484,1.);
#14484 = DIRECTION('',(1.,0.,0.));
#14485 = ORIENTED_EDGE('',*,*,#14486,.F.);
#14486 = EDGE_CURVE('',#14487,#14479,#14489,.T.);
#14487 = VERTEX_POINT('',#14488);
#14488 = CARTESIAN_POINT('',(390.,15.,120.));
#14489 = LINE('',#14490,#14491);
#14490 = CARTESIAN_POINT('',(390.,15.,120.));
#14491 = VECTOR('',#14492,1.);
#14492 = DIRECTION('',(0.,0.,1.));
#14493 = ORIENTED_EDGE('',*,*,#14494,.F.);
#14494 = EDGE_CURVE('',#14469,#14487,#14495,.T.);
#14495 = LINE('',#14496,#14497);
#14496 = CARTESIAN_POINT('',(220.,15.,120.));
#14497 = VECTOR('',#14498,1.);
#14498 = DIRECTION('',(1.,0.,0.));
#14499 = PLANE('',#14500);
#14500 = AXIS2_PLACEMENT_3D('',#14501,#14502,#14503);
#14501 = CARTESIAN_POINT('',(220.,15.,120.));
#14502 = DIRECTION('',(0.,1.,0.));
#14503 = DIRECTION('',(1.,0.,0.));
#14504 = ADVANCED_FACE('',(#14505),#14530,.F.);
#14505 = FACE_BOUND('',#14506,.F.);
#14506 = EDGE_LOOP('',(#14507,#14508,#14516,#14524));
#14507 = ORIENTED_EDGE('',*,*,#14486,.T.);
#14508 = ORIENTED_EDGE('',*,*,#14509,.T.);
#14509 = EDGE_CURVE('',#14479,#14510,#14512,.T.);
#14510 = VERTEX_POINT('',#14511);
#14511 = CARTESIAN_POINT('',(390.,275.,140.));
#14512 = LINE('',#14513,#14514);
#14513 = CARTESIAN_POINT('',(390.,15.,140.));
#14514 = VECTOR('',#14515,1.);
#14515 = DIRECTION('',(0.,1.,0.));
#14516 = ORIENTED_EDGE('',*,*,#14517,.F.);
#14517 = EDGE_CURVE('',#14518,#14510,#14520,.T.);
#14518 = VERTEX_POINT('',#14519);
#14519 = CARTESIAN_POINT('',(390.,275.,120.));
#14520 = LINE('',#14521,#14522);
#14521 = CARTESIAN_POINT('',(390.,275.,120.));
#14522 = VECTOR('',#14523,1.);
#14523 = DIRECTION('',(0.,0.,1.));
#14524 = ORIENTED_EDGE('',*,*,#14525,.F.);
#14525 = EDGE_CURVE('',#14487,#14518,#14526,.T.);
#14526 = LINE('',#14527,#14528);
#14527 = CARTESIAN_POINT('',(390.,15.,120.));
#14528 = VECTOR('',#14529,1.);
#14529 = DIRECTION('',(0.,1.,0.));
#14530 = PLANE('',#14531);
#14531 = AXIS2_PLACEMENT_3D('',#14532,#14533,#14534);
#14532 = CARTESIAN_POINT('',(390.,15.,120.));
#14533 = DIRECTION('',(-1.,0.,0.));
#14534 = DIRECTION('',(0.,1.,0.));
#14535 = ADVANCED_FACE('',(#14536),#14561,.F.);
#14536 = FACE_BOUND('',#14537,.F.);
#14537 = EDGE_LOOP('',(#14538,#14539,#14547,#14555));
#14538 = ORIENTED_EDGE('',*,*,#14517,.T.);
#14539 = ORIENTED_EDGE('',*,*,#14540,.T.);
#14540 = EDGE_CURVE('',#14510,#14541,#14543,.T.);
#14541 = VERTEX_POINT('',#14542);
#14542 = CARTESIAN_POINT('',(220.,275.,140.));
#14543 = LINE('',#14544,#14545);
#14544 = CARTESIAN_POINT('',(390.,275.,140.));
#14545 = VECTOR('',#14546,1.);
#14546 = DIRECTION('',(-1.,0.,0.));
#14547 = ORIENTED_EDGE('',*,*,#14548,.F.);
#14548 = EDGE_CURVE('',#14549,#14541,#14551,.T.);
#14549 = VERTEX_POINT('',#14550);
#14550 = CARTESIAN_POINT('',(220.,275.,120.));
#14551 = LINE('',#14552,#14553);
#14552 = CARTESIAN_POINT('',(220.,275.,120.));
#14553 = VECTOR('',#14554,1.);
#14554 = DIRECTION('',(0.,0.,1.));
#14555 = ORIENTED_EDGE('',*,*,#14556,.F.);
#14556 = EDGE_CURVE('',#14518,#14549,#14557,.T.);
#14557 = LINE('',#14558,#14559);
#14558 = CARTESIAN_POINT('',(390.,275.,120.));
#14559 = VECTOR('',#14560,1.);
#14560 = DIRECTION('',(-1.,0.,0.));
#14561 = PLANE('',#14562);
#14562 = AXIS2_PLACEMENT_3D('',#14563,#14564,#14565);
#14563 = CARTESIAN_POINT('',(390.,275.,120.));
#14564 = DIRECTION('',(0.,-1.,0.));
#14565 = DIRECTION('',(-1.,0.,0.));
#14566 = ADVANCED_FACE('',(#14567),#14583,.F.);
#14567 = FACE_BOUND('',#14568,.F.);
#14568 = EDGE_LOOP('',(#14569,#14570,#14576,#14577));
#14569 = ORIENTED_EDGE('',*,*,#14548,.T.);
#14570 = ORIENTED_EDGE('',*,*,#14571,.T.);
#14571 = EDGE_CURVE('',#14541,#14471,#14572,.T.);
#14572 = LINE('',#14573,#14574);
#14573 = CARTESIAN_POINT('',(220.,275.,140.));
#14574 = VECTOR('',#14575,1.);
#14575 = DIRECTION('',(0.,-1.,0.));
#14576 = ORIENTED_EDGE('',*,*,#14468,.F.);
#14577 = ORIENTED_EDGE('',*,*,#14578,.F.);
#14578 = EDGE_CURVE('',#14549,#14469,#14579,.T.);
#14579 = LINE('',#14580,#14581);
#14580 = CARTESIAN_POINT('',(220.,275.,120.));
#14581 = VECTOR('',#14582,1.);
#14582 = DIRECTION('',(0.,-1.,0.));
#14583 = PLANE('',#14584);
#14584 = AXIS2_PLACEMENT_3D('',#14585,#14586,#14587);
#14585 = CARTESIAN_POINT('',(220.,275.,120.));
#14586 = DIRECTION('',(1.,0.,-0.));
#14587 = DIRECTION('',(0.,-1.,0.));
#14588 = ADVANCED_FACE('',(#14589),#14595,.F.);
#14589 = FACE_BOUND('',#14590,.F.);
#14590 = EDGE_LOOP('',(#14591,#14592,#14593,#14594));
#14591 = ORIENTED_EDGE('',*,*,#14494,.T.);
#14592 = ORIENTED_EDGE('',*,*,#14525,.T.);
#14593 = ORIENTED_EDGE('',*,*,#14556,.T.);
#14594 = ORIENTED_EDGE('',*,*,#14578,.T.);
#14595 = PLANE('',#14596);
#14596 = AXIS2_PLACEMENT_3D('',#14597,#14598,#14599);
#14597 = CARTESIAN_POINT('',(305.,145.,120.));
#14598 = DIRECTION('',(0.,0.,1.));
#14599 = DIRECTION('',(1.,0.,-0.));
#14600 = ADVANCED_FACE('',(#14601),#14607,.T.);
#14601 = FACE_BOUND('',#14602,.T.);
#14602 = EDGE_LOOP('',(#14603,#14604,#14605,#14606));
#14603 = ORIENTED_EDGE('',*,*,#14478,.T.);
#14604 = ORIENTED_EDGE('',*,*,#14509,.T.);
#14605 = ORIENTED_EDGE('',*,*,#14540,.T.);
#14606 = ORIENTED_EDGE('',*,*,#14571,.T.);
#14607 = PLANE('',#14608);
#14608 = AXIS2_PLACEMENT_3D('',#14609,#14610,#14611);
#14609 = CARTESIAN_POINT('',(305.,145.,140.));
#14610 = DIRECTION('',(0.,0.,1.));
#14611 = DIRECTION('',(1.,0.,-0.));
#14612 = ( GEOMETRIC_REPRESENTATION_CONTEXT(3) 
GLOBAL_UNCERTAINTY_ASSIGNED_CONTEXT((#14616)) 
GLOBAL_UNIT_ASSIGNED_CONTEXT((#14613,#14614,#14615)) 
REPRESENTATION_CONTEXT('Context #1',
  '3D Context with UNIT and UNCERTAINTY') );
#14613 = ( LENGTH_UNIT() NAMED_UNIT(*) SI_UNIT(.MILLI.,.METRE.) );
#14614 = ( NAMED_UNIT(*) PLANE_ANGLE_UNIT() SI_UNIT($,.RADIAN.) );
#14615 = ( NAMED_UNIT(*) SI_UNIT($,.STERADIAN.) SOLID_ANGLE_UNIT() );
#14616 = UNCERTAINTY_MEASURE_WITH_UNIT(LENGTH_MEASURE(1.E-07),#14613,
  'distance_accuracy_value','confusion accuracy');
#14617 = CONTEXT_DEPENDENT_SHAPE_REPRESENTATION(#14618,#14620);
#14618 = ( REPRESENTATION_RELATIONSHIP('','',#14461,#10) 
REPRESENTATION_RELATIONSHIP_WITH_TRANSFORMATION(#14619) 
SHAPE_REPRESENTATION_RELATIONSHIP() );
#14619 = ITEM_DEFINED_TRANSFORMATION('','',#11,#335);
#14620 = PRODUCT_DEFINITION_SHAPE('Placement','Placement of an item',
  #14621);
#14621 = NEXT_ASSEMBLY_USAGE_OCCURRENCE('81',
  'CAT-STARBOARD-DECK-03 | Deck | nominal plywood 20 mm','',#5,#14456,$
  );
#14622 = PRODUCT_RELATED_PRODUCT_CATEGORY('part',$,(#14458));
#14623 = SHAPE_DEFINITION_REPRESENTATION(#14624,#14630);
#14624 = PRODUCT_DEFINITION_SHAPE('','',#14625);
#14625 = PRODUCT_DEFINITION('design','',#14626,#14629);
#14626 = PRODUCT_DEFINITION_FORMATION('','',#14627);
#14627 = PRODUCT('CAT-STARBOARD-DECK-04 | Deck | nominal plywood 20 mm',
  'CAT-STARBOARD-DECK-04 | Deck | nominal plywood 20 mm','',(#14628));
#14628 = PRODUCT_CONTEXT('',#2,'mechanical');
#14629 = PRODUCT_DEFINITION_CONTEXT('part definition',#2,'design');
#14630 = ADVANCED_BREP_SHAPE_REPRESENTATION('',(#11,#14631),#14781);
#14631 = MANIFOLD_SOLID_BREP('',#14632);
#14632 = CLOSED_SHELL('',(#14633,#14673,#14704,#14735,#14757,#14769));
#14633 = ADVANCED_FACE('',(#14634),#14668,.F.);
#14634 = FACE_BOUND('',#14635,.F.);
#14635 = EDGE_LOOP('',(#14636,#14646,#14654,#14662));
#14636 = ORIENTED_EDGE('',*,*,#14637,.T.);
#14637 = EDGE_CURVE('',#14638,#14640,#14642,.T.);
#14638 = VERTEX_POINT('',#14639);
#14639 = CARTESIAN_POINT('',(390.,15.,120.));
#14640 = VERTEX_POINT('',#14641);
#14641 = CARTESIAN_POINT('',(390.,15.,140.));
#14642 = LINE('',#14643,#14644);
#14643 = CARTESIAN_POINT('',(390.,15.,120.));
#14644 = VECTOR('',#14645,1.);
#14645 = DIRECTION('',(0.,0.,1.));
#14646 = ORIENTED_EDGE('',*,*,#14647,.T.);
#14647 = EDGE_CURVE('',#14640,#14648,#14650,.T.);
#14648 = VERTEX_POINT('',#14649);
#14649 = CARTESIAN_POINT('',(560.,15.,140.));
#14650 = LINE('',#14651,#14652);
#14651 = CARTESIAN_POINT('',(390.,15.,140.));
#14652 = VECTOR('',#14653,1.);
#14653 = DIRECTION('',(1.,0.,0.));
#14654 = ORIENTED_EDGE('',*,*,#14655,.F.);
#14655 = EDGE_CURVE('',#14656,#14648,#14658,.T.);
#14656 = VERTEX_POINT('',#14657);
#14657 = CARTESIAN_POINT('',(560.,15.,120.));
#14658 = LINE('',#14659,#14660);
#14659 = CARTESIAN_POINT('',(560.,15.,120.));
#14660 = VECTOR('',#14661,1.);
#14661 = DIRECTION('',(0.,0.,1.));
#14662 = ORIENTED_EDGE('',*,*,#14663,.F.);
#14663 = EDGE_CURVE('',#14638,#14656,#14664,.T.);
#14664 = LINE('',#14665,#14666);
#14665 = CARTESIAN_POINT('',(390.,15.,120.));
#14666 = VECTOR('',#14667,1.);
#14667 = DIRECTION('',(1.,0.,0.));
#14668 = PLANE('',#14669);
#14669 = AXIS2_PLACEMENT_3D('',#14670,#14671,#14672);
#14670 = CARTESIAN_POINT('',(390.,15.,120.));
#14671 = DIRECTION('',(0.,1.,0.));
#14672 = DIRECTION('',(1.,0.,0.));
#14673 = ADVANCED_FACE('',(#14674),#14699,.F.);
#14674 = FACE_BOUND('',#14675,.F.);
#14675 = EDGE_LOOP('',(#14676,#14677,#14685,#14693));
#14676 = ORIENTED_EDGE('',*,*,#14655,.T.);
#14677 = ORIENTED_EDGE('',*,*,#14678,.T.);
#14678 = EDGE_CURVE('',#14648,#14679,#14681,.T.);
#14679 = VERTEX_POINT('',#14680);
#14680 = CARTESIAN_POINT('',(560.,275.,140.));
#14681 = LINE('',#14682,#14683);
#14682 = CARTESIAN_POINT('',(560.,15.,140.));
#14683 = VECTOR('',#14684,1.);
#14684 = DIRECTION('',(0.,1.,0.));
#14685 = ORIENTED_EDGE('',*,*,#14686,.F.);
#14686 = EDGE_CURVE('',#14687,#14679,#14689,.T.);
#14687 = VERTEX_POINT('',#14688);
#14688 = CARTESIAN_POINT('',(560.,275.,120.));
#14689 = LINE('',#14690,#14691);
#14690 = CARTESIAN_POINT('',(560.,275.,120.));
#14691 = VECTOR('',#14692,1.);
#14692 = DIRECTION('',(0.,0.,1.));
#14693 = ORIENTED_EDGE('',*,*,#14694,.F.);
#14694 = EDGE_CURVE('',#14656,#14687,#14695,.T.);
#14695 = LINE('',#14696,#14697);
#14696 = CARTESIAN_POINT('',(560.,15.,120.));
#14697 = VECTOR('',#14698,1.);
#14698 = DIRECTION('',(0.,1.,0.));
#14699 = PLANE('',#14700);
#14700 = AXIS2_PLACEMENT_3D('',#14701,#14702,#14703);
#14701 = CARTESIAN_POINT('',(560.,15.,120.));
#14702 = DIRECTION('',(-1.,0.,0.));
#14703 = DIRECTION('',(0.,1.,0.));
#14704 = ADVANCED_FACE('',(#14705),#14730,.F.);
#14705 = FACE_BOUND('',#14706,.F.);
#14706 = EDGE_LOOP('',(#14707,#14708,#14716,#14724));
#14707 = ORIENTED_EDGE('',*,*,#14686,.T.);
#14708 = ORIENTED_EDGE('',*,*,#14709,.T.);
#14709 = EDGE_CURVE('',#14679,#14710,#14712,.T.);
#14710 = VERTEX_POINT('',#14711);
#14711 = CARTESIAN_POINT('',(390.,275.,140.));
#14712 = LINE('',#14713,#14714);
#14713 = CARTESIAN_POINT('',(560.,275.,140.));
#14714 = VECTOR('',#14715,1.);
#14715 = DIRECTION('',(-1.,0.,0.));
#14716 = ORIENTED_EDGE('',*,*,#14717,.F.);
#14717 = EDGE_CURVE('',#14718,#14710,#14720,.T.);
#14718 = VERTEX_POINT('',#14719);
#14719 = CARTESIAN_POINT('',(390.,275.,120.));
#14720 = LINE('',#14721,#14722);
#14721 = CARTESIAN_POINT('',(390.,275.,120.));
#14722 = VECTOR('',#14723,1.);
#14723 = DIRECTION('',(0.,0.,1.));
#14724 = ORIENTED_EDGE('',*,*,#14725,.F.);
#14725 = EDGE_CURVE('',#14687,#14718,#14726,.T.);
#14726 = LINE('',#14727,#14728);
#14727 = CARTESIAN_POINT('',(560.,275.,120.));
#14728 = VECTOR('',#14729,1.);
#14729 = DIRECTION('',(-1.,0.,0.));
#14730 = PLANE('',#14731);
#14731 = AXIS2_PLACEMENT_3D('',#14732,#14733,#14734);
#14732 = CARTESIAN_POINT('',(560.,275.,120.));
#14733 = DIRECTION('',(0.,-1.,0.));
#14734 = DIRECTION('',(-1.,0.,0.));
#14735 = ADVANCED_FACE('',(#14736),#14752,.F.);
#14736 = FACE_BOUND('',#14737,.F.);
#14737 = EDGE_LOOP('',(#14738,#14739,#14745,#14746));
#14738 = ORIENTED_EDGE('',*,*,#14717,.T.);
#14739 = ORIENTED_EDGE('',*,*,#14740,.T.);
#14740 = EDGE_CURVE('',#14710,#14640,#14741,.T.);
#14741 = LINE('',#14742,#14743);
#14742 = CARTESIAN_POINT('',(390.,275.,140.));
#14743 = VECTOR('',#14744,1.);
#14744 = DIRECTION('',(0.,-1.,0.));
#14745 = ORIENTED_EDGE('',*,*,#14637,.F.);
#14746 = ORIENTED_EDGE('',*,*,#14747,.F.);
#14747 = EDGE_CURVE('',#14718,#14638,#14748,.T.);
#14748 = LINE('',#14749,#14750);
#14749 = CARTESIAN_POINT('',(390.,275.,120.));
#14750 = VECTOR('',#14751,1.);
#14751 = DIRECTION('',(0.,-1.,0.));
#14752 = PLANE('',#14753);
#14753 = AXIS2_PLACEMENT_3D('',#14754,#14755,#14756);
#14754 = CARTESIAN_POINT('',(390.,275.,120.));
#14755 = DIRECTION('',(1.,0.,-0.));
#14756 = DIRECTION('',(0.,-1.,0.));
#14757 = ADVANCED_FACE('',(#14758),#14764,.F.);
#14758 = FACE_BOUND('',#14759,.F.);
#14759 = EDGE_LOOP('',(#14760,#14761,#14762,#14763));
#14760 = ORIENTED_EDGE('',*,*,#14663,.T.);
#14761 = ORIENTED_EDGE('',*,*,#14694,.T.);
#14762 = ORIENTED_EDGE('',*,*,#14725,.T.);
#14763 = ORIENTED_EDGE('',*,*,#14747,.T.);
#14764 = PLANE('',#14765);
#14765 = AXIS2_PLACEMENT_3D('',#14766,#14767,#14768);
#14766 = CARTESIAN_POINT('',(475.,145.,120.));
#14767 = DIRECTION('',(0.,0.,1.));
#14768 = DIRECTION('',(1.,0.,-0.));
#14769 = ADVANCED_FACE('',(#14770),#14776,.T.);
#14770 = FACE_BOUND('',#14771,.T.);
#14771 = EDGE_LOOP('',(#14772,#14773,#14774,#14775));
#14772 = ORIENTED_EDGE('',*,*,#14647,.T.);
#14773 = ORIENTED_EDGE('',*,*,#14678,.T.);
#14774 = ORIENTED_EDGE('',*,*,#14709,.T.);
#14775 = ORIENTED_EDGE('',*,*,#14740,.T.);
#14776 = PLANE('',#14777);
#14777 = AXIS2_PLACEMENT_3D('',#14778,#14779,#14780);
#14778 = CARTESIAN_POINT('',(475.,145.,140.));
#14779 = DIRECTION('',(0.,0.,1.));
#14780 = DIRECTION('',(1.,0.,-0.));
#14781 = ( GEOMETRIC_REPRESENTATION_CONTEXT(3) 
GLOBAL_UNCERTAINTY_ASSIGNED_CONTEXT((#14785)) 
GLOBAL_UNIT_ASSIGNED_CONTEXT((#14782,#14783,#14784)) 
REPRESENTATION_CONTEXT('Context #1',
  '3D Context with UNIT and UNCERTAINTY') );
#14782 = ( LENGTH_UNIT() NAMED_UNIT(*) SI_UNIT(.MILLI.,.METRE.) );
#14783 = ( NAMED_UNIT(*) PLANE_ANGLE_UNIT() SI_UNIT($,.RADIAN.) );
#14784 = ( NAMED_UNIT(*) SI_UNIT($,.STERADIAN.) SOLID_ANGLE_UNIT() );
#14785 = UNCERTAINTY_MEASURE_WITH_UNIT(LENGTH_MEASURE(1.E-07),#14782,
  'distance_accuracy_value','confusion accuracy');
#14786 = CONTEXT_DEPENDENT_SHAPE_REPRESENTATION(#14787,#14789);
#14787 = ( REPRESENTATION_RELATIONSHIP('','',#14630,#10) 
REPRESENTATION_RELATIONSHIP_WITH_TRANSFORMATION(#14788) 
SHAPE_REPRESENTATION_RELATIONSHIP() );
#14788 = ITEM_DEFINED_TRANSFORMATION('','',#11,#339);
#14789 = PRODUCT_DEFINITION_SHAPE('Placement','Placement of an item',
  #14790);
#14790 = NEXT_ASSEMBLY_USAGE_OCCURRENCE('82',
  'CAT-STARBOARD-DECK-04 | Deck | nominal plywood 20 mm','',#5,#14625,$
  );
#14791 = PRODUCT_RELATED_PRODUCT_CATEGORY('part',$,(#14627));
#14792 = SHAPE_DEFINITION_REPRESENTATION(#14793,#14799);
#14793 = PRODUCT_DEFINITION_SHAPE('','',#14794);
#14794 = PRODUCT_DEFINITION('design','',#14795,#14798);
#14795 = PRODUCT_DEFINITION_FORMATION('','',#14796);
#14796 = PRODUCT('CAT-STARBOARD-DECK-05 | Deck | nominal plywood 20 mm',
  'CAT-STARBOARD-DECK-05 | Deck | nominal plywood 20 mm','',(#14797));
#14797 = PRODUCT_CONTEXT('',#2,'mechanical');
#14798 = PRODUCT_DEFINITION_CONTEXT('part definition',#2,'design');
#14799 = ADVANCED_BREP_SHAPE_REPRESENTATION('',(#11,#14800),#14950);
#14800 = MANIFOLD_SOLID_BREP('',#14801);
#14801 = CLOSED_SHELL('',(#14802,#14842,#14873,#14904,#14926,#14938));
#14802 = ADVANCED_FACE('',(#14803),#14837,.F.);
#14803 = FACE_BOUND('',#14804,.F.);
#14804 = EDGE_LOOP('',(#14805,#14815,#14823,#14831));
#14805 = ORIENTED_EDGE('',*,*,#14806,.T.);
#14806 = EDGE_CURVE('',#14807,#14809,#14811,.T.);
#14807 = VERTEX_POINT('',#14808);
#14808 = CARTESIAN_POINT('',(560.,15.,120.));
#14809 = VERTEX_POINT('',#14810);
#14810 = CARTESIAN_POINT('',(560.,15.,140.));
#14811 = LINE('',#14812,#14813);
#14812 = CARTESIAN_POINT('',(560.,15.,120.));
#14813 = VECTOR('',#14814,1.);
#14814 = DIRECTION('',(0.,0.,1.));
#14815 = ORIENTED_EDGE('',*,*,#14816,.T.);
#14816 = EDGE_CURVE('',#14809,#14817,#14819,.T.);
#14817 = VERTEX_POINT('',#14818);
#14818 = CARTESIAN_POINT('',(730.,44.545454545455,140.));
#14819 = LINE('',#14820,#14821);
#14820 = CARTESIAN_POINT('',(560.,15.,140.));
#14821 = VECTOR('',#14822,1.);
#14822 = DIRECTION('',(0.985231082916,0.171230001042,0.));
#14823 = ORIENTED_EDGE('',*,*,#14824,.F.);
#14824 = EDGE_CURVE('',#14825,#14817,#14827,.T.);
#14825 = VERTEX_POINT('',#14826);
#14826 = CARTESIAN_POINT('',(730.,44.545454545455,120.));
#14827 = LINE('',#14828,#14829);
#14828 = CARTESIAN_POINT('',(730.,44.545454545455,120.));
#14829 = VECTOR('',#14830,1.);
#14830 = DIRECTION('',(0.,0.,1.));
#14831 = ORIENTED_EDGE('',*,*,#14832,.F.);
#14832 = EDGE_CURVE('',#14807,#14825,#14833,.T.);
#14833 = LINE('',#14834,#14835);
#14834 = CARTESIAN_POINT('',(560.,15.,120.));
#14835 = VECTOR('',#14836,1.);
#14836 = DIRECTION('',(0.985231082916,0.171230001042,0.));
#14837 = PLANE('',#14838);
#14838 = AXIS2_PLACEMENT_3D('',#14839,#14840,#14841);
#14839 = CARTESIAN_POINT('',(560.,15.,120.));
#14840 = DIRECTION('',(-0.171230001042,0.985231082916,0.));
#14841 = DIRECTION('',(0.985231082916,0.171230001042,0.));
#14842 = ADVANCED_FACE('',(#14843),#14868,.F.);
#14843 = FACE_BOUND('',#14844,.F.);
#14844 = EDGE_LOOP('',(#14845,#14846,#14854,#14862));
#14845 = ORIENTED_EDGE('',*,*,#14824,.T.);
#14846 = ORIENTED_EDGE('',*,*,#14847,.T.);
#14847 = EDGE_CURVE('',#14817,#14848,#14850,.T.);
#14848 = VERTEX_POINT('',#14849);
#14849 = CARTESIAN_POINT('',(730.,245.45454545454,140.));
#14850 = LINE('',#14851,#14852);
#14851 = CARTESIAN_POINT('',(730.,44.545454545455,140.));
#14852 = VECTOR('',#14853,1.);
#14853 = DIRECTION('',(0.,1.,0.));
#14854 = ORIENTED_EDGE('',*,*,#14855,.F.);
#14855 = EDGE_CURVE('',#14856,#14848,#14858,.T.);
#14856 = VERTEX_POINT('',#14857);
#14857 = CARTESIAN_POINT('',(730.,245.45454545454,120.));
#14858 = LINE('',#14859,#14860);
#14859 = CARTESIAN_POINT('',(730.,245.45454545454,120.));
#14860 = VECTOR('',#14861,1.);
#14861 = DIRECTION('',(0.,0.,1.));
#14862 = ORIENTED_EDGE('',*,*,#14863,.F.);
#14863 = EDGE_CURVE('',#14825,#14856,#14864,.T.);
#14864 = LINE('',#14865,#14866);
#14865 = CARTESIAN_POINT('',(730.,44.545454545455,120.));
#14866 = VECTOR('',#14867,1.);
#14867 = DIRECTION('',(0.,1.,0.));
#14868 = PLANE('',#14869);
#14869 = AXIS2_PLACEMENT_3D('',#14870,#14871,#14872);
#14870 = CARTESIAN_POINT('',(730.,44.545454545455,120.));
#14871 = DIRECTION('',(-1.,0.,0.));
#14872 = DIRECTION('',(0.,1.,0.));
#14873 = ADVANCED_FACE('',(#14874),#14899,.F.);
#14874 = FACE_BOUND('',#14875,.F.);
#14875 = EDGE_LOOP('',(#14876,#14877,#14885,#14893));
#14876 = ORIENTED_EDGE('',*,*,#14855,.T.);
#14877 = ORIENTED_EDGE('',*,*,#14878,.T.);
#14878 = EDGE_CURVE('',#14848,#14879,#14881,.T.);
#14879 = VERTEX_POINT('',#14880);
#14880 = CARTESIAN_POINT('',(560.,275.,140.));
#14881 = LINE('',#14882,#14883);
#14882 = CARTESIAN_POINT('',(730.,245.45454545454,140.));
#14883 = VECTOR('',#14884,1.);
#14884 = DIRECTION('',(-0.985231082916,0.171230001042,0.));
#14885 = ORIENTED_EDGE('',*,*,#14886,.F.);
#14886 = EDGE_CURVE('',#14887,#14879,#14889,.T.);
#14887 = VERTEX_POINT('',#14888);
#14888 = CARTESIAN_POINT('',(560.,275.,120.));
#14889 = LINE('',#14890,#14891);
#14890 = CARTESIAN_POINT('',(560.,275.,120.));
#14891 = VECTOR('',#14892,1.);
#14892 = DIRECTION('',(0.,0.,1.));
#14893 = ORIENTED_EDGE('',*,*,#14894,.F.);
#14894 = EDGE_CURVE('',#14856,#14887,#14895,.T.);
#14895 = LINE('',#14896,#14897);
#14896 = CARTESIAN_POINT('',(730.,245.45454545454,120.));
#14897 = VECTOR('',#14898,1.);
#14898 = DIRECTION('',(-0.985231082916,0.171230001042,0.));
#14899 = PLANE('',#14900);
#14900 = AXIS2_PLACEMENT_3D('',#14901,#14902,#14903);
#14901 = CARTESIAN_POINT('',(730.,245.45454545454,120.));
#14902 = DIRECTION('',(-0.171230001042,-0.985231082916,0.));
#14903 = DIRECTION('',(-0.985231082916,0.171230001042,0.));
#14904 = ADVANCED_FACE('',(#14905),#14921,.F.);
#14905 = FACE_BOUND('',#14906,.F.);
#14906 = EDGE_LOOP('',(#14907,#14908,#14914,#14915));
#14907 = ORIENTED_EDGE('',*,*,#14886,.T.);
#14908 = ORIENTED_EDGE('',*,*,#14909,.T.);
#14909 = EDGE_CURVE('',#14879,#14809,#14910,.T.);
#14910 = LINE('',#14911,#14912);
#14911 = CARTESIAN_POINT('',(560.,275.,140.));
#14912 = VECTOR('',#14913,1.);
#14913 = DIRECTION('',(0.,-1.,0.));
#14914 = ORIENTED_EDGE('',*,*,#14806,.F.);
#14915 = ORIENTED_EDGE('',*,*,#14916,.F.);
#14916 = EDGE_CURVE('',#14887,#14807,#14917,.T.);
#14917 = LINE('',#14918,#14919);
#14918 = CARTESIAN_POINT('',(560.,275.,120.));
#14919 = VECTOR('',#14920,1.);
#14920 = DIRECTION('',(0.,-1.,0.));
#14921 = PLANE('',#14922);
#14922 = AXIS2_PLACEMENT_3D('',#14923,#14924,#14925);
#14923 = CARTESIAN_POINT('',(560.,275.,120.));
#14924 = DIRECTION('',(1.,0.,-0.));
#14925 = DIRECTION('',(0.,-1.,0.));
#14926 = ADVANCED_FACE('',(#14927),#14933,.F.);
#14927 = FACE_BOUND('',#14928,.F.);
#14928 = EDGE_LOOP('',(#14929,#14930,#14931,#14932));
#14929 = ORIENTED_EDGE('',*,*,#14832,.T.);
#14930 = ORIENTED_EDGE('',*,*,#14863,.T.);
#14931 = ORIENTED_EDGE('',*,*,#14894,.T.);
#14932 = ORIENTED_EDGE('',*,*,#14916,.T.);
#14933 = PLANE('',#14934);
#14934 = AXIS2_PLACEMENT_3D('',#14935,#14936,#14937);
#14935 = CARTESIAN_POINT('',(638.76837325412,145.,120.));
#14936 = DIRECTION('',(0.,0.,1.));
#14937 = DIRECTION('',(1.,0.,-0.));
#14938 = ADVANCED_FACE('',(#14939),#14945,.T.);
#14939 = FACE_BOUND('',#14940,.T.);
#14940 = EDGE_LOOP('',(#14941,#14942,#14943,#14944));
#14941 = ORIENTED_EDGE('',*,*,#14816,.T.);
#14942 = ORIENTED_EDGE('',*,*,#14847,.T.);
#14943 = ORIENTED_EDGE('',*,*,#14878,.T.);
#14944 = ORIENTED_EDGE('',*,*,#14909,.T.);
#14945 = PLANE('',#14946);
#14946 = AXIS2_PLACEMENT_3D('',#14947,#14948,#14949);
#14947 = CARTESIAN_POINT('',(638.76837325412,145.,140.));
#14948 = DIRECTION('',(0.,0.,1.));
#14949 = DIRECTION('',(1.,0.,-0.));
#14950 = ( GEOMETRIC_REPRESENTATION_CONTEXT(3) 
GLOBAL_UNCERTAINTY_ASSIGNED_CONTEXT((#14954)) 
GLOBAL_UNIT_ASSIGNED_CONTEXT((#14951,#14952,#14953)) 
REPRESENTATION_CONTEXT('Context #1',
  '3D Context with UNIT and UNCERTAINTY') );
#14951 = ( LENGTH_UNIT() NAMED_UNIT(*) SI_UNIT(.MILLI.,.METRE.) );
#14952 = ( NAMED_UNIT(*) PLANE_ANGLE_UNIT() SI_UNIT($,.RADIAN.) );
#14953 = ( NAMED_UNIT(*) SI_UNIT($,.STERADIAN.) SOLID_ANGLE_UNIT() );
#14954 = UNCERTAINTY_MEASURE_WITH_UNIT(LENGTH_MEASURE(1.E-07),#14951,
  'distance_accuracy_value','confusion accuracy');
#14955 = CONTEXT_DEPENDENT_SHAPE_REPRESENTATION(#14956,#14958);
#14956 = ( REPRESENTATION_RELATIONSHIP('','',#14799,#10) 
REPRESENTATION_RELATIONSHIP_WITH_TRANSFORMATION(#14957) 
SHAPE_REPRESENTATION_RELATIONSHIP() );
#14957 = ITEM_DEFINED_TRANSFORMATION('','',#11,#343);
#14958 = PRODUCT_DEFINITION_SHAPE('Placement','Placement of an item',
  #14959);
#14959 = NEXT_ASSEMBLY_USAGE_OCCURRENCE('83',
  'CAT-STARBOARD-DECK-05 | Deck | nominal plywood 20 mm','',#5,#14794,$
  );
#14960 = PRODUCT_RELATED_PRODUCT_CATEGORY('part',$,(#14796));
#14961 = SHAPE_DEFINITION_REPRESENTATION(#14962,#14968);
#14962 = PRODUCT_DEFINITION_SHAPE('','',#14963);
#14963 = PRODUCT_DEFINITION('design','',#14964,#14967);
#14964 = PRODUCT_DEFINITION_FORMATION('','',#14965);
#14965 = PRODUCT('CAT-STARBOARD-DECK-06 | Deck | nominal plywood 20 mm',
  'CAT-STARBOARD-DECK-06 | Deck | nominal plywood 20 mm','',(#14966));
#14966 = PRODUCT_CONTEXT('',#2,'mechanical');
#14967 = PRODUCT_DEFINITION_CONTEXT('part definition',#2,'design');
#14968 = ADVANCED_BREP_SHAPE_REPRESENTATION('',(#11,#14969),#15086);
#14969 = MANIFOLD_SOLID_BREP('',#14970);
#14970 = CLOSED_SHELL('',(#14971,#15011,#15042,#15064,#15075));
#14971 = ADVANCED_FACE('',(#14972),#15006,.F.);
#14972 = FACE_BOUND('',#14973,.F.);
#14973 = EDGE_LOOP('',(#14974,#14984,#14992,#15000));
#14974 = ORIENTED_EDGE('',*,*,#14975,.T.);
#14975 = EDGE_CURVE('',#14976,#14978,#14980,.T.);
#14976 = VERTEX_POINT('',#14977);
#14977 = CARTESIAN_POINT('',(730.,44.545454545455,120.));
#14978 = VERTEX_POINT('',#14979);
#14979 = CARTESIAN_POINT('',(730.,44.545454545455,140.));
#14980 = LINE('',#14981,#14982);
#14981 = CARTESIAN_POINT('',(730.,44.545454545455,120.));
#14982 = VECTOR('',#14983,1.);
#14983 = DIRECTION('',(0.,0.,1.));
#14984 = ORIENTED_EDGE('',*,*,#14985,.T.);
#14985 = EDGE_CURVE('',#14978,#14986,#14988,.T.);
#14986 = VERTEX_POINT('',#14987);
#14987 = CARTESIAN_POINT('',(900.,145.,140.));
#14988 = LINE('',#14989,#14990);
#14989 = CARTESIAN_POINT('',(730.,44.545454545455,140.));
#14990 = VECTOR('',#14991,1.);
#14991 = DIRECTION('',(0.860926528214,0.508729312127,0.));
#14992 = ORIENTED_EDGE('',*,*,#14993,.F.);
#14993 = EDGE_CURVE('',#14994,#14986,#14996,.T.);
#14994 = VERTEX_POINT('',#14995);
#14995 = CARTESIAN_POINT('',(900.,145.,120.));
#14996 = LINE('',#14997,#14998);
#14997 = CARTESIAN_POINT('',(900.,145.,120.));
#14998 = VECTOR('',#14999,1.);
#14999 = DIRECTION('',(0.,0.,1.));
#15000 = ORIENTED_EDGE('',*,*,#15001,.F.);
#15001 = EDGE_CURVE('',#14976,#14994,#15002,.T.);
#15002 = LINE('',#15003,#15004);
#15003 = CARTESIAN_POINT('',(730.,44.545454545455,120.));
#15004 = VECTOR('',#15005,1.);
#15005 = DIRECTION('',(0.860926528214,0.508729312127,0.));
#15006 = PLANE('',#15007);
#15007 = AXIS2_PLACEMENT_3D('',#15008,#15009,#15010);
#15008 = CARTESIAN_POINT('',(730.,44.545454545455,120.));
#15009 = DIRECTION('',(-0.508729312127,0.860926528214,0.));
#15010 = DIRECTION('',(0.860926528214,0.508729312127,0.));
#15011 = ADVANCED_FACE('',(#15012),#15037,.F.);
#15012 = FACE_BOUND('',#15013,.F.);
#15013 = EDGE_LOOP('',(#15014,#15015,#15023,#15031));
#15014 = ORIENTED_EDGE('',*,*,#14993,.T.);
#15015 = ORIENTED_EDGE('',*,*,#15016,.T.);
#15016 = EDGE_CURVE('',#14986,#15017,#15019,.T.);
#15017 = VERTEX_POINT('',#15018);
#15018 = CARTESIAN_POINT('',(730.,245.45454545454,140.));
#15019 = LINE('',#15020,#15021);
#15020 = CARTESIAN_POINT('',(900.,145.,140.));
#15021 = VECTOR('',#15022,1.);
#15022 = DIRECTION('',(-0.860926528214,0.508729312127,0.));
#15023 = ORIENTED_EDGE('',*,*,#15024,.F.);
#15024 = EDGE_CURVE('',#15025,#15017,#15027,.T.);
#15025 = VERTEX_POINT('',#15026);
#15026 = CARTESIAN_POINT('',(730.,245.45454545454,120.));
#15027 = LINE('',#15028,#15029);
#15028 = CARTESIAN_POINT('',(730.,245.45454545454,120.));
#15029 = VECTOR('',#15030,1.);
#15030 = DIRECTION('',(0.,0.,1.));
#15031 = ORIENTED_EDGE('',*,*,#15032,.F.);
#15032 = EDGE_CURVE('',#14994,#15025,#15033,.T.);
#15033 = LINE('',#15034,#15035);
#15034 = CARTESIAN_POINT('',(900.,145.,120.));
#15035 = VECTOR('',#15036,1.);
#15036 = DIRECTION('',(-0.860926528214,0.508729312127,0.));
#15037 = PLANE('',#15038);
#15038 = AXIS2_PLACEMENT_3D('',#15039,#15040,#15041);
#15039 = CARTESIAN_POINT('',(900.,145.,120.));
#15040 = DIRECTION('',(-0.508729312127,-0.860926528214,0.));
#15041 = DIRECTION('',(-0.860926528214,0.508729312127,0.));
#15042 = ADVANCED_FACE('',(#15043),#15059,.F.);
#15043 = FACE_BOUND('',#15044,.F.);
#15044 = EDGE_LOOP('',(#15045,#15046,#15052,#15053));
#15045 = ORIENTED_EDGE('',*,*,#15024,.T.);
#15046 = ORIENTED_EDGE('',*,*,#15047,.T.);
#15047 = EDGE_CURVE('',#15017,#14978,#15048,.T.);
#15048 = LINE('',#15049,#15050);
#15049 = CARTESIAN_POINT('',(730.,245.45454545454,140.));
#15050 = VECTOR('',#15051,1.);
#15051 = DIRECTION('',(0.,-1.,0.));
#15052 = ORIENTED_EDGE('',*,*,#14975,.F.);
#15053 = ORIENTED_EDGE('',*,*,#15054,.F.);
#15054 = EDGE_CURVE('',#15025,#14976,#15055,.T.);
#15055 = LINE('',#15056,#15057);
#15056 = CARTESIAN_POINT('',(730.,245.45454545454,120.));
#15057 = VECTOR('',#15058,1.);
#15058 = DIRECTION('',(0.,-1.,0.));
#15059 = PLANE('',#15060);
#15060 = AXIS2_PLACEMENT_3D('',#15061,#15062,#15063);
#15061 = CARTESIAN_POINT('',(730.,245.45454545454,120.));
#15062 = DIRECTION('',(1.,0.,-0.));
#15063 = DIRECTION('',(0.,-1.,0.));
#15064 = ADVANCED_FACE('',(#15065),#15070,.F.);
#15065 = FACE_BOUND('',#15066,.F.);
#15066 = EDGE_LOOP('',(#15067,#15068,#15069));
#15067 = ORIENTED_EDGE('',*,*,#15001,.T.);
#15068 = ORIENTED_EDGE('',*,*,#15032,.T.);
#15069 = ORIENTED_EDGE('',*,*,#15054,.T.);
#15070 = PLANE('',#15071);
#15071 = AXIS2_PLACEMENT_3D('',#15072,#15073,#15074);
#15072 = CARTESIAN_POINT('',(786.33880068266,145.,120.));
#15073 = DIRECTION('',(0.,0.,1.));
#15074 = DIRECTION('',(1.,0.,-0.));
#15075 = ADVANCED_FACE('',(#15076),#15081,.T.);
#15076 = FACE_BOUND('',#15077,.T.);
#15077 = EDGE_LOOP('',(#15078,#15079,#15080));
#15078 = ORIENTED_EDGE('',*,*,#14985,.T.);
#15079 = ORIENTED_EDGE('',*,*,#15016,.T.);
#15080 = ORIENTED_EDGE('',*,*,#15047,.T.);
#15081 = PLANE('',#15082);
#15082 = AXIS2_PLACEMENT_3D('',#15083,#15084,#15085);
#15083 = CARTESIAN_POINT('',(786.33880068266,145.,140.));
#15084 = DIRECTION('',(0.,0.,1.));
#15085 = DIRECTION('',(1.,0.,-0.));
#15086 = ( GEOMETRIC_REPRESENTATION_CONTEXT(3) 
GLOBAL_UNCERTAINTY_ASSIGNED_CONTEXT((#15090)) 
GLOBAL_UNIT_ASSIGNED_CONTEXT((#15087,#15088,#15089)) 
REPRESENTATION_CONTEXT('Context #1',
  '3D Context with UNIT and UNCERTAINTY') );
#15087 = ( LENGTH_UNIT() NAMED_UNIT(*) SI_UNIT(.MILLI.,.METRE.) );
#15088 = ( NAMED_UNIT(*) PLANE_ANGLE_UNIT() SI_UNIT($,.RADIAN.) );
#15089 = ( NAMED_UNIT(*) SI_UNIT($,.STERADIAN.) SOLID_ANGLE_UNIT() );
#15090 = UNCERTAINTY_MEASURE_WITH_UNIT(LENGTH_MEASURE(1.E-07),#15087,
  'distance_accuracy_value','confusion accuracy');
#15091 = CONTEXT_DEPENDENT_SHAPE_REPRESENTATION(#15092,#15094);
#15092 = ( REPRESENTATION_RELATIONSHIP('','',#14968,#10) 
REPRESENTATION_RELATIONSHIP_WITH_TRANSFORMATION(#15093) 
SHAPE_REPRESENTATION_RELATIONSHIP() );
#15093 = ITEM_DEFINED_TRANSFORMATION('','',#11,#347);
#15094 = PRODUCT_DEFINITION_SHAPE('Placement','Placement of an item',
  #15095);
#15095 = NEXT_ASSEMBLY_USAGE_OCCURRENCE('84',
  'CAT-STARBOARD-DECK-06 | Deck | nominal plywood 20 mm','',#5,#14963,$
  );
#15096 = PRODUCT_RELATED_PRODUCT_CATEGORY('part',$,(#14965));
#15097 = SHAPE_DEFINITION_REPRESENTATION(#15098,#15104);
#15098 = PRODUCT_DEFINITION_SHAPE('','',#15099);
#15099 = PRODUCT_DEFINITION('design','',#15100,#15103);
#15100 = PRODUCT_DEFINITION_FORMATION('','',#15101);
#15101 = PRODUCT(
  'CATAMARAN-CONNECTOR-CENTER-01 | Connector | nominal plywood 20 mm',
  'CATAMARAN-CONNECTOR-CENTER-01 | Connector | nominal plywood 20 mm',''
  ,(#15102));
#15102 = PRODUCT_CONTEXT('',#2,'mechanical');
#15103 = PRODUCT_DEFINITION_CONTEXT('part definition',#2,'design');
#15104 = ADVANCED_BREP_SHAPE_REPRESENTATION('',(#11,#15105),#15255);
#15105 = MANIFOLD_SOLID_BREP('',#15106);
#15106 = CLOSED_SHELL('',(#15107,#15147,#15178,#15209,#15231,#15243));
#15107 = ADVANCED_FACE('',(#15108),#15142,.F.);
#15108 = FACE_BOUND('',#15109,.F.);
#15109 = EDGE_LOOP('',(#15110,#15120,#15128,#15136));
#15110 = ORIENTED_EDGE('',*,*,#15111,.T.);
#15111 = EDGE_CURVE('',#15112,#15114,#15116,.T.);
#15112 = VERTEX_POINT('',#15113);
#15113 = CARTESIAN_POINT('',(110.,-15.,120.));
#15114 = VERTEX_POINT('',#15115);
#15115 = CARTESIAN_POINT('',(110.,-15.,140.));
#15116 = LINE('',#15117,#15118);
#15117 = CARTESIAN_POINT('',(110.,-15.,120.));
#15118 = VECTOR('',#15119,1.);
#15119 = DIRECTION('',(0.,0.,1.));
#15120 = ORIENTED_EDGE('',*,*,#15121,.T.);
#15121 = EDGE_CURVE('',#15114,#15122,#15124,.T.);
#15122 = VERTEX_POINT('',#15123);
#15123 = CARTESIAN_POINT('',(130.,-15.,140.));
#15124 = LINE('',#15125,#15126);
#15125 = CARTESIAN_POINT('',(110.,-15.,140.));
#15126 = VECTOR('',#15127,1.);
#15127 = DIRECTION('',(1.,0.,0.));
#15128 = ORIENTED_EDGE('',*,*,#15129,.F.);
#15129 = EDGE_CURVE('',#15130,#15122,#15132,.T.);
#15130 = VERTEX_POINT('',#15131);
#15131 = CARTESIAN_POINT('',(130.,-15.,120.));
#15132 = LINE('',#15133,#15134);
#15133 = CARTESIAN_POINT('',(130.,-15.,120.));
#15134 = VECTOR('',#15135,1.);
#15135 = DIRECTION('',(0.,0.,1.));
#15136 = ORIENTED_EDGE('',*,*,#15137,.F.);
#15137 = EDGE_CURVE('',#15112,#15130,#15138,.T.);
#15138 = LINE('',#15139,#15140);
#15139 = CARTESIAN_POINT('',(110.,-15.,120.));
#15140 = VECTOR('',#15141,1.);
#15141 = DIRECTION('',(1.,0.,0.));
#15142 = PLANE('',#15143);
#15143 = AXIS2_PLACEMENT_3D('',#15144,#15145,#15146);
#15144 = CARTESIAN_POINT('',(110.,-15.,120.));
#15145 = DIRECTION('',(0.,1.,0.));
#15146 = DIRECTION('',(1.,0.,0.));
#15147 = ADVANCED_FACE('',(#15148),#15173,.F.);
#15148 = FACE_BOUND('',#15149,.F.);
#15149 = EDGE_LOOP('',(#15150,#15151,#15159,#15167));
#15150 = ORIENTED_EDGE('',*,*,#15129,.T.);
#15151 = ORIENTED_EDGE('',*,*,#15152,.T.);
#15152 = EDGE_CURVE('',#15122,#15153,#15155,.T.);
#15153 = VERTEX_POINT('',#15154);
#15154 = CARTESIAN_POINT('',(130.,15.,140.));
#15155 = LINE('',#15156,#15157);
#15156 = CARTESIAN_POINT('',(130.,-15.,140.));
#15157 = VECTOR('',#15158,1.);
#15158 = DIRECTION('',(0.,1.,0.));
#15159 = ORIENTED_EDGE('',*,*,#15160,.F.);
#15160 = EDGE_CURVE('',#15161,#15153,#15163,.T.);
#15161 = VERTEX_POINT('',#15162);
#15162 = CARTESIAN_POINT('',(130.,15.,120.));
#15163 = LINE('',#15164,#15165);
#15164 = CARTESIAN_POINT('',(130.,15.,120.));
#15165 = VECTOR('',#15166,1.);
#15166 = DIRECTION('',(0.,0.,1.));
#15167 = ORIENTED_EDGE('',*,*,#15168,.F.);
#15168 = EDGE_CURVE('',#15130,#15161,#15169,.T.);
#15169 = LINE('',#15170,#15171);
#15170 = CARTESIAN_POINT('',(130.,-15.,120.));
#15171 = VECTOR('',#15172,1.);
#15172 = DIRECTION('',(0.,1.,0.));
#15173 = PLANE('',#15174);
#15174 = AXIS2_PLACEMENT_3D('',#15175,#15176,#15177);
#15175 = CARTESIAN_POINT('',(130.,-15.,120.));
#15176 = DIRECTION('',(-1.,0.,0.));
#15177 = DIRECTION('',(0.,1.,0.));
#15178 = ADVANCED_FACE('',(#15179),#15204,.F.);
#15179 = FACE_BOUND('',#15180,.F.);
#15180 = EDGE_LOOP('',(#15181,#15182,#15190,#15198));
#15181 = ORIENTED_EDGE('',*,*,#15160,.T.);
#15182 = ORIENTED_EDGE('',*,*,#15183,.T.);
#15183 = EDGE_CURVE('',#15153,#15184,#15186,.T.);
#15184 = VERTEX_POINT('',#15185);
#15185 = CARTESIAN_POINT('',(110.,15.,140.));
#15186 = LINE('',#15187,#15188);
#15187 = CARTESIAN_POINT('',(130.,15.,140.));
#15188 = VECTOR('',#15189,1.);
#15189 = DIRECTION('',(-1.,0.,0.));
#15190 = ORIENTED_EDGE('',*,*,#15191,.F.);
#15191 = EDGE_CURVE('',#15192,#15184,#15194,.T.);
#15192 = VERTEX_POINT('',#15193);
#15193 = CARTESIAN_POINT('',(110.,15.,120.));
#15194 = LINE('',#15195,#15196);
#15195 = CARTESIAN_POINT('',(110.,15.,120.));
#15196 = VECTOR('',#15197,1.);
#15197 = DIRECTION('',(0.,0.,1.));
#15198 = ORIENTED_EDGE('',*,*,#15199,.F.);
#15199 = EDGE_CURVE('',#15161,#15192,#15200,.T.);
#15200 = LINE('',#15201,#15202);
#15201 = CARTESIAN_POINT('',(130.,15.,120.));
#15202 = VECTOR('',#15203,1.);
#15203 = DIRECTION('',(-1.,0.,0.));
#15204 = PLANE('',#15205);
#15205 = AXIS2_PLACEMENT_3D('',#15206,#15207,#15208);
#15206 = CARTESIAN_POINT('',(130.,15.,120.));
#15207 = DIRECTION('',(0.,-1.,0.));
#15208 = DIRECTION('',(-1.,0.,0.));
#15209 = ADVANCED_FACE('',(#15210),#15226,.F.);
#15210 = FACE_BOUND('',#15211,.F.);
#15211 = EDGE_LOOP('',(#15212,#15213,#15219,#15220));
#15212 = ORIENTED_EDGE('',*,*,#15191,.T.);
#15213 = ORIENTED_EDGE('',*,*,#15214,.T.);
#15214 = EDGE_CURVE('',#15184,#15114,#15215,.T.);
#15215 = LINE('',#15216,#15217);
#15216 = CARTESIAN_POINT('',(110.,15.,140.));
#15217 = VECTOR('',#15218,1.);
#15218 = DIRECTION('',(0.,-1.,0.));
#15219 = ORIENTED_EDGE('',*,*,#15111,.F.);
#15220 = ORIENTED_EDGE('',*,*,#15221,.F.);
#15221 = EDGE_CURVE('',#15192,#15112,#15222,.T.);
#15222 = LINE('',#15223,#15224);
#15223 = CARTESIAN_POINT('',(110.,15.,120.));
#15224 = VECTOR('',#15225,1.);
#15225 = DIRECTION('',(0.,-1.,0.));
#15226 = PLANE('',#15227);
#15227 = AXIS2_PLACEMENT_3D('',#15228,#15229,#15230);
#15228 = CARTESIAN_POINT('',(110.,15.,120.));
#15229 = DIRECTION('',(1.,0.,-0.));
#15230 = DIRECTION('',(0.,-1.,0.));
#15231 = ADVANCED_FACE('',(#15232),#15238,.F.);
#15232 = FACE_BOUND('',#15233,.F.);
#15233 = EDGE_LOOP('',(#15234,#15235,#15236,#15237));
#15234 = ORIENTED_EDGE('',*,*,#15137,.T.);
#15235 = ORIENTED_EDGE('',*,*,#15168,.T.);
#15236 = ORIENTED_EDGE('',*,*,#15199,.T.);
#15237 = ORIENTED_EDGE('',*,*,#15221,.T.);
#15238 = PLANE('',#15239);
#15239 = AXIS2_PLACEMENT_3D('',#15240,#15241,#15242);
#15240 = CARTESIAN_POINT('',(120.,0.,120.));
#15241 = DIRECTION('',(0.,0.,1.));
#15242 = DIRECTION('',(1.,0.,-0.));
#15243 = ADVANCED_FACE('',(#15244),#15250,.T.);
#15244 = FACE_BOUND('',#15245,.T.);
#15245 = EDGE_LOOP('',(#15246,#15247,#15248,#15249));
#15246 = ORIENTED_EDGE('',*,*,#15121,.T.);
#15247 = ORIENTED_EDGE('',*,*,#15152,.T.);
#15248 = ORIENTED_EDGE('',*,*,#15183,.T.);
#15249 = ORIENTED_EDGE('',*,*,#15214,.T.);
#15250 = PLANE('',#15251);
#15251 = AXIS2_PLACEMENT_3D('',#15252,#15253,#15254);
#15252 = CARTESIAN_POINT('',(120.,0.,140.));
#15253 = DIRECTION('',(0.,0.,1.));
#15254 = DIRECTION('',(1.,0.,-0.));
#15255 = ( GEOMETRIC_REPRESENTATION_CONTEXT(3) 
GLOBAL_UNCERTAINTY_ASSIGNED_CONTEXT((#15259)) 
GLOBAL_UNIT_ASSIGNED_CONTEXT((#15256,#15257,#15258)) 
REPRESENTATION_CONTEXT('Context #1',
  '3D Context with UNIT and UNCERTAINTY') );
#15256 = ( LENGTH_UNIT() NAMED_UNIT(*) SI_UNIT(.MILLI.,.METRE.) );
#15257 = ( NAMED_UNIT(*) PLANE_ANGLE_UNIT() SI_UNIT($,.RADIAN.) );
#15258 = ( NAMED_UNIT(*) SI_UNIT($,.STERADIAN.) SOLID_ANGLE_UNIT() );
#15259 = UNCERTAINTY_MEASURE_WITH_UNIT(LENGTH_MEASURE(1.E-07),#15256,
  'distance_accuracy_value','confusion accuracy');
#15260 = CONTEXT_DEPENDENT_SHAPE_REPRESENTATION(#15261,#15263);
#15261 = ( REPRESENTATION_RELATIONSHIP('','',#15104,#10) 
REPRESENTATION_RELATIONSHIP_WITH_TRANSFORMATION(#15262) 
SHAPE_REPRESENTATION_RELATIONSHIP() );
#15262 = ITEM_DEFINED_TRANSFORMATION('','',#11,#351);
#15263 = PRODUCT_DEFINITION_SHAPE('Placement','Placement of an item',
  #15264);
#15264 = NEXT_ASSEMBLY_USAGE_OCCURRENCE('85',
  'CATAMARAN-CONNECTOR-CENTER-01 | Connector | nominal plywood 20 mm',''
  ,#5,#15099,$);
#15265 = PRODUCT_RELATED_PRODUCT_CATEGORY('part',$,(#15101));
#15266 = SHAPE_DEFINITION_REPRESENTATION(#15267,#15273);
#15267 = PRODUCT_DEFINITION_SHAPE('','',#15268);
#15268 = PRODUCT_DEFINITION('design','',#15269,#15272);
#15269 = PRODUCT_DEFINITION_FORMATION('','',#15270);
#15270 = PRODUCT(
  'CATAMARAN-CONNECTOR-CENTER-02 | Connector | nominal plywood 20 mm',
  'CATAMARAN-CONNECTOR-CENTER-02 | Connector | nominal plywood 20 mm',''
  ,(#15271));
#15271 = PRODUCT_CONTEXT('',#2,'mechanical');
#15272 = PRODUCT_DEFINITION_CONTEXT('part definition',#2,'design');
#15273 = ADVANCED_BREP_SHAPE_REPRESENTATION('',(#11,#15274),#15424);
#15274 = MANIFOLD_SOLID_BREP('',#15275);
#15275 = CLOSED_SHELL('',(#15276,#15316,#15347,#15378,#15400,#15412));
#15276 = ADVANCED_FACE('',(#15277),#15311,.F.);
#15277 = FACE_BOUND('',#15278,.F.);
#15278 = EDGE_LOOP('',(#15279,#15289,#15297,#15305));
#15279 = ORIENTED_EDGE('',*,*,#15280,.T.);
#15280 = EDGE_CURVE('',#15281,#15283,#15285,.T.);
#15281 = VERTEX_POINT('',#15282);
#15282 = CARTESIAN_POINT('',(280.,-15.,120.));
#15283 = VERTEX_POINT('',#15284);
#15284 = CARTESIAN_POINT('',(280.,-15.,140.));
#15285 = LINE('',#15286,#15287);
#15286 = CARTESIAN_POINT('',(280.,-15.,120.));
#15287 = VECTOR('',#15288,1.);
#15288 = DIRECTION('',(0.,0.,1.));
#15289 = ORIENTED_EDGE('',*,*,#15290,.T.);
#15290 = EDGE_CURVE('',#15283,#15291,#15293,.T.);
#15291 = VERTEX_POINT('',#15292);
#15292 = CARTESIAN_POINT('',(300.,-15.,140.));
#15293 = LINE('',#15294,#15295);
#15294 = CARTESIAN_POINT('',(280.,-15.,140.));
#15295 = VECTOR('',#15296,1.);
#15296 = DIRECTION('',(1.,0.,0.));
#15297 = ORIENTED_EDGE('',*,*,#15298,.F.);
#15298 = EDGE_CURVE('',#15299,#15291,#15301,.T.);
#15299 = VERTEX_POINT('',#15300);
#15300 = CARTESIAN_POINT('',(300.,-15.,120.));
#15301 = LINE('',#15302,#15303);
#15302 = CARTESIAN_POINT('',(300.,-15.,120.));
#15303 = VECTOR('',#15304,1.);
#15304 = DIRECTION('',(0.,0.,1.));
#15305 = ORIENTED_EDGE('',*,*,#15306,.F.);
#15306 = EDGE_CURVE('',#15281,#15299,#15307,.T.);
#15307 = LINE('',#15308,#15309);
#15308 = CARTESIAN_POINT('',(280.,-15.,120.));
#15309 = VECTOR('',#15310,1.);
#15310 = DIRECTION('',(1.,0.,0.));
#15311 = PLANE('',#15312);
#15312 = AXIS2_PLACEMENT_3D('',#15313,#15314,#15315);
#15313 = CARTESIAN_POINT('',(280.,-15.,120.));
#15314 = DIRECTION('',(0.,1.,0.));
#15315 = DIRECTION('',(1.,0.,0.));
#15316 = ADVANCED_FACE('',(#15317),#15342,.F.);
#15317 = FACE_BOUND('',#15318,.F.);
#15318 = EDGE_LOOP('',(#15319,#15320,#15328,#15336));
#15319 = ORIENTED_EDGE('',*,*,#15298,.T.);
#15320 = ORIENTED_EDGE('',*,*,#15321,.T.);
#15321 = EDGE_CURVE('',#15291,#15322,#15324,.T.);
#15322 = VERTEX_POINT('',#15323);
#15323 = CARTESIAN_POINT('',(300.,15.,140.));
#15324 = LINE('',#15325,#15326);
#15325 = CARTESIAN_POINT('',(300.,-15.,140.));
#15326 = VECTOR('',#15327,1.);
#15327 = DIRECTION('',(0.,1.,0.));
#15328 = ORIENTED_EDGE('',*,*,#15329,.F.);
#15329 = EDGE_CURVE('',#15330,#15322,#15332,.T.);
#15330 = VERTEX_POINT('',#15331);
#15331 = CARTESIAN_POINT('',(300.,15.,120.));
#15332 = LINE('',#15333,#15334);
#15333 = CARTESIAN_POINT('',(300.,15.,120.));
#15334 = VECTOR('',#15335,1.);
#15335 = DIRECTION('',(0.,0.,1.));
#15336 = ORIENTED_EDGE('',*,*,#15337,.F.);
#15337 = EDGE_CURVE('',#15299,#15330,#15338,.T.);
#15338 = LINE('',#15339,#15340);
#15339 = CARTESIAN_POINT('',(300.,-15.,120.));
#15340 = VECTOR('',#15341,1.);
#15341 = DIRECTION('',(0.,1.,0.));
#15342 = PLANE('',#15343);
#15343 = AXIS2_PLACEMENT_3D('',#15344,#15345,#15346);
#15344 = CARTESIAN_POINT('',(300.,-15.,120.));
#15345 = DIRECTION('',(-1.,0.,0.));
#15346 = DIRECTION('',(0.,1.,0.));
#15347 = ADVANCED_FACE('',(#15348),#15373,.F.);
#15348 = FACE_BOUND('',#15349,.F.);
#15349 = EDGE_LOOP('',(#15350,#15351,#15359,#15367));
#15350 = ORIENTED_EDGE('',*,*,#15329,.T.);
#15351 = ORIENTED_EDGE('',*,*,#15352,.T.);
#15352 = EDGE_CURVE('',#15322,#15353,#15355,.T.);
#15353 = VERTEX_POINT('',#15354);
#15354 = CARTESIAN_POINT('',(280.,15.,140.));
#15355 = LINE('',#15356,#15357);
#15356 = CARTESIAN_POINT('',(300.,15.,140.));
#15357 = VECTOR('',#15358,1.);
#15358 = DIRECTION('',(-1.,0.,0.));
#15359 = ORIENTED_EDGE('',*,*,#15360,.F.);
#15360 = EDGE_CURVE('',#15361,#15353,#15363,.T.);
#15361 = VERTEX_POINT('',#15362);
#15362 = CARTESIAN_POINT('',(280.,15.,120.));
#15363 = LINE('',#15364,#15365);
#15364 = CARTESIAN_POINT('',(280.,15.,120.));
#15365 = VECTOR('',#15366,1.);
#15366 = DIRECTION('',(0.,0.,1.));
#15367 = ORIENTED_EDGE('',*,*,#15368,.F.);
#15368 = EDGE_CURVE('',#15330,#15361,#15369,.T.);
#15369 = LINE('',#15370,#15371);
#15370 = CARTESIAN_POINT('',(300.,15.,120.));
#15371 = VECTOR('',#15372,1.);
#15372 = DIRECTION('',(-1.,0.,0.));
#15373 = PLANE('',#15374);
#15374 = AXIS2_PLACEMENT_3D('',#15375,#15376,#15377);
#15375 = CARTESIAN_POINT('',(300.,15.,120.));
#15376 = DIRECTION('',(0.,-1.,0.));
#15377 = DIRECTION('',(-1.,0.,0.));
#15378 = ADVANCED_FACE('',(#15379),#15395,.F.);
#15379 = FACE_BOUND('',#15380,.F.);
#15380 = EDGE_LOOP('',(#15381,#15382,#15388,#15389));
#15381 = ORIENTED_EDGE('',*,*,#15360,.T.);
#15382 = ORIENTED_EDGE('',*,*,#15383,.T.);
#15383 = EDGE_CURVE('',#15353,#15283,#15384,.T.);
#15384 = LINE('',#15385,#15386);
#15385 = CARTESIAN_POINT('',(280.,15.,140.));
#15386 = VECTOR('',#15387,1.);
#15387 = DIRECTION('',(0.,-1.,0.));
#15388 = ORIENTED_EDGE('',*,*,#15280,.F.);
#15389 = ORIENTED_EDGE('',*,*,#15390,.F.);
#15390 = EDGE_CURVE('',#15361,#15281,#15391,.T.);
#15391 = LINE('',#15392,#15393);
#15392 = CARTESIAN_POINT('',(280.,15.,120.));
#15393 = VECTOR('',#15394,1.);
#15394 = DIRECTION('',(0.,-1.,0.));
#15395 = PLANE('',#15396);
#15396 = AXIS2_PLACEMENT_3D('',#15397,#15398,#15399);
#15397 = CARTESIAN_POINT('',(280.,15.,120.));
#15398 = DIRECTION('',(1.,0.,-0.));
#15399 = DIRECTION('',(0.,-1.,0.));
#15400 = ADVANCED_FACE('',(#15401),#15407,.F.);
#15401 = FACE_BOUND('',#15402,.F.);
#15402 = EDGE_LOOP('',(#15403,#15404,#15405,#15406));
#15403 = ORIENTED_EDGE('',*,*,#15306,.T.);
#15404 = ORIENTED_EDGE('',*,*,#15337,.T.);
#15405 = ORIENTED_EDGE('',*,*,#15368,.T.);
#15406 = ORIENTED_EDGE('',*,*,#15390,.T.);
#15407 = PLANE('',#15408);
#15408 = AXIS2_PLACEMENT_3D('',#15409,#15410,#15411);
#15409 = CARTESIAN_POINT('',(290.,0.,120.));
#15410 = DIRECTION('',(0.,0.,1.));
#15411 = DIRECTION('',(1.,0.,-0.));
#15412 = ADVANCED_FACE('',(#15413),#15419,.T.);
#15413 = FACE_BOUND('',#15414,.T.);
#15414 = EDGE_LOOP('',(#15415,#15416,#15417,#15418));
#15415 = ORIENTED_EDGE('',*,*,#15290,.T.);
#15416 = ORIENTED_EDGE('',*,*,#15321,.T.);
#15417 = ORIENTED_EDGE('',*,*,#15352,.T.);
#15418 = ORIENTED_EDGE('',*,*,#15383,.T.);
#15419 = PLANE('',#15420);
#15420 = AXIS2_PLACEMENT_3D('',#15421,#15422,#15423);
#15421 = CARTESIAN_POINT('',(290.,0.,140.));
#15422 = DIRECTION('',(0.,0.,1.));
#15423 = DIRECTION('',(1.,0.,-0.));
#15424 = ( GEOMETRIC_REPRESENTATION_CONTEXT(3) 
GLOBAL_UNCERTAINTY_ASSIGNED_CONTEXT((#15428)) 
GLOBAL_UNIT_ASSIGNED_CONTEXT((#15425,#15426,#15427)) 
REPRESENTATION_CONTEXT('Context #1',
  '3D Context with UNIT and UNCERTAINTY') );
#15425 = ( LENGTH_UNIT() NAMED_UNIT(*) SI_UNIT(.MILLI.,.METRE.) );
#15426 = ( NAMED_UNIT(*) PLANE_ANGLE_UNIT() SI_UNIT($,.RADIAN.) );
#15427 = ( NAMED_UNIT(*) SI_UNIT($,.STERADIAN.) SOLID_ANGLE_UNIT() );
#15428 = UNCERTAINTY_MEASURE_WITH_UNIT(LENGTH_MEASURE(1.E-07),#15425,
  'distance_accuracy_value','confusion accuracy');
#15429 = CONTEXT_DEPENDENT_SHAPE_REPRESENTATION(#15430,#15432);
#15430 = ( REPRESENTATION_RELATIONSHIP('','',#15273,#10) 
REPRESENTATION_RELATIONSHIP_WITH_TRANSFORMATION(#15431) 
SHAPE_REPRESENTATION_RELATIONSHIP() );
#15431 = ITEM_DEFINED_TRANSFORMATION('','',#11,#355);
#15432 = PRODUCT_DEFINITION_SHAPE('Placement','Placement of an item',
  #15433);
#15433 = NEXT_ASSEMBLY_USAGE_OCCURRENCE('86',
  'CATAMARAN-CONNECTOR-CENTER-02 | Connector | nominal plywood 20 mm',''
  ,#5,#15268,$);
#15434 = PRODUCT_RELATED_PRODUCT_CATEGORY('part',$,(#15270));
#15435 = SHAPE_DEFINITION_REPRESENTATION(#15436,#15442);
#15436 = PRODUCT_DEFINITION_SHAPE('','',#15437);
#15437 = PRODUCT_DEFINITION('design','',#15438,#15441);
#15438 = PRODUCT_DEFINITION_FORMATION('','',#15439);
#15439 = PRODUCT(
  'CATAMARAN-CONNECTOR-CENTER-03 | Connector | nominal plywood 20 mm',
  'CATAMARAN-CONNECTOR-CENTER-03 | Connector | nominal plywood 20 mm',''
  ,(#15440));
#15440 = PRODUCT_CONTEXT('',#2,'mechanical');
#15441 = PRODUCT_DEFINITION_CONTEXT('part definition',#2,'design');
#15442 = ADVANCED_BREP_SHAPE_REPRESENTATION('',(#11,#15443),#15593);
#15443 = MANIFOLD_SOLID_BREP('',#15444);
#15444 = CLOSED_SHELL('',(#15445,#15485,#15516,#15547,#15569,#15581));
#15445 = ADVANCED_FACE('',(#15446),#15480,.F.);
#15446 = FACE_BOUND('',#15447,.F.);
#15447 = EDGE_LOOP('',(#15448,#15458,#15466,#15474));
#15448 = ORIENTED_EDGE('',*,*,#15449,.T.);
#15449 = EDGE_CURVE('',#15450,#15452,#15454,.T.);
#15450 = VERTEX_POINT('',#15451);
#15451 = CARTESIAN_POINT('',(450.,-15.,120.));
#15452 = VERTEX_POINT('',#15453);
#15453 = CARTESIAN_POINT('',(450.,-15.,140.));
#15454 = LINE('',#15455,#15456);
#15455 = CARTESIAN_POINT('',(450.,-15.,120.));
#15456 = VECTOR('',#15457,1.);
#15457 = DIRECTION('',(0.,0.,1.));
#15458 = ORIENTED_EDGE('',*,*,#15459,.T.);
#15459 = EDGE_CURVE('',#15452,#15460,#15462,.T.);
#15460 = VERTEX_POINT('',#15461);
#15461 = CARTESIAN_POINT('',(470.,-15.,140.));
#15462 = LINE('',#15463,#15464);
#15463 = CARTESIAN_POINT('',(450.,-15.,140.));
#15464 = VECTOR('',#15465,1.);
#15465 = DIRECTION('',(1.,0.,0.));
#15466 = ORIENTED_EDGE('',*,*,#15467,.F.);
#15467 = EDGE_CURVE('',#15468,#15460,#15470,.T.);
#15468 = VERTEX_POINT('',#15469);
#15469 = CARTESIAN_POINT('',(470.,-15.,120.));
#15470 = LINE('',#15471,#15472);
#15471 = CARTESIAN_POINT('',(470.,-15.,120.));
#15472 = VECTOR('',#15473,1.);
#15473 = DIRECTION('',(0.,0.,1.));
#15474 = ORIENTED_EDGE('',*,*,#15475,.F.);
#15475 = EDGE_CURVE('',#15450,#15468,#15476,.T.);
#15476 = LINE('',#15477,#15478);
#15477 = CARTESIAN_POINT('',(450.,-15.,120.));
#15478 = VECTOR('',#15479,1.);
#15479 = DIRECTION('',(1.,0.,0.));
#15480 = PLANE('',#15481);
#15481 = AXIS2_PLACEMENT_3D('',#15482,#15483,#15484);
#15482 = CARTESIAN_POINT('',(450.,-15.,120.));
#15483 = DIRECTION('',(0.,1.,0.));
#15484 = DIRECTION('',(1.,0.,0.));
#15485 = ADVANCED_FACE('',(#15486),#15511,.F.);
#15486 = FACE_BOUND('',#15487,.F.);
#15487 = EDGE_LOOP('',(#15488,#15489,#15497,#15505));
#15488 = ORIENTED_EDGE('',*,*,#15467,.T.);
#15489 = ORIENTED_EDGE('',*,*,#15490,.T.);
#15490 = EDGE_CURVE('',#15460,#15491,#15493,.T.);
#15491 = VERTEX_POINT('',#15492);
#15492 = CARTESIAN_POINT('',(470.,15.,140.));
#15493 = LINE('',#15494,#15495);
#15494 = CARTESIAN_POINT('',(470.,-15.,140.));
#15495 = VECTOR('',#15496,1.);
#15496 = DIRECTION('',(0.,1.,0.));
#15497 = ORIENTED_EDGE('',*,*,#15498,.F.);
#15498 = EDGE_CURVE('',#15499,#15491,#15501,.T.);
#15499 = VERTEX_POINT('',#15500);
#15500 = CARTESIAN_POINT('',(470.,15.,120.));
#15501 = LINE('',#15502,#15503);
#15502 = CARTESIAN_POINT('',(470.,15.,120.));
#15503 = VECTOR('',#15504,1.);
#15504 = DIRECTION('',(0.,0.,1.));
#15505 = ORIENTED_EDGE('',*,*,#15506,.F.);
#15506 = EDGE_CURVE('',#15468,#15499,#15507,.T.);
#15507 = LINE('',#15508,#15509);
#15508 = CARTESIAN_POINT('',(470.,-15.,120.));
#15509 = VECTOR('',#15510,1.);
#15510 = DIRECTION('',(0.,1.,0.));
#15511 = PLANE('',#15512);
#15512 = AXIS2_PLACEMENT_3D('',#15513,#15514,#15515);
#15513 = CARTESIAN_POINT('',(470.,-15.,120.));
#15514 = DIRECTION('',(-1.,0.,0.));
#15515 = DIRECTION('',(0.,1.,0.));
#15516 = ADVANCED_FACE('',(#15517),#15542,.F.);
#15517 = FACE_BOUND('',#15518,.F.);
#15518 = EDGE_LOOP('',(#15519,#15520,#15528,#15536));
#15519 = ORIENTED_EDGE('',*,*,#15498,.T.);
#15520 = ORIENTED_EDGE('',*,*,#15521,.T.);
#15521 = EDGE_CURVE('',#15491,#15522,#15524,.T.);
#15522 = VERTEX_POINT('',#15523);
#15523 = CARTESIAN_POINT('',(450.,15.,140.));
#15524 = LINE('',#15525,#15526);
#15525 = CARTESIAN_POINT('',(470.,15.,140.));
#15526 = VECTOR('',#15527,1.);
#15527 = DIRECTION('',(-1.,0.,0.));
#15528 = ORIENTED_EDGE('',*,*,#15529,.F.);
#15529 = EDGE_CURVE('',#15530,#15522,#15532,.T.);
#15530 = VERTEX_POINT('',#15531);
#15531 = CARTESIAN_POINT('',(450.,15.,120.));
#15532 = LINE('',#15533,#15534);
#15533 = CARTESIAN_POINT('',(450.,15.,120.));
#15534 = VECTOR('',#15535,1.);
#15535 = DIRECTION('',(0.,0.,1.));
#15536 = ORIENTED_EDGE('',*,*,#15537,.F.);
#15537 = EDGE_CURVE('',#15499,#15530,#15538,.T.);
#15538 = LINE('',#15539,#15540);
#15539 = CARTESIAN_POINT('',(470.,15.,120.));
#15540 = VECTOR('',#15541,1.);
#15541 = DIRECTION('',(-1.,0.,0.));
#15542 = PLANE('',#15543);
#15543 = AXIS2_PLACEMENT_3D('',#15544,#15545,#15546);
#15544 = CARTESIAN_POINT('',(470.,15.,120.));
#15545 = DIRECTION('',(0.,-1.,0.));
#15546 = DIRECTION('',(-1.,0.,0.));
#15547 = ADVANCED_FACE('',(#15548),#15564,.F.);
#15548 = FACE_BOUND('',#15549,.F.);
#15549 = EDGE_LOOP('',(#15550,#15551,#15557,#15558));
#15550 = ORIENTED_EDGE('',*,*,#15529,.T.);
#15551 = ORIENTED_EDGE('',*,*,#15552,.T.);
#15552 = EDGE_CURVE('',#15522,#15452,#15553,.T.);
#15553 = LINE('',#15554,#15555);
#15554 = CARTESIAN_POINT('',(450.,15.,140.));
#15555 = VECTOR('',#15556,1.);
#15556 = DIRECTION('',(0.,-1.,0.));
#15557 = ORIENTED_EDGE('',*,*,#15449,.F.);
#15558 = ORIENTED_EDGE('',*,*,#15559,.F.);
#15559 = EDGE_CURVE('',#15530,#15450,#15560,.T.);
#15560 = LINE('',#15561,#15562);
#15561 = CARTESIAN_POINT('',(450.,15.,120.));
#15562 = VECTOR('',#15563,1.);
#15563 = DIRECTION('',(0.,-1.,0.));
#15564 = PLANE('',#15565);
#15565 = AXIS2_PLACEMENT_3D('',#15566,#15567,#15568);
#15566 = CARTESIAN_POINT('',(450.,15.,120.));
#15567 = DIRECTION('',(1.,0.,-0.));
#15568 = DIRECTION('',(0.,-1.,0.));
#15569 = ADVANCED_FACE('',(#15570),#15576,.F.);
#15570 = FACE_BOUND('',#15571,.F.);
#15571 = EDGE_LOOP('',(#15572,#15573,#15574,#15575));
#15572 = ORIENTED_EDGE('',*,*,#15475,.T.);
#15573 = ORIENTED_EDGE('',*,*,#15506,.T.);
#15574 = ORIENTED_EDGE('',*,*,#15537,.T.);
#15575 = ORIENTED_EDGE('',*,*,#15559,.T.);
#15576 = PLANE('',#15577);
#15577 = AXIS2_PLACEMENT_3D('',#15578,#15579,#15580);
#15578 = CARTESIAN_POINT('',(460.,0.,120.));
#15579 = DIRECTION('',(0.,0.,1.));
#15580 = DIRECTION('',(1.,0.,-0.));
#15581 = ADVANCED_FACE('',(#15582),#15588,.T.);
#15582 = FACE_BOUND('',#15583,.T.);
#15583 = EDGE_LOOP('',(#15584,#15585,#15586,#15587));
#15584 = ORIENTED_EDGE('',*,*,#15459,.T.);
#15585 = ORIENTED_EDGE('',*,*,#15490,.T.);
#15586 = ORIENTED_EDGE('',*,*,#15521,.T.);
#15587 = ORIENTED_EDGE('',*,*,#15552,.T.);
#15588 = PLANE('',#15589);
#15589 = AXIS2_PLACEMENT_3D('',#15590,#15591,#15592);
#15590 = CARTESIAN_POINT('',(460.,0.,140.));
#15591 = DIRECTION('',(0.,0.,1.));
#15592 = DIRECTION('',(1.,0.,-0.));
#15593 = ( GEOMETRIC_REPRESENTATION_CONTEXT(3) 
GLOBAL_UNCERTAINTY_ASSIGNED_CONTEXT((#15597)) 
GLOBAL_UNIT_ASSIGNED_CONTEXT((#15594,#15595,#15596)) 
REPRESENTATION_CONTEXT('Context #1',
  '3D Context with UNIT and UNCERTAINTY') );
#15594 = ( LENGTH_UNIT() NAMED_UNIT(*) SI_UNIT(.MILLI.,.METRE.) );
#15595 = ( NAMED_UNIT(*) PLANE_ANGLE_UNIT() SI_UNIT($,.RADIAN.) );
#15596 = ( NAMED_UNIT(*) SI_UNIT($,.STERADIAN.) SOLID_ANGLE_UNIT() );
#15597 = UNCERTAINTY_MEASURE_WITH_UNIT(LENGTH_MEASURE(1.E-07),#15594,
  'distance_accuracy_value','confusion accuracy');
#15598 = CONTEXT_DEPENDENT_SHAPE_REPRESENTATION(#15599,#15601);
#15599 = ( REPRESENTATION_RELATIONSHIP('','',#15442,#10) 
REPRESENTATION_RELATIONSHIP_WITH_TRANSFORMATION(#15600) 
SHAPE_REPRESENTATION_RELATIONSHIP() );
#15600 = ITEM_DEFINED_TRANSFORMATION('','',#11,#359);
#15601 = PRODUCT_DEFINITION_SHAPE('Placement','Placement of an item',
  #15602);
#15602 = NEXT_ASSEMBLY_USAGE_OCCURRENCE('87',
  'CATAMARAN-CONNECTOR-CENTER-03 | Connector | nominal plywood 20 mm',''
  ,#5,#15437,$);
#15603 = PRODUCT_RELATED_PRODUCT_CATEGORY('part',$,(#15439));
#15604 = SHAPE_DEFINITION_REPRESENTATION(#15605,#15611);
#15605 = PRODUCT_DEFINITION_SHAPE('','',#15606);
#15606 = PRODUCT_DEFINITION('design','',#15607,#15610);
#15607 = PRODUCT_DEFINITION_FORMATION('','',#15608);
#15608 = PRODUCT(
  'CATAMARAN-CONNECTOR-CENTER-04 | Connector | nominal plywood 20 mm',
  'CATAMARAN-CONNECTOR-CENTER-04 | Connector | nominal plywood 20 mm',''
  ,(#15609));
#15609 = PRODUCT_CONTEXT('',#2,'mechanical');
#15610 = PRODUCT_DEFINITION_CONTEXT('part definition',#2,'design');
#15611 = ADVANCED_BREP_SHAPE_REPRESENTATION('',(#11,#15612),#15762);
#15612 = MANIFOLD_SOLID_BREP('',#15613);
#15613 = CLOSED_SHELL('',(#15614,#15654,#15685,#15716,#15738,#15750));
#15614 = ADVANCED_FACE('',(#15615),#15649,.F.);
#15615 = FACE_BOUND('',#15616,.F.);
#15616 = EDGE_LOOP('',(#15617,#15627,#15635,#15643));
#15617 = ORIENTED_EDGE('',*,*,#15618,.T.);
#15618 = EDGE_CURVE('',#15619,#15621,#15623,.T.);
#15619 = VERTEX_POINT('',#15620);
#15620 = CARTESIAN_POINT('',(620.,-15.,120.));
#15621 = VERTEX_POINT('',#15622);
#15622 = CARTESIAN_POINT('',(620.,-15.,140.));
#15623 = LINE('',#15624,#15625);
#15624 = CARTESIAN_POINT('',(620.,-15.,120.));
#15625 = VECTOR('',#15626,1.);
#15626 = DIRECTION('',(0.,0.,1.));
#15627 = ORIENTED_EDGE('',*,*,#15628,.T.);
#15628 = EDGE_CURVE('',#15621,#15629,#15631,.T.);
#15629 = VERTEX_POINT('',#15630);
#15630 = CARTESIAN_POINT('',(640.,-15.,140.));
#15631 = LINE('',#15632,#15633);
#15632 = CARTESIAN_POINT('',(620.,-15.,140.));
#15633 = VECTOR('',#15634,1.);
#15634 = DIRECTION('',(1.,0.,0.));
#15635 = ORIENTED_EDGE('',*,*,#15636,.F.);
#15636 = EDGE_CURVE('',#15637,#15629,#15639,.T.);
#15637 = VERTEX_POINT('',#15638);
#15638 = CARTESIAN_POINT('',(640.,-15.,120.));
#15639 = LINE('',#15640,#15641);
#15640 = CARTESIAN_POINT('',(640.,-15.,120.));
#15641 = VECTOR('',#15642,1.);
#15642 = DIRECTION('',(0.,0.,1.));
#15643 = ORIENTED_EDGE('',*,*,#15644,.F.);
#15644 = EDGE_CURVE('',#15619,#15637,#15645,.T.);
#15645 = LINE('',#15646,#15647);
#15646 = CARTESIAN_POINT('',(620.,-15.,120.));
#15647 = VECTOR('',#15648,1.);
#15648 = DIRECTION('',(1.,0.,0.));
#15649 = PLANE('',#15650);
#15650 = AXIS2_PLACEMENT_3D('',#15651,#15652,#15653);
#15651 = CARTESIAN_POINT('',(620.,-15.,120.));
#15652 = DIRECTION('',(0.,1.,0.));
#15653 = DIRECTION('',(1.,0.,0.));
#15654 = ADVANCED_FACE('',(#15655),#15680,.F.);
#15655 = FACE_BOUND('',#15656,.F.);
#15656 = EDGE_LOOP('',(#15657,#15658,#15666,#15674));
#15657 = ORIENTED_EDGE('',*,*,#15636,.T.);
#15658 = ORIENTED_EDGE('',*,*,#15659,.T.);
#15659 = EDGE_CURVE('',#15629,#15660,#15662,.T.);
#15660 = VERTEX_POINT('',#15661);
#15661 = CARTESIAN_POINT('',(640.,15.,140.));
#15662 = LINE('',#15663,#15664);
#15663 = CARTESIAN_POINT('',(640.,-15.,140.));
#15664 = VECTOR('',#15665,1.);
#15665 = DIRECTION('',(0.,1.,0.));
#15666 = ORIENTED_EDGE('',*,*,#15667,.F.);
#15667 = EDGE_CURVE('',#15668,#15660,#15670,.T.);
#15668 = VERTEX_POINT('',#15669);
#15669 = CARTESIAN_POINT('',(640.,15.,120.));
#15670 = LINE('',#15671,#15672);
#15671 = CARTESIAN_POINT('',(640.,15.,120.));
#15672 = VECTOR('',#15673,1.);
#15673 = DIRECTION('',(0.,0.,1.));
#15674 = ORIENTED_EDGE('',*,*,#15675,.F.);
#15675 = EDGE_CURVE('',#15637,#15668,#15676,.T.);
#15676 = LINE('',#15677,#15678);
#15677 = CARTESIAN_POINT('',(640.,-15.,120.));
#15678 = VECTOR('',#15679,1.);
#15679 = DIRECTION('',(0.,1.,0.));
#15680 = PLANE('',#15681);
#15681 = AXIS2_PLACEMENT_3D('',#15682,#15683,#15684);
#15682 = CARTESIAN_POINT('',(640.,-15.,120.));
#15683 = DIRECTION('',(-1.,0.,0.));
#15684 = DIRECTION('',(0.,1.,0.));
#15685 = ADVANCED_FACE('',(#15686),#15711,.F.);
#15686 = FACE_BOUND('',#15687,.F.);
#15687 = EDGE_LOOP('',(#15688,#15689,#15697,#15705));
#15688 = ORIENTED_EDGE('',*,*,#15667,.T.);
#15689 = ORIENTED_EDGE('',*,*,#15690,.T.);
#15690 = EDGE_CURVE('',#15660,#15691,#15693,.T.);
#15691 = VERTEX_POINT('',#15692);
#15692 = CARTESIAN_POINT('',(620.,15.,140.));
#15693 = LINE('',#15694,#15695);
#15694 = CARTESIAN_POINT('',(640.,15.,140.));
#15695 = VECTOR('',#15696,1.);
#15696 = DIRECTION('',(-1.,0.,0.));
#15697 = ORIENTED_EDGE('',*,*,#15698,.F.);
#15698 = EDGE_CURVE('',#15699,#15691,#15701,.T.);
#15699 = VERTEX_POINT('',#15700);
#15700 = CARTESIAN_POINT('',(620.,15.,120.));
#15701 = LINE('',#15702,#15703);
#15702 = CARTESIAN_POINT('',(620.,15.,120.));
#15703 = VECTOR('',#15704,1.);
#15704 = DIRECTION('',(0.,0.,1.));
#15705 = ORIENTED_EDGE('',*,*,#15706,.F.);
#15706 = EDGE_CURVE('',#15668,#15699,#15707,.T.);
#15707 = LINE('',#15708,#15709);
#15708 = CARTESIAN_POINT('',(640.,15.,120.));
#15709 = VECTOR('',#15710,1.);
#15710 = DIRECTION('',(-1.,0.,0.));
#15711 = PLANE('',#15712);
#15712 = AXIS2_PLACEMENT_3D('',#15713,#15714,#15715);
#15713 = CARTESIAN_POINT('',(640.,15.,120.));
#15714 = DIRECTION('',(0.,-1.,0.));
#15715 = DIRECTION('',(-1.,0.,0.));
#15716 = ADVANCED_FACE('',(#15717),#15733,.F.);
#15717 = FACE_BOUND('',#15718,.F.);
#15718 = EDGE_LOOP('',(#15719,#15720,#15726,#15727));
#15719 = ORIENTED_EDGE('',*,*,#15698,.T.);
#15720 = ORIENTED_EDGE('',*,*,#15721,.T.);
#15721 = EDGE_CURVE('',#15691,#15621,#15722,.T.);
#15722 = LINE('',#15723,#15724);
#15723 = CARTESIAN_POINT('',(620.,15.,140.));
#15724 = VECTOR('',#15725,1.);
#15725 = DIRECTION('',(0.,-1.,0.));
#15726 = ORIENTED_EDGE('',*,*,#15618,.F.);
#15727 = ORIENTED_EDGE('',*,*,#15728,.F.);
#15728 = EDGE_CURVE('',#15699,#15619,#15729,.T.);
#15729 = LINE('',#15730,#15731);
#15730 = CARTESIAN_POINT('',(620.,15.,120.));
#15731 = VECTOR('',#15732,1.);
#15732 = DIRECTION('',(0.,-1.,0.));
#15733 = PLANE('',#15734);
#15734 = AXIS2_PLACEMENT_3D('',#15735,#15736,#15737);
#15735 = CARTESIAN_POINT('',(620.,15.,120.));
#15736 = DIRECTION('',(1.,0.,-0.));
#15737 = DIRECTION('',(0.,-1.,0.));
#15738 = ADVANCED_FACE('',(#15739),#15745,.F.);
#15739 = FACE_BOUND('',#15740,.F.);
#15740 = EDGE_LOOP('',(#15741,#15742,#15743,#15744));
#15741 = ORIENTED_EDGE('',*,*,#15644,.T.);
#15742 = ORIENTED_EDGE('',*,*,#15675,.T.);
#15743 = ORIENTED_EDGE('',*,*,#15706,.T.);
#15744 = ORIENTED_EDGE('',*,*,#15728,.T.);
#15745 = PLANE('',#15746);
#15746 = AXIS2_PLACEMENT_3D('',#15747,#15748,#15749);
#15747 = CARTESIAN_POINT('',(630.,0.,120.));
#15748 = DIRECTION('',(0.,0.,1.));
#15749 = DIRECTION('',(1.,0.,-0.));
#15750 = ADVANCED_FACE('',(#15751),#15757,.T.);
#15751 = FACE_BOUND('',#15752,.T.);
#15752 = EDGE_LOOP('',(#15753,#15754,#15755,#15756));
#15753 = ORIENTED_EDGE('',*,*,#15628,.T.);
#15754 = ORIENTED_EDGE('',*,*,#15659,.T.);
#15755 = ORIENTED_EDGE('',*,*,#15690,.T.);
#15756 = ORIENTED_EDGE('',*,*,#15721,.T.);
#15757 = PLANE('',#15758);
#15758 = AXIS2_PLACEMENT_3D('',#15759,#15760,#15761);
#15759 = CARTESIAN_POINT('',(630.,0.,140.));
#15760 = DIRECTION('',(0.,0.,1.));
#15761 = DIRECTION('',(1.,0.,-0.));
#15762 = ( GEOMETRIC_REPRESENTATION_CONTEXT(3) 
GLOBAL_UNCERTAINTY_ASSIGNED_CONTEXT((#15766)) 
GLOBAL_UNIT_ASSIGNED_CONTEXT((#15763,#15764,#15765)) 
REPRESENTATION_CONTEXT('Context #1',
  '3D Context with UNIT and UNCERTAINTY') );
#15763 = ( LENGTH_UNIT() NAMED_UNIT(*) SI_UNIT(.MILLI.,.METRE.) );
#15764 = ( NAMED_UNIT(*) PLANE_ANGLE_UNIT() SI_UNIT($,.RADIAN.) );
#15765 = ( NAMED_UNIT(*) SI_UNIT($,.STERADIAN.) SOLID_ANGLE_UNIT() );
#15766 = UNCERTAINTY_MEASURE_WITH_UNIT(LENGTH_MEASURE(1.E-07),#15763,
  'distance_accuracy_value','confusion accuracy');
#15767 = CONTEXT_DEPENDENT_SHAPE_REPRESENTATION(#15768,#15770);
#15768 = ( REPRESENTATION_RELATIONSHIP('','',#15611,#10) 
REPRESENTATION_RELATIONSHIP_WITH_TRANSFORMATION(#15769) 
SHAPE_REPRESENTATION_RELATIONSHIP() );
#15769 = ITEM_DEFINED_TRANSFORMATION('','',#11,#363);
#15770 = PRODUCT_DEFINITION_SHAPE('Placement','Placement of an item',
  #15771);
#15771 = NEXT_ASSEMBLY_USAGE_OCCURRENCE('88',
  'CATAMARAN-CONNECTOR-CENTER-04 | Connector | nominal plywood 20 mm',''
  ,#5,#15606,$);
#15772 = PRODUCT_RELATED_PRODUCT_CATEGORY('part',$,(#15608));
ENDSEC;
END-ISO-10303-21;
