# Created by FreeCAD <https://www.freecad.org>
v 0.000000 -95.000000 0.000000
v 50.000000 -95.000000 0.000000
v 0.000000 -95.000000 20.000000
v 50.000000 -95.000000 20.000000
v 50.000000 95.000000 0.000000
v 50.000000 95.000000 20.000000
v 0.000000 95.000000 0.000000
v 0.000000 95.000000 20.000000
v 50.000000 -95.000000 0.000000
v 0.000000 -95.000000 0.000000
v 0.000000 -89.823616 19.318516
v 50.000000 -89.823616 19.318516
v 50.000000 -150.000000 14.737206
v 50.000000 -144.823624 34.055721
v 0.000000 -150.000000 14.737206
v 0.000000 -144.823624 34.055721
v 0.000000 150.000000 14.737206
v 0.000000 95.000000 0.000000
v 0.000000 89.823616 19.318516
v 0.000000 144.823624 34.055721
v 50.000000 150.000000 14.737206
v 50.000000 144.823624 34.055721
v 50.000000 95.000000 0.000000
v 50.000000 89.823616 19.318516
v 50.000000 -150.000000 14.737206
v 0.000000 -150.000000 14.737206
v 0.000000 -130.000000 14.737206
v 50.000000 -130.000000 14.737206
v 50.000000 -130.000000 140.000000
v 50.000000 -150.000000 140.000000
v 0.000000 -150.000000 140.000000
v 0.000000 -130.000000 140.000000
v 0.000000 130.000000 140.000000
v 0.000000 150.000000 14.737206
v 0.000000 130.000000 14.737206
v 0.000000 150.000000 140.000000
v 50.000000 150.000000 140.000000
v 50.000000 130.000000 140.000000
v 50.000000 130.000000 14.737206
v 50.000000 150.000000 14.737206
v 50.000000 -95.000000 0.000000
v 220.000000 -95.000000 0.000000
v 50.000000 -95.000000 20.000000
v 220.000000 -95.000000 20.000000
v 220.000000 95.000000 0.000000
v 220.000000 95.000000 20.000000
v 50.000000 95.000000 0.000000
v 50.000000 95.000000 20.000000
v 220.000000 -95.000000 0.000000
v 50.000000 -95.000000 0.000000
v 50.000000 -89.823616 19.318516
v 220.000000 -89.823616 19.318516
v 220.000000 -150.000000 14.737206
v 220.000000 -144.823624 34.055721
v 50.000000 -150.000000 14.737206
v 50.000000 -144.823624 34.055721
v 50.000000 150.000000 14.737206
v 50.000000 95.000000 0.000000
v 50.000000 89.823616 19.318516
v 50.000000 144.823624 34.055721
v 220.000000 150.000000 14.737206
v 220.000000 144.823624 34.055721
v 220.000000 95.000000 0.000000
v 220.000000 89.823616 19.318516
v 220.000000 -150.000000 14.737206
v 50.000000 -150.000000 14.737206
v 50.000000 -130.000000 14.737206
v 220.000000 -130.000000 14.737206
v 220.000000 -130.000000 140.000000
v 220.000000 -150.000000 140.000000
v 50.000000 -150.000000 140.000000
v 50.000000 -130.000000 140.000000
v 50.000000 130.000000 140.000000
v 50.000000 150.000000 14.737206
v 50.000000 130.000000 14.737206
v 50.000000 150.000000 140.000000
v 220.000000 150.000000 140.000000
v 220.000000 130.000000 140.000000
v 220.000000 130.000000 14.737206
v 220.000000 150.000000 14.737206
v 220.000000 -95.000000 0.000000
v 390.000000 -95.000000 0.000000
v 220.000000 -95.000000 20.000000
v 390.000000 -95.000000 20.000000
v 390.000000 95.000000 0.000000
v 390.000000 95.000000 20.000000
v 220.000000 95.000000 0.000000
v 220.000000 95.000000 20.000000
v 390.000000 -95.000000 0.000000
v 220.000000 -95.000000 0.000000
v 220.000000 -89.823616 19.318516
v 390.000000 -89.823616 19.318516
v 390.000000 -150.000000 14.737206
v 390.000000 -144.823624 34.055721
v 220.000000 -150.000000 14.737206
v 220.000000 -144.823624 34.055721
v 220.000000 150.000000 14.737206
v 220.000000 95.000000 0.000000
v 220.000000 89.823616 19.318516
v 220.000000 144.823624 34.055721
v 390.000000 150.000000 14.737206
v 390.000000 144.823624 34.055721
v 390.000000 95.000000 0.000000
v 390.000000 89.823616 19.318516
v 390.000000 -150.000000 14.737206
v 220.000000 -150.000000 14.737206
v 220.000000 -130.000000 14.737206
v 390.000000 -130.000000 14.737206
v 390.000000 -130.000000 140.000000
v 390.000000 -150.000000 140.000000
v 220.000000 -150.000000 140.000000
v 220.000000 -130.000000 140.000000
v 220.000000 130.000000 140.000000
v 220.000000 150.000000 14.737206
v 220.000000 130.000000 14.737206
v 220.000000 150.000000 140.000000
v 390.000000 150.000000 140.000000
v 390.000000 130.000000 140.000000
v 390.000000 130.000000 14.737206
v 390.000000 150.000000 14.737206
v 390.000000 -95.000000 0.000000
v 560.000000 -95.000000 0.000000
v 390.000000 -95.000000 20.000000
v 560.000000 -95.000000 20.000000
v 560.000000 95.000000 0.000000
v 560.000000 95.000000 20.000000
v 390.000000 95.000000 0.000000
v 390.000000 95.000000 20.000000
v 560.000000 -95.000000 0.000000
v 390.000000 -95.000000 0.000000
v 390.000000 -89.823616 19.318516
v 560.000000 -89.823616 19.318516
v 560.000000 -150.000000 14.737206
v 560.000000 -144.823624 34.055721
v 390.000000 -150.000000 14.737206
v 390.000000 -144.823624 34.055721
v 390.000000 150.000000 14.737206
v 390.000000 95.000000 0.000000
v 390.000000 89.823616 19.318516
v 390.000000 144.823624 34.055721
v 560.000000 150.000000 14.737206
v 560.000000 144.823624 34.055721
v 560.000000 95.000000 0.000000
v 560.000000 89.823616 19.318516
v 560.000000 -150.000000 14.737206
v 390.000000 -150.000000 14.737206
v 390.000000 -130.000000 14.737206
v 560.000000 -130.000000 14.737206
v 560.000000 -130.000000 140.000000
v 560.000000 -150.000000 140.000000
v 390.000000 -150.000000 140.000000
v 390.000000 -130.000000 140.000000
v 390.000000 130.000000 140.000000
v 390.000000 150.000000 14.737206
v 390.000000 130.000000 14.737206
v 390.000000 150.000000 140.000000
v 560.000000 150.000000 140.000000
v 560.000000 130.000000 140.000000
v 560.000000 130.000000 14.737206
v 560.000000 150.000000 14.737206
v 560.000000 -95.000000 0.000000
v 730.000000 -39.444443 0.000000
v 560.000000 -95.000000 20.000000
v 730.000000 -39.444443 20.000000
v 730.000000 39.444443 20.000000
v 730.000000 39.444443 0.000000
v 560.000000 95.000000 0.000000
v 560.000000 95.000000 20.000000
v 730.000000 -39.444443 0.000000
v 560.000000 -95.000000 0.000000
v 558.314392 -89.842033 19.249783
v 728.314392 -34.286480 19.249783
v 730.000000 -94.444443 14.737206
v 728.314392 -89.286484 33.986988
v 558.314392 -144.842041 33.986988
v 560.000000 -150.000000 14.737206
v 560.000000 150.000000 14.737206
v 560.000000 95.000000 0.000000
v 558.314392 89.842033 19.249783
v 558.314392 144.842041 33.986988
v 730.000000 94.444443 14.737206
v 728.314392 89.286484 33.986988
v 730.000000 39.444443 0.000000
v 728.314392 34.286480 19.249783
v 730.000000 -94.444443 14.737206
v 560.000000 -150.000000 14.737206
v 553.787354 -130.989395 14.737206
v 723.787354 -75.433830 14.737206
v 723.787354 -75.433830 140.000000
v 730.000000 -94.444443 140.000000
v 560.000000 -150.000000 140.000000
v 553.787354 -130.989395 140.000000
v 553.787354 130.989395 140.000000
v 560.000000 150.000000 14.737206
v 553.787354 130.989395 14.737206
v 560.000000 150.000000 140.000000
v 730.000000 94.444443 140.000000
v 723.787354 75.433830 140.000000
v 723.787354 75.433830 14.737206
v 730.000000 94.444443 14.737206
v 730.000000 -39.444443 0.000000
v 900.000000 0.000000 0.000000
v 730.000000 -39.444443 20.000000
v 900.000000 0.000000 20.000000
v 730.000000 39.444443 20.000000
v 730.000000 39.444443 0.000000
v 900.000000 0.000000 0.000000
v 730.000000 -39.444443 0.000000
v 728.801086 -34.277370 19.283775
v 898.801086 5.167072 19.283775
v 728.801086 -89.277374 34.020981
v 730.000000 -94.444443 14.737206
v 730.000000 94.444443 14.737206
v 730.000000 39.444443 0.000000
v 728.801086 34.277370 19.283775
v 728.801086 89.277374 34.020981
v 900.000000 0.000000 0.000000
v 898.801086 -5.167072 19.283775
v 900.000000 0.000000 0.000000
v 730.000000 -94.444443 14.737206
v 720.287170 -76.961296 14.737206
v 890.287170 17.483145 0.000000
v 900.000000 0.000000 140.000000
v 890.287170 17.483145 140.000000
v 730.000000 -94.444443 140.000000
v 720.287170 -76.961296 140.000000
v 730.000000 94.444443 140.000000
v 730.000000 94.444443 14.737206
v 720.287170 76.961296 14.737206
v 720.287170 76.961296 140.000000
v 900.000000 0.000000 140.000000
v 890.287170 -17.483145 140.000000
v 900.000000 0.000000 0.000000
v 890.287170 -17.483145 0.000000
v 0.000000 -95.000000 0.000000
v 0.000000 95.000000 0.000000
v 20.000000 -95.000000 0.000000
v 20.000000 95.000000 0.000000
v 0.000000 150.000000 14.737206
v 20.000000 150.000000 14.737206
v 20.000000 150.000000 140.000000
v 0.000000 150.000000 140.000000
v 20.000000 -150.000000 140.000000
v 0.000000 -150.000000 140.000000
v 20.000000 -150.000000 14.737206
v 0.000000 -150.000000 14.737206
v 50.000000 -95.000000 0.000000
v 50.000000 95.000000 0.000000
v 70.000000 -95.000000 0.000000
v 70.000000 95.000000 0.000000
v 50.000000 150.000000 14.737206
v 70.000000 150.000000 14.737206
v 70.000000 150.000000 120.000000
v 50.000000 150.000000 120.000000
v 70.000000 -150.000000 120.000000
v 50.000000 -150.000000 120.000000
v 50.000000 -150.000000 14.737206
v 70.000000 -150.000000 14.737206
v 220.000000 -95.000000 0.000000
v 220.000000 95.000000 0.000000
v 240.000000 -95.000000 0.000000
v 240.000000 95.000000 0.000000
v 220.000000 150.000000 14.737206
v 240.000000 150.000000 14.737206
v 240.000000 150.000000 120.000000
v 220.000000 150.000000 120.000000
v 240.000000 -150.000000 120.000000
v 220.000000 -150.000000 120.000000
v 220.000000 -150.000000 14.737206
v 240.000000 -150.000000 14.737206
v 390.000000 -95.000000 0.000000
v 390.000000 95.000000 0.000000
v 410.000000 -95.000000 0.000000
v 410.000000 95.000000 0.000000
v 390.000000 150.000000 14.737206
v 410.000000 150.000000 14.737206
v 410.000000 150.000000 120.000000
v 390.000000 150.000000 120.000000
v 410.000000 -150.000000 120.000000
v 390.000000 -150.000000 120.000000
v 390.000000 -150.000000 14.737206
v 410.000000 -150.000000 14.737206
v 560.000000 -95.000000 0.000000
v 560.000000 95.000000 0.000000
v 580.000000 -95.000000 0.000000
v 580.000000 95.000000 0.000000
v 560.000000 150.000000 14.737206
v 580.000000 150.000000 14.737206
v 580.000000 150.000000 120.000000
v 560.000000 150.000000 120.000000
v 580.000000 -150.000000 120.000000
v 560.000000 -150.000000 120.000000
v 560.000000 -150.000000 14.737206
v 580.000000 -150.000000 14.737206
v 730.000000 -39.444443 0.000000
v 750.000000 39.444443 0.000000
v 750.000000 -39.444443 0.000000
v 730.000000 39.444443 0.000000
v 730.000000 94.444443 14.737206
v 750.000000 94.444443 14.737206
v 750.000000 94.444443 120.000000
v 730.000000 94.444443 120.000000
v 730.000000 -94.444443 120.000000
v 750.000000 -94.444443 120.000000
v 730.000000 -94.444443 14.737206
v 750.000000 -94.444443 14.737206
v 0.000000 -150.000000 120.000000
v 50.000000 -150.000000 120.000000
v 0.000000 -150.000000 140.000000
v 50.000000 -150.000000 140.000000
v 50.000000 150.000000 140.000000
v 50.000000 150.000000 120.000000
v 0.000000 150.000000 120.000000
v 0.000000 150.000000 140.000000
v 50.000000 -150.000000 120.000000
v 220.000000 -150.000000 120.000000
v 50.000000 -150.000000 140.000000
v 220.000000 -150.000000 140.000000
v 220.000000 150.000000 140.000000
v 220.000000 150.000000 120.000000
v 50.000000 150.000000 120.000000
v 50.000000 150.000000 140.000000
v 220.000000 -150.000000 120.000000
v 390.000000 -150.000000 120.000000
v 220.000000 -150.000000 140.000000
v 390.000000 -150.000000 140.000000
v 390.000000 150.000000 140.000000
v 390.000000 150.000000 120.000000
v 220.000000 150.000000 120.000000
v 220.000000 150.000000 140.000000
v 390.000000 -150.000000 120.000000
v 560.000000 -150.000000 120.000000
v 390.000000 -150.000000 140.000000
v 560.000000 -150.000000 140.000000
v 560.000000 150.000000 140.000000
v 560.000000 150.000000 120.000000
v 390.000000 150.000000 120.000000
v 390.000000 150.000000 140.000000
v 560.000000 -150.000000 120.000000
v 730.000000 -94.444443 120.000000
v 560.000000 -150.000000 140.000000
v 730.000000 -94.444443 140.000000
v 730.000000 94.444443 120.000000
v 730.000000 94.444443 140.000000
v 560.000000 150.000000 120.000000
v 560.000000 150.000000 140.000000
v 730.000000 -94.444443 120.000000
v 900.000000 0.000000 120.000000
v 730.000000 -94.444443 140.000000
v 900.000000 0.000000 140.000000
v 730.000000 94.444443 120.000000
v 730.000000 94.444443 140.000000
v 0.000000 -250.000000 30.000000
v 50.000000 -250.000000 30.000000
v 0.000000 -250.000000 50.000000
v 50.000000 -250.000000 50.000000
v 50.000000 -200.000000 30.000000
v 50.000000 -200.000000 50.000000
v 0.000000 -200.000000 30.000000
v 0.000000 -200.000000 50.000000
v 50.000000 -250.000000 30.000000
v 0.000000 -250.000000 30.000000
v 0.000000 -244.823624 49.318516
v 50.000000 -244.823624 49.318516
v 50.000000 -269.823608 56.017246
v 50.000000 -275.000000 36.698730
v 0.000000 -275.000000 36.698730
v 0.000000 -269.823608 56.017246
v 0.000000 -180.176376 56.017246
v 0.000000 -200.000000 30.000000
v 0.000000 -205.176376 49.318516
v 0.000000 -175.000000 36.698730
v 50.000000 -175.000000 36.698730
v 50.000000 -180.176376 56.017246
v 50.000000 -200.000000 30.000000
v 50.000000 -205.176376 49.318516
v 50.000000 -275.000000 36.698730
v 0.000000 -275.000000 36.698730
v 0.000000 -255.000000 36.698730
v 50.000000 -255.000000 36.698730
v 50.000000 -255.000000 140.000000
v 50.000000 -275.000000 140.000000
v 0.000000 -275.000000 140.000000
v 0.000000 -255.000000 140.000000
v 0.000000 -195.000000 140.000000
v 0.000000 -175.000000 36.698730
v 0.000000 -195.000000 36.698730
v 0.000000 -175.000000 140.000000
v 50.000000 -175.000000 140.000000
v 50.000000 -195.000000 140.000000
v 50.000000 -175.000000 36.698730
v 50.000000 -195.000000 36.698730
v 50.000000 -250.000000 30.000000
v 220.000000 -250.000000 30.000000
v 50.000000 -250.000000 50.000000
v 220.000000 -250.000000 50.000000
v 220.000000 -200.000000 30.000000
v 220.000000 -200.000000 50.000000
v 50.000000 -200.000000 30.000000
v 50.000000 -200.000000 50.000000
v 220.000000 -250.000000 30.000000
v 50.000000 -250.000000 30.000000
v 50.000000 -244.823624 49.318516
v 220.000000 -244.823624 49.318516
v 220.000000 -269.823608 56.017246
v 220.000000 -275.000000 36.698730
v 50.000000 -275.000000 36.698730
v 50.000000 -269.823608 56.017246
v 50.000000 -180.176376 56.017246
v 50.000000 -200.000000 30.000000
v 50.000000 -205.176376 49.318516
v 50.000000 -175.000000 36.698730
v 220.000000 -175.000000 36.698730
v 220.000000 -180.176376 56.017246
v 220.000000 -200.000000 30.000000
v 220.000000 -205.176376 49.318516
v 220.000000 -275.000000 36.698730
v 50.000000 -275.000000 36.698730
v 50.000000 -255.000000 36.698730
v 220.000000 -255.000000 36.698730
v 220.000000 -255.000000 140.000000
v 220.000000 -275.000000 140.000000
v 50.000000 -275.000000 140.000000
v 50.000000 -255.000000 140.000000
v 50.000000 -195.000000 140.000000
v 50.000000 -175.000000 36.698730
v 50.000000 -195.000000 36.698730
v 50.000000 -175.000000 140.000000
v 220.000000 -175.000000 140.000000
v 220.000000 -195.000000 140.000000
v 220.000000 -175.000000 36.698730
v 220.000000 -195.000000 36.698730
v 220.000000 -250.000000 30.000000
v 390.000000 -250.000000 30.000000
v 220.000000 -250.000000 50.000000
v 390.000000 -250.000000 50.000000
v 390.000000 -200.000000 30.000000
v 390.000000 -200.000000 50.000000
v 220.000000 -200.000000 30.000000
v 220.000000 -200.000000 50.000000
v 390.000000 -250.000000 30.000000
v 220.000000 -250.000000 30.000000
v 220.000000 -244.823624 49.318516
v 390.000000 -244.823624 49.318516
v 390.000000 -269.823608 56.017246
v 390.000000 -275.000000 36.698730
v 220.000000 -275.000000 36.698730
v 220.000000 -269.823608 56.017246
v 220.000000 -180.176376 56.017246
v 220.000000 -200.000000 30.000000
v 220.000000 -205.176376 49.318516
v 220.000000 -175.000000 36.698730
v 390.000000 -175.000000 36.698730
v 390.000000 -180.176376 56.017246
v 390.000000 -200.000000 30.000000
v 390.000000 -205.176376 49.318516
v 390.000000 -275.000000 36.698730
v 220.000000 -275.000000 36.698730
v 220.000000 -255.000000 36.698730
v 390.000000 -255.000000 36.698730
v 390.000000 -255.000000 140.000000
v 390.000000 -275.000000 140.000000
v 220.000000 -275.000000 140.000000
v 220.000000 -255.000000 140.000000
v 220.000000 -195.000000 140.000000
v 220.000000 -175.000000 36.698730
v 220.000000 -195.000000 36.698730
v 220.000000 -175.000000 140.000000
v 390.000000 -175.000000 140.000000
v 390.000000 -195.000000 140.000000
v 390.000000 -175.000000 36.698730
v 390.000000 -195.000000 36.698730
v 390.000000 -250.000000 30.000000
v 560.000000 -225.000000 30.000000
v 390.000000 -250.000000 50.000000
v 560.000000 -225.000000 50.000000
v 390.000000 -200.000000 50.000000
v 390.000000 -200.000000 30.000000
v 559.239319 -219.827362 49.304539
v 390.000000 -250.000000 30.000000
v 389.239319 -244.827362 49.304539
v 560.000000 -225.000000 30.000000
v 559.239319 -230.938477 52.281754
v 560.000000 -236.111115 32.977215
v 389.239319 -269.827362 56.003269
v 390.000000 -275.000000 36.698730
v 389.239319 -180.172638 56.003269
v 390.000000 -200.000000 30.000000
v 389.239319 -205.172638 49.304539
v 390.000000 -175.000000 36.698730
v 560.000000 -213.888885 32.977215
v 559.239319 -219.061523 52.281754
v 560.000000 -225.000000 30.000000
v 559.239319 -230.172638 49.304539
v 560.000000 -236.111115 32.977215
v 390.000000 -275.000000 36.698730
v 385.540039 -255.503616 36.698730
v 555.540039 -216.614731 32.977215
v 555.540039 -216.614731 140.000000
v 560.000000 -236.111115 140.000000
v 385.540039 -255.503616 140.000000
v 390.000000 -275.000000 140.000000
v 385.540039 -194.496384 140.000000
v 390.000000 -175.000000 36.698730
v 385.540039 -194.496384 36.698730
v 390.000000 -175.000000 140.000000
v 560.000000 -213.888885 140.000000
v 555.540039 -233.385269 140.000000
v 555.540039 -233.385269 32.977215
v 560.000000 -213.888885 32.977215
v 0.000000 -250.000000 30.000000
v 0.000000 -200.000000 30.000000
v 20.000000 -250.000000 30.000000
v 20.000000 -200.000000 30.000000
v 0.000000 -175.000000 36.698730
v 20.000000 -175.000000 36.698730
v 20.000000 -175.000000 140.000000
v 0.000000 -175.000000 140.000000
v 0.000000 -275.000000 140.000000
v 20.000000 -275.000000 140.000000
v 0.000000 -275.000000 36.698730
v 20.000000 -275.000000 36.698730
v 50.000000 -250.000000 30.000000
v 50.000000 -200.000000 30.000000
v 70.000000 -250.000000 30.000000
v 70.000000 -200.000000 30.000000
v 50.000000 -175.000000 36.698730
v 70.000000 -175.000000 36.698730
v 50.000000 -175.000000 120.000000
v 70.000000 -175.000000 120.000000
v 50.000000 -275.000000 120.000000
v 70.000000 -275.000000 120.000000
v 50.000000 -275.000000 36.698730
v 70.000000 -275.000000 36.698730
v 220.000000 -250.000000 30.000000
v 220.000000 -200.000000 30.000000
v 240.000000 -250.000000 30.000000
v 240.000000 -200.000000 30.000000
v 220.000000 -175.000000 36.698730
v 240.000000 -175.000000 36.698730
v 220.000000 -175.000000 120.000000
v 240.000000 -175.000000 120.000000
v 220.000000 -275.000000 120.000000
v 240.000000 -275.000000 120.000000
v 220.000000 -275.000000 36.698730
v 240.000000 -275.000000 36.698730
v 390.000000 -250.000000 30.000000
v 390.000000 -200.000000 30.000000
v 410.000000 -250.000000 30.000000
v 410.000000 -200.000000 30.000000
v 390.000000 -175.000000 36.698730
v 410.000000 -175.000000 36.698730
v 390.000000 -175.000000 120.000000
v 410.000000 -175.000000 120.000000
v 390.000000 -275.000000 120.000000
v 410.000000 -275.000000 120.000000
v 390.000000 -275.000000 36.698730
v 410.000000 -275.000000 36.698730
v 560.000000 -225.000000 30.000000
v 560.000000 -213.888885 32.977215
v 580.000000 -225.000000 30.000000
v 580.000000 -213.888885 32.977215
v 580.000000 -213.888885 120.000000
v 560.000000 -213.888885 120.000000
v 560.000000 -236.111115 120.000000
v 580.000000 -236.111115 120.000000
v 580.000000 -236.111115 32.977215
v 560.000000 -236.111115 32.977215
v 0.000000 -275.000000 120.000000
v 50.000000 -275.000000 120.000000
v 0.000000 -275.000000 140.000000
v 50.000000 -275.000000 140.000000
v 50.000000 -175.000000 120.000000
v 50.000000 -175.000000 140.000000
v 0.000000 -175.000000 120.000000
v 0.000000 -175.000000 140.000000
v 50.000000 -275.000000 120.000000
v 220.000000 -275.000000 120.000000
v 50.000000 -275.000000 140.000000
v 220.000000 -275.000000 140.000000
v 220.000000 -175.000000 120.000000
v 220.000000 -175.000000 140.000000
v 50.000000 -175.000000 120.000000
v 50.000000 -175.000000 140.000000
v 220.000000 -275.000000 120.000000
v 390.000000 -275.000000 120.000000
v 220.000000 -275.000000 140.000000
v 390.000000 -275.000000 140.000000
v 390.000000 -175.000000 120.000000
v 390.000000 -175.000000 140.000000
v 220.000000 -175.000000 120.000000
v 220.000000 -175.000000 140.000000
v 390.000000 -275.000000 120.000000
v 560.000000 -236.111115 120.000000
v 390.000000 -275.000000 140.000000
v 560.000000 -236.111115 140.000000
v 560.000000 -213.888885 120.000000
v 560.000000 -213.888885 140.000000
v 390.000000 -175.000000 120.000000
v 390.000000 -175.000000 140.000000
v 560.000000 -236.111115 120.000000
v 600.000000 -225.000000 120.000000
v 560.000000 -236.111115 140.000000
v 600.000000 -225.000000 140.000000
v 560.000000 -213.888885 120.000000
v 560.000000 -213.888885 140.000000
v 0.000000 200.000000 30.000000
v 50.000000 200.000000 30.000000
v 0.000000 200.000000 50.000000
v 50.000000 200.000000 50.000000
v 50.000000 250.000000 30.000000
v 50.000000 250.000000 50.000000
v 0.000000 250.000000 30.000000
v 0.000000 250.000000 50.000000
v 50.000000 200.000000 30.000000
v 0.000000 200.000000 30.000000
v 0.000000 205.176376 49.318516
v 50.000000 205.176376 49.318516
v 50.000000 180.176376 56.017246
v 50.000000 175.000000 36.698730
v 0.000000 175.000000 36.698730
v 0.000000 180.176376 56.017246
v 0.000000 269.823608 56.017246
v 0.000000 250.000000 30.000000
v 0.000000 244.823624 49.318516
v 0.000000 275.000000 36.698730
v 50.000000 275.000000 36.698730
v 50.000000 269.823608 56.017246
v 50.000000 250.000000 30.000000
v 50.000000 244.823624 49.318516
v 50.000000 175.000000 36.698730
v 0.000000 175.000000 36.698730
v 0.000000 195.000000 36.698730
v 50.000000 195.000000 36.698730
v 50.000000 195.000000 140.000000
v 50.000000 175.000000 140.000000
v 0.000000 175.000000 140.000000
v 0.000000 195.000000 140.000000
v 0.000000 255.000000 140.000000
v 0.000000 275.000000 36.698730
v 0.000000 255.000000 36.698730
v 0.000000 275.000000 140.000000
v 50.000000 275.000000 140.000000
v 50.000000 255.000000 140.000000
v 50.000000 275.000000 36.698730
v 50.000000 255.000000 36.698730
v 50.000000 200.000000 30.000000
v 220.000000 200.000000 30.000000
v 50.000000 200.000000 50.000000
v 220.000000 200.000000 50.000000
v 220.000000 250.000000 30.000000
v 220.000000 250.000000 50.000000
v 50.000000 250.000000 30.000000
v 50.000000 250.000000 50.000000
v 220.000000 200.000000 30.000000
v 50.000000 200.000000 30.000000
v 50.000000 205.176376 49.318516
v 220.000000 205.176376 49.318516
v 220.000000 180.176376 56.017246
v 220.000000 175.000000 36.698730
v 50.000000 175.000000 36.698730
v 50.000000 180.176376 56.017246
v 50.000000 269.823608 56.017246
v 50.000000 250.000000 30.000000
v 50.000000 244.823624 49.318516
v 50.000000 275.000000 36.698730
v 220.000000 275.000000 36.698730
v 220.000000 269.823608 56.017246
v 220.000000 250.000000 30.000000
v 220.000000 244.823624 49.318516
v 220.000000 175.000000 36.698730
v 50.000000 175.000000 36.698730
v 50.000000 195.000000 36.698730
v 220.000000 195.000000 36.698730
v 220.000000 195.000000 140.000000
v 220.000000 175.000000 140.000000
v 50.000000 175.000000 140.000000
v 50.000000 195.000000 140.000000
v 50.000000 255.000000 140.000000
v 50.000000 275.000000 36.698730
v 50.000000 255.000000 36.698730
v 50.000000 275.000000 140.000000
v 220.000000 275.000000 140.000000
v 220.000000 255.000000 140.000000
v 220.000000 275.000000 36.698730
v 220.000000 255.000000 36.698730
v 220.000000 200.000000 30.000000
v 390.000000 200.000000 30.000000
v 220.000000 200.000000 50.000000
v 390.000000 200.000000 50.000000
v 390.000000 250.000000 30.000000
v 390.000000 250.000000 50.000000
v 220.000000 250.000000 30.000000
v 220.000000 250.000000 50.000000
v 390.000000 200.000000 30.000000
v 220.000000 200.000000 30.000000
v 220.000000 205.176376 49.318516
v 390.000000 205.176376 49.318516
v 390.000000 180.176376 56.017246
v 390.000000 175.000000 36.698730
v 220.000000 175.000000 36.698730
v 220.000000 180.176376 56.017246
v 220.000000 269.823608 56.017246
v 220.000000 250.000000 30.000000
v 220.000000 244.823624 49.318516
v 220.000000 275.000000 36.698730
v 390.000000 275.000000 36.698730
v 390.000000 269.823608 56.017246
v 390.000000 250.000000 30.000000
v 390.000000 244.823624 49.318516
v 390.000000 175.000000 36.698730
v 220.000000 175.000000 36.698730
v 220.000000 195.000000 36.698730
v 390.000000 195.000000 36.698730
v 390.000000 195.000000 140.000000
v 390.000000 175.000000 140.000000
v 220.000000 175.000000 140.000000
v 220.000000 195.000000 140.000000
v 220.000000 255.000000 140.000000
v 220.000000 275.000000 36.698730
v 220.000000 255.000000 36.698730
v 220.000000 275.000000 140.000000
v 390.000000 275.000000 140.000000
v 390.000000 255.000000 140.000000
v 390.000000 275.000000 36.698730
v 390.000000 255.000000 36.698730
v 390.000000 200.000000 30.000000
v 560.000000 225.000000 30.000000
v 390.000000 200.000000 50.000000
v 560.000000 225.000000 50.000000
v 390.000000 250.000000 50.000000
v 390.000000 250.000000 30.000000
v 559.239319 230.172638 49.304539
v 390.000000 200.000000 30.000000
v 389.239319 205.172638 49.304539
v 560.000000 225.000000 30.000000
v 559.239319 219.061523 52.281754
v 560.000000 213.888885 32.977215
v 389.239319 180.172638 56.003269
v 390.000000 175.000000 36.698730
v 389.239319 269.827362 56.003269
v 390.000000 250.000000 30.000000
v 389.239319 244.827362 49.304539
v 390.000000 275.000000 36.698730
v 559.239319 230.938477 52.281754
v 560.000000 236.111115 32.977215
v 560.000000 225.000000 30.000000
v 559.239319 219.827362 49.304539
v 560.000000 213.888885 32.977215
v 390.000000 175.000000 36.698730
v 385.540039 194.496384 36.698730
v 555.540039 233.385269 32.977215
v 555.540039 233.385269 140.000000
v 560.000000 213.888885 140.000000
v 385.540039 194.496384 140.000000
v 390.000000 175.000000 140.000000
v 390.000000 275.000000 140.000000
v 390.000000 275.000000 36.698730
v 385.540039 255.503616 36.698730
v 385.540039 255.503616 140.000000
v 560.000000 236.111115 140.000000
v 555.540039 216.614731 140.000000
v 555.540039 216.614731 32.977215
v 560.000000 236.111115 32.977215
v 0.000000 200.000000 30.000000
v 0.000000 250.000000 30.000000
v 20.000000 200.000000 30.000000
v 20.000000 250.000000 30.000000
v 0.000000 275.000000 36.698730
v 20.000000 275.000000 36.698730
v 20.000000 275.000000 140.000000
v 0.000000 275.000000 140.000000
v 0.000000 175.000000 140.000000
v 20.000000 175.000000 140.000000
v 0.000000 175.000000 36.698730
v 20.000000 175.000000 36.698730
v 50.000000 200.000000 30.000000
v 50.000000 250.000000 30.000000
v 70.000000 200.000000 30.000000
v 70.000000 250.000000 30.000000
v 50.000000 275.000000 36.698730
v 70.000000 275.000000 36.698730
v 50.000000 275.000000 120.000000
v 70.000000 275.000000 120.000000
v 50.000000 175.000000 120.000000
v 70.000000 175.000000 120.000000
v 50.000000 175.000000 36.698730
v 70.000000 175.000000 36.698730
v 220.000000 200.000000 30.000000
v 220.000000 250.000000 30.000000
v 240.000000 200.000000 30.000000
v 240.000000 250.000000 30.000000
v 220.000000 275.000000 36.698730
v 240.000000 275.000000 36.698730
v 220.000000 275.000000 120.000000
v 240.000000 275.000000 120.000000
v 220.000000 175.000000 120.000000
v 240.000000 175.000000 120.000000
v 220.000000 175.000000 36.698730
v 240.000000 175.000000 36.698730
v 390.000000 200.000000 30.000000
v 390.000000 250.000000 30.000000
v 410.000000 200.000000 30.000000
v 410.000000 250.000000 30.000000
v 390.000000 275.000000 36.698730
v 410.000000 275.000000 36.698730
v 390.000000 275.000000 120.000000
v 410.000000 275.000000 120.000000
v 390.000000 175.000000 120.000000
v 410.000000 175.000000 120.000000
v 390.000000 175.000000 36.698730
v 410.000000 175.000000 36.698730
v 560.000000 225.000000 30.000000
v 560.000000 236.111115 32.977215
v 580.000000 225.000000 30.000000
v 580.000000 236.111115 32.977215
v 580.000000 236.111115 120.000000
v 560.000000 236.111115 120.000000
v 560.000000 213.888885 120.000000
v 580.000000 213.888885 120.000000
v 580.000000 213.888885 32.977215
v 560.000000 213.888885 32.977215
v 0.000000 175.000000 120.000000
v 50.000000 175.000000 120.000000
v 0.000000 175.000000 140.000000
v 50.000000 175.000000 140.000000
v 50.000000 275.000000 120.000000
v 50.000000 275.000000 140.000000
v 0.000000 275.000000 120.000000
v 0.000000 275.000000 140.000000
v 50.000000 175.000000 120.000000
v 220.000000 175.000000 120.000000
v 50.000000 175.000000 140.000000
v 220.000000 175.000000 140.000000
v 220.000000 275.000000 120.000000
v 220.000000 275.000000 140.000000
v 50.000000 275.000000 120.000000
v 50.000000 275.000000 140.000000
v 220.000000 175.000000 120.000000
v 390.000000 175.000000 120.000000
v 220.000000 175.000000 140.000000
v 390.000000 175.000000 140.000000
v 390.000000 275.000000 120.000000
v 390.000000 275.000000 140.000000
v 220.000000 275.000000 120.000000
v 220.000000 275.000000 140.000000
v 390.000000 175.000000 120.000000
v 560.000000 213.888885 120.000000
v 390.000000 175.000000 140.000000
v 560.000000 213.888885 140.000000
v 560.000000 236.111115 120.000000
v 560.000000 236.111115 140.000000
v 390.000000 275.000000 120.000000
v 390.000000 275.000000 140.000000
v 560.000000 213.888885 120.000000
v 600.000000 225.000000 120.000000
v 560.000000 213.888885 140.000000
v 600.000000 225.000000 140.000000
v 560.000000 236.111115 120.000000
v 560.000000 236.111115 140.000000
v 110.000000 -175.000000 120.000000
v 130.000000 -175.000000 120.000000
v 110.000000 -175.000000 140.000000
v 130.000000 -175.000000 140.000000
v 130.000000 -150.000000 120.000000
v 130.000000 -150.000000 140.000000
v 110.000000 -150.000000 120.000000
v 110.000000 -150.000000 140.000000
v 110.000000 150.000000 120.000000
v 130.000000 150.000000 120.000000
v 110.000000 150.000000 140.000000
v 130.000000 150.000000 140.000000
v 130.000000 175.000000 120.000000
v 130.000000 175.000000 140.000000
v 110.000000 175.000000 120.000000
v 110.000000 175.000000 140.000000
v 280.000000 -175.000000 120.000000
v 300.000000 -175.000000 120.000000
v 280.000000 -175.000000 140.000000
v 300.000000 -175.000000 140.000000
v 300.000000 -150.000000 120.000000
v 300.000000 -150.000000 140.000000
v 280.000000 -150.000000 120.000000
v 280.000000 -150.000000 140.000000
v 280.000000 150.000000 120.000000
v 300.000000 150.000000 120.000000
v 280.000000 150.000000 140.000000
v 300.000000 150.000000 140.000000
v 300.000000 175.000000 120.000000
v 300.000000 175.000000 140.000000
v 280.000000 175.000000 120.000000
v 280.000000 175.000000 140.000000
v 450.000000 -175.000000 120.000000
v 470.000000 -175.000000 120.000000
v 450.000000 -175.000000 140.000000
v 470.000000 -175.000000 140.000000
v 470.000000 -150.000000 120.000000
v 470.000000 -150.000000 140.000000
v 450.000000 -150.000000 120.000000
v 450.000000 -150.000000 140.000000
v 450.000000 150.000000 120.000000
v 470.000000 150.000000 120.000000
v 450.000000 150.000000 140.000000
v 470.000000 150.000000 140.000000
v 470.000000 175.000000 120.000000
v 470.000000 175.000000 140.000000
v 450.000000 175.000000 120.000000
v 450.000000 175.000000 140.000000
v 620.000000 -175.000000 120.000000
v 640.000000 -175.000000 120.000000
v 620.000000 -175.000000 140.000000
v 640.000000 -175.000000 140.000000
v 640.000000 -150.000000 120.000000
v 640.000000 -150.000000 140.000000
v 620.000000 -150.000000 120.000000
v 620.000000 -150.000000 140.000000
v 620.000000 150.000000 120.000000
v 640.000000 150.000000 120.000000
v 620.000000 150.000000 140.000000
v 640.000000 150.000000 140.000000
v 640.000000 175.000000 120.000000
v 640.000000 175.000000 140.000000
v 620.000000 175.000000 120.000000
v 620.000000 175.000000 140.000000
vn 0.000000 -1.000000 0.000000
vn 0.000000 -1.000000 0.000000
vn 1.000000 0.000000 0.000000
vn 1.000000 -0.000000 0.000000
vn 0.000000 1.000000 -0.000000
vn 0.000000 1.000000 0.000000
vn -1.000000 0.000000 0.000000
vn -1.000000 -0.000000 0.000000
vn 0.000000 0.000000 -1.000000
vn 0.000000 0.000000 -1.000000
vn 0.000000 0.000000 1.000000
vn 0.000000 0.000000 1.000000
vn 0.000000 0.965926 -0.258819
vn 0.000000 0.965926 -0.258819
vn 1.000000 -0.000000 0.000000
vn 1.000000 0.000000 0.000000
vn 0.000000 -0.965926 0.258819
vn 0.000000 -0.965926 0.258819
vn -1.000000 0.000000 0.000000
vn -1.000000 0.000000 0.000000
vn 0.000000 -0.258819 -0.965926
vn 0.000000 -0.258819 -0.965926
vn -0.000000 0.258819 0.965926
vn 0.000000 0.258819 0.965926
vn -1.000000 -0.000000 0.000000
vn -1.000000 0.000000 0.000000
vn 0.000000 0.965926 0.258819
vn 0.000000 0.965926 0.258819
vn 1.000000 0.000000 0.000000
vn 1.000000 0.000000 -0.000000
vn 0.000000 -0.965926 -0.258819
vn 0.000000 -0.965926 -0.258819
vn 0.000000 0.258819 -0.965926
vn 0.000000 0.258819 -0.965926
vn 0.000000 -0.258819 0.965926
vn 0.000000 -0.258819 0.965926
vn 0.000000 0.000000 -1.000000
vn 0.000000 0.000000 -1.000000
vn 1.000000 0.000000 0.000000
vn 1.000000 -0.000000 0.000000
vn 0.000000 0.000000 1.000000
vn 0.000000 0.000000 1.000000
vn -1.000000 0.000000 0.000000
vn -1.000000 0.000000 0.000000
vn 0.000000 -1.000000 0.000000
vn 0.000000 -1.000000 0.000000
vn 0.000000 1.000000 0.000000
vn 0.000000 1.000000 0.000000
vn -1.000000 0.000000 0.000000
vn -1.000000 -0.000000 -0.000000
vn 0.000000 0.000000 1.000000
vn 0.000000 0.000000 1.000000
vn 1.000000 0.000000 0.000000
vn 1.000000 0.000000 -0.000000
vn 0.000000 0.000000 -1.000000
vn 0.000000 0.000000 -1.000000
vn 0.000000 1.000000 0.000000
vn 0.000000 1.000000 0.000000
vn 0.000000 -1.000000 0.000000
vn 0.000000 -1.000000 0.000000
vn 0.000000 -1.000000 0.000000
vn 0.000000 -1.000000 0.000000
vn 1.000000 0.000000 0.000000
vn 1.000000 -0.000000 0.000000
vn 0.000000 1.000000 -0.000000
vn 0.000000 1.000000 0.000000
vn -1.000000 0.000000 0.000000
vn -1.000000 -0.000000 0.000000
vn 0.000000 0.000000 -1.000000
vn 0.000000 0.000000 -1.000000
vn 0.000000 0.000000 1.000000
vn 0.000000 0.000000 1.000000
vn 0.000000 0.965926 -0.258819
vn 0.000000 0.965926 -0.258819
vn 1.000000 -0.000000 0.000000
vn 1.000000 0.000000 0.000000
vn 0.000000 -0.965926 0.258819
vn 0.000000 -0.965926 0.258819
vn -1.000000 0.000000 0.000000
vn -1.000000 0.000000 0.000000
vn 0.000000 -0.258819 -0.965926
vn 0.000000 -0.258819 -0.965926
vn -0.000000 0.258819 0.965926
vn 0.000000 0.258819 0.965926
vn -1.000000 -0.000000 0.000000
vn -1.000000 0.000000 0.000000
vn 0.000000 0.965926 0.258819
vn 0.000000 0.965926 0.258819
vn 1.000000 0.000000 0.000000
vn 1.000000 0.000000 -0.000000
vn 0.000000 -0.965926 -0.258819
vn 0.000000 -0.965926 -0.258819
vn 0.000000 0.258819 -0.965926
vn 0.000000 0.258819 -0.965926
vn 0.000000 -0.258819 0.965926
vn 0.000000 -0.258819 0.965926
vn 0.000000 0.000000 -1.000000
vn 0.000000 0.000000 -1.000000
vn 1.000000 0.000000 0.000000
vn 1.000000 -0.000000 0.000000
vn 0.000000 0.000000 1.000000
vn 0.000000 0.000000 1.000000
vn -1.000000 0.000000 0.000000
vn -1.000000 0.000000 0.000000
vn 0.000000 -1.000000 0.000000
vn 0.000000 -1.000000 0.000000
vn 0.000000 1.000000 0.000000
vn 0.000000 1.000000 0.000000
vn -1.000000 0.000000 0.000000
vn -1.000000 -0.000000 -0.000000
vn 0.000000 0.000000 1.000000
vn 0.000000 0.000000 1.000000
vn 1.000000 0.000000 0.000000
vn 1.000000 0.000000 -0.000000
vn 0.000000 0.000000 -1.000000
vn 0.000000 0.000000 -1.000000
vn 0.000000 1.000000 0.000000
vn 0.000000 1.000000 0.000000
vn 0.000000 -1.000000 0.000000
vn 0.000000 -1.000000 0.000000
vn 0.000000 -1.000000 0.000000
vn 0.000000 -1.000000 0.000000
vn 1.000000 0.000000 0.000000
vn 1.000000 -0.000000 0.000000
vn 0.000000 1.000000 -0.000000
vn 0.000000 1.000000 0.000000
vn -1.000000 0.000000 0.000000
vn -1.000000 -0.000000 0.000000
vn 0.000000 0.000000 -1.000000
vn 0.000000 0.000000 -1.000000
vn 0.000000 0.000000 1.000000
vn 0.000000 0.000000 1.000000
vn 0.000000 0.965926 -0.258819
vn 0.000000 0.965926 -0.258819
vn 1.000000 -0.000000 0.000000
vn 1.000000 0.000000 0.000000
vn 0.000000 -0.965926 0.258819
vn 0.000000 -0.965926 0.258819
vn -1.000000 0.000000 0.000000
vn -1.000000 0.000000 0.000000
vn 0.000000 -0.258819 -0.965926
vn 0.000000 -0.258819 -0.965926
vn -0.000000 0.258819 0.965926
vn 0.000000 0.258819 0.965926
vn -1.000000 -0.000000 0.000000
vn -1.000000 0.000000 0.000000
vn 0.000000 0.965926 0.258819
vn 0.000000 0.965926 0.258819
vn 1.000000 0.000000 0.000000
vn 1.000000 0.000000 -0.000000
vn 0.000000 -0.965926 -0.258819
vn 0.000000 -0.965926 -0.258819
vn 0.000000 0.258819 -0.965926
vn 0.000000 0.258819 -0.965926
vn 0.000000 -0.258819 0.965926
vn 0.000000 -0.258819 0.965926
vn 0.000000 0.000000 -1.000000
vn 0.000000 0.000000 -1.000000
vn 1.000000 0.000000 0.000000
vn 1.000000 -0.000000 0.000000
vn 0.000000 0.000000 1.000000
vn 0.000000 0.000000 1.000000
vn -1.000000 0.000000 0.000000
vn -1.000000 0.000000 0.000000
vn 0.000000 -1.000000 0.000000
vn 0.000000 -1.000000 0.000000
vn 0.000000 1.000000 0.000000
vn 0.000000 1.000000 0.000000
vn -1.000000 0.000000 0.000000
vn -1.000000 -0.000000 -0.000000
vn 0.000000 0.000000 1.000000
vn 0.000000 0.000000 1.000000
vn 1.000000 0.000000 0.000000
vn 1.000000 0.000000 -0.000000
vn 0.000000 0.000000 -1.000000
vn 0.000000 0.000000 -1.000000
vn 0.000000 1.000000 0.000000
vn 0.000000 1.000000 0.000000
vn 0.000000 -1.000000 0.000000
vn 0.000000 -1.000000 0.000000
vn 0.000000 -1.000000 0.000000
vn 0.000000 -1.000000 0.000000
vn 1.000000 0.000000 0.000000
vn 1.000000 -0.000000 0.000000
vn 0.000000 1.000000 -0.000000
vn 0.000000 1.000000 0.000000
vn -1.000000 0.000000 0.000000
vn -1.000000 -0.000000 0.000000
vn 0.000000 0.000000 -1.000000
vn 0.000000 0.000000 -1.000000
vn 0.000000 0.000000 1.000000
vn 0.000000 0.000000 1.000000
vn 0.000000 0.965926 -0.258819
vn 0.000000 0.965926 -0.258819
vn 1.000000 -0.000000 0.000000
vn 1.000000 0.000000 0.000000
vn 0.000000 -0.965926 0.258819
vn 0.000000 -0.965926 0.258819
vn -1.000000 0.000000 0.000000
vn -1.000000 0.000000 0.000000
vn 0.000000 -0.258819 -0.965926
vn 0.000000 -0.258819 -0.965926
vn -0.000000 0.258819 0.965926
vn 0.000000 0.258819 0.965926
vn -1.000000 -0.000000 0.000000
vn -1.000000 0.000000 0.000000
vn 0.000000 0.965926 0.258819
vn 0.000000 0.965926 0.258819
vn 1.000000 0.000000 0.000000
vn 1.000000 0.000000 -0.000000
vn 0.000000 -0.965926 -0.258819
vn 0.000000 -0.965926 -0.258819
vn 0.000000 0.258819 -0.965926
vn 0.000000 0.258819 -0.965926
vn 0.000000 -0.258819 0.965926
vn 0.000000 -0.258819 0.965926
vn 0.000000 0.000000 -1.000000
vn 0.000000 0.000000 -1.000000
vn 1.000000 0.000000 0.000000
vn 1.000000 -0.000000 0.000000
vn 0.000000 0.000000 1.000000
vn 0.000000 0.000000 1.000000
vn -1.000000 0.000000 0.000000
vn -1.000000 0.000000 0.000000
vn 0.000000 -1.000000 0.000000
vn 0.000000 -1.000000 0.000000
vn 0.000000 1.000000 0.000000
vn 0.000000 1.000000 0.000000
vn -1.000000 0.000000 0.000000
vn -1.000000 -0.000000 -0.000000
vn 0.000000 0.000000 1.000000
vn 0.000000 0.000000 1.000000
vn 1.000000 0.000000 0.000000
vn 1.000000 0.000000 -0.000000
vn 0.000000 0.000000 -1.000000
vn 0.000000 0.000000 -1.000000
vn 0.000000 1.000000 0.000000
vn 0.000000 1.000000 0.000000
vn 0.000000 -1.000000 0.000000
vn 0.000000 -1.000000 0.000000
vn 0.310631 -0.950531 0.000000
vn 0.310631 -0.950531 0.000000
vn 1.000000 0.000000 0.000000
vn 1.000000 0.000000 0.000000
vn 0.310631 0.950531 -0.000000
vn 0.310631 0.950531 0.000000
vn -1.000000 0.000000 0.000000
vn -1.000000 -0.000000 0.000000
vn 0.000000 0.000000 -1.000000
vn 0.000000 0.000000 -1.000000
vn 0.000000 0.000000 1.000000
vn 0.000000 0.000000 1.000000
vn -0.298979 0.914875 -0.271320
vn -0.298979 0.914875 -0.271320
vn 0.996442 0.021813 0.081409
vn 0.996442 0.021813 0.081409
vn 0.298979 -0.914875 0.271320
vn 0.298979 -0.914875 0.271320
vn -0.996442 -0.021813 -0.081409
vn -0.996442 -0.021813 -0.081409
vn 0.084280 -0.257898 -0.962489
vn 0.084280 -0.257898 -0.962489
vn -0.084280 0.257898 0.962489
vn -0.084280 0.257898 0.962489
vn -0.996442 0.021813 -0.081409
vn -0.996442 0.021813 -0.081409
vn 0.298979 0.914875 0.271320
vn 0.298979 0.914875 0.271320
vn 0.996442 -0.021813 0.081409
vn 0.996442 -0.021813 0.081409
vn -0.298979 -0.914875 -0.271320
vn -0.298979 -0.914875 -0.271320
vn 0.084280 0.257898 -0.962489
vn 0.084280 0.257898 -0.962489
vn -0.084280 -0.257898 0.962489
vn -0.084280 -0.257898 0.962489
vn 0.000000 0.000000 -1.000000
vn -0.000000 0.000000 -1.000000
vn 0.950530 0.310632 0.000000
vn 0.950530 0.310632 0.000000
vn 0.000000 0.000000 1.000000
vn 0.000000 -0.000000 1.000000
vn -0.950530 -0.310632 0.000000
vn -0.950530 -0.310632 0.000000
vn 0.310631 -0.950531 0.000000
vn 0.310631 -0.950531 0.000000
vn -0.310631 0.950531 0.000000
vn -0.310631 0.950531 0.000000
vn -0.950530 0.310632 0.000000
vn -0.950530 0.310632 0.000000
vn 0.000000 0.000000 1.000000
vn 0.000000 0.000000 1.000000
vn 0.950530 -0.310632 0.000000
vn 0.950530 -0.310632 0.000000
vn 0.000000 0.000000 -1.000000
vn 0.000000 -0.000000 -1.000000
vn 0.310631 0.950531 0.000000
vn 0.310631 0.950531 -0.000000
vn -0.310631 -0.950531 0.000000
vn -0.310631 -0.950531 0.000000
vn 0.226022 -0.974122 0.000000
vn 0.226022 -0.974122 0.000000
vn 0.226022 0.974122 -0.000000
vn 0.226022 0.974122 0.000000
vn -1.000000 0.000000 0.000000
vn -1.000000 0.000000 0.000000
vn 0.000000 0.000000 -1.000000
vn 0.000000 0.000000 1.000000
vn -0.217928 0.939238 -0.265217
vn -0.217928 0.939238 -0.265217
vn 0.486435 -0.835913 0.254225
vn 0.486435 -0.835913 0.254225
vn -0.998202 -0.015515 -0.057903
vn -0.998202 -0.015515 -0.057903
vn 0.059945 -0.258354 -0.964189
vn -0.059945 0.258354 0.964189
vn -0.998202 0.015515 -0.057903
vn -0.998202 0.015515 -0.057903
vn 0.486435 0.835913 0.254225
vn 0.486435 0.835913 0.254225
vn -0.217928 -0.939238 -0.265217
vn -0.217928 -0.939238 -0.265217
vn 0.059945 0.258354 -0.964189
vn -0.059945 -0.258354 0.964189
vn -0.066054 -0.036697 -0.997141
vn -0.066054 -0.036697 -0.997141
vn 0.874158 0.485642 0.000000
vn 0.874158 0.485642 0.000000
vn 0.000000 0.000000 1.000000
vn 0.000000 -0.000000 1.000000
vn -0.874158 -0.485642 0.000000
vn -0.874158 -0.485642 0.000000
vn 0.485643 -0.874157 0.000000
vn 0.485643 -0.874157 0.000000
vn -0.485643 0.874157 0.000000
vn -0.485643 0.874157 0.000000
vn -0.874158 0.485642 0.000000
vn -0.874158 0.485642 0.000000
vn 0.000000 0.000000 1.000000
vn 0.000000 0.000000 1.000000
vn 0.874158 -0.485642 0.000000
vn 0.874158 -0.485642 0.000000
vn -0.066054 0.036697 -0.997141
vn -0.066054 0.036697 -0.997141
vn 0.485643 0.874157 0.000000
vn 0.485643 0.874157 -0.000000
vn -0.485643 -0.874157 0.000000
vn -0.485643 -0.874157 0.000000
vn 0.000000 0.000000 -1.000000
vn 0.000000 0.000000 -1.000000
vn 0.000000 0.258819 -0.965926
vn 0.000000 0.258819 -0.965926
vn 0.000000 1.000000 0.000000
vn 0.000000 1.000000 0.000000
vn -0.000000 0.000000 1.000000
vn 0.000000 0.000000 1.000000
vn 0.000000 -1.000000 0.000000
vn 0.000000 -1.000000 0.000000
vn 0.000000 -0.258819 -0.965926
vn 0.000000 -0.258819 -0.965926
vn -1.000000 0.000000 0.000000
vn -1.000000 0.000000 0.000000
vn -1.000000 0.000000 0.000000
vn -1.000000 0.000000 0.000000
vn 1.000000 0.000000 0.000000
vn 1.000000 0.000000 0.000000
vn 1.000000 0.000000 0.000000
vn 1.000000 -0.000000 0.000000
vn 0.000000 0.000000 -1.000000
vn 0.000000 0.000000 -1.000000
vn 0.000000 0.258819 -0.965926
vn 0.000000 0.258819 -0.965926
vn 0.000000 1.000000 0.000000
vn 0.000000 1.000000 0.000000
vn -0.000000 0.000000 1.000000
vn 0.000000 0.000000 1.000000
vn 0.000000 -1.000000 0.000000
vn 0.000000 -1.000000 -0.000000
vn 0.000000 -0.258819 -0.965926
vn 0.000000 -0.258819 -0.965926
vn -1.000000 0.000000 0.000000
vn -1.000000 0.000000 0.000000
vn -1.000000 0.000000 0.000000
vn -1.000000 0.000000 0.000000
vn 1.000000 0.000000 0.000000
vn 1.000000 0.000000 0.000000
vn 1.000000 0.000000 0.000000
vn 1.000000 -0.000000 0.000000
vn 0.000000 0.000000 -1.000000
vn 0.000000 0.000000 -1.000000
vn 0.000000 0.258819 -0.965926
vn 0.000000 0.258819 -0.965926
vn 0.000000 1.000000 0.000000
vn 0.000000 1.000000 0.000000
vn -0.000000 0.000000 1.000000
vn 0.000000 0.000000 1.000000
vn 0.000000 -1.000000 0.000000
vn 0.000000 -1.000000 -0.000000
vn 0.000000 -0.258819 -0.965926
vn 0.000000 -0.258819 -0.965926
vn -1.000000 0.000000 0.000000
vn -1.000000 0.000000 0.000000
vn -1.000000 0.000000 0.000000
vn -1.000000 0.000000 0.000000
vn 1.000000 0.000000 0.000000
vn 1.000000 0.000000 0.000000
vn 1.000000 0.000000 0.000000
vn 1.000000 -0.000000 0.000000
vn 0.000000 0.000000 -1.000000
vn 0.000000 0.000000 -1.000000
vn 0.000000 0.258819 -0.965926
vn 0.000000 0.258819 -0.965926
vn 0.000000 1.000000 0.000000
vn 0.000000 1.000000 0.000000
vn -0.000000 0.000000 1.000000
vn 0.000000 0.000000 1.000000
vn 0.000000 -1.000000 0.000000
vn 0.000000 -1.000000 -0.000000
vn 0.000000 -0.258819 -0.965926
vn 0.000000 -0.258819 -0.965926
vn -1.000000 0.000000 0.000000
vn -1.000000 0.000000 0.000000
vn -1.000000 0.000000 0.000000
vn -1.000000 0.000000 0.000000
vn 1.000000 0.000000 0.000000
vn 1.000000 0.000000 0.000000
vn 1.000000 0.000000 0.000000
vn 1.000000 -0.000000 0.000000
vn 0.000000 0.000000 -1.000000
vn 0.000000 0.000000 -1.000000
vn 0.000000 0.258819 -0.965926
vn 0.000000 0.258819 -0.965926
vn 0.000000 1.000000 0.000000
vn 0.000000 1.000000 0.000000
vn -0.000000 0.000000 1.000000
vn 0.000000 0.000000 1.000000
vn 0.000000 -1.000000 0.000000
vn 0.000000 -1.000000 -0.000000
vn 0.000000 -0.258819 -0.965926
vn 0.000000 -0.258819 -0.965926
vn -1.000000 0.000000 0.000000
vn -1.000000 0.000000 0.000000
vn -1.000000 0.000000 0.000000
vn -1.000000 0.000000 0.000000
vn 1.000000 0.000000 0.000000
vn 1.000000 0.000000 0.000000
vn 1.000000 0.000000 0.000000
vn 1.000000 -0.000000 0.000000
vn 0.000000 0.000000 -1.000000
vn 0.000000 0.000000 -1.000000
vn 0.000000 0.258819 -0.965926
vn 0.000000 0.258819 -0.965926
vn 0.000000 1.000000 0.000000
vn 0.000000 1.000000 0.000000
vn -0.000000 0.000000 1.000000
vn 0.000000 0.000000 1.000000
vn 0.000000 -1.000000 0.000000
vn 0.000000 -1.000000 -0.000000
vn 0.000000 -0.258819 -0.965926
vn 0.000000 -0.258819 -0.965926
vn -1.000000 0.000000 0.000000
vn -1.000000 0.000000 0.000000
vn -1.000000 0.000000 0.000000
vn -1.000000 0.000000 0.000000
vn 1.000000 0.000000 0.000000
vn 1.000000 0.000000 0.000000
vn 1.000000 0.000000 0.000000
vn 1.000000 -0.000000 0.000000
vn 0.000000 -1.000000 0.000000
vn 0.000000 -1.000000 0.000000
vn 1.000000 0.000000 0.000000
vn 1.000000 0.000000 0.000000
vn 0.000000 1.000000 -0.000000
vn 0.000000 1.000000 0.000000
vn -1.000000 0.000000 0.000000
vn -1.000000 0.000000 0.000000
vn 0.000000 0.000000 -1.000000
vn 0.000000 0.000000 -1.000000
vn 0.000000 0.000000 1.000000
vn 0.000000 0.000000 1.000000
vn 0.000000 -1.000000 0.000000
vn 0.000000 -1.000000 0.000000
vn 1.000000 0.000000 0.000000
vn 1.000000 0.000000 0.000000
vn 0.000000 1.000000 -0.000000
vn 0.000000 1.000000 0.000000
vn -1.000000 0.000000 0.000000
vn -1.000000 0.000000 0.000000
vn 0.000000 0.000000 -1.000000
vn 0.000000 0.000000 -1.000000
vn 0.000000 0.000000 1.000000
vn 0.000000 0.000000 1.000000
vn 0.000000 -1.000000 0.000000
vn 0.000000 -1.000000 0.000000
vn 1.000000 0.000000 0.000000
vn 1.000000 0.000000 0.000000
vn 0.000000 1.000000 -0.000000
vn 0.000000 1.000000 0.000000
vn -1.000000 0.000000 0.000000
vn -1.000000 0.000000 0.000000
vn 0.000000 0.000000 -1.000000
vn 0.000000 0.000000 -1.000000
vn 0.000000 0.000000 1.000000
vn 0.000000 0.000000 1.000000
vn 0.000000 -1.000000 0.000000
vn 0.000000 -1.000000 0.000000
vn 1.000000 0.000000 0.000000
vn 1.000000 0.000000 0.000000
vn 0.000000 1.000000 -0.000000
vn 0.000000 1.000000 0.000000
vn -1.000000 0.000000 0.000000
vn -1.000000 0.000000 0.000000
vn 0.000000 0.000000 -1.000000
vn 0.000000 0.000000 -1.000000
vn 0.000000 0.000000 1.000000
vn 0.000000 0.000000 1.000000
vn 0.310631 -0.950531 0.000000
vn 0.310631 -0.950531 0.000000
vn 1.000000 0.000000 0.000000
vn 1.000000 -0.000000 0.000000
vn 0.310631 0.950531 -0.000000
vn 0.310631 0.950531 0.000000
vn -1.000000 0.000000 0.000000
vn -1.000000 0.000000 0.000000
vn 0.000000 0.000000 -1.000000
vn 0.000000 0.000000 -1.000000
vn 0.000000 0.000000 1.000000
vn 0.000000 0.000000 1.000000
vn 0.485643 -0.874157 0.000000
vn 0.485643 -0.874157 0.000000
vn 0.485643 0.874157 -0.000000
vn 0.485643 0.874157 0.000000
vn -1.000000 0.000000 0.000000
vn -1.000000 -0.000000 0.000000
vn 0.000000 0.000000 -1.000000
vn 0.000000 0.000000 1.000000
vn 0.000000 -1.000000 0.000000
vn 0.000000 -1.000000 0.000000
vn 1.000000 0.000000 0.000000
vn 1.000000 -0.000000 0.000000
vn 0.000000 1.000000 -0.000000
vn 0.000000 1.000000 0.000000
vn -1.000000 0.000000 0.000000
vn -1.000000 -0.000000 0.000000
vn 0.000000 0.000000 -1.000000
vn 0.000000 0.000000 -1.000000
vn 0.000000 0.000000 1.000000
vn 0.000000 0.000000 1.000000
vn 0.000000 0.965926 -0.258819
vn 0.000000 0.965926 -0.258819
vn 1.000000 0.000000 0.000000
vn 1.000000 -0.000000 0.000000
vn 0.000000 -0.965926 0.258820
vn 0.000000 -0.965926 0.258820
vn -1.000000 0.000000 0.000000
vn -1.000000 0.000000 0.000000
vn 0.000000 -0.258819 -0.965926
vn 0.000000 -0.258819 -0.965926
vn -0.000000 0.258819 0.965926
vn 0.000000 0.258819 0.965926
vn -1.000000 0.000000 0.000000
vn -1.000000 -0.000000 0.000000
vn 0.000000 0.965926 0.258819
vn 0.000000 0.965926 0.258819
vn 1.000000 0.000000 0.000000
vn 1.000000 0.000000 -0.000000
vn 0.000000 -0.965926 -0.258819
vn 0.000000 -0.965926 -0.258819
vn 0.000000 0.258819 -0.965926
vn 0.000000 0.258819 -0.965926
vn 0.000000 -0.258819 0.965926
vn 0.000000 -0.258819 0.965926
vn 0.000000 0.000000 -1.000000
vn 0.000000 0.000000 -1.000000
vn 1.000000 0.000000 0.000000
vn 1.000000 -0.000000 0.000000
vn 0.000000 0.000000 1.000000
vn 0.000000 0.000000 1.000000
vn -1.000000 0.000000 0.000000
vn -1.000000 0.000000 0.000000
vn 0.000000 -1.000000 0.000000
vn 0.000000 -1.000000 0.000000
vn 0.000000 1.000000 0.000000
vn 0.000000 1.000000 0.000000
vn -1.000000 0.000000 0.000000
vn -1.000000 -0.000000 -0.000000
vn 0.000000 0.000000 1.000000
vn 0.000000 0.000000 1.000000
vn 1.000000 0.000000 -0.000000
vn 1.000000 0.000000 0.000000
vn 0.000000 0.000000 -1.000000
vn 0.000000 0.000000 -1.000000
vn 0.000000 1.000000 0.000000
vn 0.000000 1.000000 0.000000
vn 0.000000 -1.000000 0.000000
vn 0.000000 -1.000000 0.000000
vn 0.000000 -1.000000 0.000000
vn 0.000000 -1.000000 0.000000
vn 1.000000 0.000000 0.000000
vn 1.000000 -0.000000 0.000000
vn 0.000000 1.000000 -0.000000
vn 0.000000 1.000000 0.000000
vn -1.000000 0.000000 0.000000
vn -1.000000 -0.000000 0.000000
vn 0.000000 0.000000 -1.000000
vn 0.000000 0.000000 -1.000000
vn 0.000000 0.000000 1.000000
vn 0.000000 0.000000 1.000000
vn 0.000000 0.965926 -0.258819
vn 0.000000 0.965926 -0.258819
vn 1.000000 0.000000 0.000000
vn 1.000000 -0.000000 0.000000
vn 0.000000 -0.965926 0.258820
vn 0.000000 -0.965926 0.258820
vn -1.000000 0.000000 0.000000
vn -1.000000 0.000000 0.000000
vn 0.000000 -0.258819 -0.965926
vn 0.000000 -0.258819 -0.965926
vn 0.000000 0.258819 0.965926
vn 0.000000 0.258819 0.965926
vn -1.000000 0.000000 0.000000
vn -1.000000 -0.000000 0.000000
vn 0.000000 0.965926 0.258819
vn 0.000000 0.965926 0.258819
vn 1.000000 0.000000 0.000000
vn 1.000000 0.000000 -0.000000
vn 0.000000 -0.965926 -0.258819
vn 0.000000 -0.965926 -0.258819
vn 0.000000 0.258819 -0.965926
vn 0.000000 0.258819 -0.965926
vn 0.000000 -0.258819 0.965926
vn 0.000000 -0.258819 0.965926
vn 0.000000 0.000000 -1.000000
vn 0.000000 0.000000 -1.000000
vn 1.000000 0.000000 0.000000
vn 1.000000 -0.000000 0.000000
vn 0.000000 0.000000 1.000000
vn 0.000000 0.000000 1.000000
vn -1.000000 0.000000 0.000000
vn -1.000000 0.000000 0.000000
vn 0.000000 -1.000000 0.000000
vn 0.000000 -1.000000 0.000000
vn 0.000000 1.000000 0.000000
vn 0.000000 1.000000 0.000000
vn -1.000000 0.000000 0.000000
vn -1.000000 -0.000000 -0.000000
vn 0.000000 0.000000 1.000000
vn 0.000000 0.000000 1.000000
vn 1.000000 0.000000 -0.000000
vn 1.000000 0.000000 0.000000
vn 0.000000 0.000000 -1.000000
vn 0.000000 0.000000 -1.000000
vn 0.000000 1.000000 0.000000
vn 0.000000 1.000000 0.000000
vn 0.000000 -1.000000 0.000000
vn 0.000000 -1.000000 0.000000
vn 0.000000 -1.000000 0.000000
vn 0.000000 -1.000000 0.000000
vn 1.000000 0.000000 0.000000
vn 1.000000 -0.000000 0.000000
vn 0.000000 1.000000 -0.000000
vn 0.000000 1.000000 0.000000
vn -1.000000 0.000000 0.000000
vn -1.000000 -0.000000 0.000000
vn 0.000000 0.000000 -1.000000
vn 0.000000 0.000000 -1.000000
vn 0.000000 0.000000 1.000000
vn 0.000000 0.000000 1.000000
vn 0.000000 0.965926 -0.258819
vn 0.000000 0.965926 -0.258819
vn 1.000000 0.000000 0.000000
vn 1.000000 -0.000000 0.000000
vn 0.000000 -0.965926 0.258820
vn 0.000000 -0.965926 0.258820
vn -1.000000 0.000000 0.000000
vn -1.000000 0.000000 0.000000
vn 0.000000 -0.258819 -0.965926
vn 0.000000 -0.258819 -0.965926
vn 0.000000 0.258819 0.965926
vn 0.000000 0.258819 0.965926
vn -1.000000 0.000000 0.000000
vn -1.000000 -0.000000 0.000000
vn 0.000000 0.965926 0.258819
vn 0.000000 0.965926 0.258819
vn 1.000000 0.000000 0.000000
vn 1.000000 0.000000 -0.000000
vn 0.000000 -0.965926 -0.258819
vn 0.000000 -0.965926 -0.258819
vn 0.000000 0.258819 -0.965926
vn 0.000000 0.258819 -0.965926
vn 0.000000 -0.258819 0.965926
vn 0.000000 -0.258819 0.965926
vn 0.000000 0.000000 -1.000000
vn 0.000000 0.000000 -1.000000
vn 1.000000 0.000000 0.000000
vn 1.000000 -0.000000 0.000000
vn 0.000000 0.000000 1.000000
vn 0.000000 0.000000 1.000000
vn -1.000000 0.000000 0.000000
vn -1.000000 0.000000 0.000000
vn 0.000000 -1.000000 0.000000
vn 0.000000 -1.000000 0.000000
vn 0.000000 1.000000 0.000000
vn 0.000000 1.000000 0.000000
vn -1.000000 0.000000 0.000000
vn -1.000000 -0.000000 -0.000000
vn 0.000000 0.000000 1.000000
vn 0.000000 0.000000 1.000000
vn 1.000000 0.000000 -0.000000
vn 1.000000 0.000000 0.000000
vn 0.000000 0.000000 -1.000000
vn 0.000000 0.000000 -1.000000
vn 0.000000 1.000000 0.000000
vn 0.000000 1.000000 0.000000
vn 0.000000 -1.000000 0.000000
vn 0.000000 -1.000000 0.000000
vn 0.145494 -0.989359 0.000000
vn 0.145494 -0.989359 0.000000
vn 0.145494 0.989359 -0.000000
vn 0.145494 0.989359 0.000000
vn -1.000000 0.000000 0.000000
vn -1.000000 -0.000000 0.000000
vn 0.000000 0.000000 -1.000000
vn 0.000000 0.000000 1.000000
vn -0.140435 0.954956 -0.261414
vn -0.140435 0.954956 -0.261414
vn 0.999276 0.009844 0.036738
vn 0.999276 0.009844 0.036738
vn 0.220712 -0.939896 0.260541
vn 0.220712 -0.939896 0.260541
vn -0.999276 -0.009844 -0.036738
vn -0.999276 -0.009844 -0.036738
vn 0.038034 -0.258632 -0.965227
vn 0.038034 -0.258632 -0.965227
vn -0.038034 0.258632 0.965227
vn -0.038034 0.258632 0.965227
vn -0.999276 0.009844 -0.036738
vn -0.999276 0.009844 -0.036738
vn 0.220712 0.939896 0.260541
vn 0.220712 0.939896 0.260541
vn 0.999276 -0.009844 0.036738
vn 0.999276 -0.009844 0.036738
vn -0.140435 -0.954956 -0.261414
vn -0.140435 -0.954956 -0.261414
vn 0.038034 0.258632 -0.965227
vn 0.038034 0.258632 -0.965227
vn -0.038034 -0.258632 0.965227
vn -0.038034 -0.258632 0.965227
vn -0.020798 -0.004758 -0.999772
vn -0.020798 -0.004758 -0.999772
vn 0.974819 0.222998 0.000000
vn 0.974819 0.222998 0.000000
vn 0.000000 0.000000 1.000000
vn 0.000000 -0.000000 1.000000
vn -0.974819 -0.222998 0.000000
vn -0.974819 -0.222998 0.000000
vn 0.222998 -0.974819 0.000000
vn 0.222998 -0.974819 0.000000
vn -0.222998 0.974819 0.000000
vn -0.222998 0.974819 0.000000
vn -0.974819 0.222998 0.000000
vn -0.974819 0.222998 0.000000
vn 0.000000 0.000000 1.000000
vn 0.000000 0.000000 1.000000
vn 0.974819 -0.222998 0.000000
vn 0.974819 -0.222998 0.000000
vn -0.020798 0.004758 -0.999772
vn -0.020798 0.004758 -0.999772
vn 0.222998 0.974819 0.000000
vn 0.222998 0.974819 -0.000000
vn -0.222998 -0.974819 0.000000
vn -0.222998 -0.974819 0.000000
vn 0.000000 0.000000 -1.000000
vn 0.000000 0.000000 -1.000000
vn 0.000000 0.258819 -0.965926
vn 0.000000 0.258819 -0.965926
vn 0.000000 1.000000 0.000000
vn 0.000000 1.000000 0.000000
vn -0.000000 0.000000 1.000000
vn 0.000000 0.000000 1.000000
vn 0.000000 -1.000000 0.000000
vn 0.000000 -1.000000 -0.000000
vn 0.000000 -0.258819 -0.965926
vn 0.000000 -0.258819 -0.965926
vn -1.000000 0.000000 0.000000
vn -1.000000 0.000000 0.000000
vn -1.000000 0.000000 0.000000
vn -1.000000 0.000000 0.000000
vn 1.000000 0.000000 0.000000
vn 1.000000 0.000000 0.000000
vn 1.000000 0.000000 0.000000
vn 1.000000 -0.000000 0.000000
vn 0.000000 0.000000 -1.000000
vn 0.000000 0.000000 -1.000000
vn 0.000000 0.258819 -0.965926
vn 0.000000 0.258819 -0.965926
vn 0.000000 1.000000 0.000000
vn 0.000000 1.000000 -0.000000
vn -0.000000 0.000000 1.000000
vn 0.000000 0.000000 1.000000
vn 0.000000 -1.000000 0.000000
vn 0.000000 -1.000000 -0.000000
vn 0.000000 -0.258819 -0.965926
vn 0.000000 -0.258819 -0.965926
vn -1.000000 0.000000 0.000000
vn -1.000000 0.000000 0.000000
vn -1.000000 0.000000 0.000000
vn -1.000000 0.000000 0.000000
vn 1.000000 0.000000 0.000000
vn 1.000000 0.000000 0.000000
vn 1.000000 0.000000 0.000000
vn 1.000000 -0.000000 0.000000
vn 0.000000 0.000000 -1.000000
vn 0.000000 0.000000 -1.000000
vn 0.000000 0.258819 -0.965926
vn 0.000000 0.258819 -0.965926
vn 0.000000 1.000000 0.000000
vn 0.000000 1.000000 -0.000000
vn -0.000000 0.000000 1.000000
vn 0.000000 0.000000 1.000000
vn 0.000000 -1.000000 0.000000
vn 0.000000 -1.000000 -0.000000
vn 0.000000 -0.258819 -0.965926
vn 0.000000 -0.258819 -0.965926
vn -1.000000 0.000000 0.000000
vn -1.000000 0.000000 0.000000
vn -1.000000 0.000000 0.000000
vn -1.000000 0.000000 0.000000
vn 1.000000 0.000000 0.000000
vn 1.000000 0.000000 0.000000
vn 1.000000 0.000000 0.000000
vn 1.000000 -0.000000 0.000000
vn 0.000000 0.000000 -1.000000
vn 0.000000 0.000000 -1.000000
vn 0.000000 0.258819 -0.965926
vn 0.000000 0.258819 -0.965926
vn 0.000000 1.000000 0.000000
vn 0.000000 1.000000 -0.000000
vn -0.000000 0.000000 1.000000
vn 0.000000 0.000000 1.000000
vn 0.000000 -1.000000 0.000000
vn 0.000000 -1.000000 -0.000000
vn 0.000000 -0.258819 -0.965926
vn 0.000000 -0.258819 -0.965926
vn -1.000000 0.000000 0.000000
vn -1.000000 0.000000 0.000000
vn -1.000000 0.000000 0.000000
vn -1.000000 0.000000 0.000000
vn 1.000000 0.000000 0.000000
vn 1.000000 0.000000 0.000000
vn 1.000000 0.000000 0.000000
vn 1.000000 -0.000000 0.000000
vn 0.000000 0.258819 -0.965926
vn 0.000000 0.258819 -0.965926
vn 0.000000 1.000000 0.000000
vn 0.000000 1.000000 0.000000
vn -0.000000 0.000000 1.000000
vn 0.000000 0.000000 1.000000
vn 0.000000 -1.000000 0.000000
vn 0.000000 -1.000000 0.000000
vn 0.000000 -0.258819 -0.965926
vn 0.000000 -0.258819 -0.965926
vn -1.000000 0.000000 0.000000
vn -1.000000 0.000000 0.000000
vn -1.000000 0.000000 0.000000
vn 1.000000 -0.000000 0.000000
vn 1.000000 -0.000000 0.000000
vn 1.000000 0.000000 0.000000
vn 0.000000 -1.000000 0.000000
vn 0.000000 -1.000000 0.000000
vn 1.000000 0.000000 0.000000
vn 1.000000 -0.000000 0.000000
vn 0.000000 1.000000 -0.000000
vn 0.000000 1.000000 0.000000
vn -1.000000 0.000000 0.000000
vn -1.000000 -0.000000 0.000000
vn 0.000000 0.000000 -1.000000
vn 0.000000 0.000000 -1.000000
vn 0.000000 0.000000 1.000000
vn 0.000000 0.000000 1.000000
vn 0.000000 -1.000000 0.000000
vn 0.000000 -1.000000 0.000000
vn 1.000000 0.000000 0.000000
vn 1.000000 -0.000000 0.000000
vn 0.000000 1.000000 -0.000000
vn 0.000000 1.000000 0.000000
vn -1.000000 0.000000 0.000000
vn -1.000000 -0.000000 0.000000
vn 0.000000 0.000000 -1.000000
vn 0.000000 0.000000 -1.000000
vn 0.000000 0.000000 1.000000
vn 0.000000 0.000000 1.000000
vn 0.000000 -1.000000 0.000000
vn 0.000000 -1.000000 0.000000
vn 1.000000 0.000000 0.000000
vn 1.000000 -0.000000 0.000000
vn 0.000000 1.000000 -0.000000
vn 0.000000 1.000000 0.000000
vn -1.000000 0.000000 0.000000
vn -1.000000 -0.000000 0.000000
vn 0.000000 0.000000 -1.000000
vn 0.000000 0.000000 -1.000000
vn 0.000000 0.000000 1.000000
vn 0.000000 0.000000 1.000000
vn 0.222998 -0.974819 0.000000
vn 0.222998 -0.974819 0.000000
vn 1.000000 0.000000 0.000000
vn 1.000000 -0.000000 0.000000
vn 0.222998 0.974819 -0.000000
vn 0.222998 0.974819 0.000000
vn -1.000000 0.000000 0.000000
vn -1.000000 -0.000000 0.000000
vn 0.000000 0.000000 -1.000000
vn 0.000000 0.000000 -1.000000
vn 0.000000 0.000000 1.000000
vn 0.000000 0.000000 1.000000
vn 0.267644 -0.963518 0.000000
vn 0.267644 -0.963518 0.000000
vn 0.267644 0.963518 -0.000000
vn 0.267644 0.963518 0.000000
vn -1.000000 0.000000 0.000000
vn -1.000000 -0.000000 0.000000
vn 0.000000 0.000000 -1.000000
vn 0.000000 0.000000 1.000000
vn 0.000000 -1.000000 0.000000
vn 0.000000 -1.000000 0.000000
vn 1.000000 0.000000 0.000000
vn 1.000000 -0.000000 0.000000
vn 0.000000 1.000000 -0.000000
vn 0.000000 1.000000 0.000000
vn -1.000000 0.000000 0.000000
vn -1.000000 -0.000000 0.000000
vn 0.000000 0.000000 -1.000000
vn 0.000000 0.000000 -1.000000
vn 0.000000 0.000000 1.000000
vn 0.000000 0.000000 1.000000
vn 0.000000 0.965926 -0.258819
vn 0.000000 0.965926 -0.258819
vn 1.000000 0.000000 0.000000
vn 1.000000 -0.000000 0.000000
vn 0.000000 -0.965926 0.258819
vn 0.000000 -0.965926 0.258819
vn -1.000000 0.000000 0.000000
vn -1.000000 0.000000 0.000000
vn 0.000000 -0.258819 -0.965926
vn 0.000000 -0.258819 -0.965926
vn -0.000000 0.258819 0.965926
vn 0.000000 0.258819 0.965926
vn -1.000000 0.000000 0.000000
vn -1.000000 -0.000000 0.000000
vn 0.000000 0.965926 0.258820
vn 0.000000 0.965926 0.258820
vn 1.000000 0.000000 0.000000
vn 1.000000 0.000000 -0.000000
vn 0.000000 -0.965926 -0.258819
vn 0.000000 -0.965926 -0.258819
vn 0.000000 0.258819 -0.965926
vn 0.000000 0.258819 -0.965926
vn 0.000000 -0.258819 0.965926
vn 0.000000 -0.258819 0.965926
vn 0.000000 0.000000 -1.000000
vn 0.000000 0.000000 -1.000000
vn 1.000000 0.000000 0.000000
vn 1.000000 -0.000000 0.000000
vn 0.000000 0.000000 1.000000
vn 0.000000 0.000000 1.000000
vn -1.000000 0.000000 0.000000
vn -1.000000 0.000000 0.000000
vn 0.000000 -1.000000 0.000000
vn 0.000000 -1.000000 0.000000
vn 0.000000 1.000000 0.000000
vn 0.000000 1.000000 0.000000
vn -1.000000 0.000000 0.000000
vn -1.000000 -0.000000 -0.000000
vn 0.000000 0.000000 1.000000
vn 0.000000 0.000000 1.000000
vn 1.000000 0.000000 -0.000000
vn 1.000000 0.000000 0.000000
vn 0.000000 0.000000 -1.000000
vn 0.000000 0.000000 -1.000000
vn 0.000000 1.000000 0.000000
vn 0.000000 1.000000 0.000000
vn 0.000000 -1.000000 0.000000
vn 0.000000 -1.000000 0.000000
vn 0.000000 -1.000000 0.000000
vn 0.000000 -1.000000 0.000000
vn 1.000000 0.000000 0.000000
vn 1.000000 -0.000000 0.000000
vn 0.000000 1.000000 -0.000000
vn 0.000000 1.000000 0.000000
vn -1.000000 0.000000 0.000000
vn -1.000000 -0.000000 0.000000
vn 0.000000 0.000000 -1.000000
vn 0.000000 0.000000 -1.000000
vn 0.000000 0.000000 1.000000
vn 0.000000 0.000000 1.000000
vn 0.000000 0.965926 -0.258819
vn 0.000000 0.965926 -0.258819
vn 1.000000 0.000000 0.000000
vn 1.000000 -0.000000 0.000000
vn 0.000000 -0.965926 0.258819
vn 0.000000 -0.965926 0.258819
vn -1.000000 0.000000 0.000000
vn -1.000000 0.000000 0.000000
vn 0.000000 -0.258819 -0.965926
vn 0.000000 -0.258819 -0.965926
vn 0.000000 0.258819 0.965926
vn 0.000000 0.258819 0.965926
vn -1.000000 0.000000 0.000000
vn -1.000000 -0.000000 0.000000
vn 0.000000 0.965926 0.258820
vn 0.000000 0.965926 0.258820
vn 1.000000 0.000000 0.000000
vn 1.000000 0.000000 -0.000000
vn 0.000000 -0.965926 -0.258819
vn 0.000000 -0.965926 -0.258819
vn 0.000000 0.258819 -0.965926
vn 0.000000 0.258819 -0.965926
vn 0.000000 -0.258819 0.965926
vn 0.000000 -0.258819 0.965926
vn 0.000000 0.000000 -1.000000
vn 0.000000 0.000000 -1.000000
vn 1.000000 0.000000 0.000000
vn 1.000000 -0.000000 0.000000
vn 0.000000 0.000000 1.000000
vn 0.000000 0.000000 1.000000
vn -1.000000 0.000000 0.000000
vn -1.000000 0.000000 0.000000
vn 0.000000 -1.000000 0.000000
vn 0.000000 -1.000000 0.000000
vn 0.000000 1.000000 0.000000
vn 0.000000 1.000000 0.000000
vn -1.000000 0.000000 0.000000
vn -1.000000 -0.000000 -0.000000
vn 0.000000 0.000000 1.000000
vn 0.000000 0.000000 1.000000
vn 1.000000 0.000000 -0.000000
vn 1.000000 0.000000 0.000000
vn 0.000000 0.000000 -1.000000
vn 0.000000 0.000000 -1.000000
vn 0.000000 1.000000 0.000000
vn 0.000000 1.000000 0.000000
vn 0.000000 -1.000000 0.000000
vn 0.000000 -1.000000 0.000000
vn 0.000000 -1.000000 0.000000
vn 0.000000 -1.000000 0.000000
vn 1.000000 0.000000 0.000000
vn 1.000000 -0.000000 0.000000
vn 0.000000 1.000000 -0.000000
vn 0.000000 1.000000 0.000000
vn -1.000000 0.000000 0.000000
vn -1.000000 -0.000000 0.000000
vn 0.000000 0.000000 -1.000000
vn 0.000000 0.000000 -1.000000
vn 0.000000 0.000000 1.000000
vn 0.000000 0.000000 1.000000
vn 0.000000 0.965926 -0.258819
vn 0.000000 0.965926 -0.258819
vn 1.000000 0.000000 0.000000
vn 1.000000 -0.000000 0.000000
vn 0.000000 -0.965926 0.258819
vn 0.000000 -0.965926 0.258819
vn -1.000000 0.000000 0.000000
vn -1.000000 0.000000 0.000000
vn 0.000000 -0.258819 -0.965926
vn 0.000000 -0.258819 -0.965926
vn 0.000000 0.258819 0.965926
vn 0.000000 0.258819 0.965926
vn -1.000000 0.000000 0.000000
vn -1.000000 -0.000000 0.000000
vn 0.000000 0.965926 0.258820
vn 0.000000 0.965926 0.258820
vn 1.000000 0.000000 0.000000
vn 1.000000 0.000000 -0.000000
vn 0.000000 -0.965926 -0.258819
vn 0.000000 -0.965926 -0.258819
vn 0.000000 0.258819 -0.965926
vn 0.000000 0.258819 -0.965926
vn 0.000000 -0.258819 0.965926
vn 0.000000 -0.258819 0.965926
vn 0.000000 0.000000 -1.000000
vn 0.000000 0.000000 -1.000000
vn 1.000000 0.000000 0.000000
vn 1.000000 -0.000000 0.000000
vn 0.000000 0.000000 1.000000
vn 0.000000 0.000000 1.000000
vn -1.000000 0.000000 0.000000
vn -1.000000 0.000000 0.000000
vn 0.000000 -1.000000 0.000000
vn 0.000000 -1.000000 0.000000
vn 0.000000 1.000000 0.000000
vn 0.000000 1.000000 0.000000
vn -1.000000 0.000000 0.000000
vn -1.000000 -0.000000 -0.000000
vn 0.000000 0.000000 1.000000
vn 0.000000 0.000000 1.000000
vn 1.000000 0.000000 -0.000000
vn 1.000000 0.000000 0.000000
vn 0.000000 0.000000 -1.000000
vn 0.000000 0.000000 -1.000000
vn 0.000000 1.000000 0.000000
vn 0.000000 1.000000 0.000000
vn 0.000000 -1.000000 0.000000
vn 0.000000 -1.000000 0.000000
vn 0.145494 -0.989359 0.000000
vn 0.145494 -0.989359 0.000000
vn 0.145494 0.989359 -0.000000
vn 0.145494 0.989359 0.000000
vn -1.000000 0.000000 0.000000
vn -1.000000 -0.000000 0.000000
vn 0.000000 0.000000 -1.000000
vn 0.000000 0.000000 1.000000
vn -0.140435 0.954956 -0.261414
vn -0.140435 0.954956 -0.261414
vn 0.999276 0.009844 0.036738
vn 0.999276 0.009844 0.036738
vn 0.220712 -0.939896 0.260541
vn 0.220712 -0.939896 0.260541
vn -0.999276 -0.009844 -0.036738
vn -0.999276 -0.009844 -0.036738
vn 0.038034 -0.258632 -0.965227
vn 0.038034 -0.258632 -0.965227
vn -0.038034 0.258632 0.965227
vn -0.038034 0.258632 0.965227
vn -0.999276 0.009844 -0.036738
vn -0.999276 0.009844 -0.036738
vn 0.220712 0.939896 0.260541
vn 0.220712 0.939896 0.260541
vn 0.999276 -0.009844 0.036738
vn 0.999276 -0.009844 0.036738
vn -0.140435 -0.954956 -0.261414
vn -0.140435 -0.954956 -0.261414
vn 0.038034 0.258632 -0.965227
vn 0.038034 0.258632 -0.965227
vn -0.038034 -0.258632 0.965227
vn -0.038034 -0.258632 0.965227
vn -0.020798 -0.004758 -0.999772
vn -0.020798 -0.004758 -0.999772
vn 0.974819 0.222998 0.000000
vn 0.974819 0.222998 0.000000
vn 0.000000 0.000000 1.000000
vn 0.000000 -0.000000 1.000000
vn -0.974819 -0.222998 0.000000
vn -0.974819 -0.222998 0.000000
vn 0.222998 -0.974819 0.000000
vn 0.222998 -0.974819 0.000000
vn -0.222998 0.974819 0.000000
vn -0.222998 0.974819 0.000000
vn -0.974819 0.222998 0.000000
vn -0.974819 0.222998 0.000000
vn 0.000000 0.000000 1.000000
vn 0.000000 0.000000 1.000000
vn 0.974819 -0.222998 0.000000
vn 0.974819 -0.222998 0.000000
vn -0.020798 0.004758 -0.999772
vn -0.020798 0.004758 -0.999772
vn 0.222998 0.974819 0.000000
vn 0.222998 0.974819 -0.000000
vn -0.222998 -0.974819 0.000000
vn -0.222998 -0.974819 0.000000
vn 0.000000 0.000000 -1.000000
vn 0.000000 0.000000 -1.000000
vn 0.000000 0.258819 -0.965926
vn 0.000000 0.258819 -0.965926
vn 0.000000 1.000000 0.000000
vn 0.000000 1.000000 0.000000
vn -0.000000 0.000000 1.000000
vn 0.000000 0.000000 1.000000
vn 0.000000 -1.000000 0.000000
vn 0.000000 -1.000000 -0.000000
vn 0.000000 -0.258819 -0.965926
vn 0.000000 -0.258819 -0.965926
vn -1.000000 0.000000 0.000000
vn -1.000000 0.000000 0.000000
vn -1.000000 0.000000 0.000000
vn -1.000000 0.000000 0.000000
vn 1.000000 0.000000 0.000000
vn 1.000000 0.000000 0.000000
vn 1.000000 0.000000 0.000000
vn 1.000000 -0.000000 0.000000
vn 0.000000 0.000000 -1.000000
vn 0.000000 0.000000 -1.000000
vn 0.000000 0.258819 -0.965926
vn 0.000000 0.258819 -0.965926
vn 0.000000 1.000000 0.000000
vn 0.000000 1.000000 -0.000000
vn -0.000000 0.000000 1.000000
vn 0.000000 0.000000 1.000000
vn 0.000000 -1.000000 0.000000
vn 0.000000 -1.000000 -0.000000
vn 0.000000 -0.258819 -0.965926
vn 0.000000 -0.258819 -0.965926
vn -1.000000 0.000000 0.000000
vn -1.000000 0.000000 0.000000
vn -1.000000 0.000000 0.000000
vn -1.000000 0.000000 0.000000
vn 1.000000 0.000000 0.000000
vn 1.000000 0.000000 0.000000
vn 1.000000 0.000000 0.000000
vn 1.000000 -0.000000 0.000000
vn 0.000000 0.000000 -1.000000
vn 0.000000 0.000000 -1.000000
vn 0.000000 0.258819 -0.965926
vn 0.000000 0.258819 -0.965926
vn 0.000000 1.000000 0.000000
vn 0.000000 1.000000 -0.000000
vn -0.000000 0.000000 1.000000
vn 0.000000 0.000000 1.000000
vn 0.000000 -1.000000 0.000000
vn 0.000000 -1.000000 -0.000000
vn 0.000000 -0.258819 -0.965926
vn 0.000000 -0.258819 -0.965926
vn -1.000000 0.000000 0.000000
vn -1.000000 0.000000 0.000000
vn -1.000000 0.000000 0.000000
vn -1.000000 0.000000 0.000000
vn 1.000000 0.000000 0.000000
vn 1.000000 0.000000 0.000000
vn 1.000000 0.000000 0.000000
vn 1.000000 -0.000000 0.000000
vn 0.000000 0.000000 -1.000000
vn 0.000000 0.000000 -1.000000
vn 0.000000 0.258819 -0.965926
vn 0.000000 0.258819 -0.965926
vn 0.000000 1.000000 0.000000
vn 0.000000 1.000000 -0.000000
vn -0.000000 0.000000 1.000000
vn 0.000000 0.000000 1.000000
vn 0.000000 -1.000000 0.000000
vn 0.000000 -1.000000 -0.000000
vn 0.000000 -0.258819 -0.965926
vn 0.000000 -0.258819 -0.965926
vn -1.000000 0.000000 0.000000
vn -1.000000 0.000000 0.000000
vn -1.000000 0.000000 0.000000
vn -1.000000 0.000000 0.000000
vn 1.000000 0.000000 0.000000
vn 1.000000 0.000000 0.000000
vn 1.000000 0.000000 0.000000
vn 1.000000 -0.000000 0.000000
vn 0.000000 0.258819 -0.965926
vn 0.000000 0.258819 -0.965926
vn 0.000000 1.000000 0.000000
vn 0.000000 1.000000 0.000000
vn -0.000000 0.000000 1.000000
vn 0.000000 0.000000 1.000000
vn 0.000000 -1.000000 0.000000
vn 0.000000 -1.000000 0.000000
vn 0.000000 -0.258819 -0.965926
vn 0.000000 -0.258819 -0.965926
vn -1.000000 0.000000 0.000000
vn -1.000000 0.000000 0.000000
vn -1.000000 0.000000 0.000000
vn 1.000000 -0.000000 0.000000
vn 1.000000 -0.000000 0.000000
vn 1.000000 0.000000 0.000000
vn 0.000000 -1.000000 0.000000
vn 0.000000 -1.000000 0.000000
vn 1.000000 0.000000 0.000000
vn 1.000000 -0.000000 0.000000
vn 0.000000 1.000000 -0.000000
vn 0.000000 1.000000 0.000000
vn -1.000000 0.000000 0.000000
vn -1.000000 -0.000000 0.000000
vn 0.000000 0.000000 -1.000000
vn 0.000000 0.000000 -1.000000
vn 0.000000 0.000000 1.000000
vn 0.000000 0.000000 1.000000
vn 0.000000 -1.000000 0.000000
vn 0.000000 -1.000000 0.000000
vn 1.000000 0.000000 0.000000
vn 1.000000 -0.000000 0.000000
vn 0.000000 1.000000 -0.000000
vn 0.000000 1.000000 0.000000
vn -1.000000 0.000000 0.000000
vn -1.000000 -0.000000 0.000000
vn 0.000000 0.000000 -1.000000
vn 0.000000 0.000000 -1.000000
vn 0.000000 0.000000 1.000000
vn 0.000000 0.000000 1.000000
vn 0.000000 -1.000000 0.000000
vn 0.000000 -1.000000 0.000000
vn 1.000000 0.000000 0.000000
vn 1.000000 -0.000000 0.000000
vn 0.000000 1.000000 -0.000000
vn 0.000000 1.000000 0.000000
vn -1.000000 0.000000 0.000000
vn -1.000000 -0.000000 0.000000
vn 0.000000 0.000000 -1.000000
vn 0.000000 0.000000 -1.000000
vn 0.000000 0.000000 1.000000
vn 0.000000 0.000000 1.000000
vn 0.222998 -0.974819 0.000000
vn 0.222998 -0.974819 0.000000
vn 1.000000 0.000000 0.000000
vn 1.000000 -0.000000 0.000000
vn 0.222998 0.974819 -0.000000
vn 0.222998 0.974819 0.000000
vn -1.000000 0.000000 0.000000
vn -1.000000 -0.000000 0.000000
vn 0.000000 0.000000 -1.000000
vn 0.000000 0.000000 -1.000000
vn 0.000000 0.000000 1.000000
vn 0.000000 0.000000 1.000000
vn 0.267644 -0.963518 0.000000
vn 0.267644 -0.963518 0.000000
vn 0.267644 0.963518 -0.000000
vn 0.267644 0.963518 0.000000
vn -1.000000 0.000000 0.000000
vn -1.000000 -0.000000 0.000000
vn 0.000000 0.000000 -1.000000
vn 0.000000 0.000000 1.000000
vn 0.000000 -1.000000 0.000000
vn 0.000000 -1.000000 0.000000
vn 1.000000 0.000000 0.000000
vn 1.000000 -0.000000 0.000000
vn 0.000000 1.000000 -0.000000
vn 0.000000 1.000000 0.000000
vn -1.000000 0.000000 0.000000
vn -1.000000 -0.000000 0.000000
vn 0.000000 0.000000 -1.000000
vn 0.000000 0.000000 -1.000000
vn 0.000000 0.000000 1.000000
vn 0.000000 0.000000 1.000000
vn 0.000000 -1.000000 0.000000
vn 0.000000 -1.000000 0.000000
vn 1.000000 0.000000 0.000000
vn 1.000000 -0.000000 0.000000
vn 0.000000 1.000000 -0.000000
vn 0.000000 1.000000 0.000000
vn -1.000000 0.000000 0.000000
vn -1.000000 -0.000000 0.000000
vn 0.000000 0.000000 -1.000000
vn 0.000000 0.000000 -1.000000
vn 0.000000 0.000000 1.000000
vn 0.000000 0.000000 1.000000
vn 0.000000 -1.000000 0.000000
vn 0.000000 -1.000000 0.000000
vn 1.000000 0.000000 0.000000
vn 1.000000 -0.000000 0.000000
vn 0.000000 1.000000 -0.000000
vn 0.000000 1.000000 0.000000
vn -1.000000 0.000000 0.000000
vn -1.000000 -0.000000 0.000000
vn 0.000000 0.000000 -1.000000
vn 0.000000 0.000000 -1.000000
vn 0.000000 0.000000 1.000000
vn 0.000000 0.000000 1.000000
vn 0.000000 -1.000000 0.000000
vn 0.000000 -1.000000 0.000000
vn 1.000000 0.000000 0.000000
vn 1.000000 -0.000000 0.000000
vn 0.000000 1.000000 -0.000000
vn 0.000000 1.000000 0.000000
vn -1.000000 0.000000 0.000000
vn -1.000000 -0.000000 0.000000
vn 0.000000 0.000000 -1.000000
vn 0.000000 0.000000 -1.000000
vn 0.000000 0.000000 1.000000
vn 0.000000 0.000000 1.000000
vn 0.000000 -1.000000 0.000000
vn 0.000000 -1.000000 0.000000
vn 1.000000 0.000000 0.000000
vn 1.000000 -0.000000 0.000000
vn 0.000000 1.000000 -0.000000
vn 0.000000 1.000000 0.000000
vn -1.000000 0.000000 0.000000
vn -1.000000 -0.000000 0.000000
vn 0.000000 0.000000 -1.000000
vn 0.000000 0.000000 -1.000000
vn 0.000000 0.000000 1.000000
vn 0.000000 0.000000 1.000000
vn 0.000000 -1.000000 0.000000
vn 0.000000 -1.000000 0.000000
vn 1.000000 0.000000 0.000000
vn 1.000000 -0.000000 0.000000
vn 0.000000 1.000000 -0.000000
vn 0.000000 1.000000 0.000000
vn -1.000000 0.000000 0.000000
vn -1.000000 -0.000000 0.000000
vn 0.000000 0.000000 -1.000000
vn 0.000000 0.000000 -1.000000
vn 0.000000 0.000000 1.000000
vn 0.000000 0.000000 1.000000
vn 0.000000 -1.000000 0.000000
vn 0.000000 -1.000000 0.000000
vn 1.000000 0.000000 0.000000
vn 1.000000 -0.000000 0.000000
vn 0.000000 1.000000 -0.000000
vn 0.000000 1.000000 0.000000
vn -1.000000 0.000000 0.000000
vn -1.000000 -0.000000 0.000000
vn 0.000000 0.000000 -1.000000
vn 0.000000 0.000000 -1.000000
vn 0.000000 0.000000 1.000000
vn 0.000000 0.000000 1.000000
vn 0.000000 -1.000000 0.000000
vn 0.000000 -1.000000 0.000000
vn 1.000000 0.000000 0.000000
vn 1.000000 -0.000000 0.000000
vn 0.000000 1.000000 -0.000000
vn 0.000000 1.000000 0.000000
vn -1.000000 0.000000 0.000000
vn -1.000000 -0.000000 0.000000
vn 0.000000 0.000000 -1.000000
vn 0.000000 0.000000 -1.000000
vn 0.000000 0.000000 1.000000
vn 0.000000 0.000000 1.000000
g TRI-MAIN-BOTTOM-01 | BottomFlat | nominal plywood 20 mm
f 1//1 2//1 3//1
f 3//2 2//2 4//2
f 2//3 5//3 4//3
f 4//4 5//4 6//4
f 5//5 7//5 6//5
f 6//6 7//6 8//6
f 7//7 1//7 8//7
f 8//8 1//8 3//8
f 1//9 5//9 2//9
f 7//10 5//10 1//10
f 6//11 3//11 4//11
f 6//12 8//12 3//12
g TRI-MAIN-CHINE-PORT-01 | ChinePort | nominal plywood 20 mm
f 9//13 10//13 11//13
f 9//14 11//14 12//14
f 13//15 9//15 12//15
f 13//16 12//16 14//16
f 15//17 13//17 14//17
f 15//18 14//18 16//18
f 10//19 15//19 16//19
f 10//20 16//20 11//20
f 13//21 10//21 9//21
f 15//22 10//22 13//22
f 11//23 14//23 12//23
f 11//24 16//24 14//24
g TRI-MAIN-CHINE-STARBOARD-01 | ChineStarboard | nominal plywood 20 mm
f 17//25 18//25 19//25
f 17//26 19//26 20//26
f 21//27 17//27 20//27
f 21//28 20//28 22//28
f 23//29 21//29 22//29
f 23//30 22//30 24//30
f 18//31 23//31 24//31
f 18//32 24//32 19//32
f 23//33 17//33 21//33
f 18//34 17//34 23//34
f 20//35 24//35 22//35
f 20//36 19//36 24//36
g TRI-MAIN-SIDE-PORT-01 | SidePort | nominal plywood 20 mm
f 25//37 26//37 27//37
f 25//38 27//38 28//38
f 29//39 25//39 28//39
f 30//40 25//40 29//40
f 31//41 30//41 29//41
f 31//42 29//42 32//42
f 27//43 31//43 32//43
f 26//44 31//44 27//44
f 25//45 30//45 31//45
f 25//46 31//46 26//46
f 29//47 28//47 32//47
f 32//48 28//48 27//48
g TRI-MAIN-SIDE-STARBOARD-01 | SideStarboard | nominal plywood 20 mm
f 33//49 34//49 35//49
f 36//50 34//50 33//50
f 37//51 36//51 33//51
f 37//52 33//52 38//52
f 39//53 37//53 38//53
f 40//54 37//54 39//54
f 34//55 40//55 39//55
f 34//56 39//56 35//56
f 37//57 34//57 36//57
f 37//58 40//58 34//58
f 35//59 38//59 33//59
f 39//60 38//60 35//60
g TRI-MAIN-BOTTOM-02 | BottomFlat | nominal plywood 20 mm
f 41//61 42//61 43//61
f 43//62 42//62 44//62
f 42//63 45//63 44//63
f 44//64 45//64 46//64
f 45//65 47//65 46//65
f 46//66 47//66 48//66
f 47//67 41//67 48//67
f 48//68 41//68 43//68
f 41//69 45//69 42//69
f 47//70 45//70 41//70
f 46//71 43//71 44//71
f 46//72 48//72 43//72
g TRI-MAIN-CHINE-PORT-02 | ChinePort | nominal plywood 20 mm
f 49//73 50//73 51//73
f 49//74 51//74 52//74
f 53//75 49//75 52//75
f 53//76 52//76 54//76
f 55//77 53//77 54//77
f 55//78 54//78 56//78
f 50//79 55//79 56//79
f 50//80 56//80 51//80
f 55//81 50//81 49//81
f 55//82 49//82 53//82
f 51//83 56//83 52//83
f 52//84 56//84 54//84
g TRI-MAIN-CHINE-STARBOARD-02 | ChineStarboard | nominal plywood 20 mm
f 57//85 58//85 59//85
f 57//86 59//86 60//86
f 61//87 57//87 60//87
f 61//88 60//88 62//88
f 63//89 61//89 62//89
f 63//90 62//90 64//90
f 58//91 63//91 64//91
f 58//92 64//92 59//92
f 58//93 57//93 61//93
f 58//94 61//94 63//94
f 60//95 59//95 62//95
f 62//96 59//96 64//96
g TRI-MAIN-SIDE-PORT-02 | SidePort | nominal plywood 20 mm
f 65//97 66//97 67//97
f 65//98 67//98 68//98
f 69//99 65//99 68//99
f 70//100 65//100 69//100
f 71//101 70//101 69//101
f 71//102 69//102 72//102
f 67//103 71//103 72//103
f 66//104 71//104 67//104
f 65//105 70//105 71//105
f 65//106 71//106 66//106
f 69//107 68//107 72//107
f 72//108 68//108 67//108
g TRI-MAIN-SIDE-STARBOARD-02 | SideStarboard | nominal plywood 20 mm
f 73//109 74//109 75//109
f 76//110 74//110 73//110
f 77//111 76//111 73//111
f 77//112 73//112 78//112
f 79//113 77//113 78//113
f 80//114 77//114 79//114
f 74//115 80//115 79//115
f 74//116 79//116 75//116
f 77//117 74//117 76//117
f 77//118 80//118 74//118
f 75//119 78//119 73//119
f 79//120 78//120 75//120
g TRI-MAIN-BOTTOM-03 | BottomFlat | nominal plywood 20 mm
f 81//121 82//121 83//121
f 83//122 82//122 84//122
f 82//123 85//123 84//123
f 84//124 85//124 86//124
f 85//125 87//125 86//125
f 86//126 87//126 88//126
f 87//127 81//127 88//127
f 88//128 81//128 83//128
f 81//129 85//129 82//129
f 87//130 85//130 81//130
f 86//131 83//131 84//131
f 86//132 88//132 83//132
g TRI-MAIN-CHINE-PORT-03 | ChinePort | nominal plywood 20 mm
f 89//133 90//133 91//133
f 89//134 91//134 92//134
f 93//135 89//135 92//135
f 93//136 92//136 94//136
f 95//137 93//137 94//137
f 95//138 94//138 96//138
f 90//139 95//139 96//139
f 90//140 96//140 91//140
f 95//141 90//141 89//141
f 95//142 89//142 93//142
f 91//143 96//143 92//143
f 92//144 96//144 94//144
g TRI-MAIN-CHINE-STARBOARD-03 | ChineStarboard | nominal plywood 20 mm
f 97//145 98//145 99//145
f 97//146 99//146 100//146
f 101//147 97//147 100//147
f 101//148 100//148 102//148
f 103//149 101//149 102//149
f 103//150 102//150 104//150
f 98//151 103//151 104//151
f 98//152 104//152 99//152
f 98//153 97//153 101//153
f 98//154 101//154 103//154
f 100//155 99//155 102//155
f 102//156 99//156 104//156
g TRI-MAIN-SIDE-PORT-03 | SidePort | nominal plywood 20 mm
f 105//157 106//157 107//157
f 105//158 107//158 108//158
f 109//159 105//159 108//159
f 110//160 105//160 109//160
f 111//161 110//161 109//161
f 111//162 109//162 112//162
f 107//163 111//163 112//163
f 106//164 111//164 107//164
f 105//165 110//165 111//165
f 105//166 111//166 106//166
f 109//167 108//167 112//167
f 112//168 108//168 107//168
g TRI-MAIN-SIDE-STARBOARD-03 | SideStarboard | nominal plywood 20 mm
f 113//169 114//169 115//169
f 116//170 114//170 113//170
f 117//171 116//171 113//171
f 117//172 113//172 118//172
f 119//173 117//173 118//173
f 120//174 117//174 119//174
f 114//175 120//175 119//175
f 114//176 119//176 115//176
f 117//177 114//177 116//177
f 117//178 120//178 114//178
f 115//179 118//179 113//179
f 119//180 118//180 115//180
g TRI-MAIN-BOTTOM-04 | BottomFlat | nominal plywood 20 mm
f 121//181 122//181 123//181
f 123//182 122//182 124//182
f 122//183 125//183 124//183
f 124//184 125//184 126//184
f 125//185 127//185 126//185
f 126//186 127//186 128//186
f 127//187 121//187 128//187
f 128//188 121//188 123//188
f 121//189 125//189 122//189
f 127//190 125//190 121//190
f 126//191 123//191 124//191
f 126//192 128//192 123//192
g TRI-MAIN-CHINE-PORT-04 | ChinePort | nominal plywood 20 mm
f 129//193 130//193 131//193
f 129//194 131//194 132//194
f 133//195 129//195 132//195
f 133//196 132//196 134//196
f 135//197 133//197 134//197
f 135//198 134//198 136//198
f 130//199 135//199 136//199
f 130//200 136//200 131//200
f 135//201 130//201 129//201
f 135//202 129//202 133//202
f 131//203 136//203 132//203
f 132//204 136//204 134//204
g TRI-MAIN-CHINE-STARBOARD-04 | ChineStarboard | nominal plywood 20 mm
f 137//205 138//205 139//205
f 137//206 139//206 140//206
f 141//207 137//207 140//207
f 141//208 140//208 142//208
f 143//209 141//209 142//209
f 143//210 142//210 144//210
f 138//211 143//211 144//211
f 138//212 144//212 139//212
f 138//213 137//213 141//213
f 138//214 141//214 143//214
f 140//215 139//215 142//215
f 142//216 139//216 144//216
g TRI-MAIN-SIDE-PORT-04 | SidePort | nominal plywood 20 mm
f 145//217 146//217 147//217
f 145//218 147//218 148//218
f 149//219 145//219 148//219
f 150//220 145//220 149//220
f 151//221 150//221 149//221
f 151//222 149//222 152//222
f 147//223 151//223 152//223
f 146//224 151//224 147//224
f 145//225 150//225 151//225
f 145//226 151//226 146//226
f 149//227 148//227 152//227
f 152//228 148//228 147//228
g TRI-MAIN-SIDE-STARBOARD-04 | SideStarboard | nominal plywood 20 mm
f 153//229 154//229 155//229
f 156//230 154//230 153//230
f 157//231 156//231 153//231
f 157//232 153//232 158//232
f 159//233 157//233 158//233
f 160//234 157//234 159//234
f 154//235 160//235 159//235
f 154//236 159//236 155//236
f 157//237 154//237 156//237
f 157//238 160//238 154//238
f 155//239 158//239 153//239
f 159//240 158//240 155//240
g TRI-MAIN-BOTTOM-05 | BottomFlat | nominal plywood 20 mm
f 161//241 162//241 163//241
f 163//242 162//242 164//242
f 162//243 165//243 164//243
f 162//244 166//244 165//244
f 166//245 167//245 165//245
f 165//246 167//246 168//246
f 167//247 161//247 168//247
f 168//248 161//248 163//248
f 161//249 166//249 162//249
f 167//250 166//250 161//250
f 165//251 163//251 164//251
f 165//252 168//252 163//252
g TRI-MAIN-CHINE-PORT-05 | ChinePort | nominal plywood 20 mm
f 169//253 170//253 171//253
f 169//254 171//254 172//254
f 173//255 169//255 172//255
f 173//256 172//256 174//256
f 175//257 173//257 174//257
f 176//258 173//258 175//258
f 171//259 176//259 175//259
f 170//260 176//260 171//260
f 170//261 169//261 173//261
f 176//262 170//262 173//262
f 172//263 171//263 174//263
f 171//264 175//264 174//264
g TRI-MAIN-CHINE-STARBOARD-05 | ChineStarboard | nominal plywood 20 mm
f 177//265 178//265 179//265
f 177//266 179//266 180//266
f 181//267 177//267 180//267
f 181//268 180//268 182//268
f 183//269 181//269 182//269
f 183//270 182//270 184//270
f 178//271 183//271 184//271
f 178//272 184//272 179//272
f 178//273 177//273 181//273
f 178//274 181//274 183//274
f 180//275 179//275 182//275
f 182//276 179//276 184//276
g TRI-MAIN-SIDE-PORT-05 | SidePort | nominal plywood 20 mm
f 185//277 186//277 187//277
f 185//278 187//278 188//278
f 189//279 185//279 188//279
f 190//280 185//280 189//280
f 191//281 190//281 189//281
f 191//282 189//282 192//282
f 187//283 191//283 192//283
f 186//284 191//284 187//284
f 186//285 185//285 190//285
f 186//286 190//286 191//286
f 188//287 187//287 189//287
f 189//288 187//288 192//288
g TRI-MAIN-SIDE-STARBOARD-05 | SideStarboard | nominal plywood 20 mm
f 193//289 194//289 195//289
f 196//290 194//290 193//290
f 197//291 196//291 193//291
f 197//292 193//292 198//292
f 199//293 197//293 198//293
f 200//294 197//294 199//294
f 194//295 200//295 199//295
f 194//296 199//296 195//296
f 200//297 194//297 196//297
f 200//298 196//298 197//298
f 195//299 199//299 193//299
f 193//300 199//300 198//300
g TRI-MAIN-BOTTOM-06 | BottomFlat | nominal plywood 20 mm
f 201//301 202//301 203//301
f 203//302 202//302 204//302
f 202//303 205//303 204//303
f 202//304 206//304 205//304
f 206//305 203//305 205//305
f 206//306 201//306 203//306
f 206//307 202//307 201//307
f 204//308 205//308 203//308
g TRI-MAIN-CHINE-PORT-06 | ChinePort | nominal plywood 20 mm
f 207//309 208//309 209//309
f 207//310 209//310 210//310
f 211//311 207//311 210//311
f 212//312 207//312 211//312
f 208//313 212//313 211//313
f 208//314 211//314 209//314
f 212//315 208//315 207//315
f 209//316 211//316 210//316
g TRI-MAIN-CHINE-STARBOARD-06 | ChineStarboard | nominal plywood 20 mm
f 213//317 214//317 215//317
f 213//318 215//318 216//318
f 217//319 213//319 216//319
f 217//320 216//320 218//320
f 215//321 217//321 218//321
f 214//322 217//322 215//322
f 214//323 213//323 217//323
f 216//324 215//324 218//324
g TRI-MAIN-SIDE-PORT-06 | SidePort | nominal plywood 20 mm
f 219//325 220//325 221//325
f 219//326 221//326 222//326
f 223//327 219//327 222//327
f 223//328 222//328 224//328
f 225//329 223//329 224//329
f 225//330 224//330 226//330
f 221//331 225//331 226//331
f 220//332 225//332 221//332
f 220//333 219//333 223//333
f 220//334 223//334 225//334
f 222//335 221//335 224//335
f 224//336 221//336 226//336
g TRI-MAIN-SIDE-STARBOARD-06 | SideStarboard | nominal plywood 20 mm
f 227//337 228//337 229//337
f 227//338 229//338 230//338
f 231//339 227//339 230//339
f 231//340 230//340 232//340
f 233//341 231//341 232//341
f 233//342 232//342 234//342
f 229//343 233//343 234//343
f 228//344 233//344 229//344
f 231//345 228//345 227//345
f 233//346 228//346 231//346
f 229//347 232//347 230//347
f 229//348 234//348 232//348
g TRI-MAIN-TRANSOM-01 | Transom | nominal plywood 20 mm
f 235//349 236//349 237//349
f 237//350 236//350 238//350
f 236//351 239//351 238//351
f 238//352 239//352 240//352
f 239//353 241//353 240//353
f 239//354 242//354 241//354
f 242//355 243//355 241//355
f 242//356 244//356 243//356
f 244//357 245//357 243//357
f 244//358 246//358 245//358
f 246//359 235//359 245//359
f 245//360 235//360 237//360
f 236//361 242//361 239//361
f 236//362 235//362 242//362
f 246//363 244//363 235//363
f 235//364 244//364 242//364
f 241//365 238//365 240//365
f 237//366 238//366 241//366
f 243//367 245//367 237//367
f 243//368 237//368 241//368
g TRI-MAIN-BULKHEAD-01 | Bulkhead | nominal plywood 20 mm
f 247//369 248//369 249//369
f 249//370 248//370 250//370
f 248//371 251//371 250//371
f 250//372 251//372 252//372
f 251//373 253//373 252//373
f 251//374 254//374 253//374
f 254//375 255//375 253//375
f 254//376 256//376 255//376
f 256//377 257//377 255//377
f 255//378 257//378 258//378
f 257//379 247//379 258//379
f 258//380 247//380 249//380
f 248//381 254//381 251//381
f 247//382 256//382 248//382
f 257//383 256//383 247//383
f 248//384 256//384 254//384
f 253//385 250//385 252//385
f 255//386 249//386 250//386
f 255//387 258//387 249//387
f 255//388 250//388 253//388
g TRI-MAIN-BULKHEAD-02 | Bulkhead | nominal plywood 20 mm
f 259//389 260//389 261//389
f 261//390 260//390 262//390
f 260//391 263//391 262//391
f 262//392 263//392 264//392
f 263//393 265//393 264//393
f 263//394 266//394 265//394
f 266//395 267//395 265//395
f 266//396 268//396 267//396
f 268//397 269//397 267//397
f 267//398 269//398 270//398
f 269//399 259//399 270//399
f 270//400 259//400 261//400
f 260//401 266//401 263//401
f 259//402 268//402 260//402
f 269//403 268//403 259//403
f 260//404 268//404 266//404
f 265//405 262//405 264//405
f 267//406 261//406 262//406
f 267//407 270//407 261//407
f 267//408 262//408 265//408
g TRI-MAIN-BULKHEAD-03 | Bulkhead | nominal plywood 20 mm
f 271//409 272//409 273//409
f 273//410 272//410 274//410
f 272//411 275//411 274//411
f 274//412 275//412 276//412
f 275//413 277//413 276//413
f 275//414 278//414 277//414
f 278//415 279//415 277//415
f 278//416 280//416 279//416
f 280//417 281//417 279//417
f 279//418 281//418 282//418
f 281//419 271//419 282//419
f 282//420 271//420 273//420
f 272//421 278//421 275//421
f 271//422 280//422 272//422
f 281//423 280//423 271//423
f 272//424 280//424 278//424
f 277//425 274//425 276//425
f 279//426 273//426 274//426
f 279//427 282//427 273//427
f 279//428 274//428 277//428
g TRI-MAIN-BULKHEAD-04 | Bulkhead | nominal plywood 20 mm
f 283//429 284//429 285//429
f 285//430 284//430 286//430
f 284//431 287//431 286//431
f 286//432 287//432 288//432
f 287//433 289//433 288//433
f 287//434 290//434 289//434
f 290//435 291//435 289//435
f 290//436 292//436 291//436
f 292//437 293//437 291//437
f 291//438 293//438 294//438
f 293//439 283//439 294//439
f 294//440 283//440 285//440
f 284//441 290//441 287//441
f 283//442 292//442 284//442
f 293//443 292//443 283//443
f 284//444 292//444 290//444
f 289//445 286//445 288//445
f 291//446 285//446 286//446
f 291//447 294//447 285//447
f 291//448 286//448 289//448
g TRI-MAIN-BULKHEAD-05 | Bulkhead | nominal plywood 20 mm
f 295//449 296//449 297//449
f 295//450 298//450 296//450
f 298//451 299//451 296//451
f 296//452 299//452 300//452
f 299//453 301//453 300//453
f 299//454 302//454 301//454
f 302//455 303//455 301//455
f 301//456 303//456 304//456
f 303//457 305//457 304//457
f 304//458 305//458 306//458
f 305//459 295//459 306//459
f 306//460 295//460 297//460
f 298//461 302//461 299//461
f 298//462 295//462 302//462
f 305//463 303//463 295//463
f 295//464 303//464 302//464
f 301//465 296//465 300//465
f 297//466 296//466 301//466
f 304//467 306//467 297//467
f 304//468 297//468 301//468
g TRI-MAIN-DECK-01 | Deck | nominal plywood 20 mm
f 307//469 308//469 309//469
f 309//470 308//470 310//470
f 308//471 311//471 310//471
f 308//472 312//472 311//472
f 312//473 313//473 311//473
f 311//474 313//474 314//474
f 313//475 309//475 314//475
f 313//476 307//476 309//476
f 307//477 312//477 308//477
f 313//478 312//478 307//478
f 311//479 309//479 310//479
f 311//480 314//480 309//480
g TRI-MAIN-DECK-02 | Deck | nominal plywood 20 mm
f 315//481 316//481 317//481
f 317//482 316//482 318//482
f 316//483 319//483 318//483
f 316//484 320//484 319//484
f 320//485 321//485 319//485
f 319//486 321//486 322//486
f 321//487 317//487 322//487
f 321//488 315//488 317//488
f 315//489 320//489 316//489
f 321//490 320//490 315//490
f 319//491 317//491 318//491
f 319//492 322//492 317//492
g TRI-MAIN-DECK-03 | Deck | nominal plywood 20 mm
f 323//493 324//493 325//493
f 325//494 324//494 326//494
f 324//495 327//495 326//495
f 324//496 328//496 327//496
f 328//497 329//497 327//497
f 327//498 329//498 330//498
f 329//499 325//499 330//499
f 329//500 323//500 325//500
f 323//501 328//501 324//501
f 329//502 328//502 323//502
f 327//503 325//503 326//503
f 327//504 330//504 325//504
g TRI-MAIN-DECK-04 | Deck | nominal plywood 20 mm
f 331//505 332//505 333//505
f 333//506 332//506 334//506
f 332//507 335//507 334//507
f 332//508 336//508 335//508
f 336//509 337//509 335//509
f 335//510 337//510 338//510
f 337//511 333//511 338//511
f 337//512 331//512 333//512
f 331//513 336//513 332//513
f 337//514 336//514 331//514
f 335//515 333//515 334//515
f 335//516 338//516 333//516
g TRI-MAIN-DECK-05 | Deck | nominal plywood 20 mm
f 339//517 340//517 341//517
f 341//518 340//518 342//518
f 340//519 343//519 342//519
f 342//520 343//520 344//520
f 343//521 345//521 344//521
f 344//522 345//522 346//522
f 345//523 341//523 346//523
f 345//524 339//524 341//524
f 339//525 345//525 340//525
f 345//526 343//526 340//526
f 346//527 341//527 342//527
f 344//528 346//528 342//528
g TRI-MAIN-DECK-06 | Deck | nominal plywood 20 mm
f 347//529 348//529 349//529
f 349//530 348//530 350//530
f 348//531 351//531 350//531
f 350//532 351//532 352//532
f 351//533 347//533 352//533
f 352//534 347//534 349//534
f 351//535 348//535 347//535
f 350//536 352//536 349//536
g TRI-AMA-PORT-BOTTOM-01 | BottomFlat | nominal plywood 20 mm
f 353//537 354//537 355//537
f 355//538 354//538 356//538
f 354//539 357//539 356//539
f 356//540 357//540 358//540
f 357//541 359//541 358//541
f 358//542 359//542 360//542
f 359//543 353//543 360//543
f 360//544 353//544 355//544
f 353//545 357//545 354//545
f 359//546 357//546 353//546
f 358//547 355//547 356//547
f 358//548 360//548 355//548
g TRI-AMA-PORT-CHINE-PORT-01 | ChinePort | nominal plywood 20 mm
f 361//549 362//549 363//549
f 361//550 363//550 364//550
f 365//551 361//551 364//551
f 366//552 361//552 365//552
f 367//553 366//553 365//553
f 367//554 365//554 368//554
f 362//555 367//555 368//555
f 362//556 368//556 363//556
f 367//557 362//557 361//557
f 367//558 361//558 366//558
f 363//559 368//559 364//559
f 364//560 368//560 365//560
g TRI-AMA-PORT-CHINE-STARBOARD-01 | ChineStarboard | nominal plywood 20 mm
f 369//561 370//561 371//561
f 372//562 370//562 369//562
f 373//563 372//563 369//563
f 373//564 369//564 374//564
f 375//565 373//565 374//565
f 375//566 374//566 376//566
f 370//567 375//567 376//567
f 370//568 376//568 371//568
f 370//569 372//569 373//569
f 370//570 373//570 375//570
f 369//571 371//571 374//571
f 374//572 371//572 376//572
g TRI-AMA-PORT-SIDE-PORT-01 | SidePort | nominal plywood 20 mm
f 377//573 378//573 379//573
f 377//574 379//574 380//574
f 381//575 377//575 380//575
f 382//576 377//576 381//576
f 383//577 382//577 381//577
f 383//578 381//578 384//578
f 378//579 383//579 384//579
f 378//580 384//580 379//580
f 377//581 382//581 383//581
f 377//582 383//582 378//582
f 381//583 380//583 384//583
f 384//584 380//584 379//584
g TRI-AMA-PORT-SIDE-STARBOARD-01 | SideStarboard | nominal plywood 20 mm
f 385//585 386//585 387//585
f 388//586 386//586 385//586
f 389//587 388//587 385//587
f 389//588 385//588 390//588
f 391//589 389//589 390//589
f 391//590 390//590 392//590
f 386//591 391//591 392//591
f 386//592 392//592 387//592
f 389//593 386//593 388//593
f 389//594 391//594 386//594
f 387//595 390//595 385//595
f 392//596 390//596 387//596
g TRI-AMA-PORT-BOTTOM-02 | BottomFlat | nominal plywood 20 mm
f 393//597 394//597 395//597
f 395//598 394//598 396//598
f 394//599 397//599 396//599
f 396//600 397//600 398//600
f 397//601 399//601 398//601
f 398//602 399//602 400//602
f 399//603 393//603 400//603
f 400//604 393//604 395//604
f 399//605 394//605 393//605
f 399//606 397//606 394//606
f 396//607 400//607 395//607
f 398//608 400//608 396//608
g TRI-AMA-PORT-CHINE-PORT-02 | ChinePort | nominal plywood 20 mm
f 401//609 402//609 403//609
f 401//610 403//610 404//610
f 405//611 401//611 404//611
f 406//612 401//612 405//612
f 407//613 406//613 405//613
f 407//614 405//614 408//614
f 402//615 407//615 408//615
f 402//616 408//616 403//616
f 402//617 401//617 406//617
f 407//618 402//618 406//618
f 404//619 403//619 405//619
f 403//620 408//620 405//620
g TRI-AMA-PORT-CHINE-STARBOARD-02 | ChineStarboard | nominal plywood 20 mm
f 409//621 410//621 411//621
f 412//622 410//622 409//622
f 413//623 412//623 409//623
f 413//624 409//624 414//624
f 415//625 413//625 414//625
f 415//626 414//626 416//626
f 410//627 415//627 416//627
f 410//628 416//628 411//628
f 412//629 413//629 415//629
f 410//630 412//630 415//630
f 414//631 409//631 416//631
f 409//632 411//632 416//632
g TRI-AMA-PORT-SIDE-PORT-02 | SidePort | nominal plywood 20 mm
f 417//633 418//633 419//633
f 417//634 419//634 420//634
f 421//635 417//635 420//635
f 422//636 417//636 421//636
f 423//637 422//637 421//637
f 423//638 421//638 424//638
f 418//639 423//639 424//639
f 418//640 424//640 419//640
f 417//641 422//641 423//641
f 417//642 423//642 418//642
f 421//643 420//643 424//643
f 424//644 420//644 419//644
g TRI-AMA-PORT-SIDE-STARBOARD-02 | SideStarboard | nominal plywood 20 mm
f 425//645 426//645 427//645
f 428//646 426//646 425//646
f 429//647 428//647 425//647
f 429//648 425//648 430//648
f 431//649 429//649 430//649
f 431//650 430//650 432//650
f 426//651 431//651 432//651
f 426//652 432//652 427//652
f 429//653 426//653 428//653
f 429//654 431//654 426//654
f 427//655 430//655 425//655
f 432//656 430//656 427//656
g TRI-AMA-PORT-BOTTOM-03 | BottomFlat | nominal plywood 20 mm
f 433//657 434//657 435//657
f 435//658 434//658 436//658
f 434//659 437//659 436//659
f 436//660 437//660 438//660
f 437//661 439//661 438//661
f 438//662 439//662 440//662
f 439//663 433//663 440//663
f 440//664 433//664 435//664
f 439//665 434//665 433//665
f 439//666 437//666 434//666
f 436//667 440//667 435//667
f 438//668 440//668 436//668
g TRI-AMA-PORT-CHINE-PORT-03 | ChinePort | nominal plywood 20 mm
f 441//669 442//669 443//669
f 441//670 443//670 444//670
f 445//671 441//671 444//671
f 446//672 441//672 445//672
f 447//673 446//673 445//673
f 447//674 445//674 448//674
f 442//675 447//675 448//675
f 442//676 448//676 443//676
f 442//677 441//677 446//677
f 447//678 442//678 446//678
f 444//679 443//679 445//679
f 443//680 448//680 445//680
g TRI-AMA-PORT-CHINE-STARBOARD-03 | ChineStarboard | nominal plywood 20 mm
f 449//681 450//681 451//681
f 452//682 450//682 449//682
f 453//683 452//683 449//683
f 453//684 449//684 454//684
f 455//685 453//685 454//685
f 455//686 454//686 456//686
f 450//687 455//687 456//687
f 450//688 456//688 451//688
f 452//689 453//689 455//689
f 450//690 452//690 455//690
f 454//691 449//691 456//691
f 449//692 451//692 456//692
g TRI-AMA-PORT-SIDE-PORT-03 | SidePort | nominal plywood 20 mm
f 457//693 458//693 459//693
f 457//694 459//694 460//694
f 461//695 457//695 460//695
f 462//696 457//696 461//696
f 463//697 462//697 461//697
f 463//698 461//698 464//698
f 458//699 463//699 464//699
f 458//700 464//700 459//700
f 457//701 462//701 463//701
f 457//702 463//702 458//702
f 461//703 460//703 464//703
f 464//704 460//704 459//704
g TRI-AMA-PORT-SIDE-STARBOARD-03 | SideStarboard | nominal plywood 20 mm
f 465//705 466//705 467//705
f 468//706 466//706 465//706
f 469//707 468//707 465//707
f 469//708 465//708 470//708
f 471//709 469//709 470//709
f 471//710 470//710 472//710
f 466//711 471//711 472//711
f 466//712 472//712 467//712
f 469//713 466//713 468//713
f 469//714 471//714 466//714
f 467//715 470//715 465//715
f 472//716 470//716 467//716
g TRI-AMA-PORT-BOTTOM-04 | BottomFlat | nominal plywood 20 mm
f 473//717 474//717 475//717
f 475//718 474//718 476//718
f 474//719 477//719 476//719
f 474//720 478//720 477//720
f 478//721 473//721 477//721
f 477//722 473//722 475//722
f 478//723 474//723 473//723
f 476//724 477//724 475//724
g TRI-AMA-PORT-CHINE-PORT-04 | ChinePort | nominal plywood 20 mm
f 479//725 480//725 481//725
f 482//726 480//726 479//726
f 482//727 479//727 483//727
f 484//728 482//728 483//728
f 485//729 484//729 483//729
f 486//730 484//730 485//730
f 481//731 486//731 485//731
f 480//732 486//732 481//732
f 480//733 482//733 484//733
f 486//734 480//734 484//734
f 479//735 481//735 483//735
f 481//736 485//736 483//736
g TRI-AMA-PORT-CHINE-STARBOARD-04 | ChineStarboard | nominal plywood 20 mm
f 487//737 488//737 489//737
f 490//738 488//738 487//738
f 491//739 490//739 487//739
f 491//740 487//740 492//740
f 493//741 491//741 492//741
f 493//742 492//742 494//742
f 489//743 493//743 494//743
f 488//744 493//744 489//744
f 488//745 490//745 491//745
f 488//746 491//746 493//746
f 487//747 489//747 492//747
f 492//748 489//748 494//748
g TRI-AMA-PORT-SIDE-PORT-04 | SidePort | nominal plywood 20 mm
f 495//749 496//749 497//749
f 495//750 497//750 498//750
f 499//751 495//751 498//751
f 500//752 495//752 499//752
f 501//753 500//753 499//753
f 502//754 500//754 501//754
f 496//755 502//755 501//755
f 496//756 501//756 497//756
f 496//757 495//757 500//757
f 496//758 500//758 502//758
f 498//759 497//759 499//759
f 499//760 497//760 501//760
g TRI-AMA-PORT-SIDE-STARBOARD-04 | SideStarboard | nominal plywood 20 mm
f 503//761 504//761 505//761
f 506//762 504//762 503//762
f 507//763 506//763 503//763
f 507//764 503//764 508//764
f 509//765 507//765 508//765
f 510//766 507//766 509//766
f 505//767 510//767 509//767
f 504//768 510//768 505//768
f 507//769 504//769 506//769
f 510//770 504//770 507//770
f 505//771 508//771 503//771
f 505//772 509//772 508//772
g TRI-AMA-PORT-TRANSOM-01 | Transom | nominal plywood 20 mm
f 511//773 512//773 513//773
f 513//774 512//774 514//774
f 512//775 515//775 514//775
f 514//776 515//776 516//776
f 515//777 517//777 516//777
f 515//778 518//778 517//778
f 518//779 519//779 517//779
f 517//780 519//780 520//780
f 519//781 521//781 520//781
f 520//782 521//782 522//782
f 521//783 511//783 522//783
f 522//784 511//784 513//784
f 512//785 518//785 515//785
f 511//786 519//786 512//786
f 521//787 519//787 511//787
f 512//788 519//788 518//788
f 517//789 514//789 516//789
f 520//790 513//790 514//790
f 520//791 522//791 513//791
f 520//792 514//792 517//792
g TRI-AMA-PORT-BULKHEAD-01 | Bulkhead | nominal plywood 20 mm
f 523//793 524//793 525//793
f 525//794 524//794 526//794
f 524//795 527//795 526//795
f 526//796 527//796 528//796
f 527//797 529//797 528//797
f 528//798 529//798 530//798
f 529//799 531//799 530//799
f 530//800 531//800 532//800
f 531//801 533//801 532//801
f 532//802 533//802 534//802
f 533//803 523//803 534//803
f 534//804 523//804 525//804
f 524//805 529//805 527//805
f 523//806 531//806 524//806
f 533//807 531//807 523//807
f 524//808 531//808 529//808
f 530//809 526//809 528//809
f 532//810 525//810 526//810
f 532//811 534//811 525//811
f 532//812 526//812 530//812
g TRI-AMA-PORT-BULKHEAD-02 | Bulkhead | nominal plywood 20 mm
f 535//813 536//813 537//813
f 537//814 536//814 538//814
f 536//815 539//815 538//815
f 538//816 539//816 540//816
f 539//817 541//817 540//817
f 540//818 541//818 542//818
f 541//819 543//819 542//819
f 542//820 543//820 544//820
f 543//821 545//821 544//821
f 544//822 545//822 546//822
f 545//823 535//823 546//823
f 546//824 535//824 537//824
f 536//825 541//825 539//825
f 535//826 543//826 536//826
f 545//827 543//827 535//827
f 536//828 543//828 541//828
f 542//829 538//829 540//829
f 544//830 537//830 538//830
f 544//831 546//831 537//831
f 544//832 538//832 542//832
g TRI-AMA-PORT-BULKHEAD-03 | Bulkhead | nominal plywood 20 mm
f 547//833 548//833 549//833
f 549//834 548//834 550//834
f 548//835 551//835 550//835
f 550//836 551//836 552//836
f 551//837 553//837 552//837
f 552//838 553//838 554//838
f 553//839 555//839 554//839
f 554//840 555//840 556//840
f 555//841 557//841 556//841
f 556//842 557//842 558//842
f 557//843 547//843 558//843
f 558//844 547//844 549//844
f 548//845 553//845 551//845
f 547//846 555//846 548//846
f 557//847 555//847 547//847
f 548//848 555//848 553//848
f 554//849 550//849 552//849
f 556//850 549//850 550//850
f 556//851 558//851 549//851
f 556//852 550//852 554//852
g TRI-AMA-PORT-BULKHEAD-04 | Bulkhead | nominal plywood 20 mm
f 559//853 560//853 561//853
f 561//854 560//854 562//854
f 560//855 563//855 562//855
f 560//856 564//856 563//856
f 564//857 565//857 563//857
f 563//858 565//858 566//858
f 565//859 567//859 566//859
f 565//860 568//860 567//860
f 568//861 559//861 567//861
f 567//862 559//862 561//862
f 559//863 568//863 560//863
f 560//864 565//864 564//864
f 568//865 565//865 560//865
f 567//866 561//866 562//866
f 566//867 562//867 563//867
f 566//868 567//868 562//868
g TRI-AMA-PORT-DECK-01 | Deck | nominal plywood 20 mm
f 569//869 570//869 571//869
f 571//870 570//870 572//870
f 570//871 573//871 572//871
f 572//872 573//872 574//872
f 573//873 575//873 574//873
f 574//874 575//874 576//874
f 575//875 569//875 576//875
f 576//876 569//876 571//876
f 569//877 573//877 570//877
f 575//878 573//878 569//878
f 574//879 571//879 572//879
f 574//880 576//880 571//880
g TRI-AMA-PORT-DECK-02 | Deck | nominal plywood 20 mm
f 577//881 578//881 579//881
f 579//882 578//882 580//882
f 578//883 581//883 580//883
f 580//884 581//884 582//884
f 581//885 583//885 582//885
f 582//886 583//886 584//886
f 583//887 577//887 584//887
f 584//888 577//888 579//888
f 577//889 581//889 578//889
f 583//890 581//890 577//890
f 582//891 579//891 580//891
f 582//892 584//892 579//892
g TRI-AMA-PORT-DECK-03 | Deck | nominal plywood 20 mm
f 585//893 586//893 587//893
f 587//894 586//894 588//894
f 586//895 589//895 588//895
f 588//896 589//896 590//896
f 589//897 591//897 590//897
f 590//898 591//898 592//898
f 591//899 585//899 592//899
f 592//900 585//900 587//900
f 585//901 589//901 586//901
f 591//902 589//902 585//902
f 590//903 587//903 588//903
f 590//904 592//904 587//904
g TRI-AMA-PORT-DECK-04 | Deck | nominal plywood 20 mm
f 593//905 594//905 595//905
f 595//906 594//906 596//906
f 594//907 597//907 596//907
f 596//908 597//908 598//908
f 597//909 599//909 598//909
f 598//910 599//910 600//910
f 599//911 593//911 600//911
f 600//912 593//912 595//912
f 593//913 597//913 594//913
f 599//914 597//914 593//914
f 598//915 595//915 596//915
f 598//916 600//916 595//916
g TRI-AMA-PORT-DECK-05 | Deck | nominal plywood 20 mm
f 601//917 602//917 603//917
f 603//918 602//918 604//918
f 602//919 605//919 604//919
f 604//920 605//920 606//920
f 605//921 601//921 606//921
f 606//922 601//922 603//922
f 605//923 602//923 601//923
f 604//924 606//924 603//924
g TRI-AMA-STARBOARD-BOTTOM-01 | BottomFlat | nominal plywood 20 mm
f 607//925 608//925 609//925
f 609//926 608//926 610//926
f 608//927 611//927 610//927
f 610//928 611//928 612//928
f 611//929 613//929 612//929
f 612//930 613//930 614//930
f 613//931 607//931 614//931
f 614//932 607//932 609//932
f 607//933 611//933 608//933
f 613//934 611//934 607//934
f 612//935 609//935 610//935
f 612//936 614//936 609//936
g TRI-AMA-STARBOARD-CHINE-PORT-01 | ChinePort | nominal plywood 20 mm
f 615//937 616//937 617//937
f 615//938 617//938 618//938
f 619//939 615//939 618//939
f 620//940 615//940 619//940
f 621//941 620//941 619//941
f 621//942 619//942 622//942
f 616//943 621//943 622//943
f 616//944 622//944 617//944
f 621//945 616//945 615//945
f 621//946 615//946 620//946
f 617//947 622//947 618//947
f 618//948 622//948 619//948
g TRI-AMA-STARBOARD-CHINE-STARBOARD-01 | ChineStarboard | nominal plywood 20 mm
f 623//949 624//949 625//949
f 626//950 624//950 623//950
f 627//951 626//951 623//951
f 627//952 623//952 628//952
f 629//953 627//953 628//953
f 629//954 628//954 630//954
f 624//955 629//955 630//955
f 624//956 630//956 625//956
f 626//957 627//957 629//957
f 624//958 626//958 629//958
f 628//959 623//959 630//959
f 623//960 625//960 630//960
g TRI-AMA-STARBOARD-SIDE-PORT-01 | SidePort | nominal plywood 20 mm
f 631//961 632//961 633//961
f 631//962 633//962 634//962
f 635//963 631//963 634//963
f 636//964 631//964 635//964
f 637//965 636//965 635//965
f 637//966 635//966 638//966
f 632//967 637//967 638//967
f 632//968 638//968 633//968
f 631//969 636//969 637//969
f 631//970 637//970 632//970
f 635//971 634//971 638//971
f 638//972 634//972 633//972
g TRI-AMA-STARBOARD-SIDE-STARBOARD-01 | SideStarboard | nominal plywood 20 mm
f 639//973 640//973 641//973
f 642//974 640//974 639//974
f 643//975 642//975 639//975
f 643//976 639//976 644//976
f 645//977 643//977 644//977
f 645//978 644//978 646//978
f 640//979 645//979 646//979
f 640//980 646//980 641//980
f 643//981 640//981 642//981
f 643//982 645//982 640//982
f 641//983 644//983 639//983
f 646//984 644//984 641//984
g TRI-AMA-STARBOARD-BOTTOM-02 | BottomFlat | nominal plywood 20 mm
f 647//985 648//985 649//985
f 649//986 648//986 650//986
f 648//987 651//987 650//987
f 650//988 651//988 652//988
f 651//989 653//989 652//989
f 652//990 653//990 654//990
f 653//991 647//991 654//991
f 654//992 647//992 649//992
f 653//993 648//993 647//993
f 653//994 651//994 648//994
f 650//995 654//995 649//995
f 652//996 654//996 650//996
g TRI-AMA-STARBOARD-CHINE-PORT-02 | ChinePort | nominal plywood 20 mm
f 655//997 656//997 657//997
f 655//998 657//998 658//998
f 659//999 655//999 658//999
f 660//1000 655//1000 659//1000
f 661//1001 660//1001 659//1001
f 661//1002 659//1002 662//1002
f 656//1003 661//1003 662//1003
f 656//1004 662//1004 657//1004
f 656//1005 655//1005 660//1005
f 661//1006 656//1006 660//1006
f 658//1007 657//1007 659//1007
f 657//1008 662//1008 659//1008
g TRI-AMA-STARBOARD-CHINE-STARBOARD-02 | ChineStarboard | nominal plywood 20 mm
f 663//1009 664//1009 665//1009
f 666//1010 664//1010 663//1010
f 667//1011 666//1011 663//1011
f 667//1012 663//1012 668//1012
f 669//1013 667//1013 668//1013
f 669//1014 668//1014 670//1014
f 664//1015 669//1015 670//1015
f 664//1016 670//1016 665//1016
f 666//1017 667//1017 669//1017
f 664//1018 666//1018 669//1018
f 668//1019 663//1019 670//1019
f 663//1020 665//1020 670//1020
g TRI-AMA-STARBOARD-SIDE-PORT-02 | SidePort | nominal plywood 20 mm
f 671//1021 672//1021 673//1021
f 671//1022 673//1022 674//1022
f 675//1023 671//1023 674//1023
f 676//1024 671//1024 675//1024
f 677//1025 676//1025 675//1025
f 677//1026 675//1026 678//1026
f 672//1027 677//1027 678//1027
f 672//1028 678//1028 673//1028
f 671//1029 676//1029 677//1029
f 671//1030 677//1030 672//1030
f 675//1031 674//1031 678//1031
f 678//1032 674//1032 673//1032
g TRI-AMA-STARBOARD-SIDE-STARBOARD-02 | SideStarboard | nominal plywood 20 mm
f 679//1033 680//1033 681//1033
f 682//1034 680//1034 679//1034
f 683//1035 682//1035 679//1035
f 683//1036 679//1036 684//1036
f 685//1037 683//1037 684//1037
f 685//1038 684//1038 686//1038
f 680//1039 685//1039 686//1039
f 680//1040 686//1040 681//1040
f 683//1041 680//1041 682//1041
f 683//1042 685//1042 680//1042
f 681//1043 684//1043 679//1043
f 686//1044 684//1044 681//1044
g TRI-AMA-STARBOARD-BOTTOM-03 | BottomFlat | nominal plywood 20 mm
f 687//1045 688//1045 689//1045
f 689//1046 688//1046 690//1046
f 688//1047 691//1047 690//1047
f 690//1048 691//1048 692//1048
f 691//1049 693//1049 692//1049
f 692//1050 693//1050 694//1050
f 693//1051 687//1051 694//1051
f 694//1052 687//1052 689//1052
f 693//1053 688//1053 687//1053
f 693//1054 691//1054 688//1054
f 690//1055 694//1055 689//1055
f 692//1056 694//1056 690//1056
g TRI-AMA-STARBOARD-CHINE-PORT-03 | ChinePort | nominal plywood 20 mm
f 695//1057 696//1057 697//1057
f 695//1058 697//1058 698//1058
f 699//1059 695//1059 698//1059
f 700//1060 695//1060 699//1060
f 701//1061 700//1061 699//1061
f 701//1062 699//1062 702//1062
f 696//1063 701//1063 702//1063
f 696//1064 702//1064 697//1064
f 696//1065 695//1065 700//1065
f 701//1066 696//1066 700//1066
f 698//1067 697//1067 699//1067
f 697//1068 702//1068 699//1068
g TRI-AMA-STARBOARD-CHINE-STARBOARD-03 | ChineStarboard | nominal plywood 20 mm
f 703//1069 704//1069 705//1069
f 706//1070 704//1070 703//1070
f 707//1071 706//1071 703//1071
f 707//1072 703//1072 708//1072
f 709//1073 707//1073 708//1073
f 709//1074 708//1074 710//1074
f 704//1075 709//1075 710//1075
f 704//1076 710//1076 705//1076
f 706//1077 707//1077 709//1077
f 704//1078 706//1078 709//1078
f 708//1079 703//1079 710//1079
f 703//1080 705//1080 710//1080
g TRI-AMA-STARBOARD-SIDE-PORT-03 | SidePort | nominal plywood 20 mm
f 711//1081 712//1081 713//1081
f 711//1082 713//1082 714//1082
f 715//1083 711//1083 714//1083
f 716//1084 711//1084 715//1084
f 717//1085 716//1085 715//1085
f 717//1086 715//1086 718//1086
f 712//1087 717//1087 718//1087
f 712//1088 718//1088 713//1088
f 711//1089 716//1089 717//1089
f 711//1090 717//1090 712//1090
f 715//1091 714//1091 718//1091
f 718//1092 714//1092 713//1092
g TRI-AMA-STARBOARD-SIDE-STARBOARD-03 | SideStarboard | nominal plywood 20 mm
f 719//1093 720//1093 721//1093
f 722//1094 720//1094 719//1094
f 723//1095 722//1095 719//1095
f 723//1096 719//1096 724//1096
f 725//1097 723//1097 724//1097
f 725//1098 724//1098 726//1098
f 720//1099 725//1099 726//1099
f 720//1100 726//1100 721//1100
f 723//1101 720//1101 722//1101
f 723//1102 725//1102 720//1102
f 721//1103 724//1103 719//1103
f 726//1104 724//1104 721//1104
g TRI-AMA-STARBOARD-BOTTOM-04 | BottomFlat | nominal plywood 20 mm
f 727//1105 728//1105 729//1105
f 729//1106 728//1106 730//1106
f 728//1107 731//1107 730//1107
f 728//1108 732//1108 731//1108
f 732//1109 727//1109 731//1109
f 731//1110 727//1110 729//1110
f 732//1111 728//1111 727//1111
f 730//1112 731//1112 729//1112
g TRI-AMA-STARBOARD-CHINE-PORT-04 | ChinePort | nominal plywood 20 mm
f 733//1113 734//1113 735//1113
f 736//1114 734//1114 733//1114
f 736//1115 733//1115 737//1115
f 738//1116 736//1116 737//1116
f 739//1117 738//1117 737//1117
f 740//1118 738//1118 739//1118
f 735//1119 740//1119 739//1119
f 734//1120 740//1120 735//1120
f 734//1121 736//1121 738//1121
f 740//1122 734//1122 738//1122
f 733//1123 735//1123 737//1123
f 735//1124 739//1124 737//1124
g TRI-AMA-STARBOARD-CHINE-STARBOARD-04 | ChineStarboard | nominal plywood 20 mm
f 741//1125 742//1125 743//1125
f 744//1126 742//1126 741//1126
f 745//1127 744//1127 741//1127
f 746//1128 744//1128 745//1128
f 747//1129 746//1129 745//1129
f 747//1130 745//1130 748//1130
f 743//1131 747//1131 748//1131
f 742//1132 747//1132 743//1132
f 742//1133 744//1133 746//1133
f 742//1134 746//1134 747//1134
f 741//1135 743//1135 745//1135
f 745//1136 743//1136 748//1136
g TRI-AMA-STARBOARD-SIDE-PORT-04 | SidePort | nominal plywood 20 mm
f 749//1137 750//1137 751//1137
f 749//1138 751//1138 752//1138
f 753//1139 749//1139 752//1139
f 754//1140 749//1140 753//1140
f 755//1141 754//1141 753//1141
f 756//1142 754//1142 755//1142
f 751//1143 756//1143 755//1143
f 750//1144 756//1144 751//1144
f 750//1145 749//1145 754//1145
f 750//1146 754//1146 756//1146
f 752//1147 751//1147 753//1147
f 753//1148 751//1148 755//1148
g TRI-AMA-STARBOARD-SIDE-STARBOARD-04 | SideStarboard | nominal plywood 20 mm
f 757//1149 758//1149 759//1149
f 757//1150 759//1150 760//1150
f 761//1151 757//1151 760//1151
f 761//1152 760//1152 762//1152
f 763//1153 761//1153 762//1153
f 764//1154 761//1154 763//1154
f 759//1155 764//1155 763//1155
f 758//1156 764//1156 759//1156
f 761//1157 758//1157 757//1157
f 764//1158 758//1158 761//1158
f 759//1159 762//1159 760//1159
f 759//1160 763//1160 762//1160
g TRI-AMA-STARBOARD-TRANSOM-01 | Transom | nominal plywood 20 mm
f 765//1161 766//1161 767//1161
f 767//1162 766//1162 768//1162
f 766//1163 769//1163 768//1163
f 768//1164 769//1164 770//1164
f 769//1165 771//1165 770//1165
f 769//1166 772//1166 771//1166
f 772//1167 773//1167 771//1167
f 771//1168 773//1168 774//1168
f 773//1169 775//1169 774//1169
f 774//1170 775//1170 776//1170
f 775//1171 765//1171 776//1171
f 776//1172 765//1172 767//1172
f 766//1173 772//1173 769//1173
f 765//1174 773//1174 766//1174
f 775//1175 773//1175 765//1175
f 766//1176 773//1176 772//1176
f 771//1177 768//1177 770//1177
f 774//1178 767//1178 768//1178
f 774//1179 776//1179 767//1179
f 774//1180 768//1180 771//1180
g TRI-AMA-STARBOARD-BULKHEAD-01 | Bulkhead | nominal plywood 20 mm
f 777//1181 778//1181 779//1181
f 779//1182 778//1182 780//1182
f 778//1183 781//1183 780//1183
f 780//1184 781//1184 782//1184
f 781//1185 783//1185 782//1185
f 782//1186 783//1186 784//1186
f 783//1187 785//1187 784//1187
f 784//1188 785//1188 786//1188
f 785//1189 787//1189 786//1189
f 786//1190 787//1190 788//1190
f 787//1191 777//1191 788//1191
f 788//1192 777//1192 779//1192
f 778//1193 783//1193 781//1193
f 777//1194 785//1194 778//1194
f 787//1195 785//1195 777//1195
f 778//1196 785//1196 783//1196
f 784//1197 780//1197 782//1197
f 786//1198 779//1198 780//1198
f 786//1199 788//1199 779//1199
f 786//1200 780//1200 784//1200
g TRI-AMA-STARBOARD-BULKHEAD-02 | Bulkhead | nominal plywood 20 mm
f 789//1201 790//1201 791//1201
f 791//1202 790//1202 792//1202
f 790//1203 793//1203 792//1203
f 792//1204 793//1204 794//1204
f 793//1205 795//1205 794//1205
f 794//1206 795//1206 796//1206
f 795//1207 797//1207 796//1207
f 796//1208 797//1208 798//1208
f 797//1209 799//1209 798//1209
f 798//1210 799//1210 800//1210
f 799//1211 789//1211 800//1211
f 800//1212 789//1212 791//1212
f 790//1213 795//1213 793//1213
f 789//1214 797//1214 790//1214
f 799//1215 797//1215 789//1215
f 790//1216 797//1216 795//1216
f 796//1217 792//1217 794//1217
f 798//1218 791//1218 792//1218
f 798//1219 800//1219 791//1219
f 798//1220 792//1220 796//1220
g TRI-AMA-STARBOARD-BULKHEAD-03 | Bulkhead | nominal plywood 20 mm
f 801//1221 802//1221 803//1221
f 803//1222 802//1222 804//1222
f 802//1223 805//1223 804//1223
f 804//1224 805//1224 806//1224
f 805//1225 807//1225 806//1225
f 806//1226 807//1226 808//1226
f 807//1227 809//1227 808//1227
f 808//1228 809//1228 810//1228
f 809//1229 811//1229 810//1229
f 810//1230 811//1230 812//1230
f 811//1231 801//1231 812//1231
f 812//1232 801//1232 803//1232
f 802//1233 807//1233 805//1233
f 801//1234 809//1234 802//1234
f 811//1235 809//1235 801//1235
f 802//1236 809//1236 807//1236
f 808//1237 804//1237 806//1237
f 810//1238 803//1238 804//1238
f 810//1239 812//1239 803//1239
f 810//1240 804//1240 808//1240
g TRI-AMA-STARBOARD-BULKHEAD-04 | Bulkhead | nominal plywood 20 mm
f 813//1241 814//1241 815//1241
f 815//1242 814//1242 816//1242
f 814//1243 817//1243 816//1243
f 814//1244 818//1244 817//1244
f 818//1245 819//1245 817//1245
f 817//1246 819//1246 820//1246
f 819//1247 821//1247 820//1247
f 819//1248 822//1248 821//1248
f 822//1249 813//1249 821//1249
f 821//1250 813//1250 815//1250
f 813//1251 822//1251 814//1251
f 814//1252 819//1252 818//1252
f 822//1253 819//1253 814//1253
f 821//1254 815//1254 816//1254
f 820//1255 816//1255 817//1255
f 820//1256 821//1256 816//1256
g TRI-AMA-STARBOARD-DECK-01 | Deck | nominal plywood 20 mm
f 823//1257 824//1257 825//1257
f 825//1258 824//1258 826//1258
f 824//1259 827//1259 826//1259
f 826//1260 827//1260 828//1260
f 827//1261 829//1261 828//1261
f 828//1262 829//1262 830//1262
f 829//1263 823//1263 830//1263
f 830//1264 823//1264 825//1264
f 823//1265 827//1265 824//1265
f 829//1266 827//1266 823//1266
f 828//1267 825//1267 826//1267
f 828//1268 830//1268 825//1268
g TRI-AMA-STARBOARD-DECK-02 | Deck | nominal plywood 20 mm
f 831//1269 832//1269 833//1269
f 833//1270 832//1270 834//1270
f 832//1271 835//1271 834//1271
f 834//1272 835//1272 836//1272
f 835//1273 837//1273 836//1273
f 836//1274 837//1274 838//1274
f 837//1275 831//1275 838//1275
f 838//1276 831//1276 833//1276
f 831//1277 835//1277 832//1277
f 837//1278 835//1278 831//1278
f 836//1279 833//1279 834//1279
f 836//1280 838//1280 833//1280
g TRI-AMA-STARBOARD-DECK-03 | Deck | nominal plywood 20 mm
f 839//1281 840//1281 841//1281
f 841//1282 840//1282 842//1282
f 840//1283 843//1283 842//1283
f 842//1284 843//1284 844//1284
f 843//1285 845//1285 844//1285
f 844//1286 845//1286 846//1286
f 845//1287 839//1287 846//1287
f 846//1288 839//1288 841//1288
f 839//1289 843//1289 840//1289
f 845//1290 843//1290 839//1290
f 844//1291 841//1291 842//1291
f 844//1292 846//1292 841//1292
g TRI-AMA-STARBOARD-DECK-04 | Deck | nominal plywood 20 mm
f 847//1293 848//1293 849//1293
f 849//1294 848//1294 850//1294
f 848//1295 851//1295 850//1295
f 850//1296 851//1296 852//1296
f 851//1297 853//1297 852//1297
f 852//1298 853//1298 854//1298
f 853//1299 847//1299 854//1299
f 854//1300 847//1300 849//1300
f 847//1301 851//1301 848//1301
f 853//1302 851//1302 847//1302
f 852//1303 849//1303 850//1303
f 852//1304 854//1304 849//1304
g TRI-AMA-STARBOARD-DECK-05 | Deck | nominal plywood 20 mm
f 855//1305 856//1305 857//1305
f 857//1306 856//1306 858//1306
f 856//1307 859//1307 858//1307
f 858//1308 859//1308 860//1308
f 859//1309 855//1309 860//1309
f 860//1310 855//1310 857//1310
f 859//1311 856//1311 855//1311
f 858//1312 860//1312 857//1312
g TRIMARAN-CONNECTOR-PORT-01 | Connector | nominal plywood 20 mm
f 861//1313 862//1313 863//1313
f 863//1314 862//1314 864//1314
f 862//1315 865//1315 864//1315
f 864//1316 865//1316 866//1316
f 865//1317 867//1317 866//1317
f 866//1318 867//1318 868//1318
f 867//1319 861//1319 868//1319
f 868//1320 861//1320 863//1320
f 861//1321 865//1321 862//1321
f 867//1322 865//1322 861//1322
f 866//1323 863//1323 864//1323
f 866//1324 868//1324 863//1324
g TRIMARAN-CONNECTOR-STARBOARD-01 | Connector | nominal plywood 20 mm
f 869//1325 870//1325 871//1325
f 871//1326 870//1326 872//1326
f 870//1327 873//1327 872//1327
f 872//1328 873//1328 874//1328
f 873//1329 875//1329 874//1329
f 874//1330 875//1330 876//1330
f 875//1331 869//1331 876//1331
f 876//1332 869//1332 871//1332
f 869//1333 873//1333 870//1333
f 875//1334 873//1334 869//1334
f 874//1335 871//1335 872//1335
f 874//1336 876//1336 871//1336
g TRIMARAN-CONNECTOR-PORT-02 | Connector | nominal plywood 20 mm
f 877//1337 878//1337 879//1337
f 879//1338 878//1338 880//1338
f 878//1339 881//1339 880//1339
f 880//1340 881//1340 882//1340
f 881//1341 883//1341 882//1341
f 882//1342 883//1342 884//1342
f 883//1343 877//1343 884//1343
f 884//1344 877//1344 879//1344
f 877//1345 881//1345 878//1345
f 883//1346 881//1346 877//1346
f 882//1347 879//1347 880//1347
f 882//1348 884//1348 879//1348
g TRIMARAN-CONNECTOR-STARBOARD-02 | Connector | nominal plywood 20 mm
f 885//1349 886//1349 887//1349
f 887//1350 886//1350 888//1350
f 886//1351 889//1351 888//1351
f 888//1352 889//1352 890//1352
f 889//1353 891//1353 890//1353
f 890//1354 891//1354 892//1354
f 891//1355 885//1355 892//1355
f 892//1356 885//1356 887//1356
f 885//1357 889//1357 886//1357
f 891//1358 889//1358 885//1358
f 890//1359 887//1359 888//1359
f 890//1360 892//1360 887//1360
g TRIMARAN-CONNECTOR-PORT-03 | Connector | nominal plywood 20 mm
f 893//1361 894//1361 895//1361
f 895//1362 894//1362 896//1362
f 894//1363 897//1363 896//1363
f 896//1364 897//1364 898//1364
f 897//1365 899//1365 898//1365
f 898//1366 899//1366 900//1366
f 899//1367 893//1367 900//1367
f 900//1368 893//1368 895//1368
f 893//1369 897//1369 894//1369
f 899//1370 897//1370 893//1370
f 898//1371 895//1371 896//1371
f 898//1372 900//1372 895//1372
g TRIMARAN-CONNECTOR-STARBOARD-03 | Connector | nominal plywood 20 mm
f 901//1373 902//1373 903//1373
f 903//1374 902//1374 904//1374
f 902//1375 905//1375 904//1375
f 904//1376 905//1376 906//1376
f 905//1377 907//1377 906//1377
f 906//1378 907//1378 908//1378
f 907//1379 901//1379 908//1379
f 908//1380 901//1380 903//1380
f 901//1381 905//1381 902//1381
f 907//1382 905//1382 901//1382
f 906//1383 903//1383 904//1383
f 906//1384 908//1384 903//1384
g TRIMARAN-CONNECTOR-PORT-04 | Connector | nominal plywood 20 mm
f 909//1385 910//1385 911//1385
f 911//1386 910//1386 912//1386
f 910//1387 913//1387 912//1387
f 912//1388 913//1388 914//1388
f 913//1389 915//1389 914//1389
f 914//1390 915//1390 916//1390
f 915//1391 909//1391 916//1391
f 916//1392 909//1392 911//1392
f 909//1393 913//1393 910//1393
f 915//1394 913//1394 909//1394
f 914//1395 911//1395 912//1395
f 914//1396 916//1396 911//1396
g TRIMARAN-CONNECTOR-STARBOARD-04 | Connector | nominal plywood 20 mm
f 917//1397 918//1397 919//1397
f 919//1398 918//1398 920//1398
f 918//1399 921//1399 920//1399
f 920//1400 921//1400 922//1400
f 921//1401 923//1401 922//1401
f 922//1402 923//1402 924//1402
f 923//1403 917//1403 924//1403
f 924//1404 917//1404 919//1404
f 917//1405 921//1405 918//1405
f 923//1406 921//1406 917//1406
f 922//1407 919//1407 920//1407
f 922//1408 924//1408 919//1408
