ISO-10303-21;
HEADER;
FILE_DESCRIPTION(('FreeCAD Model'),'2;1');
FILE_NAME('Open CASCADE Shape Model','2026-09-17T20:40:09',(''),(''),
  'Open CASCADE STEP processor 7.8','FreeCAD','Unknown');
FILE_SCHEMA(('AUTOMOTIVE_DESIGN { 1 0 10303 214 1 1 1 1 }'));
ENDSEC;
DATA;
#1 = APPLICATION_PROTOCOL_DEFINITION('international standard',
  'automotive_design',2000,#2);
#2 = APPLICATION_CONTEXT(
  'core data for automotive mechanical design processes');
#3 = SHAPE_DEFINITION_REPRESENTATION(#4,#10);
#4 = PRODUCT_DEFINITION_SHAPE('','',#5);
#5 = PRODUCT_DEFINITION('design','',#6,#9);
#6 = PRODUCT_DEFINITION_FORMATION('','',#7);
#7 = PRODUCT('Trimaran_900x552','Trimaran_900x552','',(#8));
#8 = PRODUCT_CONTEXT('',#2,'mechanical');
#9 = PRODUCT_DEFINITION_CONTEXT('part definition',#2,'design');
#10 = SHAPE_REPRESENTATION('',(#11,#15,#19,#23,#27,#31,#35,#39,#43,#47,
    #51,#55,#59,#63,#67,#71,#75,#79,#83,#87,#91,#95,#99,#103,#107,#111,
    #115,#119,#123,#127,#131,#135,#139,#143,#147,#151,#155,#159,#163,
    #167,#171,#175,#179,#183,#187,#191,#195,#199,#203,#207,#211,#215,
    #219,#223,#227,#231,#235,#239,#243,#247,#251,#255,#259,#263,#267,
    #271,#275,#279,#283,#287,#291,#295,#299,#303,#307,#311,#315,#319,
    #323,#327,#331,#335,#339,#343,#347,#351,#355,#359,#363,#367,#371,
    #375,#379,#383,#387,#391,#395,#399,#403,#407,#411,#415,#419,#423,
    #427,#431,#435,#439,#443,#447,#451),#455);
#11 = AXIS2_PLACEMENT_3D('',#12,#13,#14);
#12 = CARTESIAN_POINT('',(0.,0.,0.));
#13 = DIRECTION('',(0.,0.,1.));
#14 = DIRECTION('',(1.,0.,-0.));
#15 = AXIS2_PLACEMENT_3D('',#16,#17,#18);
#16 = CARTESIAN_POINT('',(0.,0.,0.));
#17 = DIRECTION('',(0.,0.,1.));
#18 = DIRECTION('',(1.,0.,0.));
#19 = AXIS2_PLACEMENT_3D('',#20,#21,#22);
#20 = CARTESIAN_POINT('',(0.,0.,0.));
#21 = DIRECTION('',(0.,0.,1.));
#22 = DIRECTION('',(1.,0.,0.));
#23 = AXIS2_PLACEMENT_3D('',#24,#25,#26);
#24 = CARTESIAN_POINT('',(0.,0.,0.));
#25 = DIRECTION('',(0.,0.,1.));
#26 = DIRECTION('',(1.,0.,0.));
#27 = AXIS2_PLACEMENT_3D('',#28,#29,#30);
#28 = CARTESIAN_POINT('',(0.,0.,0.));
#29 = DIRECTION('',(0.,0.,1.));
#30 = DIRECTION('',(1.,0.,0.));
#31 = AXIS2_PLACEMENT_3D('',#32,#33,#34);
#32 = CARTESIAN_POINT('',(0.,0.,0.));
#33 = DIRECTION('',(0.,0.,1.));
#34 = DIRECTION('',(1.,0.,0.));
#35 = AXIS2_PLACEMENT_3D('',#36,#37,#38);
#36 = CARTESIAN_POINT('',(0.,0.,0.));
#37 = DIRECTION('',(0.,0.,1.));
#38 = DIRECTION('',(1.,0.,0.));
#39 = AXIS2_PLACEMENT_3D('',#40,#41,#42);
#40 = CARTESIAN_POINT('',(0.,0.,0.));
#41 = DIRECTION('',(0.,0.,1.));
#42 = DIRECTION('',(1.,0.,0.));
#43 = AXIS2_PLACEMENT_3D('',#44,#45,#46);
#44 = CARTESIAN_POINT('',(0.,0.,0.));
#45 = DIRECTION('',(0.,0.,1.));
#46 = DIRECTION('',(1.,0.,0.));
#47 = AXIS2_PLACEMENT_3D('',#48,#49,#50);
#48 = CARTESIAN_POINT('',(0.,0.,0.));
#49 = DIRECTION('',(0.,0.,1.));
#50 = DIRECTION('',(1.,0.,0.));
#51 = AXIS2_PLACEMENT_3D('',#52,#53,#54);
#52 = CARTESIAN_POINT('',(0.,0.,0.));
#53 = DIRECTION('',(0.,0.,1.));
#54 = DIRECTION('',(1.,0.,0.));
#55 = AXIS2_PLACEMENT_3D('',#56,#57,#58);
#56 = CARTESIAN_POINT('',(0.,0.,0.));
#57 = DIRECTION('',(0.,0.,1.));
#58 = DIRECTION('',(1.,0.,0.));
#59 = AXIS2_PLACEMENT_3D('',#60,#61,#62);
#60 = CARTESIAN_POINT('',(0.,0.,0.));
#61 = DIRECTION('',(0.,0.,1.));
#62 = DIRECTION('',(1.,0.,0.));
#63 = AXIS2_PLACEMENT_3D('',#64,#65,#66);
#64 = CARTESIAN_POINT('',(0.,0.,0.));
#65 = DIRECTION('',(0.,0.,1.));
#66 = DIRECTION('',(1.,0.,0.));
#67 = AXIS2_PLACEMENT_3D('',#68,#69,#70);
#68 = CARTESIAN_POINT('',(0.,0.,0.));
#69 = DIRECTION('',(0.,0.,1.));
#70 = DIRECTION('',(1.,0.,0.));
#71 = AXIS2_PLACEMENT_3D('',#72,#73,#74);
#72 = CARTESIAN_POINT('',(0.,0.,0.));
#73 = DIRECTION('',(0.,0.,1.));
#74 = DIRECTION('',(1.,0.,0.));
#75 = AXIS2_PLACEMENT_3D('',#76,#77,#78);
#76 = CARTESIAN_POINT('',(0.,0.,0.));
#77 = DIRECTION('',(0.,0.,1.));
#78 = DIRECTION('',(1.,0.,0.));
#79 = AXIS2_PLACEMENT_3D('',#80,#81,#82);
#80 = CARTESIAN_POINT('',(0.,0.,0.));
#81 = DIRECTION('',(0.,0.,1.));
#82 = DIRECTION('',(1.,0.,0.));
#83 = AXIS2_PLACEMENT_3D('',#84,#85,#86);
#84 = CARTESIAN_POINT('',(0.,0.,0.));
#85 = DIRECTION('',(0.,0.,1.));
#86 = DIRECTION('',(1.,0.,0.));
#87 = AXIS2_PLACEMENT_3D('',#88,#89,#90);
#88 = CARTESIAN_POINT('',(0.,0.,0.));
#89 = DIRECTION('',(0.,0.,1.));
#90 = DIRECTION('',(1.,0.,0.));
#91 = AXIS2_PLACEMENT_3D('',#92,#93,#94);
#92 = CARTESIAN_POINT('',(0.,0.,0.));
#93 = DIRECTION('',(0.,0.,1.));
#94 = DIRECTION('',(1.,0.,0.));
#95 = AXIS2_PLACEMENT_3D('',#96,#97,#98);
#96 = CARTESIAN_POINT('',(0.,0.,0.));
#97 = DIRECTION('',(0.,0.,1.));
#98 = DIRECTION('',(1.,0.,0.));
#99 = AXIS2_PLACEMENT_3D('',#100,#101,#102);
#100 = CARTESIAN_POINT('',(0.,0.,0.));
#101 = DIRECTION('',(0.,0.,1.));
#102 = DIRECTION('',(1.,0.,0.));
#103 = AXIS2_PLACEMENT_3D('',#104,#105,#106);
#104 = CARTESIAN_POINT('',(0.,0.,0.));
#105 = DIRECTION('',(0.,0.,1.));
#106 = DIRECTION('',(1.,0.,0.));
#107 = AXIS2_PLACEMENT_3D('',#108,#109,#110);
#108 = CARTESIAN_POINT('',(0.,0.,0.));
#109 = DIRECTION('',(0.,0.,1.));
#110 = DIRECTION('',(1.,0.,0.));
#111 = AXIS2_PLACEMENT_3D('',#112,#113,#114);
#112 = CARTESIAN_POINT('',(0.,0.,0.));
#113 = DIRECTION('',(0.,0.,1.));
#114 = DIRECTION('',(1.,0.,0.));
#115 = AXIS2_PLACEMENT_3D('',#116,#117,#118);
#116 = CARTESIAN_POINT('',(0.,0.,0.));
#117 = DIRECTION('',(0.,0.,1.));
#118 = DIRECTION('',(1.,0.,0.));
#119 = AXIS2_PLACEMENT_3D('',#120,#121,#122);
#120 = CARTESIAN_POINT('',(0.,0.,0.));
#121 = DIRECTION('',(0.,0.,1.));
#122 = DIRECTION('',(1.,0.,0.));
#123 = AXIS2_PLACEMENT_3D('',#124,#125,#126);
#124 = CARTESIAN_POINT('',(0.,0.,0.));
#125 = DIRECTION('',(0.,0.,1.));
#126 = DIRECTION('',(1.,0.,0.));
#127 = AXIS2_PLACEMENT_3D('',#128,#129,#130);
#128 = CARTESIAN_POINT('',(0.,0.,0.));
#129 = DIRECTION('',(0.,0.,1.));
#130 = DIRECTION('',(1.,0.,0.));
#131 = AXIS2_PLACEMENT_3D('',#132,#133,#134);
#132 = CARTESIAN_POINT('',(0.,0.,0.));
#133 = DIRECTION('',(0.,0.,1.));
#134 = DIRECTION('',(1.,0.,0.));
#135 = AXIS2_PLACEMENT_3D('',#136,#137,#138);
#136 = CARTESIAN_POINT('',(0.,0.,0.));
#137 = DIRECTION('',(0.,0.,1.));
#138 = DIRECTION('',(1.,0.,0.));
#139 = AXIS2_PLACEMENT_3D('',#140,#141,#142);
#140 = CARTESIAN_POINT('',(0.,0.,0.));
#141 = DIRECTION('',(0.,0.,1.));
#142 = DIRECTION('',(1.,0.,0.));
#143 = AXIS2_PLACEMENT_3D('',#144,#145,#146);
#144 = CARTESIAN_POINT('',(0.,0.,0.));
#145 = DIRECTION('',(0.,0.,1.));
#146 = DIRECTION('',(1.,0.,0.));
#147 = AXIS2_PLACEMENT_3D('',#148,#149,#150);
#148 = CARTESIAN_POINT('',(0.,0.,0.));
#149 = DIRECTION('',(0.,0.,1.));
#150 = DIRECTION('',(1.,0.,0.));
#151 = AXIS2_PLACEMENT_3D('',#152,#153,#154);
#152 = CARTESIAN_POINT('',(0.,0.,0.));
#153 = DIRECTION('',(0.,0.,1.));
#154 = DIRECTION('',(1.,0.,0.));
#155 = AXIS2_PLACEMENT_3D('',#156,#157,#158);
#156 = CARTESIAN_POINT('',(0.,0.,0.));
#157 = DIRECTION('',(0.,0.,1.));
#158 = DIRECTION('',(1.,0.,0.));
#159 = AXIS2_PLACEMENT_3D('',#160,#161,#162);
#160 = CARTESIAN_POINT('',(0.,0.,0.));
#161 = DIRECTION('',(0.,0.,1.));
#162 = DIRECTION('',(1.,0.,0.));
#163 = AXIS2_PLACEMENT_3D('',#164,#165,#166);
#164 = CARTESIAN_POINT('',(0.,0.,0.));
#165 = DIRECTION('',(0.,0.,1.));
#166 = DIRECTION('',(1.,0.,0.));
#167 = AXIS2_PLACEMENT_3D('',#168,#169,#170);
#168 = CARTESIAN_POINT('',(0.,0.,0.));
#169 = DIRECTION('',(0.,0.,1.));
#170 = DIRECTION('',(1.,0.,0.));
#171 = AXIS2_PLACEMENT_3D('',#172,#173,#174);
#172 = CARTESIAN_POINT('',(0.,0.,0.));
#173 = DIRECTION('',(0.,0.,1.));
#174 = DIRECTION('',(1.,0.,0.));
#175 = AXIS2_PLACEMENT_3D('',#176,#177,#178);
#176 = CARTESIAN_POINT('',(0.,0.,0.));
#177 = DIRECTION('',(0.,0.,1.));
#178 = DIRECTION('',(1.,0.,0.));
#179 = AXIS2_PLACEMENT_3D('',#180,#181,#182);
#180 = CARTESIAN_POINT('',(0.,0.,0.));
#181 = DIRECTION('',(0.,0.,1.));
#182 = DIRECTION('',(1.,0.,0.));
#183 = AXIS2_PLACEMENT_3D('',#184,#185,#186);
#184 = CARTESIAN_POINT('',(0.,0.,0.));
#185 = DIRECTION('',(0.,0.,1.));
#186 = DIRECTION('',(1.,0.,0.));
#187 = AXIS2_PLACEMENT_3D('',#188,#189,#190);
#188 = CARTESIAN_POINT('',(0.,0.,0.));
#189 = DIRECTION('',(0.,0.,1.));
#190 = DIRECTION('',(1.,0.,0.));
#191 = AXIS2_PLACEMENT_3D('',#192,#193,#194);
#192 = CARTESIAN_POINT('',(0.,0.,0.));
#193 = DIRECTION('',(0.,0.,1.));
#194 = DIRECTION('',(1.,0.,0.));
#195 = AXIS2_PLACEMENT_3D('',#196,#197,#198);
#196 = CARTESIAN_POINT('',(0.,0.,0.));
#197 = DIRECTION('',(0.,0.,1.));
#198 = DIRECTION('',(1.,0.,0.));
#199 = AXIS2_PLACEMENT_3D('',#200,#201,#202);
#200 = CARTESIAN_POINT('',(0.,0.,0.));
#201 = DIRECTION('',(0.,0.,1.));
#202 = DIRECTION('',(1.,0.,0.));
#203 = AXIS2_PLACEMENT_3D('',#204,#205,#206);
#204 = CARTESIAN_POINT('',(0.,0.,0.));
#205 = DIRECTION('',(0.,0.,1.));
#206 = DIRECTION('',(1.,0.,0.));
#207 = AXIS2_PLACEMENT_3D('',#208,#209,#210);
#208 = CARTESIAN_POINT('',(0.,0.,0.));
#209 = DIRECTION('',(0.,0.,1.));
#210 = DIRECTION('',(1.,0.,0.));
#211 = AXIS2_PLACEMENT_3D('',#212,#213,#214);
#212 = CARTESIAN_POINT('',(0.,0.,0.));
#213 = DIRECTION('',(0.,0.,1.));
#214 = DIRECTION('',(1.,0.,0.));
#215 = AXIS2_PLACEMENT_3D('',#216,#217,#218);
#216 = CARTESIAN_POINT('',(0.,0.,0.));
#217 = DIRECTION('',(0.,0.,1.));
#218 = DIRECTION('',(1.,0.,0.));
#219 = AXIS2_PLACEMENT_3D('',#220,#221,#222);
#220 = CARTESIAN_POINT('',(0.,0.,0.));
#221 = DIRECTION('',(0.,0.,1.));
#222 = DIRECTION('',(1.,0.,0.));
#223 = AXIS2_PLACEMENT_3D('',#224,#225,#226);
#224 = CARTESIAN_POINT('',(0.,0.,0.));
#225 = DIRECTION('',(0.,0.,1.));
#226 = DIRECTION('',(1.,0.,0.));
#227 = AXIS2_PLACEMENT_3D('',#228,#229,#230);
#228 = CARTESIAN_POINT('',(0.,0.,0.));
#229 = DIRECTION('',(0.,0.,1.));
#230 = DIRECTION('',(1.,0.,0.));
#231 = AXIS2_PLACEMENT_3D('',#232,#233,#234);
#232 = CARTESIAN_POINT('',(0.,0.,0.));
#233 = DIRECTION('',(0.,0.,1.));
#234 = DIRECTION('',(1.,0.,0.));
#235 = AXIS2_PLACEMENT_3D('',#236,#237,#238);
#236 = CARTESIAN_POINT('',(0.,0.,0.));
#237 = DIRECTION('',(0.,0.,1.));
#238 = DIRECTION('',(1.,0.,0.));
#239 = AXIS2_PLACEMENT_3D('',#240,#241,#242);
#240 = CARTESIAN_POINT('',(0.,0.,0.));
#241 = DIRECTION('',(0.,0.,1.));
#242 = DIRECTION('',(1.,0.,0.));
#243 = AXIS2_PLACEMENT_3D('',#244,#245,#246);
#244 = CARTESIAN_POINT('',(0.,0.,0.));
#245 = DIRECTION('',(0.,0.,1.));
#246 = DIRECTION('',(1.,0.,0.));
#247 = AXIS2_PLACEMENT_3D('',#248,#249,#250);
#248 = CARTESIAN_POINT('',(0.,0.,0.));
#249 = DIRECTION('',(0.,0.,1.));
#250 = DIRECTION('',(1.,0.,0.));
#251 = AXIS2_PLACEMENT_3D('',#252,#253,#254);
#252 = CARTESIAN_POINT('',(0.,0.,0.));
#253 = DIRECTION('',(0.,0.,1.));
#254 = DIRECTION('',(1.,0.,0.));
#255 = AXIS2_PLACEMENT_3D('',#256,#257,#258);
#256 = CARTESIAN_POINT('',(0.,0.,0.));
#257 = DIRECTION('',(0.,0.,1.));
#258 = DIRECTION('',(1.,0.,0.));
#259 = AXIS2_PLACEMENT_3D('',#260,#261,#262);
#260 = CARTESIAN_POINT('',(0.,0.,0.));
#261 = DIRECTION('',(0.,0.,1.));
#262 = DIRECTION('',(1.,0.,0.));
#263 = AXIS2_PLACEMENT_3D('',#264,#265,#266);
#264 = CARTESIAN_POINT('',(0.,0.,0.));
#265 = DIRECTION('',(0.,0.,1.));
#266 = DIRECTION('',(1.,0.,0.));
#267 = AXIS2_PLACEMENT_3D('',#268,#269,#270);
#268 = CARTESIAN_POINT('',(0.,0.,0.));
#269 = DIRECTION('',(0.,0.,1.));
#270 = DIRECTION('',(1.,0.,0.));
#271 = AXIS2_PLACEMENT_3D('',#272,#273,#274);
#272 = CARTESIAN_POINT('',(0.,0.,0.));
#273 = DIRECTION('',(0.,0.,1.));
#274 = DIRECTION('',(1.,0.,0.));
#275 = AXIS2_PLACEMENT_3D('',#276,#277,#278);
#276 = CARTESIAN_POINT('',(0.,0.,0.));
#277 = DIRECTION('',(0.,0.,1.));
#278 = DIRECTION('',(1.,0.,0.));
#279 = AXIS2_PLACEMENT_3D('',#280,#281,#282);
#280 = CARTESIAN_POINT('',(0.,0.,0.));
#281 = DIRECTION('',(0.,0.,1.));
#282 = DIRECTION('',(1.,0.,0.));
#283 = AXIS2_PLACEMENT_3D('',#284,#285,#286);
#284 = CARTESIAN_POINT('',(0.,0.,0.));
#285 = DIRECTION('',(0.,0.,1.));
#286 = DIRECTION('',(1.,0.,0.));
#287 = AXIS2_PLACEMENT_3D('',#288,#289,#290);
#288 = CARTESIAN_POINT('',(0.,0.,0.));
#289 = DIRECTION('',(0.,0.,1.));
#290 = DIRECTION('',(1.,0.,0.));
#291 = AXIS2_PLACEMENT_3D('',#292,#293,#294);
#292 = CARTESIAN_POINT('',(0.,0.,0.));
#293 = DIRECTION('',(0.,0.,1.));
#294 = DIRECTION('',(1.,0.,0.));
#295 = AXIS2_PLACEMENT_3D('',#296,#297,#298);
#296 = CARTESIAN_POINT('',(0.,0.,0.));
#297 = DIRECTION('',(0.,0.,1.));
#298 = DIRECTION('',(1.,0.,0.));
#299 = AXIS2_PLACEMENT_3D('',#300,#301,#302);
#300 = CARTESIAN_POINT('',(0.,0.,0.));
#301 = DIRECTION('',(0.,0.,1.));
#302 = DIRECTION('',(1.,0.,0.));
#303 = AXIS2_PLACEMENT_3D('',#304,#305,#306);
#304 = CARTESIAN_POINT('',(0.,0.,0.));
#305 = DIRECTION('',(0.,0.,1.));
#306 = DIRECTION('',(1.,0.,0.));
#307 = AXIS2_PLACEMENT_3D('',#308,#309,#310);
#308 = CARTESIAN_POINT('',(0.,0.,0.));
#309 = DIRECTION('',(0.,0.,1.));
#310 = DIRECTION('',(1.,0.,0.));
#311 = AXIS2_PLACEMENT_3D('',#312,#313,#314);
#312 = CARTESIAN_POINT('',(0.,0.,0.));
#313 = DIRECTION('',(0.,0.,1.));
#314 = DIRECTION('',(1.,0.,0.));
#315 = AXIS2_PLACEMENT_3D('',#316,#317,#318);
#316 = CARTESIAN_POINT('',(0.,0.,0.));
#317 = DIRECTION('',(0.,0.,1.));
#318 = DIRECTION('',(1.,0.,0.));
#319 = AXIS2_PLACEMENT_3D('',#320,#321,#322);
#320 = CARTESIAN_POINT('',(0.,0.,0.));
#321 = DIRECTION('',(0.,0.,1.));
#322 = DIRECTION('',(1.,0.,0.));
#323 = AXIS2_PLACEMENT_3D('',#324,#325,#326);
#324 = CARTESIAN_POINT('',(0.,0.,0.));
#325 = DIRECTION('',(0.,0.,1.));
#326 = DIRECTION('',(1.,0.,0.));
#327 = AXIS2_PLACEMENT_3D('',#328,#329,#330);
#328 = CARTESIAN_POINT('',(0.,0.,0.));
#329 = DIRECTION('',(0.,0.,1.));
#330 = DIRECTION('',(1.,0.,0.));
#331 = AXIS2_PLACEMENT_3D('',#332,#333,#334);
#332 = CARTESIAN_POINT('',(0.,0.,0.));
#333 = DIRECTION('',(0.,0.,1.));
#334 = DIRECTION('',(1.,0.,0.));
#335 = AXIS2_PLACEMENT_3D('',#336,#337,#338);
#336 = CARTESIAN_POINT('',(0.,0.,0.));
#337 = DIRECTION('',(0.,0.,1.));
#338 = DIRECTION('',(1.,0.,0.));
#339 = AXIS2_PLACEMENT_3D('',#340,#341,#342);
#340 = CARTESIAN_POINT('',(0.,0.,0.));
#341 = DIRECTION('',(0.,0.,1.));
#342 = DIRECTION('',(1.,0.,0.));
#343 = AXIS2_PLACEMENT_3D('',#344,#345,#346);
#344 = CARTESIAN_POINT('',(0.,0.,0.));
#345 = DIRECTION('',(0.,0.,1.));
#346 = DIRECTION('',(1.,0.,0.));
#347 = AXIS2_PLACEMENT_3D('',#348,#349,#350);
#348 = CARTESIAN_POINT('',(0.,0.,0.));
#349 = DIRECTION('',(0.,0.,1.));
#350 = DIRECTION('',(1.,0.,0.));
#351 = AXIS2_PLACEMENT_3D('',#352,#353,#354);
#352 = CARTESIAN_POINT('',(0.,0.,0.));
#353 = DIRECTION('',(0.,0.,1.));
#354 = DIRECTION('',(1.,0.,0.));
#355 = AXIS2_PLACEMENT_3D('',#356,#357,#358);
#356 = CARTESIAN_POINT('',(0.,0.,0.));
#357 = DIRECTION('',(0.,0.,1.));
#358 = DIRECTION('',(1.,0.,0.));
#359 = AXIS2_PLACEMENT_3D('',#360,#361,#362);
#360 = CARTESIAN_POINT('',(0.,0.,0.));
#361 = DIRECTION('',(0.,0.,1.));
#362 = DIRECTION('',(1.,0.,0.));
#363 = AXIS2_PLACEMENT_3D('',#364,#365,#366);
#364 = CARTESIAN_POINT('',(0.,0.,0.));
#365 = DIRECTION('',(0.,0.,1.));
#366 = DIRECTION('',(1.,0.,0.));
#367 = AXIS2_PLACEMENT_3D('',#368,#369,#370);
#368 = CARTESIAN_POINT('',(0.,0.,0.));
#369 = DIRECTION('',(0.,0.,1.));
#370 = DIRECTION('',(1.,0.,0.));
#371 = AXIS2_PLACEMENT_3D('',#372,#373,#374);
#372 = CARTESIAN_POINT('',(0.,0.,0.));
#373 = DIRECTION('',(0.,0.,1.));
#374 = DIRECTION('',(1.,0.,0.));
#375 = AXIS2_PLACEMENT_3D('',#376,#377,#378);
#376 = CARTESIAN_POINT('',(0.,0.,0.));
#377 = DIRECTION('',(0.,0.,1.));
#378 = DIRECTION('',(1.,0.,0.));
#379 = AXIS2_PLACEMENT_3D('',#380,#381,#382);
#380 = CARTESIAN_POINT('',(0.,0.,0.));
#381 = DIRECTION('',(0.,0.,1.));
#382 = DIRECTION('',(1.,0.,0.));
#383 = AXIS2_PLACEMENT_3D('',#384,#385,#386);
#384 = CARTESIAN_POINT('',(0.,0.,0.));
#385 = DIRECTION('',(0.,0.,1.));
#386 = DIRECTION('',(1.,0.,0.));
#387 = AXIS2_PLACEMENT_3D('',#388,#389,#390);
#388 = CARTESIAN_POINT('',(0.,0.,0.));
#389 = DIRECTION('',(0.,0.,1.));
#390 = DIRECTION('',(1.,0.,0.));
#391 = AXIS2_PLACEMENT_3D('',#392,#393,#394);
#392 = CARTESIAN_POINT('',(0.,0.,0.));
#393 = DIRECTION('',(0.,0.,1.));
#394 = DIRECTION('',(1.,0.,0.));
#395 = AXIS2_PLACEMENT_3D('',#396,#397,#398);
#396 = CARTESIAN_POINT('',(0.,0.,0.));
#397 = DIRECTION('',(0.,0.,1.));
#398 = DIRECTION('',(1.,0.,0.));
#399 = AXIS2_PLACEMENT_3D('',#400,#401,#402);
#400 = CARTESIAN_POINT('',(0.,0.,0.));
#401 = DIRECTION('',(0.,0.,1.));
#402 = DIRECTION('',(1.,0.,0.));
#403 = AXIS2_PLACEMENT_3D('',#404,#405,#406);
#404 = CARTESIAN_POINT('',(0.,0.,0.));
#405 = DIRECTION('',(0.,0.,1.));
#406 = DIRECTION('',(1.,0.,0.));
#407 = AXIS2_PLACEMENT_3D('',#408,#409,#410);
#408 = CARTESIAN_POINT('',(0.,0.,0.));
#409 = DIRECTION('',(0.,0.,1.));
#410 = DIRECTION('',(1.,0.,0.));
#411 = AXIS2_PLACEMENT_3D('',#412,#413,#414);
#412 = CARTESIAN_POINT('',(0.,0.,0.));
#413 = DIRECTION('',(0.,0.,1.));
#414 = DIRECTION('',(1.,0.,0.));
#415 = AXIS2_PLACEMENT_3D('',#416,#417,#418);
#416 = CARTESIAN_POINT('',(0.,0.,0.));
#417 = DIRECTION('',(0.,0.,1.));
#418 = DIRECTION('',(1.,0.,0.));
#419 = AXIS2_PLACEMENT_3D('',#420,#421,#422);
#420 = CARTESIAN_POINT('',(0.,0.,0.));
#421 = DIRECTION('',(0.,0.,1.));
#422 = DIRECTION('',(1.,0.,0.));
#423 = AXIS2_PLACEMENT_3D('',#424,#425,#426);
#424 = CARTESIAN_POINT('',(0.,0.,0.));
#425 = DIRECTION('',(0.,0.,1.));
#426 = DIRECTION('',(1.,0.,0.));
#427 = AXIS2_PLACEMENT_3D('',#428,#429,#430);
#428 = CARTESIAN_POINT('',(0.,0.,0.));
#429 = DIRECTION('',(0.,0.,1.));
#430 = DIRECTION('',(1.,0.,0.));
#431 = AXIS2_PLACEMENT_3D('',#432,#433,#434);
#432 = CARTESIAN_POINT('',(0.,0.,0.));
#433 = DIRECTION('',(0.,0.,1.));
#434 = DIRECTION('',(1.,0.,0.));
#435 = AXIS2_PLACEMENT_3D('',#436,#437,#438);
#436 = CARTESIAN_POINT('',(0.,0.,0.));
#437 = DIRECTION('',(0.,0.,1.));
#438 = DIRECTION('',(1.,0.,0.));
#439 = AXIS2_PLACEMENT_3D('',#440,#441,#442);
#440 = CARTESIAN_POINT('',(0.,0.,0.));
#441 = DIRECTION('',(0.,0.,1.));
#442 = DIRECTION('',(1.,0.,0.));
#443 = AXIS2_PLACEMENT_3D('',#444,#445,#446);
#444 = CARTESIAN_POINT('',(0.,0.,0.));
#445 = DIRECTION('',(0.,0.,1.));
#446 = DIRECTION('',(1.,0.,0.));
#447 = AXIS2_PLACEMENT_3D('',#448,#449,#450);
#448 = CARTESIAN_POINT('',(0.,0.,0.));
#449 = DIRECTION('',(0.,0.,1.));
#450 = DIRECTION('',(1.,0.,0.));
#451 = AXIS2_PLACEMENT_3D('',#452,#453,#454);
#452 = CARTESIAN_POINT('',(0.,0.,0.));
#453 = DIRECTION('',(0.,0.,1.));
#454 = DIRECTION('',(1.,0.,0.));
#455 = ( GEOMETRIC_REPRESENTATION_CONTEXT(3) 
GLOBAL_UNCERTAINTY_ASSIGNED_CONTEXT((#459)) GLOBAL_UNIT_ASSIGNED_CONTEXT
((#456,#457,#458)) REPRESENTATION_CONTEXT('Context #1',
  '3D Context with UNIT and UNCERTAINTY') );
#456 = ( LENGTH_UNIT() NAMED_UNIT(*) SI_UNIT(.MILLI.,.METRE.) );
#457 = ( NAMED_UNIT(*) PLANE_ANGLE_UNIT() SI_UNIT($,.RADIAN.) );
#458 = ( NAMED_UNIT(*) SI_UNIT($,.STERADIAN.) SOLID_ANGLE_UNIT() );
#459 = UNCERTAINTY_MEASURE_WITH_UNIT(LENGTH_MEASURE(1.E-07),#456,
  'distance_accuracy_value','confusion accuracy');
#460 = PRODUCT_RELATED_PRODUCT_CATEGORY('part',$,(#7));
#461 = SHAPE_DEFINITION_REPRESENTATION(#462,#468);
#462 = PRODUCT_DEFINITION_SHAPE('','',#463);
#463 = PRODUCT_DEFINITION('design','',#464,#467);
#464 = PRODUCT_DEFINITION_FORMATION('','',#465);
#465 = PRODUCT('TRI-MAIN-BOTTOM-01 | BottomFlat | nominal plywood 20 mm'
  ,'TRI-MAIN-BOTTOM-01 | BottomFlat | nominal plywood 20 mm','',(#466));
#466 = PRODUCT_CONTEXT('',#2,'mechanical');
#467 = PRODUCT_DEFINITION_CONTEXT('part definition',#2,'design');
#468 = ADVANCED_BREP_SHAPE_REPRESENTATION('',(#11,#469),#619);
#469 = MANIFOLD_SOLID_BREP('',#470);
#470 = CLOSED_SHELL('',(#471,#511,#542,#573,#595,#607));
#471 = ADVANCED_FACE('',(#472),#506,.F.);
#472 = FACE_BOUND('',#473,.F.);
#473 = EDGE_LOOP('',(#474,#484,#492,#500));
#474 = ORIENTED_EDGE('',*,*,#475,.T.);
#475 = EDGE_CURVE('',#476,#478,#480,.T.);
#476 = VERTEX_POINT('',#477);
#477 = CARTESIAN_POINT('',(0.,-95.,0.));
#478 = VERTEX_POINT('',#479);
#479 = CARTESIAN_POINT('',(0.,-95.,20.));
#480 = LINE('',#481,#482);
#481 = CARTESIAN_POINT('',(0.,-95.,0.));
#482 = VECTOR('',#483,1.);
#483 = DIRECTION('',(0.,0.,1.));
#484 = ORIENTED_EDGE('',*,*,#485,.T.);
#485 = EDGE_CURVE('',#478,#486,#488,.T.);
#486 = VERTEX_POINT('',#487);
#487 = CARTESIAN_POINT('',(50.,-95.,20.));
#488 = LINE('',#489,#490);
#489 = CARTESIAN_POINT('',(0.,-95.,20.));
#490 = VECTOR('',#491,1.);
#491 = DIRECTION('',(1.,0.,0.));
#492 = ORIENTED_EDGE('',*,*,#493,.F.);
#493 = EDGE_CURVE('',#494,#486,#496,.T.);
#494 = VERTEX_POINT('',#495);
#495 = CARTESIAN_POINT('',(50.,-95.,0.));
#496 = LINE('',#497,#498);
#497 = CARTESIAN_POINT('',(50.,-95.,0.));
#498 = VECTOR('',#499,1.);
#499 = DIRECTION('',(0.,0.,1.));
#500 = ORIENTED_EDGE('',*,*,#501,.F.);
#501 = EDGE_CURVE('',#476,#494,#502,.T.);
#502 = LINE('',#503,#504);
#503 = CARTESIAN_POINT('',(0.,-95.,0.));
#504 = VECTOR('',#505,1.);
#505 = DIRECTION('',(1.,0.,0.));
#506 = PLANE('',#507);
#507 = AXIS2_PLACEMENT_3D('',#508,#509,#510);
#508 = CARTESIAN_POINT('',(0.,-95.,0.));
#509 = DIRECTION('',(0.,1.,0.));
#510 = DIRECTION('',(1.,0.,0.));
#511 = ADVANCED_FACE('',(#512),#537,.F.);
#512 = FACE_BOUND('',#513,.F.);
#513 = EDGE_LOOP('',(#514,#515,#523,#531));
#514 = ORIENTED_EDGE('',*,*,#493,.T.);
#515 = ORIENTED_EDGE('',*,*,#516,.T.);
#516 = EDGE_CURVE('',#486,#517,#519,.T.);
#517 = VERTEX_POINT('',#518);
#518 = CARTESIAN_POINT('',(50.,95.,20.));
#519 = LINE('',#520,#521);
#520 = CARTESIAN_POINT('',(50.,-95.,20.));
#521 = VECTOR('',#522,1.);
#522 = DIRECTION('',(0.,1.,0.));
#523 = ORIENTED_EDGE('',*,*,#524,.F.);
#524 = EDGE_CURVE('',#525,#517,#527,.T.);
#525 = VERTEX_POINT('',#526);
#526 = CARTESIAN_POINT('',(50.,95.,0.));
#527 = LINE('',#528,#529);
#528 = CARTESIAN_POINT('',(50.,95.,0.));
#529 = VECTOR('',#530,1.);
#530 = DIRECTION('',(0.,0.,1.));
#531 = ORIENTED_EDGE('',*,*,#532,.F.);
#532 = EDGE_CURVE('',#494,#525,#533,.T.);
#533 = LINE('',#534,#535);
#534 = CARTESIAN_POINT('',(50.,-95.,0.));
#535 = VECTOR('',#536,1.);
#536 = DIRECTION('',(0.,1.,0.));
#537 = PLANE('',#538);
#538 = AXIS2_PLACEMENT_3D('',#539,#540,#541);
#539 = CARTESIAN_POINT('',(50.,-95.,0.));
#540 = DIRECTION('',(-1.,0.,0.));
#541 = DIRECTION('',(0.,1.,0.));
#542 = ADVANCED_FACE('',(#543),#568,.F.);
#543 = FACE_BOUND('',#544,.F.);
#544 = EDGE_LOOP('',(#545,#546,#554,#562));
#545 = ORIENTED_EDGE('',*,*,#524,.T.);
#546 = ORIENTED_EDGE('',*,*,#547,.T.);
#547 = EDGE_CURVE('',#517,#548,#550,.T.);
#548 = VERTEX_POINT('',#549);
#549 = CARTESIAN_POINT('',(0.,95.,20.));
#550 = LINE('',#551,#552);
#551 = CARTESIAN_POINT('',(50.,95.,20.));
#552 = VECTOR('',#553,1.);
#553 = DIRECTION('',(-1.,0.,0.));
#554 = ORIENTED_EDGE('',*,*,#555,.F.);
#555 = EDGE_CURVE('',#556,#548,#558,.T.);
#556 = VERTEX_POINT('',#557);
#557 = CARTESIAN_POINT('',(0.,95.,0.));
#558 = LINE('',#559,#560);
#559 = CARTESIAN_POINT('',(0.,95.,0.));
#560 = VECTOR('',#561,1.);
#561 = DIRECTION('',(0.,0.,1.));
#562 = ORIENTED_EDGE('',*,*,#563,.F.);
#563 = EDGE_CURVE('',#525,#556,#564,.T.);
#564 = LINE('',#565,#566);
#565 = CARTESIAN_POINT('',(50.,95.,0.));
#566 = VECTOR('',#567,1.);
#567 = DIRECTION('',(-1.,0.,0.));
#568 = PLANE('',#569);
#569 = AXIS2_PLACEMENT_3D('',#570,#571,#572);
#570 = CARTESIAN_POINT('',(50.,95.,0.));
#571 = DIRECTION('',(0.,-1.,0.));
#572 = DIRECTION('',(-1.,0.,0.));
#573 = ADVANCED_FACE('',(#574),#590,.F.);
#574 = FACE_BOUND('',#575,.F.);
#575 = EDGE_LOOP('',(#576,#577,#583,#584));
#576 = ORIENTED_EDGE('',*,*,#555,.T.);
#577 = ORIENTED_EDGE('',*,*,#578,.T.);
#578 = EDGE_CURVE('',#548,#478,#579,.T.);
#579 = LINE('',#580,#581);
#580 = CARTESIAN_POINT('',(0.,95.,20.));
#581 = VECTOR('',#582,1.);
#582 = DIRECTION('',(0.,-1.,0.));
#583 = ORIENTED_EDGE('',*,*,#475,.F.);
#584 = ORIENTED_EDGE('',*,*,#585,.F.);
#585 = EDGE_CURVE('',#556,#476,#586,.T.);
#586 = LINE('',#587,#588);
#587 = CARTESIAN_POINT('',(0.,95.,0.));
#588 = VECTOR('',#589,1.);
#589 = DIRECTION('',(0.,-1.,0.));
#590 = PLANE('',#591);
#591 = AXIS2_PLACEMENT_3D('',#592,#593,#594);
#592 = CARTESIAN_POINT('',(0.,95.,0.));
#593 = DIRECTION('',(1.,0.,-0.));
#594 = DIRECTION('',(0.,-1.,0.));
#595 = ADVANCED_FACE('',(#596),#602,.F.);
#596 = FACE_BOUND('',#597,.F.);
#597 = EDGE_LOOP('',(#598,#599,#600,#601));
#598 = ORIENTED_EDGE('',*,*,#501,.T.);
#599 = ORIENTED_EDGE('',*,*,#532,.T.);
#600 = ORIENTED_EDGE('',*,*,#563,.T.);
#601 = ORIENTED_EDGE('',*,*,#585,.T.);
#602 = PLANE('',#603);
#603 = AXIS2_PLACEMENT_3D('',#604,#605,#606);
#604 = CARTESIAN_POINT('',(25.,0.,0.));
#605 = DIRECTION('',(0.,0.,1.));
#606 = DIRECTION('',(1.,0.,-0.));
#607 = ADVANCED_FACE('',(#608),#614,.T.);
#608 = FACE_BOUND('',#609,.T.);
#609 = EDGE_LOOP('',(#610,#611,#612,#613));
#610 = ORIENTED_EDGE('',*,*,#485,.T.);
#611 = ORIENTED_EDGE('',*,*,#516,.T.);
#612 = ORIENTED_EDGE('',*,*,#547,.T.);
#613 = ORIENTED_EDGE('',*,*,#578,.T.);
#614 = PLANE('',#615);
#615 = AXIS2_PLACEMENT_3D('',#616,#617,#618);
#616 = CARTESIAN_POINT('',(25.,0.,20.));
#617 = DIRECTION('',(0.,0.,1.));
#618 = DIRECTION('',(1.,0.,-0.));
#619 = ( GEOMETRIC_REPRESENTATION_CONTEXT(3) 
GLOBAL_UNCERTAINTY_ASSIGNED_CONTEXT((#623)) GLOBAL_UNIT_ASSIGNED_CONTEXT
((#620,#621,#622)) REPRESENTATION_CONTEXT('Context #1',
  '3D Context with UNIT and UNCERTAINTY') );
#620 = ( LENGTH_UNIT() NAMED_UNIT(*) SI_UNIT(.MILLI.,.METRE.) );
#621 = ( NAMED_UNIT(*) PLANE_ANGLE_UNIT() SI_UNIT($,.RADIAN.) );
#622 = ( NAMED_UNIT(*) SI_UNIT($,.STERADIAN.) SOLID_ANGLE_UNIT() );
#623 = UNCERTAINTY_MEASURE_WITH_UNIT(LENGTH_MEASURE(1.E-07),#620,
  'distance_accuracy_value','confusion accuracy');
#624 = CONTEXT_DEPENDENT_SHAPE_REPRESENTATION(#625,#627);
#625 = ( REPRESENTATION_RELATIONSHIP('','',#468,#10) 
REPRESENTATION_RELATIONSHIP_WITH_TRANSFORMATION(#626) 
SHAPE_REPRESENTATION_RELATIONSHIP() );
#626 = ITEM_DEFINED_TRANSFORMATION('','',#11,#15);
#627 = PRODUCT_DEFINITION_SHAPE('Placement','Placement of an item',#628
  );
#628 = NEXT_ASSEMBLY_USAGE_OCCURRENCE('89',
  'TRI-MAIN-BOTTOM-01 | BottomFlat | nominal plywood 20 mm','',#5,#463,$
  );
#629 = PRODUCT_RELATED_PRODUCT_CATEGORY('part',$,(#465));
#630 = SHAPE_DEFINITION_REPRESENTATION(#631,#637);
#631 = PRODUCT_DEFINITION_SHAPE('','',#632);
#632 = PRODUCT_DEFINITION('design','',#633,#636);
#633 = PRODUCT_DEFINITION_FORMATION('','',#634);
#634 = PRODUCT(
  'TRI-MAIN-CHINE-PORT-01 | ChinePort | nominal plywood 20 mm',
  'TRI-MAIN-CHINE-PORT-01 | ChinePort | nominal plywood 20 mm','',(#635)
  );
#635 = PRODUCT_CONTEXT('',#2,'mechanical');
#636 = PRODUCT_DEFINITION_CONTEXT('part definition',#2,'design');
#637 = ADVANCED_BREP_SHAPE_REPRESENTATION('',(#11,#638),#788);
#638 = MANIFOLD_SOLID_BREP('',#639);
#639 = CLOSED_SHELL('',(#640,#680,#711,#742,#764,#776));
#640 = ADVANCED_FACE('',(#641),#675,.T.);
#641 = FACE_BOUND('',#642,.T.);
#642 = EDGE_LOOP('',(#643,#653,#661,#669));
#643 = ORIENTED_EDGE('',*,*,#644,.T.);
#644 = EDGE_CURVE('',#645,#647,#649,.T.);
#645 = VERTEX_POINT('',#646);
#646 = CARTESIAN_POINT('',(0.,-95.,0.));
#647 = VERTEX_POINT('',#648);
#648 = CARTESIAN_POINT('',(0.,-89.82361909795,19.318516525781));
#649 = LINE('',#650,#651);
#650 = CARTESIAN_POINT('',(0.,-95.,0.));
#651 = VECTOR('',#652,1.);
#652 = DIRECTION('',(-0.,0.258819045103,0.965925826289));
#653 = ORIENTED_EDGE('',*,*,#654,.T.);
#654 = EDGE_CURVE('',#647,#655,#657,.T.);
#655 = VERTEX_POINT('',#656);
#656 = CARTESIAN_POINT('',(50.,-89.82361909795,19.318516525781));
#657 = LINE('',#658,#659);
#658 = CARTESIAN_POINT('',(0.,-89.82361909795,19.318516525781));
#659 = VECTOR('',#660,1.);
#660 = DIRECTION('',(1.,0.,0.));
#661 = ORIENTED_EDGE('',*,*,#662,.F.);
#662 = EDGE_CURVE('',#663,#655,#665,.T.);
#663 = VERTEX_POINT('',#664);
#664 = CARTESIAN_POINT('',(50.,-95.,0.));
#665 = LINE('',#666,#667);
#666 = CARTESIAN_POINT('',(50.,-95.,0.));
#667 = VECTOR('',#668,1.);
#668 = DIRECTION('',(-0.,0.258819045103,0.965925826289));
#669 = ORIENTED_EDGE('',*,*,#670,.F.);
#670 = EDGE_CURVE('',#645,#663,#671,.T.);
#671 = LINE('',#672,#673);
#672 = CARTESIAN_POINT('',(0.,-95.,0.));
#673 = VECTOR('',#674,1.);
#674 = DIRECTION('',(1.,0.,0.));
#675 = PLANE('',#676);
#676 = AXIS2_PLACEMENT_3D('',#677,#678,#679);
#677 = CARTESIAN_POINT('',(0.,-95.,0.));
#678 = DIRECTION('',(0.,0.965925826289,-0.258819045103));
#679 = DIRECTION('',(1.,0.,0.));
#680 = ADVANCED_FACE('',(#681),#706,.T.);
#681 = FACE_BOUND('',#682,.T.);
#682 = EDGE_LOOP('',(#683,#684,#692,#700));
#683 = ORIENTED_EDGE('',*,*,#662,.T.);
#684 = ORIENTED_EDGE('',*,*,#685,.T.);
#685 = EDGE_CURVE('',#655,#686,#688,.T.);
#686 = VERTEX_POINT('',#687);
#687 = CARTESIAN_POINT('',(50.,-144.8236190979,34.055722109493));
#688 = LINE('',#689,#690);
#689 = CARTESIAN_POINT('',(50.,-89.82361909795,19.318516525781));
#690 = VECTOR('',#691,1.);
#691 = DIRECTION('',(0.,-0.965925826289,0.258819045103));
#692 = ORIENTED_EDGE('',*,*,#693,.F.);
#693 = EDGE_CURVE('',#694,#686,#696,.T.);
#694 = VERTEX_POINT('',#695);
#695 = CARTESIAN_POINT('',(50.,-150.,14.737205583712));
#696 = LINE('',#697,#698);
#697 = CARTESIAN_POINT('',(50.,-150.,14.737205583712));
#698 = VECTOR('',#699,1.);
#699 = DIRECTION('',(-0.,0.258819045103,0.965925826289));
#700 = ORIENTED_EDGE('',*,*,#701,.F.);
#701 = EDGE_CURVE('',#663,#694,#702,.T.);
#702 = LINE('',#703,#704);
#703 = CARTESIAN_POINT('',(50.,-95.,0.));
#704 = VECTOR('',#705,1.);
#705 = DIRECTION('',(0.,-0.965925826289,0.258819045103));
#706 = PLANE('',#707);
#707 = AXIS2_PLACEMENT_3D('',#708,#709,#710);
#708 = CARTESIAN_POINT('',(50.,-95.,0.));
#709 = DIRECTION('',(1.,0.,0.));
#710 = DIRECTION('',(0.,-0.965925826289,0.258819045103));
#711 = ADVANCED_FACE('',(#712),#737,.T.);
#712 = FACE_BOUND('',#713,.T.);
#713 = EDGE_LOOP('',(#714,#715,#723,#731));
#714 = ORIENTED_EDGE('',*,*,#693,.T.);
#715 = ORIENTED_EDGE('',*,*,#716,.T.);
#716 = EDGE_CURVE('',#686,#717,#719,.T.);
#717 = VERTEX_POINT('',#718);
#718 = CARTESIAN_POINT('',(0.,-144.8236190979,34.055722109493));
#719 = LINE('',#720,#721);
#720 = CARTESIAN_POINT('',(50.,-144.8236190979,34.055722109493));
#721 = VECTOR('',#722,1.);
#722 = DIRECTION('',(-1.,0.,0.));
#723 = ORIENTED_EDGE('',*,*,#724,.F.);
#724 = EDGE_CURVE('',#725,#717,#727,.T.);
#725 = VERTEX_POINT('',#726);
#726 = CARTESIAN_POINT('',(0.,-150.,14.737205583712));
#727 = LINE('',#728,#729);
#728 = CARTESIAN_POINT('',(0.,-150.,14.737205583712));
#729 = VECTOR('',#730,1.);
#730 = DIRECTION('',(-0.,0.258819045103,0.965925826289));
#731 = ORIENTED_EDGE('',*,*,#732,.F.);
#732 = EDGE_CURVE('',#694,#725,#733,.T.);
#733 = LINE('',#734,#735);
#734 = CARTESIAN_POINT('',(50.,-150.,14.737205583712));
#735 = VECTOR('',#736,1.);
#736 = DIRECTION('',(-1.,0.,0.));
#737 = PLANE('',#738);
#738 = AXIS2_PLACEMENT_3D('',#739,#740,#741);
#739 = CARTESIAN_POINT('',(50.,-150.,14.737205583712));
#740 = DIRECTION('',(0.,-0.965925826289,0.258819045103));
#741 = DIRECTION('',(-1.,0.,0.));
#742 = ADVANCED_FACE('',(#743),#759,.T.);
#743 = FACE_BOUND('',#744,.T.);
#744 = EDGE_LOOP('',(#745,#746,#752,#753));
#745 = ORIENTED_EDGE('',*,*,#724,.T.);
#746 = ORIENTED_EDGE('',*,*,#747,.T.);
#747 = EDGE_CURVE('',#717,#647,#748,.T.);
#748 = LINE('',#749,#750);
#749 = CARTESIAN_POINT('',(0.,-144.8236190979,34.055722109493));
#750 = VECTOR('',#751,1.);
#751 = DIRECTION('',(0.,0.965925826289,-0.258819045103));
#752 = ORIENTED_EDGE('',*,*,#644,.F.);
#753 = ORIENTED_EDGE('',*,*,#754,.F.);
#754 = EDGE_CURVE('',#725,#645,#755,.T.);
#755 = LINE('',#756,#757);
#756 = CARTESIAN_POINT('',(0.,-150.,14.737205583712));
#757 = VECTOR('',#758,1.);
#758 = DIRECTION('',(0.,0.965925826289,-0.258819045103));
#759 = PLANE('',#760);
#760 = AXIS2_PLACEMENT_3D('',#761,#762,#763);
#761 = CARTESIAN_POINT('',(0.,-150.,14.737205583712));
#762 = DIRECTION('',(-1.,0.,-0.));
#763 = DIRECTION('',(0.,0.965925826289,-0.258819045103));
#764 = ADVANCED_FACE('',(#765),#771,.T.);
#765 = FACE_BOUND('',#766,.T.);
#766 = EDGE_LOOP('',(#767,#768,#769,#770));
#767 = ORIENTED_EDGE('',*,*,#670,.T.);
#768 = ORIENTED_EDGE('',*,*,#701,.T.);
#769 = ORIENTED_EDGE('',*,*,#732,.T.);
#770 = ORIENTED_EDGE('',*,*,#754,.T.);
#771 = PLANE('',#772);
#772 = AXIS2_PLACEMENT_3D('',#773,#774,#775);
#773 = CARTESIAN_POINT('',(25.,-122.5,7.368602791856));
#774 = DIRECTION('',(-0.,-0.258819045103,-0.965925826289));
#775 = DIRECTION('',(0.,-0.965925826289,0.258819045103));
#776 = ADVANCED_FACE('',(#777),#783,.F.);
#777 = FACE_BOUND('',#778,.F.);
#778 = EDGE_LOOP('',(#779,#780,#781,#782));
#779 = ORIENTED_EDGE('',*,*,#654,.T.);
#780 = ORIENTED_EDGE('',*,*,#685,.T.);
#781 = ORIENTED_EDGE('',*,*,#716,.T.);
#782 = ORIENTED_EDGE('',*,*,#747,.T.);
#783 = PLANE('',#784);
#784 = AXIS2_PLACEMENT_3D('',#785,#786,#787);
#785 = CARTESIAN_POINT('',(25.,-117.3236190979,26.687119317637));
#786 = DIRECTION('',(-0.,-0.258819045103,-0.965925826289));
#787 = DIRECTION('',(0.,-0.965925826289,0.258819045103));
#788 = ( GEOMETRIC_REPRESENTATION_CONTEXT(3) 
GLOBAL_UNCERTAINTY_ASSIGNED_CONTEXT((#792)) GLOBAL_UNIT_ASSIGNED_CONTEXT
((#789,#790,#791)) REPRESENTATION_CONTEXT('Context #1',
  '3D Context with UNIT and UNCERTAINTY') );
#789 = ( LENGTH_UNIT() NAMED_UNIT(*) SI_UNIT(.MILLI.,.METRE.) );
#790 = ( NAMED_UNIT(*) PLANE_ANGLE_UNIT() SI_UNIT($,.RADIAN.) );
#791 = ( NAMED_UNIT(*) SI_UNIT($,.STERADIAN.) SOLID_ANGLE_UNIT() );
#792 = UNCERTAINTY_MEASURE_WITH_UNIT(LENGTH_MEASURE(1.E-07),#789,
  'distance_accuracy_value','confusion accuracy');
#793 = CONTEXT_DEPENDENT_SHAPE_REPRESENTATION(#794,#796);
#794 = ( REPRESENTATION_RELATIONSHIP('','',#637,#10) 
REPRESENTATION_RELATIONSHIP_WITH_TRANSFORMATION(#795) 
SHAPE_REPRESENTATION_RELATIONSHIP() );
#795 = ITEM_DEFINED_TRANSFORMATION('','',#11,#19);
#796 = PRODUCT_DEFINITION_SHAPE('Placement','Placement of an item',#797
  );
#797 = NEXT_ASSEMBLY_USAGE_OCCURRENCE('90',
  'TRI-MAIN-CHINE-PORT-01 | ChinePort | nominal plywood 20 mm','',#5,
  #632,$);
#798 = PRODUCT_RELATED_PRODUCT_CATEGORY('part',$,(#634));
#799 = SHAPE_DEFINITION_REPRESENTATION(#800,#806);
#800 = PRODUCT_DEFINITION_SHAPE('','',#801);
#801 = PRODUCT_DEFINITION('design','',#802,#805);
#802 = PRODUCT_DEFINITION_FORMATION('','',#803);
#803 = PRODUCT(
  'TRI-MAIN-CHINE-STARBOARD-01 | ChineStarboard | nominal plywood 20 mm'
  ,
  'TRI-MAIN-CHINE-STARBOARD-01 | ChineStarboard | nominal plywood 20 mm'
  ,'',(#804));
#804 = PRODUCT_CONTEXT('',#2,'mechanical');
#805 = PRODUCT_DEFINITION_CONTEXT('part definition',#2,'design');
#806 = ADVANCED_BREP_SHAPE_REPRESENTATION('',(#11,#807),#957);
#807 = MANIFOLD_SOLID_BREP('',#808);
#808 = CLOSED_SHELL('',(#809,#849,#880,#911,#933,#945));
#809 = ADVANCED_FACE('',(#810),#844,.T.);
#810 = FACE_BOUND('',#811,.T.);
#811 = EDGE_LOOP('',(#812,#822,#830,#838));
#812 = ORIENTED_EDGE('',*,*,#813,.T.);
#813 = EDGE_CURVE('',#814,#816,#818,.T.);
#814 = VERTEX_POINT('',#815);
#815 = CARTESIAN_POINT('',(0.,95.,0.));
#816 = VERTEX_POINT('',#817);
#817 = CARTESIAN_POINT('',(0.,89.82361909795,19.318516525781));
#818 = LINE('',#819,#820);
#819 = CARTESIAN_POINT('',(0.,95.,0.));
#820 = VECTOR('',#821,1.);
#821 = DIRECTION('',(-0.,-0.258819045103,0.965925826289));
#822 = ORIENTED_EDGE('',*,*,#823,.T.);
#823 = EDGE_CURVE('',#816,#824,#826,.T.);
#824 = VERTEX_POINT('',#825);
#825 = CARTESIAN_POINT('',(0.,144.82361909795,34.055722109493));
#826 = LINE('',#827,#828);
#827 = CARTESIAN_POINT('',(0.,89.82361909795,19.318516525781));
#828 = VECTOR('',#829,1.);
#829 = DIRECTION('',(0.,0.965925826289,0.258819045103));
#830 = ORIENTED_EDGE('',*,*,#831,.F.);
#831 = EDGE_CURVE('',#832,#824,#834,.T.);
#832 = VERTEX_POINT('',#833);
#833 = CARTESIAN_POINT('',(0.,150.,14.737205583712));
#834 = LINE('',#835,#836);
#835 = CARTESIAN_POINT('',(0.,150.,14.737205583712));
#836 = VECTOR('',#837,1.);
#837 = DIRECTION('',(-0.,-0.258819045103,0.965925826289));
#838 = ORIENTED_EDGE('',*,*,#839,.F.);
#839 = EDGE_CURVE('',#814,#832,#840,.T.);
#840 = LINE('',#841,#842);
#841 = CARTESIAN_POINT('',(0.,95.,0.));
#842 = VECTOR('',#843,1.);
#843 = DIRECTION('',(0.,0.965925826289,0.258819045103));
#844 = PLANE('',#845);
#845 = AXIS2_PLACEMENT_3D('',#846,#847,#848);
#846 = CARTESIAN_POINT('',(0.,95.,0.));
#847 = DIRECTION('',(-1.,0.,0.));
#848 = DIRECTION('',(0.,0.965925826289,0.258819045103));
#849 = ADVANCED_FACE('',(#850),#875,.T.);
#850 = FACE_BOUND('',#851,.T.);
#851 = EDGE_LOOP('',(#852,#853,#861,#869));
#852 = ORIENTED_EDGE('',*,*,#831,.T.);
#853 = ORIENTED_EDGE('',*,*,#854,.T.);
#854 = EDGE_CURVE('',#824,#855,#857,.T.);
#855 = VERTEX_POINT('',#856);
#856 = CARTESIAN_POINT('',(50.,144.82361909795,34.055722109493));
#857 = LINE('',#858,#859);
#858 = CARTESIAN_POINT('',(0.,144.82361909795,34.055722109493));
#859 = VECTOR('',#860,1.);
#860 = DIRECTION('',(1.,0.,0.));
#861 = ORIENTED_EDGE('',*,*,#862,.F.);
#862 = EDGE_CURVE('',#863,#855,#865,.T.);
#863 = VERTEX_POINT('',#864);
#864 = CARTESIAN_POINT('',(50.,150.,14.737205583712));
#865 = LINE('',#866,#867);
#866 = CARTESIAN_POINT('',(50.,150.,14.737205583712));
#867 = VECTOR('',#868,1.);
#868 = DIRECTION('',(-0.,-0.258819045103,0.965925826289));
#869 = ORIENTED_EDGE('',*,*,#870,.F.);
#870 = EDGE_CURVE('',#832,#863,#871,.T.);
#871 = LINE('',#872,#873);
#872 = CARTESIAN_POINT('',(0.,150.,14.737205583712));
#873 = VECTOR('',#874,1.);
#874 = DIRECTION('',(1.,0.,0.));
#875 = PLANE('',#876);
#876 = AXIS2_PLACEMENT_3D('',#877,#878,#879);
#877 = CARTESIAN_POINT('',(0.,150.,14.737205583712));
#878 = DIRECTION('',(-0.,0.965925826289,0.258819045103));
#879 = DIRECTION('',(1.,0.,0.));
#880 = ADVANCED_FACE('',(#881),#906,.T.);
#881 = FACE_BOUND('',#882,.T.);
#882 = EDGE_LOOP('',(#883,#884,#892,#900));
#883 = ORIENTED_EDGE('',*,*,#862,.T.);
#884 = ORIENTED_EDGE('',*,*,#885,.T.);
#885 = EDGE_CURVE('',#855,#886,#888,.T.);
#886 = VERTEX_POINT('',#887);
#887 = CARTESIAN_POINT('',(50.,89.82361909795,19.318516525781));
#888 = LINE('',#889,#890);
#889 = CARTESIAN_POINT('',(50.,144.82361909795,34.055722109493));
#890 = VECTOR('',#891,1.);
#891 = DIRECTION('',(0.,-0.965925826289,-0.258819045103));
#892 = ORIENTED_EDGE('',*,*,#893,.F.);
#893 = EDGE_CURVE('',#894,#886,#896,.T.);
#894 = VERTEX_POINT('',#895);
#895 = CARTESIAN_POINT('',(50.,95.,0.));
#896 = LINE('',#897,#898);
#897 = CARTESIAN_POINT('',(50.,95.,0.));
#898 = VECTOR('',#899,1.);
#899 = DIRECTION('',(-0.,-0.258819045103,0.965925826289));
#900 = ORIENTED_EDGE('',*,*,#901,.F.);
#901 = EDGE_CURVE('',#863,#894,#902,.T.);
#902 = LINE('',#903,#904);
#903 = CARTESIAN_POINT('',(50.,150.,14.737205583712));
#904 = VECTOR('',#905,1.);
#905 = DIRECTION('',(0.,-0.965925826289,-0.258819045103));
#906 = PLANE('',#907);
#907 = AXIS2_PLACEMENT_3D('',#908,#909,#910);
#908 = CARTESIAN_POINT('',(50.,150.,14.737205583712));
#909 = DIRECTION('',(1.,0.,0.));
#910 = DIRECTION('',(0.,-0.965925826289,-0.258819045103));
#911 = ADVANCED_FACE('',(#912),#928,.T.);
#912 = FACE_BOUND('',#913,.T.);
#913 = EDGE_LOOP('',(#914,#915,#921,#922));
#914 = ORIENTED_EDGE('',*,*,#893,.T.);
#915 = ORIENTED_EDGE('',*,*,#916,.T.);
#916 = EDGE_CURVE('',#886,#816,#917,.T.);
#917 = LINE('',#918,#919);
#918 = CARTESIAN_POINT('',(50.,89.82361909795,19.318516525781));
#919 = VECTOR('',#920,1.);
#920 = DIRECTION('',(-1.,0.,0.));
#921 = ORIENTED_EDGE('',*,*,#813,.F.);
#922 = ORIENTED_EDGE('',*,*,#923,.F.);
#923 = EDGE_CURVE('',#894,#814,#924,.T.);
#924 = LINE('',#925,#926);
#925 = CARTESIAN_POINT('',(50.,95.,0.));
#926 = VECTOR('',#927,1.);
#927 = DIRECTION('',(-1.,0.,0.));
#928 = PLANE('',#929);
#929 = AXIS2_PLACEMENT_3D('',#930,#931,#932);
#930 = CARTESIAN_POINT('',(50.,95.,0.));
#931 = DIRECTION('',(-0.,-0.965925826289,-0.258819045103));
#932 = DIRECTION('',(-1.,0.,0.));
#933 = ADVANCED_FACE('',(#934),#940,.T.);
#934 = FACE_BOUND('',#935,.T.);
#935 = EDGE_LOOP('',(#936,#937,#938,#939));
#936 = ORIENTED_EDGE('',*,*,#839,.T.);
#937 = ORIENTED_EDGE('',*,*,#870,.T.);
#938 = ORIENTED_EDGE('',*,*,#901,.T.);
#939 = ORIENTED_EDGE('',*,*,#923,.T.);
#940 = PLANE('',#941);
#941 = AXIS2_PLACEMENT_3D('',#942,#943,#944);
#942 = CARTESIAN_POINT('',(25.,122.5,7.368602791856));
#943 = DIRECTION('',(-0.,0.258819045103,-0.965925826289));
#944 = DIRECTION('',(0.,-0.965925826289,-0.258819045103));
#945 = ADVANCED_FACE('',(#946),#952,.F.);
#946 = FACE_BOUND('',#947,.F.);
#947 = EDGE_LOOP('',(#948,#949,#950,#951));
#948 = ORIENTED_EDGE('',*,*,#823,.T.);
#949 = ORIENTED_EDGE('',*,*,#854,.T.);
#950 = ORIENTED_EDGE('',*,*,#885,.T.);
#951 = ORIENTED_EDGE('',*,*,#916,.T.);
#952 = PLANE('',#953);
#953 = AXIS2_PLACEMENT_3D('',#954,#955,#956);
#954 = CARTESIAN_POINT('',(25.,117.32361909795,26.687119317637));
#955 = DIRECTION('',(-0.,0.258819045103,-0.965925826289));
#956 = DIRECTION('',(0.,-0.965925826289,-0.258819045103));
#957 = ( GEOMETRIC_REPRESENTATION_CONTEXT(3) 
GLOBAL_UNCERTAINTY_ASSIGNED_CONTEXT((#961)) GLOBAL_UNIT_ASSIGNED_CONTEXT
((#958,#959,#960)) REPRESENTATION_CONTEXT('Context #1',
  '3D Context with UNIT and UNCERTAINTY') );
#958 = ( LENGTH_UNIT() NAMED_UNIT(*) SI_UNIT(.MILLI.,.METRE.) );
#959 = ( NAMED_UNIT(*) PLANE_ANGLE_UNIT() SI_UNIT($,.RADIAN.) );
#960 = ( NAMED_UNIT(*) SI_UNIT($,.STERADIAN.) SOLID_ANGLE_UNIT() );
#961 = UNCERTAINTY_MEASURE_WITH_UNIT(LENGTH_MEASURE(1.E-07),#958,
  'distance_accuracy_value','confusion accuracy');
#962 = CONTEXT_DEPENDENT_SHAPE_REPRESENTATION(#963,#965);
#963 = ( REPRESENTATION_RELATIONSHIP('','',#806,#10) 
REPRESENTATION_RELATIONSHIP_WITH_TRANSFORMATION(#964) 
SHAPE_REPRESENTATION_RELATIONSHIP() );
#964 = ITEM_DEFINED_TRANSFORMATION('','',#11,#23);
#965 = PRODUCT_DEFINITION_SHAPE('Placement','Placement of an item',#966
  );
#966 = NEXT_ASSEMBLY_USAGE_OCCURRENCE('91',
  'TRI-MAIN-CHINE-STARBOARD-01 | ChineStarboard | nominal plywood 20 mm'
  ,'',#5,#801,$);
#967 = PRODUCT_RELATED_PRODUCT_CATEGORY('part',$,(#803));
#968 = SHAPE_DEFINITION_REPRESENTATION(#969,#975);
#969 = PRODUCT_DEFINITION_SHAPE('','',#970);
#970 = PRODUCT_DEFINITION('design','',#971,#974);
#971 = PRODUCT_DEFINITION_FORMATION('','',#972);
#972 = PRODUCT(
  'TRI-MAIN-SIDE-PORT-01 | SidePort | nominal plywood 20 mm',
  'TRI-MAIN-SIDE-PORT-01 | SidePort | nominal plywood 20 mm','',(#973));
#973 = PRODUCT_CONTEXT('',#2,'mechanical');
#974 = PRODUCT_DEFINITION_CONTEXT('part definition',#2,'design');
#975 = ADVANCED_BREP_SHAPE_REPRESENTATION('',(#11,#976),#1126);
#976 = MANIFOLD_SOLID_BREP('',#977);
#977 = CLOSED_SHELL('',(#978,#1018,#1049,#1080,#1102,#1114));
#978 = ADVANCED_FACE('',(#979),#1013,.T.);
#979 = FACE_BOUND('',#980,.T.);
#980 = EDGE_LOOP('',(#981,#991,#999,#1007));
#981 = ORIENTED_EDGE('',*,*,#982,.T.);
#982 = EDGE_CURVE('',#983,#985,#987,.T.);
#983 = VERTEX_POINT('',#984);
#984 = CARTESIAN_POINT('',(0.,-150.,14.737205583712));
#985 = VERTEX_POINT('',#986);
#986 = CARTESIAN_POINT('',(0.,-130.,14.737205583712));
#987 = LINE('',#988,#989);
#988 = CARTESIAN_POINT('',(0.,-150.,14.737205583712));
#989 = VECTOR('',#990,1.);
#990 = DIRECTION('',(-0.,1.,-0.));
#991 = ORIENTED_EDGE('',*,*,#992,.T.);
#992 = EDGE_CURVE('',#985,#993,#995,.T.);
#993 = VERTEX_POINT('',#994);
#994 = CARTESIAN_POINT('',(50.,-130.,14.737205583712));
#995 = LINE('',#996,#997);
#996 = CARTESIAN_POINT('',(0.,-130.,14.737205583712));
#997 = VECTOR('',#998,1.);
#998 = DIRECTION('',(1.,0.,0.));
#999 = ORIENTED_EDGE('',*,*,#1000,.F.);
#1000 = EDGE_CURVE('',#1001,#993,#1003,.T.);
#1001 = VERTEX_POINT('',#1002);
#1002 = CARTESIAN_POINT('',(50.,-150.,14.737205583712));
#1003 = LINE('',#1004,#1005);
#1004 = CARTESIAN_POINT('',(50.,-150.,14.737205583712));
#1005 = VECTOR('',#1006,1.);
#1006 = DIRECTION('',(-0.,1.,-0.));
#1007 = ORIENTED_EDGE('',*,*,#1008,.F.);
#1008 = EDGE_CURVE('',#983,#1001,#1009,.T.);
#1009 = LINE('',#1010,#1011);
#1010 = CARTESIAN_POINT('',(0.,-150.,14.737205583712));
#1011 = VECTOR('',#1012,1.);
#1012 = DIRECTION('',(1.,0.,0.));
#1013 = PLANE('',#1014);
#1014 = AXIS2_PLACEMENT_3D('',#1015,#1016,#1017);
#1015 = CARTESIAN_POINT('',(0.,-150.,14.737205583712));
#1016 = DIRECTION('',(0.,0.,-1.));
#1017 = DIRECTION('',(1.,0.,0.));
#1018 = ADVANCED_FACE('',(#1019),#1044,.T.);
#1019 = FACE_BOUND('',#1020,.T.);
#1020 = EDGE_LOOP('',(#1021,#1022,#1030,#1038));
#1021 = ORIENTED_EDGE('',*,*,#1000,.T.);
#1022 = ORIENTED_EDGE('',*,*,#1023,.T.);
#1023 = EDGE_CURVE('',#993,#1024,#1026,.T.);
#1024 = VERTEX_POINT('',#1025);
#1025 = CARTESIAN_POINT('',(50.,-130.,140.));
#1026 = LINE('',#1027,#1028);
#1027 = CARTESIAN_POINT('',(50.,-130.,14.737205583712));
#1028 = VECTOR('',#1029,1.);
#1029 = DIRECTION('',(0.,0.,1.));
#1030 = ORIENTED_EDGE('',*,*,#1031,.F.);
#1031 = EDGE_CURVE('',#1032,#1024,#1034,.T.);
#1032 = VERTEX_POINT('',#1033);
#1033 = CARTESIAN_POINT('',(50.,-150.,140.));
#1034 = LINE('',#1035,#1036);
#1035 = CARTESIAN_POINT('',(50.,-150.,140.));
#1036 = VECTOR('',#1037,1.);
#1037 = DIRECTION('',(-0.,1.,-0.));
#1038 = ORIENTED_EDGE('',*,*,#1039,.F.);
#1039 = EDGE_CURVE('',#1001,#1032,#1040,.T.);
#1040 = LINE('',#1041,#1042);
#1041 = CARTESIAN_POINT('',(50.,-150.,14.737205583712));
#1042 = VECTOR('',#1043,1.);
#1043 = DIRECTION('',(0.,0.,1.));
#1044 = PLANE('',#1045);
#1045 = AXIS2_PLACEMENT_3D('',#1046,#1047,#1048);
#1046 = CARTESIAN_POINT('',(50.,-150.,14.737205583712));
#1047 = DIRECTION('',(1.,0.,-0.));
#1048 = DIRECTION('',(0.,0.,1.));
#1049 = ADVANCED_FACE('',(#1050),#1075,.T.);
#1050 = FACE_BOUND('',#1051,.T.);
#1051 = EDGE_LOOP('',(#1052,#1053,#1061,#1069));
#1052 = ORIENTED_EDGE('',*,*,#1031,.T.);
#1053 = ORIENTED_EDGE('',*,*,#1054,.T.);
#1054 = EDGE_CURVE('',#1024,#1055,#1057,.T.);
#1055 = VERTEX_POINT('',#1056);
#1056 = CARTESIAN_POINT('',(0.,-130.,140.));
#1057 = LINE('',#1058,#1059);
#1058 = CARTESIAN_POINT('',(50.,-130.,140.));
#1059 = VECTOR('',#1060,1.);
#1060 = DIRECTION('',(-1.,0.,0.));
#1061 = ORIENTED_EDGE('',*,*,#1062,.F.);
#1062 = EDGE_CURVE('',#1063,#1055,#1065,.T.);
#1063 = VERTEX_POINT('',#1064);
#1064 = CARTESIAN_POINT('',(0.,-150.,140.));
#1065 = LINE('',#1066,#1067);
#1066 = CARTESIAN_POINT('',(0.,-150.,140.));
#1067 = VECTOR('',#1068,1.);
#1068 = DIRECTION('',(-0.,1.,-0.));
#1069 = ORIENTED_EDGE('',*,*,#1070,.F.);
#1070 = EDGE_CURVE('',#1032,#1063,#1071,.T.);
#1071 = LINE('',#1072,#1073);
#1072 = CARTESIAN_POINT('',(50.,-150.,140.));
#1073 = VECTOR('',#1074,1.);
#1074 = DIRECTION('',(-1.,0.,0.));
#1075 = PLANE('',#1076);
#1076 = AXIS2_PLACEMENT_3D('',#1077,#1078,#1079);
#1077 = CARTESIAN_POINT('',(50.,-150.,140.));
#1078 = DIRECTION('',(0.,0.,1.));
#1079 = DIRECTION('',(-1.,0.,0.));
#1080 = ADVANCED_FACE('',(#1081),#1097,.T.);
#1081 = FACE_BOUND('',#1082,.T.);
#1082 = EDGE_LOOP('',(#1083,#1084,#1090,#1091));
#1083 = ORIENTED_EDGE('',*,*,#1062,.T.);
#1084 = ORIENTED_EDGE('',*,*,#1085,.T.);
#1085 = EDGE_CURVE('',#1055,#985,#1086,.T.);
#1086 = LINE('',#1087,#1088);
#1087 = CARTESIAN_POINT('',(0.,-130.,140.));
#1088 = VECTOR('',#1089,1.);
#1089 = DIRECTION('',(0.,0.,-1.));
#1090 = ORIENTED_EDGE('',*,*,#982,.F.);
#1091 = ORIENTED_EDGE('',*,*,#1092,.F.);
#1092 = EDGE_CURVE('',#1063,#983,#1093,.T.);
#1093 = LINE('',#1094,#1095);
#1094 = CARTESIAN_POINT('',(0.,-150.,140.));
#1095 = VECTOR('',#1096,1.);
#1096 = DIRECTION('',(0.,0.,-1.));
#1097 = PLANE('',#1098);
#1098 = AXIS2_PLACEMENT_3D('',#1099,#1100,#1101);
#1099 = CARTESIAN_POINT('',(0.,-150.,140.));
#1100 = DIRECTION('',(-1.,-0.,-0.));
#1101 = DIRECTION('',(0.,0.,-1.));
#1102 = ADVANCED_FACE('',(#1103),#1109,.T.);
#1103 = FACE_BOUND('',#1104,.T.);
#1104 = EDGE_LOOP('',(#1105,#1106,#1107,#1108));
#1105 = ORIENTED_EDGE('',*,*,#1008,.T.);
#1106 = ORIENTED_EDGE('',*,*,#1039,.T.);
#1107 = ORIENTED_EDGE('',*,*,#1070,.T.);
#1108 = ORIENTED_EDGE('',*,*,#1092,.T.);
#1109 = PLANE('',#1110);
#1110 = AXIS2_PLACEMENT_3D('',#1111,#1112,#1113);
#1111 = CARTESIAN_POINT('',(25.,-150.,77.368602791856));
#1112 = DIRECTION('',(-0.,-1.,-0.));
#1113 = DIRECTION('',(0.,0.,-1.));
#1114 = ADVANCED_FACE('',(#1115),#1121,.F.);
#1115 = FACE_BOUND('',#1116,.F.);
#1116 = EDGE_LOOP('',(#1117,#1118,#1119,#1120));
#1117 = ORIENTED_EDGE('',*,*,#992,.T.);
#1118 = ORIENTED_EDGE('',*,*,#1023,.T.);
#1119 = ORIENTED_EDGE('',*,*,#1054,.T.);
#1120 = ORIENTED_EDGE('',*,*,#1085,.T.);
#1121 = PLANE('',#1122);
#1122 = AXIS2_PLACEMENT_3D('',#1123,#1124,#1125);
#1123 = CARTESIAN_POINT('',(25.,-130.,77.368602791856));
#1124 = DIRECTION('',(-0.,-1.,-0.));
#1125 = DIRECTION('',(0.,0.,-1.));
#1126 = ( GEOMETRIC_REPRESENTATION_CONTEXT(3) 
GLOBAL_UNCERTAINTY_ASSIGNED_CONTEXT((#1130)) 
GLOBAL_UNIT_ASSIGNED_CONTEXT((#1127,#1128,#1129)) REPRESENTATION_CONTEXT
('Context #1','3D Context with UNIT and UNCERTAINTY') );
#1127 = ( LENGTH_UNIT() NAMED_UNIT(*) SI_UNIT(.MILLI.,.METRE.) );
#1128 = ( NAMED_UNIT(*) PLANE_ANGLE_UNIT() SI_UNIT($,.RADIAN.) );
#1129 = ( NAMED_UNIT(*) SI_UNIT($,.STERADIAN.) SOLID_ANGLE_UNIT() );
#1130 = UNCERTAINTY_MEASURE_WITH_UNIT(LENGTH_MEASURE(1.E-07),#1127,
  'distance_accuracy_value','confusion accuracy');
#1131 = CONTEXT_DEPENDENT_SHAPE_REPRESENTATION(#1132,#1134);
#1132 = ( REPRESENTATION_RELATIONSHIP('','',#975,#10) 
REPRESENTATION_RELATIONSHIP_WITH_TRANSFORMATION(#1133) 
SHAPE_REPRESENTATION_RELATIONSHIP() );
#1133 = ITEM_DEFINED_TRANSFORMATION('','',#11,#27);
#1134 = PRODUCT_DEFINITION_SHAPE('Placement','Placement of an item',
  #1135);
#1135 = NEXT_ASSEMBLY_USAGE_OCCURRENCE('92',
  'TRI-MAIN-SIDE-PORT-01 | SidePort | nominal plywood 20 mm','',#5,#970,
  $);
#1136 = PRODUCT_RELATED_PRODUCT_CATEGORY('part',$,(#972));
#1137 = SHAPE_DEFINITION_REPRESENTATION(#1138,#1144);
#1138 = PRODUCT_DEFINITION_SHAPE('','',#1139);
#1139 = PRODUCT_DEFINITION('design','',#1140,#1143);
#1140 = PRODUCT_DEFINITION_FORMATION('','',#1141);
#1141 = PRODUCT(
  'TRI-MAIN-SIDE-STARBOARD-01 | SideStarboard | nominal plywood 20 mm',
  'TRI-MAIN-SIDE-STARBOARD-01 | SideStarboard | nominal plywood 20 mm',
  '',(#1142));
#1142 = PRODUCT_CONTEXT('',#2,'mechanical');
#1143 = PRODUCT_DEFINITION_CONTEXT('part definition',#2,'design');
#1144 = ADVANCED_BREP_SHAPE_REPRESENTATION('',(#11,#1145),#1295);
#1145 = MANIFOLD_SOLID_BREP('',#1146);
#1146 = CLOSED_SHELL('',(#1147,#1187,#1218,#1249,#1271,#1283));
#1147 = ADVANCED_FACE('',(#1148),#1182,.T.);
#1148 = FACE_BOUND('',#1149,.T.);
#1149 = EDGE_LOOP('',(#1150,#1160,#1168,#1176));
#1150 = ORIENTED_EDGE('',*,*,#1151,.T.);
#1151 = EDGE_CURVE('',#1152,#1154,#1156,.T.);
#1152 = VERTEX_POINT('',#1153);
#1153 = CARTESIAN_POINT('',(0.,150.,14.737205583712));
#1154 = VERTEX_POINT('',#1155);
#1155 = CARTESIAN_POINT('',(0.,130.,14.737205583712));
#1156 = LINE('',#1157,#1158);
#1157 = CARTESIAN_POINT('',(0.,150.,14.737205583712));
#1158 = VECTOR('',#1159,1.);
#1159 = DIRECTION('',(-0.,-1.,-0.));
#1160 = ORIENTED_EDGE('',*,*,#1161,.T.);
#1161 = EDGE_CURVE('',#1154,#1162,#1164,.T.);
#1162 = VERTEX_POINT('',#1163);
#1163 = CARTESIAN_POINT('',(0.,130.,140.));
#1164 = LINE('',#1165,#1166);
#1165 = CARTESIAN_POINT('',(0.,130.,14.737205583712));
#1166 = VECTOR('',#1167,1.);
#1167 = DIRECTION('',(0.,0.,1.));
#1168 = ORIENTED_EDGE('',*,*,#1169,.F.);
#1169 = EDGE_CURVE('',#1170,#1162,#1172,.T.);
#1170 = VERTEX_POINT('',#1171);
#1171 = CARTESIAN_POINT('',(0.,150.,140.));
#1172 = LINE('',#1173,#1174);
#1173 = CARTESIAN_POINT('',(0.,150.,140.));
#1174 = VECTOR('',#1175,1.);
#1175 = DIRECTION('',(-0.,-1.,-0.));
#1176 = ORIENTED_EDGE('',*,*,#1177,.F.);
#1177 = EDGE_CURVE('',#1152,#1170,#1178,.T.);
#1178 = LINE('',#1179,#1180);
#1179 = CARTESIAN_POINT('',(0.,150.,14.737205583712));
#1180 = VECTOR('',#1181,1.);
#1181 = DIRECTION('',(0.,0.,1.));
#1182 = PLANE('',#1183);
#1183 = AXIS2_PLACEMENT_3D('',#1184,#1185,#1186);
#1184 = CARTESIAN_POINT('',(0.,150.,14.737205583712));
#1185 = DIRECTION('',(-1.,0.,0.));
#1186 = DIRECTION('',(0.,0.,1.));
#1187 = ADVANCED_FACE('',(#1188),#1213,.T.);
#1188 = FACE_BOUND('',#1189,.T.);
#1189 = EDGE_LOOP('',(#1190,#1191,#1199,#1207));
#1190 = ORIENTED_EDGE('',*,*,#1169,.T.);
#1191 = ORIENTED_EDGE('',*,*,#1192,.T.);
#1192 = EDGE_CURVE('',#1162,#1193,#1195,.T.);
#1193 = VERTEX_POINT('',#1194);
#1194 = CARTESIAN_POINT('',(50.,130.,140.));
#1195 = LINE('',#1196,#1197);
#1196 = CARTESIAN_POINT('',(0.,130.,140.));
#1197 = VECTOR('',#1198,1.);
#1198 = DIRECTION('',(1.,0.,0.));
#1199 = ORIENTED_EDGE('',*,*,#1200,.F.);
#1200 = EDGE_CURVE('',#1201,#1193,#1203,.T.);
#1201 = VERTEX_POINT('',#1202);
#1202 = CARTESIAN_POINT('',(50.,150.,140.));
#1203 = LINE('',#1204,#1205);
#1204 = CARTESIAN_POINT('',(50.,150.,140.));
#1205 = VECTOR('',#1206,1.);
#1206 = DIRECTION('',(-0.,-1.,-0.));
#1207 = ORIENTED_EDGE('',*,*,#1208,.F.);
#1208 = EDGE_CURVE('',#1170,#1201,#1209,.T.);
#1209 = LINE('',#1210,#1211);
#1210 = CARTESIAN_POINT('',(0.,150.,140.));
#1211 = VECTOR('',#1212,1.);
#1212 = DIRECTION('',(1.,0.,0.));
#1213 = PLANE('',#1214);
#1214 = AXIS2_PLACEMENT_3D('',#1215,#1216,#1217);
#1215 = CARTESIAN_POINT('',(0.,150.,140.));
#1216 = DIRECTION('',(0.,0.,1.));
#1217 = DIRECTION('',(1.,0.,-0.));
#1218 = ADVANCED_FACE('',(#1219),#1244,.T.);
#1219 = FACE_BOUND('',#1220,.T.);
#1220 = EDGE_LOOP('',(#1221,#1222,#1230,#1238));
#1221 = ORIENTED_EDGE('',*,*,#1200,.T.);
#1222 = ORIENTED_EDGE('',*,*,#1223,.T.);
#1223 = EDGE_CURVE('',#1193,#1224,#1226,.T.);
#1224 = VERTEX_POINT('',#1225);
#1225 = CARTESIAN_POINT('',(50.,130.,14.737205583712));
#1226 = LINE('',#1227,#1228);
#1227 = CARTESIAN_POINT('',(50.,130.,140.));
#1228 = VECTOR('',#1229,1.);
#1229 = DIRECTION('',(0.,0.,-1.));
#1230 = ORIENTED_EDGE('',*,*,#1231,.F.);
#1231 = EDGE_CURVE('',#1232,#1224,#1234,.T.);
#1232 = VERTEX_POINT('',#1233);
#1233 = CARTESIAN_POINT('',(50.,150.,14.737205583712));
#1234 = LINE('',#1235,#1236);
#1235 = CARTESIAN_POINT('',(50.,150.,14.737205583712));
#1236 = VECTOR('',#1237,1.);
#1237 = DIRECTION('',(-0.,-1.,-0.));
#1238 = ORIENTED_EDGE('',*,*,#1239,.F.);
#1239 = EDGE_CURVE('',#1201,#1232,#1240,.T.);
#1240 = LINE('',#1241,#1242);
#1241 = CARTESIAN_POINT('',(50.,150.,140.));
#1242 = VECTOR('',#1243,1.);
#1243 = DIRECTION('',(0.,0.,-1.));
#1244 = PLANE('',#1245);
#1245 = AXIS2_PLACEMENT_3D('',#1246,#1247,#1248);
#1246 = CARTESIAN_POINT('',(50.,150.,140.));
#1247 = DIRECTION('',(1.,-0.,0.));
#1248 = DIRECTION('',(0.,0.,-1.));
#1249 = ADVANCED_FACE('',(#1250),#1266,.T.);
#1250 = FACE_BOUND('',#1251,.T.);
#1251 = EDGE_LOOP('',(#1252,#1253,#1259,#1260));
#1252 = ORIENTED_EDGE('',*,*,#1231,.T.);
#1253 = ORIENTED_EDGE('',*,*,#1254,.T.);
#1254 = EDGE_CURVE('',#1224,#1154,#1255,.T.);
#1255 = LINE('',#1256,#1257);
#1256 = CARTESIAN_POINT('',(50.,130.,14.737205583712));
#1257 = VECTOR('',#1258,1.);
#1258 = DIRECTION('',(-1.,0.,0.));
#1259 = ORIENTED_EDGE('',*,*,#1151,.F.);
#1260 = ORIENTED_EDGE('',*,*,#1261,.F.);
#1261 = EDGE_CURVE('',#1232,#1152,#1262,.T.);
#1262 = LINE('',#1263,#1264);
#1263 = CARTESIAN_POINT('',(50.,150.,14.737205583712));
#1264 = VECTOR('',#1265,1.);
#1265 = DIRECTION('',(-1.,0.,0.));
#1266 = PLANE('',#1267);
#1267 = AXIS2_PLACEMENT_3D('',#1268,#1269,#1270);
#1268 = CARTESIAN_POINT('',(50.,150.,14.737205583712));
#1269 = DIRECTION('',(0.,0.,-1.));
#1270 = DIRECTION('',(-1.,0.,0.));
#1271 = ADVANCED_FACE('',(#1272),#1278,.T.);
#1272 = FACE_BOUND('',#1273,.T.);
#1273 = EDGE_LOOP('',(#1274,#1275,#1276,#1277));
#1274 = ORIENTED_EDGE('',*,*,#1177,.T.);
#1275 = ORIENTED_EDGE('',*,*,#1208,.T.);
#1276 = ORIENTED_EDGE('',*,*,#1239,.T.);
#1277 = ORIENTED_EDGE('',*,*,#1261,.T.);
#1278 = PLANE('',#1279);
#1279 = AXIS2_PLACEMENT_3D('',#1280,#1281,#1282);
#1280 = CARTESIAN_POINT('',(25.,150.,77.368602791856));
#1281 = DIRECTION('',(0.,1.,0.));
#1282 = DIRECTION('',(0.,-0.,1.));
#1283 = ADVANCED_FACE('',(#1284),#1290,.F.);
#1284 = FACE_BOUND('',#1285,.F.);
#1285 = EDGE_LOOP('',(#1286,#1287,#1288,#1289));
#1286 = ORIENTED_EDGE('',*,*,#1161,.T.);
#1287 = ORIENTED_EDGE('',*,*,#1192,.T.);
#1288 = ORIENTED_EDGE('',*,*,#1223,.T.);
#1289 = ORIENTED_EDGE('',*,*,#1254,.T.);
#1290 = PLANE('',#1291);
#1291 = AXIS2_PLACEMENT_3D('',#1292,#1293,#1294);
#1292 = CARTESIAN_POINT('',(25.,130.,77.368602791856));
#1293 = DIRECTION('',(0.,1.,0.));
#1294 = DIRECTION('',(0.,-0.,1.));
#1295 = ( GEOMETRIC_REPRESENTATION_CONTEXT(3) 
GLOBAL_UNCERTAINTY_ASSIGNED_CONTEXT((#1299)) 
GLOBAL_UNIT_ASSIGNED_CONTEXT((#1296,#1297,#1298)) REPRESENTATION_CONTEXT
('Context #1','3D Context with UNIT and UNCERTAINTY') );
#1296 = ( LENGTH_UNIT() NAMED_UNIT(*) SI_UNIT(.MILLI.,.METRE.) );
#1297 = ( NAMED_UNIT(*) PLANE_ANGLE_UNIT() SI_UNIT($,.RADIAN.) );
#1298 = ( NAMED_UNIT(*) SI_UNIT($,.STERADIAN.) SOLID_ANGLE_UNIT() );
#1299 = UNCERTAINTY_MEASURE_WITH_UNIT(LENGTH_MEASURE(1.E-07),#1296,
  'distance_accuracy_value','confusion accuracy');
#1300 = CONTEXT_DEPENDENT_SHAPE_REPRESENTATION(#1301,#1303);
#1301 = ( REPRESENTATION_RELATIONSHIP('','',#1144,#10) 
REPRESENTATION_RELATIONSHIP_WITH_TRANSFORMATION(#1302) 
SHAPE_REPRESENTATION_RELATIONSHIP() );
#1302 = ITEM_DEFINED_TRANSFORMATION('','',#11,#31);
#1303 = PRODUCT_DEFINITION_SHAPE('Placement','Placement of an item',
  #1304);
#1304 = NEXT_ASSEMBLY_USAGE_OCCURRENCE('93',
  'TRI-MAIN-SIDE-STARBOARD-01 | SideStarboard | nominal plywood 20 mm',
  '',#5,#1139,$);
#1305 = PRODUCT_RELATED_PRODUCT_CATEGORY('part',$,(#1141));
#1306 = SHAPE_DEFINITION_REPRESENTATION(#1307,#1313);
#1307 = PRODUCT_DEFINITION_SHAPE('','',#1308);
#1308 = PRODUCT_DEFINITION('design','',#1309,#1312);
#1309 = PRODUCT_DEFINITION_FORMATION('','',#1310);
#1310 = PRODUCT(
  'TRI-MAIN-BOTTOM-02 | BottomFlat | nominal plywood 20 mm',
  'TRI-MAIN-BOTTOM-02 | BottomFlat | nominal plywood 20 mm','',(#1311));
#1311 = PRODUCT_CONTEXT('',#2,'mechanical');
#1312 = PRODUCT_DEFINITION_CONTEXT('part definition',#2,'design');
#1313 = ADVANCED_BREP_SHAPE_REPRESENTATION('',(#11,#1314),#1464);
#1314 = MANIFOLD_SOLID_BREP('',#1315);
#1315 = CLOSED_SHELL('',(#1316,#1356,#1387,#1418,#1440,#1452));
#1316 = ADVANCED_FACE('',(#1317),#1351,.F.);
#1317 = FACE_BOUND('',#1318,.F.);
#1318 = EDGE_LOOP('',(#1319,#1329,#1337,#1345));
#1319 = ORIENTED_EDGE('',*,*,#1320,.T.);
#1320 = EDGE_CURVE('',#1321,#1323,#1325,.T.);
#1321 = VERTEX_POINT('',#1322);
#1322 = CARTESIAN_POINT('',(50.,-95.,0.));
#1323 = VERTEX_POINT('',#1324);
#1324 = CARTESIAN_POINT('',(50.,-95.,20.));
#1325 = LINE('',#1326,#1327);
#1326 = CARTESIAN_POINT('',(50.,-95.,0.));
#1327 = VECTOR('',#1328,1.);
#1328 = DIRECTION('',(0.,0.,1.));
#1329 = ORIENTED_EDGE('',*,*,#1330,.T.);
#1330 = EDGE_CURVE('',#1323,#1331,#1333,.T.);
#1331 = VERTEX_POINT('',#1332);
#1332 = CARTESIAN_POINT('',(220.,-95.,20.));
#1333 = LINE('',#1334,#1335);
#1334 = CARTESIAN_POINT('',(50.,-95.,20.));
#1335 = VECTOR('',#1336,1.);
#1336 = DIRECTION('',(1.,0.,0.));
#1337 = ORIENTED_EDGE('',*,*,#1338,.F.);
#1338 = EDGE_CURVE('',#1339,#1331,#1341,.T.);
#1339 = VERTEX_POINT('',#1340);
#1340 = CARTESIAN_POINT('',(220.,-95.,0.));
#1341 = LINE('',#1342,#1343);
#1342 = CARTESIAN_POINT('',(220.,-95.,0.));
#1343 = VECTOR('',#1344,1.);
#1344 = DIRECTION('',(0.,0.,1.));
#1345 = ORIENTED_EDGE('',*,*,#1346,.F.);
#1346 = EDGE_CURVE('',#1321,#1339,#1347,.T.);
#1347 = LINE('',#1348,#1349);
#1348 = CARTESIAN_POINT('',(50.,-95.,0.));
#1349 = VECTOR('',#1350,1.);
#1350 = DIRECTION('',(1.,0.,0.));
#1351 = PLANE('',#1352);
#1352 = AXIS2_PLACEMENT_3D('',#1353,#1354,#1355);
#1353 = CARTESIAN_POINT('',(50.,-95.,0.));
#1354 = DIRECTION('',(0.,1.,0.));
#1355 = DIRECTION('',(1.,0.,0.));
#1356 = ADVANCED_FACE('',(#1357),#1382,.F.);
#1357 = FACE_BOUND('',#1358,.F.);
#1358 = EDGE_LOOP('',(#1359,#1360,#1368,#1376));
#1359 = ORIENTED_EDGE('',*,*,#1338,.T.);
#1360 = ORIENTED_EDGE('',*,*,#1361,.T.);
#1361 = EDGE_CURVE('',#1331,#1362,#1364,.T.);
#1362 = VERTEX_POINT('',#1363);
#1363 = CARTESIAN_POINT('',(220.,95.,20.));
#1364 = LINE('',#1365,#1366);
#1365 = CARTESIAN_POINT('',(220.,-95.,20.));
#1366 = VECTOR('',#1367,1.);
#1367 = DIRECTION('',(0.,1.,0.));
#1368 = ORIENTED_EDGE('',*,*,#1369,.F.);
#1369 = EDGE_CURVE('',#1370,#1362,#1372,.T.);
#1370 = VERTEX_POINT('',#1371);
#1371 = CARTESIAN_POINT('',(220.,95.,0.));
#1372 = LINE('',#1373,#1374);
#1373 = CARTESIAN_POINT('',(220.,95.,0.));
#1374 = VECTOR('',#1375,1.);
#1375 = DIRECTION('',(0.,0.,1.));
#1376 = ORIENTED_EDGE('',*,*,#1377,.F.);
#1377 = EDGE_CURVE('',#1339,#1370,#1378,.T.);
#1378 = LINE('',#1379,#1380);
#1379 = CARTESIAN_POINT('',(220.,-95.,0.));
#1380 = VECTOR('',#1381,1.);
#1381 = DIRECTION('',(0.,1.,0.));
#1382 = PLANE('',#1383);
#1383 = AXIS2_PLACEMENT_3D('',#1384,#1385,#1386);
#1384 = CARTESIAN_POINT('',(220.,-95.,0.));
#1385 = DIRECTION('',(-1.,0.,0.));
#1386 = DIRECTION('',(0.,1.,0.));
#1387 = ADVANCED_FACE('',(#1388),#1413,.F.);
#1388 = FACE_BOUND('',#1389,.F.);
#1389 = EDGE_LOOP('',(#1390,#1391,#1399,#1407));
#1390 = ORIENTED_EDGE('',*,*,#1369,.T.);
#1391 = ORIENTED_EDGE('',*,*,#1392,.T.);
#1392 = EDGE_CURVE('',#1362,#1393,#1395,.T.);
#1393 = VERTEX_POINT('',#1394);
#1394 = CARTESIAN_POINT('',(50.,95.,20.));
#1395 = LINE('',#1396,#1397);
#1396 = CARTESIAN_POINT('',(220.,95.,20.));
#1397 = VECTOR('',#1398,1.);
#1398 = DIRECTION('',(-1.,0.,0.));
#1399 = ORIENTED_EDGE('',*,*,#1400,.F.);
#1400 = EDGE_CURVE('',#1401,#1393,#1403,.T.);
#1401 = VERTEX_POINT('',#1402);
#1402 = CARTESIAN_POINT('',(50.,95.,0.));
#1403 = LINE('',#1404,#1405);
#1404 = CARTESIAN_POINT('',(50.,95.,0.));
#1405 = VECTOR('',#1406,1.);
#1406 = DIRECTION('',(0.,0.,1.));
#1407 = ORIENTED_EDGE('',*,*,#1408,.F.);
#1408 = EDGE_CURVE('',#1370,#1401,#1409,.T.);
#1409 = LINE('',#1410,#1411);
#1410 = CARTESIAN_POINT('',(220.,95.,0.));
#1411 = VECTOR('',#1412,1.);
#1412 = DIRECTION('',(-1.,0.,0.));
#1413 = PLANE('',#1414);
#1414 = AXIS2_PLACEMENT_3D('',#1415,#1416,#1417);
#1415 = CARTESIAN_POINT('',(220.,95.,0.));
#1416 = DIRECTION('',(0.,-1.,0.));
#1417 = DIRECTION('',(-1.,0.,0.));
#1418 = ADVANCED_FACE('',(#1419),#1435,.F.);
#1419 = FACE_BOUND('',#1420,.F.);
#1420 = EDGE_LOOP('',(#1421,#1422,#1428,#1429));
#1421 = ORIENTED_EDGE('',*,*,#1400,.T.);
#1422 = ORIENTED_EDGE('',*,*,#1423,.T.);
#1423 = EDGE_CURVE('',#1393,#1323,#1424,.T.);
#1424 = LINE('',#1425,#1426);
#1425 = CARTESIAN_POINT('',(50.,95.,20.));
#1426 = VECTOR('',#1427,1.);
#1427 = DIRECTION('',(0.,-1.,0.));
#1428 = ORIENTED_EDGE('',*,*,#1320,.F.);
#1429 = ORIENTED_EDGE('',*,*,#1430,.F.);
#1430 = EDGE_CURVE('',#1401,#1321,#1431,.T.);
#1431 = LINE('',#1432,#1433);
#1432 = CARTESIAN_POINT('',(50.,95.,0.));
#1433 = VECTOR('',#1434,1.);
#1434 = DIRECTION('',(0.,-1.,0.));
#1435 = PLANE('',#1436);
#1436 = AXIS2_PLACEMENT_3D('',#1437,#1438,#1439);
#1437 = CARTESIAN_POINT('',(50.,95.,0.));
#1438 = DIRECTION('',(1.,0.,-0.));
#1439 = DIRECTION('',(0.,-1.,0.));
#1440 = ADVANCED_FACE('',(#1441),#1447,.F.);
#1441 = FACE_BOUND('',#1442,.F.);
#1442 = EDGE_LOOP('',(#1443,#1444,#1445,#1446));
#1443 = ORIENTED_EDGE('',*,*,#1346,.T.);
#1444 = ORIENTED_EDGE('',*,*,#1377,.T.);
#1445 = ORIENTED_EDGE('',*,*,#1408,.T.);
#1446 = ORIENTED_EDGE('',*,*,#1430,.T.);
#1447 = PLANE('',#1448);
#1448 = AXIS2_PLACEMENT_3D('',#1449,#1450,#1451);
#1449 = CARTESIAN_POINT('',(135.,0.,0.));
#1450 = DIRECTION('',(0.,0.,1.));
#1451 = DIRECTION('',(1.,0.,-0.));
#1452 = ADVANCED_FACE('',(#1453),#1459,.T.);
#1453 = FACE_BOUND('',#1454,.T.);
#1454 = EDGE_LOOP('',(#1455,#1456,#1457,#1458));
#1455 = ORIENTED_EDGE('',*,*,#1330,.T.);
#1456 = ORIENTED_EDGE('',*,*,#1361,.T.);
#1457 = ORIENTED_EDGE('',*,*,#1392,.T.);
#1458 = ORIENTED_EDGE('',*,*,#1423,.T.);
#1459 = PLANE('',#1460);
#1460 = AXIS2_PLACEMENT_3D('',#1461,#1462,#1463);
#1461 = CARTESIAN_POINT('',(135.,0.,20.));
#1462 = DIRECTION('',(0.,0.,1.));
#1463 = DIRECTION('',(1.,0.,-0.));
#1464 = ( GEOMETRIC_REPRESENTATION_CONTEXT(3) 
GLOBAL_UNCERTAINTY_ASSIGNED_CONTEXT((#1468)) 
GLOBAL_UNIT_ASSIGNED_CONTEXT((#1465,#1466,#1467)) REPRESENTATION_CONTEXT
('Context #1','3D Context with UNIT and UNCERTAINTY') );
#1465 = ( LENGTH_UNIT() NAMED_UNIT(*) SI_UNIT(.MILLI.,.METRE.) );
#1466 = ( NAMED_UNIT(*) PLANE_ANGLE_UNIT() SI_UNIT($,.RADIAN.) );
#1467 = ( NAMED_UNIT(*) SI_UNIT($,.STERADIAN.) SOLID_ANGLE_UNIT() );
#1468 = UNCERTAINTY_MEASURE_WITH_UNIT(LENGTH_MEASURE(1.E-07),#1465,
  'distance_accuracy_value','confusion accuracy');
#1469 = CONTEXT_DEPENDENT_SHAPE_REPRESENTATION(#1470,#1472);
#1470 = ( REPRESENTATION_RELATIONSHIP('','',#1313,#10) 
REPRESENTATION_RELATIONSHIP_WITH_TRANSFORMATION(#1471) 
SHAPE_REPRESENTATION_RELATIONSHIP() );
#1471 = ITEM_DEFINED_TRANSFORMATION('','',#11,#35);
#1472 = PRODUCT_DEFINITION_SHAPE('Placement','Placement of an item',
  #1473);
#1473 = NEXT_ASSEMBLY_USAGE_OCCURRENCE('94',
  'TRI-MAIN-BOTTOM-02 | BottomFlat | nominal plywood 20 mm','',#5,#1308,
  $);
#1474 = PRODUCT_RELATED_PRODUCT_CATEGORY('part',$,(#1310));
#1475 = SHAPE_DEFINITION_REPRESENTATION(#1476,#1482);
#1476 = PRODUCT_DEFINITION_SHAPE('','',#1477);
#1477 = PRODUCT_DEFINITION('design','',#1478,#1481);
#1478 = PRODUCT_DEFINITION_FORMATION('','',#1479);
#1479 = PRODUCT(
  'TRI-MAIN-CHINE-PORT-02 | ChinePort | nominal plywood 20 mm',
  'TRI-MAIN-CHINE-PORT-02 | ChinePort | nominal plywood 20 mm','',(#1480
    ));
#1480 = PRODUCT_CONTEXT('',#2,'mechanical');
#1481 = PRODUCT_DEFINITION_CONTEXT('part definition',#2,'design');
#1482 = ADVANCED_BREP_SHAPE_REPRESENTATION('',(#11,#1483),#1633);
#1483 = MANIFOLD_SOLID_BREP('',#1484);
#1484 = CLOSED_SHELL('',(#1485,#1525,#1556,#1587,#1609,#1621));
#1485 = ADVANCED_FACE('',(#1486),#1520,.T.);
#1486 = FACE_BOUND('',#1487,.T.);
#1487 = EDGE_LOOP('',(#1488,#1498,#1506,#1514));
#1488 = ORIENTED_EDGE('',*,*,#1489,.T.);
#1489 = EDGE_CURVE('',#1490,#1492,#1494,.T.);
#1490 = VERTEX_POINT('',#1491);
#1491 = CARTESIAN_POINT('',(50.,-95.,0.));
#1492 = VERTEX_POINT('',#1493);
#1493 = CARTESIAN_POINT('',(50.,-89.82361909795,19.318516525781));
#1494 = LINE('',#1495,#1496);
#1495 = CARTESIAN_POINT('',(50.,-95.,0.));
#1496 = VECTOR('',#1497,1.);
#1497 = DIRECTION('',(-0.,0.258819045103,0.965925826289));
#1498 = ORIENTED_EDGE('',*,*,#1499,.T.);
#1499 = EDGE_CURVE('',#1492,#1500,#1502,.T.);
#1500 = VERTEX_POINT('',#1501);
#1501 = CARTESIAN_POINT('',(220.,-89.82361909795,19.318516525781));
#1502 = LINE('',#1503,#1504);
#1503 = CARTESIAN_POINT('',(50.,-89.82361909795,19.318516525781));
#1504 = VECTOR('',#1505,1.);
#1505 = DIRECTION('',(1.,0.,0.));
#1506 = ORIENTED_EDGE('',*,*,#1507,.F.);
#1507 = EDGE_CURVE('',#1508,#1500,#1510,.T.);
#1508 = VERTEX_POINT('',#1509);
#1509 = CARTESIAN_POINT('',(220.,-95.,0.));
#1510 = LINE('',#1511,#1512);
#1511 = CARTESIAN_POINT('',(220.,-95.,0.));
#1512 = VECTOR('',#1513,1.);
#1513 = DIRECTION('',(-0.,0.258819045103,0.965925826289));
#1514 = ORIENTED_EDGE('',*,*,#1515,.F.);
#1515 = EDGE_CURVE('',#1490,#1508,#1516,.T.);
#1516 = LINE('',#1517,#1518);
#1517 = CARTESIAN_POINT('',(50.,-95.,0.));
#1518 = VECTOR('',#1519,1.);
#1519 = DIRECTION('',(1.,0.,0.));
#1520 = PLANE('',#1521);
#1521 = AXIS2_PLACEMENT_3D('',#1522,#1523,#1524);
#1522 = CARTESIAN_POINT('',(50.,-95.,0.));
#1523 = DIRECTION('',(0.,0.965925826289,-0.258819045103));
#1524 = DIRECTION('',(1.,0.,0.));
#1525 = ADVANCED_FACE('',(#1526),#1551,.T.);
#1526 = FACE_BOUND('',#1527,.T.);
#1527 = EDGE_LOOP('',(#1528,#1529,#1537,#1545));
#1528 = ORIENTED_EDGE('',*,*,#1507,.T.);
#1529 = ORIENTED_EDGE('',*,*,#1530,.T.);
#1530 = EDGE_CURVE('',#1500,#1531,#1533,.T.);
#1531 = VERTEX_POINT('',#1532);
#1532 = CARTESIAN_POINT('',(220.,-144.8236190979,34.055722109493));
#1533 = LINE('',#1534,#1535);
#1534 = CARTESIAN_POINT('',(220.,-89.82361909795,19.318516525781));
#1535 = VECTOR('',#1536,1.);
#1536 = DIRECTION('',(0.,-0.965925826289,0.258819045103));
#1537 = ORIENTED_EDGE('',*,*,#1538,.F.);
#1538 = EDGE_CURVE('',#1539,#1531,#1541,.T.);
#1539 = VERTEX_POINT('',#1540);
#1540 = CARTESIAN_POINT('',(220.,-150.,14.737205583712));
#1541 = LINE('',#1542,#1543);
#1542 = CARTESIAN_POINT('',(220.,-150.,14.737205583712));
#1543 = VECTOR('',#1544,1.);
#1544 = DIRECTION('',(-0.,0.258819045103,0.965925826289));
#1545 = ORIENTED_EDGE('',*,*,#1546,.F.);
#1546 = EDGE_CURVE('',#1508,#1539,#1547,.T.);
#1547 = LINE('',#1548,#1549);
#1548 = CARTESIAN_POINT('',(220.,-95.,0.));
#1549 = VECTOR('',#1550,1.);
#1550 = DIRECTION('',(0.,-0.965925826289,0.258819045103));
#1551 = PLANE('',#1552);
#1552 = AXIS2_PLACEMENT_3D('',#1553,#1554,#1555);
#1553 = CARTESIAN_POINT('',(220.,-95.,0.));
#1554 = DIRECTION('',(1.,0.,0.));
#1555 = DIRECTION('',(0.,-0.965925826289,0.258819045103));
#1556 = ADVANCED_FACE('',(#1557),#1582,.T.);
#1557 = FACE_BOUND('',#1558,.T.);
#1558 = EDGE_LOOP('',(#1559,#1560,#1568,#1576));
#1559 = ORIENTED_EDGE('',*,*,#1538,.T.);
#1560 = ORIENTED_EDGE('',*,*,#1561,.T.);
#1561 = EDGE_CURVE('',#1531,#1562,#1564,.T.);
#1562 = VERTEX_POINT('',#1563);
#1563 = CARTESIAN_POINT('',(50.,-144.8236190979,34.055722109493));
#1564 = LINE('',#1565,#1566);
#1565 = CARTESIAN_POINT('',(220.,-144.8236190979,34.055722109493));
#1566 = VECTOR('',#1567,1.);
#1567 = DIRECTION('',(-1.,0.,0.));
#1568 = ORIENTED_EDGE('',*,*,#1569,.F.);
#1569 = EDGE_CURVE('',#1570,#1562,#1572,.T.);
#1570 = VERTEX_POINT('',#1571);
#1571 = CARTESIAN_POINT('',(50.,-150.,14.737205583712));
#1572 = LINE('',#1573,#1574);
#1573 = CARTESIAN_POINT('',(50.,-150.,14.737205583712));
#1574 = VECTOR('',#1575,1.);
#1575 = DIRECTION('',(-0.,0.258819045103,0.965925826289));
#1576 = ORIENTED_EDGE('',*,*,#1577,.F.);
#1577 = EDGE_CURVE('',#1539,#1570,#1578,.T.);
#1578 = LINE('',#1579,#1580);
#1579 = CARTESIAN_POINT('',(220.,-150.,14.737205583712));
#1580 = VECTOR('',#1581,1.);
#1581 = DIRECTION('',(-1.,0.,0.));
#1582 = PLANE('',#1583);
#1583 = AXIS2_PLACEMENT_3D('',#1584,#1585,#1586);
#1584 = CARTESIAN_POINT('',(220.,-150.,14.737205583712));
#1585 = DIRECTION('',(0.,-0.965925826289,0.258819045103));
#1586 = DIRECTION('',(-1.,0.,0.));
#1587 = ADVANCED_FACE('',(#1588),#1604,.T.);
#1588 = FACE_BOUND('',#1589,.T.);
#1589 = EDGE_LOOP('',(#1590,#1591,#1597,#1598));
#1590 = ORIENTED_EDGE('',*,*,#1569,.T.);
#1591 = ORIENTED_EDGE('',*,*,#1592,.T.);
#1592 = EDGE_CURVE('',#1562,#1492,#1593,.T.);
#1593 = LINE('',#1594,#1595);
#1594 = CARTESIAN_POINT('',(50.,-144.8236190979,34.055722109493));
#1595 = VECTOR('',#1596,1.);
#1596 = DIRECTION('',(0.,0.965925826289,-0.258819045103));
#1597 = ORIENTED_EDGE('',*,*,#1489,.F.);
#1598 = ORIENTED_EDGE('',*,*,#1599,.F.);
#1599 = EDGE_CURVE('',#1570,#1490,#1600,.T.);
#1600 = LINE('',#1601,#1602);
#1601 = CARTESIAN_POINT('',(50.,-150.,14.737205583712));
#1602 = VECTOR('',#1603,1.);
#1603 = DIRECTION('',(0.,0.965925826289,-0.258819045103));
#1604 = PLANE('',#1605);
#1605 = AXIS2_PLACEMENT_3D('',#1606,#1607,#1608);
#1606 = CARTESIAN_POINT('',(50.,-150.,14.737205583712));
#1607 = DIRECTION('',(-1.,0.,-0.));
#1608 = DIRECTION('',(0.,0.965925826289,-0.258819045103));
#1609 = ADVANCED_FACE('',(#1610),#1616,.T.);
#1610 = FACE_BOUND('',#1611,.T.);
#1611 = EDGE_LOOP('',(#1612,#1613,#1614,#1615));
#1612 = ORIENTED_EDGE('',*,*,#1515,.T.);
#1613 = ORIENTED_EDGE('',*,*,#1546,.T.);
#1614 = ORIENTED_EDGE('',*,*,#1577,.T.);
#1615 = ORIENTED_EDGE('',*,*,#1599,.T.);
#1616 = PLANE('',#1617);
#1617 = AXIS2_PLACEMENT_3D('',#1618,#1619,#1620);
#1618 = CARTESIAN_POINT('',(135.,-122.5,7.368602791856));
#1619 = DIRECTION('',(-0.,-0.258819045103,-0.965925826289));
#1620 = DIRECTION('',(0.,-0.965925826289,0.258819045103));
#1621 = ADVANCED_FACE('',(#1622),#1628,.F.);
#1622 = FACE_BOUND('',#1623,.F.);
#1623 = EDGE_LOOP('',(#1624,#1625,#1626,#1627));
#1624 = ORIENTED_EDGE('',*,*,#1499,.T.);
#1625 = ORIENTED_EDGE('',*,*,#1530,.T.);
#1626 = ORIENTED_EDGE('',*,*,#1561,.T.);
#1627 = ORIENTED_EDGE('',*,*,#1592,.T.);
#1628 = PLANE('',#1629);
#1629 = AXIS2_PLACEMENT_3D('',#1630,#1631,#1632);
#1630 = CARTESIAN_POINT('',(135.,-117.3236190979,26.687119317637));
#1631 = DIRECTION('',(-0.,-0.258819045103,-0.965925826289));
#1632 = DIRECTION('',(0.,-0.965925826289,0.258819045103));
#1633 = ( GEOMETRIC_REPRESENTATION_CONTEXT(3) 
GLOBAL_UNCERTAINTY_ASSIGNED_CONTEXT((#1637)) 
GLOBAL_UNIT_ASSIGNED_CONTEXT((#1634,#1635,#1636)) REPRESENTATION_CONTEXT
('Context #1','3D Context with UNIT and UNCERTAINTY') );
#1634 = ( LENGTH_UNIT() NAMED_UNIT(*) SI_UNIT(.MILLI.,.METRE.) );
#1635 = ( NAMED_UNIT(*) PLANE_ANGLE_UNIT() SI_UNIT($,.RADIAN.) );
#1636 = ( NAMED_UNIT(*) SI_UNIT($,.STERADIAN.) SOLID_ANGLE_UNIT() );
#1637 = UNCERTAINTY_MEASURE_WITH_UNIT(LENGTH_MEASURE(1.E-07),#1634,
  'distance_accuracy_value','confusion accuracy');
#1638 = CONTEXT_DEPENDENT_SHAPE_REPRESENTATION(#1639,#1641);
#1639 = ( REPRESENTATION_RELATIONSHIP('','',#1482,#10) 
REPRESENTATION_RELATIONSHIP_WITH_TRANSFORMATION(#1640) 
SHAPE_REPRESENTATION_RELATIONSHIP() );
#1640 = ITEM_DEFINED_TRANSFORMATION('','',#11,#39);
#1641 = PRODUCT_DEFINITION_SHAPE('Placement','Placement of an item',
  #1642);
#1642 = NEXT_ASSEMBLY_USAGE_OCCURRENCE('95',
  'TRI-MAIN-CHINE-PORT-02 | ChinePort | nominal plywood 20 mm','',#5,
  #1477,$);
#1643 = PRODUCT_RELATED_PRODUCT_CATEGORY('part',$,(#1479));
#1644 = SHAPE_DEFINITION_REPRESENTATION(#1645,#1651);
#1645 = PRODUCT_DEFINITION_SHAPE('','',#1646);
#1646 = PRODUCT_DEFINITION('design','',#1647,#1650);
#1647 = PRODUCT_DEFINITION_FORMATION('','',#1648);
#1648 = PRODUCT(
  'TRI-MAIN-CHINE-STARBOARD-02 | ChineStarboard | nominal plywood 20 mm'
  ,
  'TRI-MAIN-CHINE-STARBOARD-02 | ChineStarboard | nominal plywood 20 mm'
  ,'',(#1649));
#1649 = PRODUCT_CONTEXT('',#2,'mechanical');
#1650 = PRODUCT_DEFINITION_CONTEXT('part definition',#2,'design');
#1651 = ADVANCED_BREP_SHAPE_REPRESENTATION('',(#11,#1652),#1802);
#1652 = MANIFOLD_SOLID_BREP('',#1653);
#1653 = CLOSED_SHELL('',(#1654,#1694,#1725,#1756,#1778,#1790));
#1654 = ADVANCED_FACE('',(#1655),#1689,.T.);
#1655 = FACE_BOUND('',#1656,.T.);
#1656 = EDGE_LOOP('',(#1657,#1667,#1675,#1683));
#1657 = ORIENTED_EDGE('',*,*,#1658,.T.);
#1658 = EDGE_CURVE('',#1659,#1661,#1663,.T.);
#1659 = VERTEX_POINT('',#1660);
#1660 = CARTESIAN_POINT('',(50.,95.,0.));
#1661 = VERTEX_POINT('',#1662);
#1662 = CARTESIAN_POINT('',(50.,89.82361909795,19.318516525781));
#1663 = LINE('',#1664,#1665);
#1664 = CARTESIAN_POINT('',(50.,95.,0.));
#1665 = VECTOR('',#1666,1.);
#1666 = DIRECTION('',(-0.,-0.258819045103,0.965925826289));
#1667 = ORIENTED_EDGE('',*,*,#1668,.T.);
#1668 = EDGE_CURVE('',#1661,#1669,#1671,.T.);
#1669 = VERTEX_POINT('',#1670);
#1670 = CARTESIAN_POINT('',(50.,144.82361909795,34.055722109493));
#1671 = LINE('',#1672,#1673);
#1672 = CARTESIAN_POINT('',(50.,89.82361909795,19.318516525781));
#1673 = VECTOR('',#1674,1.);
#1674 = DIRECTION('',(0.,0.965925826289,0.258819045103));
#1675 = ORIENTED_EDGE('',*,*,#1676,.F.);
#1676 = EDGE_CURVE('',#1677,#1669,#1679,.T.);
#1677 = VERTEX_POINT('',#1678);
#1678 = CARTESIAN_POINT('',(50.,150.,14.737205583712));
#1679 = LINE('',#1680,#1681);
#1680 = CARTESIAN_POINT('',(50.,150.,14.737205583712));
#1681 = VECTOR('',#1682,1.);
#1682 = DIRECTION('',(-0.,-0.258819045103,0.965925826289));
#1683 = ORIENTED_EDGE('',*,*,#1684,.F.);
#1684 = EDGE_CURVE('',#1659,#1677,#1685,.T.);
#1685 = LINE('',#1686,#1687);
#1686 = CARTESIAN_POINT('',(50.,95.,0.));
#1687 = VECTOR('',#1688,1.);
#1688 = DIRECTION('',(0.,0.965925826289,0.258819045103));
#1689 = PLANE('',#1690);
#1690 = AXIS2_PLACEMENT_3D('',#1691,#1692,#1693);
#1691 = CARTESIAN_POINT('',(50.,95.,0.));
#1692 = DIRECTION('',(-1.,0.,0.));
#1693 = DIRECTION('',(0.,0.965925826289,0.258819045103));
#1694 = ADVANCED_FACE('',(#1695),#1720,.T.);
#1695 = FACE_BOUND('',#1696,.T.);
#1696 = EDGE_LOOP('',(#1697,#1698,#1706,#1714));
#1697 = ORIENTED_EDGE('',*,*,#1676,.T.);
#1698 = ORIENTED_EDGE('',*,*,#1699,.T.);
#1699 = EDGE_CURVE('',#1669,#1700,#1702,.T.);
#1700 = VERTEX_POINT('',#1701);
#1701 = CARTESIAN_POINT('',(220.,144.82361909795,34.055722109493));
#1702 = LINE('',#1703,#1704);
#1703 = CARTESIAN_POINT('',(50.,144.82361909795,34.055722109493));
#1704 = VECTOR('',#1705,1.);
#1705 = DIRECTION('',(1.,0.,0.));
#1706 = ORIENTED_EDGE('',*,*,#1707,.F.);
#1707 = EDGE_CURVE('',#1708,#1700,#1710,.T.);
#1708 = VERTEX_POINT('',#1709);
#1709 = CARTESIAN_POINT('',(220.,150.,14.737205583712));
#1710 = LINE('',#1711,#1712);
#1711 = CARTESIAN_POINT('',(220.,150.,14.737205583712));
#1712 = VECTOR('',#1713,1.);
#1713 = DIRECTION('',(-0.,-0.258819045103,0.965925826289));
#1714 = ORIENTED_EDGE('',*,*,#1715,.F.);
#1715 = EDGE_CURVE('',#1677,#1708,#1716,.T.);
#1716 = LINE('',#1717,#1718);
#1717 = CARTESIAN_POINT('',(50.,150.,14.737205583712));
#1718 = VECTOR('',#1719,1.);
#1719 = DIRECTION('',(1.,0.,0.));
#1720 = PLANE('',#1721);
#1721 = AXIS2_PLACEMENT_3D('',#1722,#1723,#1724);
#1722 = CARTESIAN_POINT('',(50.,150.,14.737205583712));
#1723 = DIRECTION('',(-0.,0.965925826289,0.258819045103));
#1724 = DIRECTION('',(1.,0.,0.));
#1725 = ADVANCED_FACE('',(#1726),#1751,.T.);
#1726 = FACE_BOUND('',#1727,.T.);
#1727 = EDGE_LOOP('',(#1728,#1729,#1737,#1745));
#1728 = ORIENTED_EDGE('',*,*,#1707,.T.);
#1729 = ORIENTED_EDGE('',*,*,#1730,.T.);
#1730 = EDGE_CURVE('',#1700,#1731,#1733,.T.);
#1731 = VERTEX_POINT('',#1732);
#1732 = CARTESIAN_POINT('',(220.,89.82361909795,19.318516525781));
#1733 = LINE('',#1734,#1735);
#1734 = CARTESIAN_POINT('',(220.,144.82361909795,34.055722109493));
#1735 = VECTOR('',#1736,1.);
#1736 = DIRECTION('',(0.,-0.965925826289,-0.258819045103));
#1737 = ORIENTED_EDGE('',*,*,#1738,.F.);
#1738 = EDGE_CURVE('',#1739,#1731,#1741,.T.);
#1739 = VERTEX_POINT('',#1740);
#1740 = CARTESIAN_POINT('',(220.,95.,0.));
#1741 = LINE('',#1742,#1743);
#1742 = CARTESIAN_POINT('',(220.,95.,0.));
#1743 = VECTOR('',#1744,1.);
#1744 = DIRECTION('',(-0.,-0.258819045103,0.965925826289));
#1745 = ORIENTED_EDGE('',*,*,#1746,.F.);
#1746 = EDGE_CURVE('',#1708,#1739,#1747,.T.);
#1747 = LINE('',#1748,#1749);
#1748 = CARTESIAN_POINT('',(220.,150.,14.737205583712));
#1749 = VECTOR('',#1750,1.);
#1750 = DIRECTION('',(0.,-0.965925826289,-0.258819045103));
#1751 = PLANE('',#1752);
#1752 = AXIS2_PLACEMENT_3D('',#1753,#1754,#1755);
#1753 = CARTESIAN_POINT('',(220.,150.,14.737205583712));
#1754 = DIRECTION('',(1.,0.,0.));
#1755 = DIRECTION('',(0.,-0.965925826289,-0.258819045103));
#1756 = ADVANCED_FACE('',(#1757),#1773,.T.);
#1757 = FACE_BOUND('',#1758,.T.);
#1758 = EDGE_LOOP('',(#1759,#1760,#1766,#1767));
#1759 = ORIENTED_EDGE('',*,*,#1738,.T.);
#1760 = ORIENTED_EDGE('',*,*,#1761,.T.);
#1761 = EDGE_CURVE('',#1731,#1661,#1762,.T.);
#1762 = LINE('',#1763,#1764);
#1763 = CARTESIAN_POINT('',(220.,89.82361909795,19.318516525781));
#1764 = VECTOR('',#1765,1.);
#1765 = DIRECTION('',(-1.,0.,0.));
#1766 = ORIENTED_EDGE('',*,*,#1658,.F.);
#1767 = ORIENTED_EDGE('',*,*,#1768,.F.);
#1768 = EDGE_CURVE('',#1739,#1659,#1769,.T.);
#1769 = LINE('',#1770,#1771);
#1770 = CARTESIAN_POINT('',(220.,95.,0.));
#1771 = VECTOR('',#1772,1.);
#1772 = DIRECTION('',(-1.,0.,0.));
#1773 = PLANE('',#1774);
#1774 = AXIS2_PLACEMENT_3D('',#1775,#1776,#1777);
#1775 = CARTESIAN_POINT('',(220.,95.,0.));
#1776 = DIRECTION('',(-0.,-0.965925826289,-0.258819045103));
#1777 = DIRECTION('',(-1.,0.,0.));
#1778 = ADVANCED_FACE('',(#1779),#1785,.T.);
#1779 = FACE_BOUND('',#1780,.T.);
#1780 = EDGE_LOOP('',(#1781,#1782,#1783,#1784));
#1781 = ORIENTED_EDGE('',*,*,#1684,.T.);
#1782 = ORIENTED_EDGE('',*,*,#1715,.T.);
#1783 = ORIENTED_EDGE('',*,*,#1746,.T.);
#1784 = ORIENTED_EDGE('',*,*,#1768,.T.);
#1785 = PLANE('',#1786);
#1786 = AXIS2_PLACEMENT_3D('',#1787,#1788,#1789);
#1787 = CARTESIAN_POINT('',(135.,122.5,7.368602791856));
#1788 = DIRECTION('',(-0.,0.258819045103,-0.965925826289));
#1789 = DIRECTION('',(0.,-0.965925826289,-0.258819045103));
#1790 = ADVANCED_FACE('',(#1791),#1797,.F.);
#1791 = FACE_BOUND('',#1792,.F.);
#1792 = EDGE_LOOP('',(#1793,#1794,#1795,#1796));
#1793 = ORIENTED_EDGE('',*,*,#1668,.T.);
#1794 = ORIENTED_EDGE('',*,*,#1699,.T.);
#1795 = ORIENTED_EDGE('',*,*,#1730,.T.);
#1796 = ORIENTED_EDGE('',*,*,#1761,.T.);
#1797 = PLANE('',#1798);
#1798 = AXIS2_PLACEMENT_3D('',#1799,#1800,#1801);
#1799 = CARTESIAN_POINT('',(135.,117.32361909795,26.687119317637));
#1800 = DIRECTION('',(-0.,0.258819045103,-0.965925826289));
#1801 = DIRECTION('',(0.,-0.965925826289,-0.258819045103));
#1802 = ( GEOMETRIC_REPRESENTATION_CONTEXT(3) 
GLOBAL_UNCERTAINTY_ASSIGNED_CONTEXT((#1806)) 
GLOBAL_UNIT_ASSIGNED_CONTEXT((#1803,#1804,#1805)) REPRESENTATION_CONTEXT
('Context #1','3D Context with UNIT and UNCERTAINTY') );
#1803 = ( LENGTH_UNIT() NAMED_UNIT(*) SI_UNIT(.MILLI.,.METRE.) );
#1804 = ( NAMED_UNIT(*) PLANE_ANGLE_UNIT() SI_UNIT($,.RADIAN.) );
#1805 = ( NAMED_UNIT(*) SI_UNIT($,.STERADIAN.) SOLID_ANGLE_UNIT() );
#1806 = UNCERTAINTY_MEASURE_WITH_UNIT(LENGTH_MEASURE(1.E-07),#1803,
  'distance_accuracy_value','confusion accuracy');
#1807 = CONTEXT_DEPENDENT_SHAPE_REPRESENTATION(#1808,#1810);
#1808 = ( REPRESENTATION_RELATIONSHIP('','',#1651,#10) 
REPRESENTATION_RELATIONSHIP_WITH_TRANSFORMATION(#1809) 
SHAPE_REPRESENTATION_RELATIONSHIP() );
#1809 = ITEM_DEFINED_TRANSFORMATION('','',#11,#43);
#1810 = PRODUCT_DEFINITION_SHAPE('Placement','Placement of an item',
  #1811);
#1811 = NEXT_ASSEMBLY_USAGE_OCCURRENCE('96',
  'TRI-MAIN-CHINE-STARBOARD-02 | ChineStarboard | nominal plywood 20 mm'
  ,'',#5,#1646,$);
#1812 = PRODUCT_RELATED_PRODUCT_CATEGORY('part',$,(#1648));
#1813 = SHAPE_DEFINITION_REPRESENTATION(#1814,#1820);
#1814 = PRODUCT_DEFINITION_SHAPE('','',#1815);
#1815 = PRODUCT_DEFINITION('design','',#1816,#1819);
#1816 = PRODUCT_DEFINITION_FORMATION('','',#1817);
#1817 = PRODUCT(
  'TRI-MAIN-SIDE-PORT-02 | SidePort | nominal plywood 20 mm',
  'TRI-MAIN-SIDE-PORT-02 | SidePort | nominal plywood 20 mm','',(#1818)
  );
#1818 = PRODUCT_CONTEXT('',#2,'mechanical');
#1819 = PRODUCT_DEFINITION_CONTEXT('part definition',#2,'design');
#1820 = ADVANCED_BREP_SHAPE_REPRESENTATION('',(#11,#1821),#1971);
#1821 = MANIFOLD_SOLID_BREP('',#1822);
#1822 = CLOSED_SHELL('',(#1823,#1863,#1894,#1925,#1947,#1959));
#1823 = ADVANCED_FACE('',(#1824),#1858,.T.);
#1824 = FACE_BOUND('',#1825,.T.);
#1825 = EDGE_LOOP('',(#1826,#1836,#1844,#1852));
#1826 = ORIENTED_EDGE('',*,*,#1827,.T.);
#1827 = EDGE_CURVE('',#1828,#1830,#1832,.T.);
#1828 = VERTEX_POINT('',#1829);
#1829 = CARTESIAN_POINT('',(50.,-150.,14.737205583712));
#1830 = VERTEX_POINT('',#1831);
#1831 = CARTESIAN_POINT('',(50.,-130.,14.737205583712));
#1832 = LINE('',#1833,#1834);
#1833 = CARTESIAN_POINT('',(50.,-150.,14.737205583712));
#1834 = VECTOR('',#1835,1.);
#1835 = DIRECTION('',(-0.,1.,-0.));
#1836 = ORIENTED_EDGE('',*,*,#1837,.T.);
#1837 = EDGE_CURVE('',#1830,#1838,#1840,.T.);
#1838 = VERTEX_POINT('',#1839);
#1839 = CARTESIAN_POINT('',(220.,-130.,14.737205583712));
#1840 = LINE('',#1841,#1842);
#1841 = CARTESIAN_POINT('',(50.,-130.,14.737205583712));
#1842 = VECTOR('',#1843,1.);
#1843 = DIRECTION('',(1.,0.,0.));
#1844 = ORIENTED_EDGE('',*,*,#1845,.F.);
#1845 = EDGE_CURVE('',#1846,#1838,#1848,.T.);
#1846 = VERTEX_POINT('',#1847);
#1847 = CARTESIAN_POINT('',(220.,-150.,14.737205583712));
#1848 = LINE('',#1849,#1850);
#1849 = CARTESIAN_POINT('',(220.,-150.,14.737205583712));
#1850 = VECTOR('',#1851,1.);
#1851 = DIRECTION('',(-0.,1.,-0.));
#1852 = ORIENTED_EDGE('',*,*,#1853,.F.);
#1853 = EDGE_CURVE('',#1828,#1846,#1854,.T.);
#1854 = LINE('',#1855,#1856);
#1855 = CARTESIAN_POINT('',(50.,-150.,14.737205583712));
#1856 = VECTOR('',#1857,1.);
#1857 = DIRECTION('',(1.,0.,0.));
#1858 = PLANE('',#1859);
#1859 = AXIS2_PLACEMENT_3D('',#1860,#1861,#1862);
#1860 = CARTESIAN_POINT('',(50.,-150.,14.737205583712));
#1861 = DIRECTION('',(0.,0.,-1.));
#1862 = DIRECTION('',(1.,0.,0.));
#1863 = ADVANCED_FACE('',(#1864),#1889,.T.);
#1864 = FACE_BOUND('',#1865,.T.);
#1865 = EDGE_LOOP('',(#1866,#1867,#1875,#1883));
#1866 = ORIENTED_EDGE('',*,*,#1845,.T.);
#1867 = ORIENTED_EDGE('',*,*,#1868,.T.);
#1868 = EDGE_CURVE('',#1838,#1869,#1871,.T.);
#1869 = VERTEX_POINT('',#1870);
#1870 = CARTESIAN_POINT('',(220.,-130.,140.));
#1871 = LINE('',#1872,#1873);
#1872 = CARTESIAN_POINT('',(220.,-130.,14.737205583712));
#1873 = VECTOR('',#1874,1.);
#1874 = DIRECTION('',(0.,0.,1.));
#1875 = ORIENTED_EDGE('',*,*,#1876,.F.);
#1876 = EDGE_CURVE('',#1877,#1869,#1879,.T.);
#1877 = VERTEX_POINT('',#1878);
#1878 = CARTESIAN_POINT('',(220.,-150.,140.));
#1879 = LINE('',#1880,#1881);
#1880 = CARTESIAN_POINT('',(220.,-150.,140.));
#1881 = VECTOR('',#1882,1.);
#1882 = DIRECTION('',(-0.,1.,-0.));
#1883 = ORIENTED_EDGE('',*,*,#1884,.F.);
#1884 = EDGE_CURVE('',#1846,#1877,#1885,.T.);
#1885 = LINE('',#1886,#1887);
#1886 = CARTESIAN_POINT('',(220.,-150.,14.737205583712));
#1887 = VECTOR('',#1888,1.);
#1888 = DIRECTION('',(0.,0.,1.));
#1889 = PLANE('',#1890);
#1890 = AXIS2_PLACEMENT_3D('',#1891,#1892,#1893);
#1891 = CARTESIAN_POINT('',(220.,-150.,14.737205583712));
#1892 = DIRECTION('',(1.,0.,-0.));
#1893 = DIRECTION('',(0.,0.,1.));
#1894 = ADVANCED_FACE('',(#1895),#1920,.T.);
#1895 = FACE_BOUND('',#1896,.T.);
#1896 = EDGE_LOOP('',(#1897,#1898,#1906,#1914));
#1897 = ORIENTED_EDGE('',*,*,#1876,.T.);
#1898 = ORIENTED_EDGE('',*,*,#1899,.T.);
#1899 = EDGE_CURVE('',#1869,#1900,#1902,.T.);
#1900 = VERTEX_POINT('',#1901);
#1901 = CARTESIAN_POINT('',(50.,-130.,140.));
#1902 = LINE('',#1903,#1904);
#1903 = CARTESIAN_POINT('',(220.,-130.,140.));
#1904 = VECTOR('',#1905,1.);
#1905 = DIRECTION('',(-1.,0.,0.));
#1906 = ORIENTED_EDGE('',*,*,#1907,.F.);
#1907 = EDGE_CURVE('',#1908,#1900,#1910,.T.);
#1908 = VERTEX_POINT('',#1909);
#1909 = CARTESIAN_POINT('',(50.,-150.,140.));
#1910 = LINE('',#1911,#1912);
#1911 = CARTESIAN_POINT('',(50.,-150.,140.));
#1912 = VECTOR('',#1913,1.);
#1913 = DIRECTION('',(-0.,1.,-0.));
#1914 = ORIENTED_EDGE('',*,*,#1915,.F.);
#1915 = EDGE_CURVE('',#1877,#1908,#1916,.T.);
#1916 = LINE('',#1917,#1918);
#1917 = CARTESIAN_POINT('',(220.,-150.,140.));
#1918 = VECTOR('',#1919,1.);
#1919 = DIRECTION('',(-1.,0.,0.));
#1920 = PLANE('',#1921);
#1921 = AXIS2_PLACEMENT_3D('',#1922,#1923,#1924);
#1922 = CARTESIAN_POINT('',(220.,-150.,140.));
#1923 = DIRECTION('',(0.,0.,1.));
#1924 = DIRECTION('',(-1.,0.,0.));
#1925 = ADVANCED_FACE('',(#1926),#1942,.T.);
#1926 = FACE_BOUND('',#1927,.T.);
#1927 = EDGE_LOOP('',(#1928,#1929,#1935,#1936));
#1928 = ORIENTED_EDGE('',*,*,#1907,.T.);
#1929 = ORIENTED_EDGE('',*,*,#1930,.T.);
#1930 = EDGE_CURVE('',#1900,#1830,#1931,.T.);
#1931 = LINE('',#1932,#1933);
#1932 = CARTESIAN_POINT('',(50.,-130.,140.));
#1933 = VECTOR('',#1934,1.);
#1934 = DIRECTION('',(0.,0.,-1.));
#1935 = ORIENTED_EDGE('',*,*,#1827,.F.);
#1936 = ORIENTED_EDGE('',*,*,#1937,.F.);
#1937 = EDGE_CURVE('',#1908,#1828,#1938,.T.);
#1938 = LINE('',#1939,#1940);
#1939 = CARTESIAN_POINT('',(50.,-150.,140.));
#1940 = VECTOR('',#1941,1.);
#1941 = DIRECTION('',(0.,0.,-1.));
#1942 = PLANE('',#1943);
#1943 = AXIS2_PLACEMENT_3D('',#1944,#1945,#1946);
#1944 = CARTESIAN_POINT('',(50.,-150.,140.));
#1945 = DIRECTION('',(-1.,-0.,-0.));
#1946 = DIRECTION('',(0.,0.,-1.));
#1947 = ADVANCED_FACE('',(#1948),#1954,.T.);
#1948 = FACE_BOUND('',#1949,.T.);
#1949 = EDGE_LOOP('',(#1950,#1951,#1952,#1953));
#1950 = ORIENTED_EDGE('',*,*,#1853,.T.);
#1951 = ORIENTED_EDGE('',*,*,#1884,.T.);
#1952 = ORIENTED_EDGE('',*,*,#1915,.T.);
#1953 = ORIENTED_EDGE('',*,*,#1937,.T.);
#1954 = PLANE('',#1955);
#1955 = AXIS2_PLACEMENT_3D('',#1956,#1957,#1958);
#1956 = CARTESIAN_POINT('',(135.,-150.,77.368602791856));
#1957 = DIRECTION('',(-0.,-1.,-0.));
#1958 = DIRECTION('',(0.,0.,-1.));
#1959 = ADVANCED_FACE('',(#1960),#1966,.F.);
#1960 = FACE_BOUND('',#1961,.F.);
#1961 = EDGE_LOOP('',(#1962,#1963,#1964,#1965));
#1962 = ORIENTED_EDGE('',*,*,#1837,.T.);
#1963 = ORIENTED_EDGE('',*,*,#1868,.T.);
#1964 = ORIENTED_EDGE('',*,*,#1899,.T.);
#1965 = ORIENTED_EDGE('',*,*,#1930,.T.);
#1966 = PLANE('',#1967);
#1967 = AXIS2_PLACEMENT_3D('',#1968,#1969,#1970);
#1968 = CARTESIAN_POINT('',(135.,-130.,77.368602791856));
#1969 = DIRECTION('',(-0.,-1.,-0.));
#1970 = DIRECTION('',(0.,0.,-1.));
#1971 = ( GEOMETRIC_REPRESENTATION_CONTEXT(3) 
GLOBAL_UNCERTAINTY_ASSIGNED_CONTEXT((#1975)) 
GLOBAL_UNIT_ASSIGNED_CONTEXT((#1972,#1973,#1974)) REPRESENTATION_CONTEXT
('Context #1','3D Context with UNIT and UNCERTAINTY') );
#1972 = ( LENGTH_UNIT() NAMED_UNIT(*) SI_UNIT(.MILLI.,.METRE.) );
#1973 = ( NAMED_UNIT(*) PLANE_ANGLE_UNIT() SI_UNIT($,.RADIAN.) );
#1974 = ( NAMED_UNIT(*) SI_UNIT($,.STERADIAN.) SOLID_ANGLE_UNIT() );
#1975 = UNCERTAINTY_MEASURE_WITH_UNIT(LENGTH_MEASURE(1.E-07),#1972,
  'distance_accuracy_value','confusion accuracy');
#1976 = CONTEXT_DEPENDENT_SHAPE_REPRESENTATION(#1977,#1979);
#1977 = ( REPRESENTATION_RELATIONSHIP('','',#1820,#10) 
REPRESENTATION_RELATIONSHIP_WITH_TRANSFORMATION(#1978) 
SHAPE_REPRESENTATION_RELATIONSHIP() );
#1978 = ITEM_DEFINED_TRANSFORMATION('','',#11,#47);
#1979 = PRODUCT_DEFINITION_SHAPE('Placement','Placement of an item',
  #1980);
#1980 = NEXT_ASSEMBLY_USAGE_OCCURRENCE('97',
  'TRI-MAIN-SIDE-PORT-02 | SidePort | nominal plywood 20 mm','',#5,#1815
  ,$);
#1981 = PRODUCT_RELATED_PRODUCT_CATEGORY('part',$,(#1817));
#1982 = SHAPE_DEFINITION_REPRESENTATION(#1983,#1989);
#1983 = PRODUCT_DEFINITION_SHAPE('','',#1984);
#1984 = PRODUCT_DEFINITION('design','',#1985,#1988);
#1985 = PRODUCT_DEFINITION_FORMATION('','',#1986);
#1986 = PRODUCT(
  'TRI-MAIN-SIDE-STARBOARD-02 | SideStarboard | nominal plywood 20 mm',
  'TRI-MAIN-SIDE-STARBOARD-02 | SideStarboard | nominal plywood 20 mm',
  '',(#1987));
#1987 = PRODUCT_CONTEXT('',#2,'mechanical');
#1988 = PRODUCT_DEFINITION_CONTEXT('part definition',#2,'design');
#1989 = ADVANCED_BREP_SHAPE_REPRESENTATION('',(#11,#1990),#2140);
#1990 = MANIFOLD_SOLID_BREP('',#1991);
#1991 = CLOSED_SHELL('',(#1992,#2032,#2063,#2094,#2116,#2128));
#1992 = ADVANCED_FACE('',(#1993),#2027,.T.);
#1993 = FACE_BOUND('',#1994,.T.);
#1994 = EDGE_LOOP('',(#1995,#2005,#2013,#2021));
#1995 = ORIENTED_EDGE('',*,*,#1996,.T.);
#1996 = EDGE_CURVE('',#1997,#1999,#2001,.T.);
#1997 = VERTEX_POINT('',#1998);
#1998 = CARTESIAN_POINT('',(50.,150.,14.737205583712));
#1999 = VERTEX_POINT('',#2000);
#2000 = CARTESIAN_POINT('',(50.,130.,14.737205583712));
#2001 = LINE('',#2002,#2003);
#2002 = CARTESIAN_POINT('',(50.,150.,14.737205583712));
#2003 = VECTOR('',#2004,1.);
#2004 = DIRECTION('',(-0.,-1.,-0.));
#2005 = ORIENTED_EDGE('',*,*,#2006,.T.);
#2006 = EDGE_CURVE('',#1999,#2007,#2009,.T.);
#2007 = VERTEX_POINT('',#2008);
#2008 = CARTESIAN_POINT('',(50.,130.,140.));
#2009 = LINE('',#2010,#2011);
#2010 = CARTESIAN_POINT('',(50.,130.,14.737205583712));
#2011 = VECTOR('',#2012,1.);
#2012 = DIRECTION('',(0.,0.,1.));
#2013 = ORIENTED_EDGE('',*,*,#2014,.F.);
#2014 = EDGE_CURVE('',#2015,#2007,#2017,.T.);
#2015 = VERTEX_POINT('',#2016);
#2016 = CARTESIAN_POINT('',(50.,150.,140.));
#2017 = LINE('',#2018,#2019);
#2018 = CARTESIAN_POINT('',(50.,150.,140.));
#2019 = VECTOR('',#2020,1.);
#2020 = DIRECTION('',(-0.,-1.,-0.));
#2021 = ORIENTED_EDGE('',*,*,#2022,.F.);
#2022 = EDGE_CURVE('',#1997,#2015,#2023,.T.);
#2023 = LINE('',#2024,#2025);
#2024 = CARTESIAN_POINT('',(50.,150.,14.737205583712));
#2025 = VECTOR('',#2026,1.);
#2026 = DIRECTION('',(0.,0.,1.));
#2027 = PLANE('',#2028);
#2028 = AXIS2_PLACEMENT_3D('',#2029,#2030,#2031);
#2029 = CARTESIAN_POINT('',(50.,150.,14.737205583712));
#2030 = DIRECTION('',(-1.,0.,0.));
#2031 = DIRECTION('',(0.,0.,1.));
#2032 = ADVANCED_FACE('',(#2033),#2058,.T.);
#2033 = FACE_BOUND('',#2034,.T.);
#2034 = EDGE_LOOP('',(#2035,#2036,#2044,#2052));
#2035 = ORIENTED_EDGE('',*,*,#2014,.T.);
#2036 = ORIENTED_EDGE('',*,*,#2037,.T.);
#2037 = EDGE_CURVE('',#2007,#2038,#2040,.T.);
#2038 = VERTEX_POINT('',#2039);
#2039 = CARTESIAN_POINT('',(220.,130.,140.));
#2040 = LINE('',#2041,#2042);
#2041 = CARTESIAN_POINT('',(50.,130.,140.));
#2042 = VECTOR('',#2043,1.);
#2043 = DIRECTION('',(1.,0.,0.));
#2044 = ORIENTED_EDGE('',*,*,#2045,.F.);
#2045 = EDGE_CURVE('',#2046,#2038,#2048,.T.);
#2046 = VERTEX_POINT('',#2047);
#2047 = CARTESIAN_POINT('',(220.,150.,140.));
#2048 = LINE('',#2049,#2050);
#2049 = CARTESIAN_POINT('',(220.,150.,140.));
#2050 = VECTOR('',#2051,1.);
#2051 = DIRECTION('',(-0.,-1.,-0.));
#2052 = ORIENTED_EDGE('',*,*,#2053,.F.);
#2053 = EDGE_CURVE('',#2015,#2046,#2054,.T.);
#2054 = LINE('',#2055,#2056);
#2055 = CARTESIAN_POINT('',(50.,150.,140.));
#2056 = VECTOR('',#2057,1.);
#2057 = DIRECTION('',(1.,0.,0.));
#2058 = PLANE('',#2059);
#2059 = AXIS2_PLACEMENT_3D('',#2060,#2061,#2062);
#2060 = CARTESIAN_POINT('',(50.,150.,140.));
#2061 = DIRECTION('',(0.,0.,1.));
#2062 = DIRECTION('',(1.,0.,-0.));
#2063 = ADVANCED_FACE('',(#2064),#2089,.T.);
#2064 = FACE_BOUND('',#2065,.T.);
#2065 = EDGE_LOOP('',(#2066,#2067,#2075,#2083));
#2066 = ORIENTED_EDGE('',*,*,#2045,.T.);
#2067 = ORIENTED_EDGE('',*,*,#2068,.T.);
#2068 = EDGE_CURVE('',#2038,#2069,#2071,.T.);
#2069 = VERTEX_POINT('',#2070);
#2070 = CARTESIAN_POINT('',(220.,130.,14.737205583712));
#2071 = LINE('',#2072,#2073);
#2072 = CARTESIAN_POINT('',(220.,130.,140.));
#2073 = VECTOR('',#2074,1.);
#2074 = DIRECTION('',(0.,0.,-1.));
#2075 = ORIENTED_EDGE('',*,*,#2076,.F.);
#2076 = EDGE_CURVE('',#2077,#2069,#2079,.T.);
#2077 = VERTEX_POINT('',#2078);
#2078 = CARTESIAN_POINT('',(220.,150.,14.737205583712));
#2079 = LINE('',#2080,#2081);
#2080 = CARTESIAN_POINT('',(220.,150.,14.737205583712));
#2081 = VECTOR('',#2082,1.);
#2082 = DIRECTION('',(-0.,-1.,-0.));
#2083 = ORIENTED_EDGE('',*,*,#2084,.F.);
#2084 = EDGE_CURVE('',#2046,#2077,#2085,.T.);
#2085 = LINE('',#2086,#2087);
#2086 = CARTESIAN_POINT('',(220.,150.,140.));
#2087 = VECTOR('',#2088,1.);
#2088 = DIRECTION('',(0.,0.,-1.));
#2089 = PLANE('',#2090);
#2090 = AXIS2_PLACEMENT_3D('',#2091,#2092,#2093);
#2091 = CARTESIAN_POINT('',(220.,150.,140.));
#2092 = DIRECTION('',(1.,-0.,0.));
#2093 = DIRECTION('',(0.,0.,-1.));
#2094 = ADVANCED_FACE('',(#2095),#2111,.T.);
#2095 = FACE_BOUND('',#2096,.T.);
#2096 = EDGE_LOOP('',(#2097,#2098,#2104,#2105));
#2097 = ORIENTED_EDGE('',*,*,#2076,.T.);
#2098 = ORIENTED_EDGE('',*,*,#2099,.T.);
#2099 = EDGE_CURVE('',#2069,#1999,#2100,.T.);
#2100 = LINE('',#2101,#2102);
#2101 = CARTESIAN_POINT('',(220.,130.,14.737205583712));
#2102 = VECTOR('',#2103,1.);
#2103 = DIRECTION('',(-1.,0.,0.));
#2104 = ORIENTED_EDGE('',*,*,#1996,.F.);
#2105 = ORIENTED_EDGE('',*,*,#2106,.F.);
#2106 = EDGE_CURVE('',#2077,#1997,#2107,.T.);
#2107 = LINE('',#2108,#2109);
#2108 = CARTESIAN_POINT('',(220.,150.,14.737205583712));
#2109 = VECTOR('',#2110,1.);
#2110 = DIRECTION('',(-1.,0.,0.));
#2111 = PLANE('',#2112);
#2112 = AXIS2_PLACEMENT_3D('',#2113,#2114,#2115);
#2113 = CARTESIAN_POINT('',(220.,150.,14.737205583712));
#2114 = DIRECTION('',(0.,0.,-1.));
#2115 = DIRECTION('',(-1.,0.,0.));
#2116 = ADVANCED_FACE('',(#2117),#2123,.T.);
#2117 = FACE_BOUND('',#2118,.T.);
#2118 = EDGE_LOOP('',(#2119,#2120,#2121,#2122));
#2119 = ORIENTED_EDGE('',*,*,#2022,.T.);
#2120 = ORIENTED_EDGE('',*,*,#2053,.T.);
#2121 = ORIENTED_EDGE('',*,*,#2084,.T.);
#2122 = ORIENTED_EDGE('',*,*,#2106,.T.);
#2123 = PLANE('',#2124);
#2124 = AXIS2_PLACEMENT_3D('',#2125,#2126,#2127);
#2125 = CARTESIAN_POINT('',(135.,150.,77.368602791856));
#2126 = DIRECTION('',(0.,1.,0.));
#2127 = DIRECTION('',(0.,-0.,1.));
#2128 = ADVANCED_FACE('',(#2129),#2135,.F.);
#2129 = FACE_BOUND('',#2130,.F.);
#2130 = EDGE_LOOP('',(#2131,#2132,#2133,#2134));
#2131 = ORIENTED_EDGE('',*,*,#2006,.T.);
#2132 = ORIENTED_EDGE('',*,*,#2037,.T.);
#2133 = ORIENTED_EDGE('',*,*,#2068,.T.);
#2134 = ORIENTED_EDGE('',*,*,#2099,.T.);
#2135 = PLANE('',#2136);
#2136 = AXIS2_PLACEMENT_3D('',#2137,#2138,#2139);
#2137 = CARTESIAN_POINT('',(135.,130.,77.368602791856));
#2138 = DIRECTION('',(0.,1.,0.));
#2139 = DIRECTION('',(0.,-0.,1.));
#2140 = ( GEOMETRIC_REPRESENTATION_CONTEXT(3) 
GLOBAL_UNCERTAINTY_ASSIGNED_CONTEXT((#2144)) 
GLOBAL_UNIT_ASSIGNED_CONTEXT((#2141,#2142,#2143)) REPRESENTATION_CONTEXT
('Context #1','3D Context with UNIT and UNCERTAINTY') );
#2141 = ( LENGTH_UNIT() NAMED_UNIT(*) SI_UNIT(.MILLI.,.METRE.) );
#2142 = ( NAMED_UNIT(*) PLANE_ANGLE_UNIT() SI_UNIT($,.RADIAN.) );
#2143 = ( NAMED_UNIT(*) SI_UNIT($,.STERADIAN.) SOLID_ANGLE_UNIT() );
#2144 = UNCERTAINTY_MEASURE_WITH_UNIT(LENGTH_MEASURE(1.E-07),#2141,
  'distance_accuracy_value','confusion accuracy');
#2145 = CONTEXT_DEPENDENT_SHAPE_REPRESENTATION(#2146,#2148);
#2146 = ( REPRESENTATION_RELATIONSHIP('','',#1989,#10) 
REPRESENTATION_RELATIONSHIP_WITH_TRANSFORMATION(#2147) 
SHAPE_REPRESENTATION_RELATIONSHIP() );
#2147 = ITEM_DEFINED_TRANSFORMATION('','',#11,#51);
#2148 = PRODUCT_DEFINITION_SHAPE('Placement','Placement of an item',
  #2149);
#2149 = NEXT_ASSEMBLY_USAGE_OCCURRENCE('98',
  'TRI-MAIN-SIDE-STARBOARD-02 | SideStarboard | nominal plywood 20 mm',
  '',#5,#1984,$);
#2150 = PRODUCT_RELATED_PRODUCT_CATEGORY('part',$,(#1986));
#2151 = SHAPE_DEFINITION_REPRESENTATION(#2152,#2158);
#2152 = PRODUCT_DEFINITION_SHAPE('','',#2153);
#2153 = PRODUCT_DEFINITION('design','',#2154,#2157);
#2154 = PRODUCT_DEFINITION_FORMATION('','',#2155);
#2155 = PRODUCT(
  'TRI-MAIN-BOTTOM-03 | BottomFlat | nominal plywood 20 mm',
  'TRI-MAIN-BOTTOM-03 | BottomFlat | nominal plywood 20 mm','',(#2156));
#2156 = PRODUCT_CONTEXT('',#2,'mechanical');
#2157 = PRODUCT_DEFINITION_CONTEXT('part definition',#2,'design');
#2158 = ADVANCED_BREP_SHAPE_REPRESENTATION('',(#11,#2159),#2309);
#2159 = MANIFOLD_SOLID_BREP('',#2160);
#2160 = CLOSED_SHELL('',(#2161,#2201,#2232,#2263,#2285,#2297));
#2161 = ADVANCED_FACE('',(#2162),#2196,.F.);
#2162 = FACE_BOUND('',#2163,.F.);
#2163 = EDGE_LOOP('',(#2164,#2174,#2182,#2190));
#2164 = ORIENTED_EDGE('',*,*,#2165,.T.);
#2165 = EDGE_CURVE('',#2166,#2168,#2170,.T.);
#2166 = VERTEX_POINT('',#2167);
#2167 = CARTESIAN_POINT('',(220.,-95.,0.));
#2168 = VERTEX_POINT('',#2169);
#2169 = CARTESIAN_POINT('',(220.,-95.,20.));
#2170 = LINE('',#2171,#2172);
#2171 = CARTESIAN_POINT('',(220.,-95.,0.));
#2172 = VECTOR('',#2173,1.);
#2173 = DIRECTION('',(0.,0.,1.));
#2174 = ORIENTED_EDGE('',*,*,#2175,.T.);
#2175 = EDGE_CURVE('',#2168,#2176,#2178,.T.);
#2176 = VERTEX_POINT('',#2177);
#2177 = CARTESIAN_POINT('',(390.,-95.,20.));
#2178 = LINE('',#2179,#2180);
#2179 = CARTESIAN_POINT('',(220.,-95.,20.));
#2180 = VECTOR('',#2181,1.);
#2181 = DIRECTION('',(1.,0.,0.));
#2182 = ORIENTED_EDGE('',*,*,#2183,.F.);
#2183 = EDGE_CURVE('',#2184,#2176,#2186,.T.);
#2184 = VERTEX_POINT('',#2185);
#2185 = CARTESIAN_POINT('',(390.,-95.,0.));
#2186 = LINE('',#2187,#2188);
#2187 = CARTESIAN_POINT('',(390.,-95.,0.));
#2188 = VECTOR('',#2189,1.);
#2189 = DIRECTION('',(0.,0.,1.));
#2190 = ORIENTED_EDGE('',*,*,#2191,.F.);
#2191 = EDGE_CURVE('',#2166,#2184,#2192,.T.);
#2192 = LINE('',#2193,#2194);
#2193 = CARTESIAN_POINT('',(220.,-95.,0.));
#2194 = VECTOR('',#2195,1.);
#2195 = DIRECTION('',(1.,0.,0.));
#2196 = PLANE('',#2197);
#2197 = AXIS2_PLACEMENT_3D('',#2198,#2199,#2200);
#2198 = CARTESIAN_POINT('',(220.,-95.,0.));
#2199 = DIRECTION('',(0.,1.,0.));
#2200 = DIRECTION('',(1.,0.,0.));
#2201 = ADVANCED_FACE('',(#2202),#2227,.F.);
#2202 = FACE_BOUND('',#2203,.F.);
#2203 = EDGE_LOOP('',(#2204,#2205,#2213,#2221));
#2204 = ORIENTED_EDGE('',*,*,#2183,.T.);
#2205 = ORIENTED_EDGE('',*,*,#2206,.T.);
#2206 = EDGE_CURVE('',#2176,#2207,#2209,.T.);
#2207 = VERTEX_POINT('',#2208);
#2208 = CARTESIAN_POINT('',(390.,95.,20.));
#2209 = LINE('',#2210,#2211);
#2210 = CARTESIAN_POINT('',(390.,-95.,20.));
#2211 = VECTOR('',#2212,1.);
#2212 = DIRECTION('',(0.,1.,0.));
#2213 = ORIENTED_EDGE('',*,*,#2214,.F.);
#2214 = EDGE_CURVE('',#2215,#2207,#2217,.T.);
#2215 = VERTEX_POINT('',#2216);
#2216 = CARTESIAN_POINT('',(390.,95.,0.));
#2217 = LINE('',#2218,#2219);
#2218 = CARTESIAN_POINT('',(390.,95.,0.));
#2219 = VECTOR('',#2220,1.);
#2220 = DIRECTION('',(0.,0.,1.));
#2221 = ORIENTED_EDGE('',*,*,#2222,.F.);
#2222 = EDGE_CURVE('',#2184,#2215,#2223,.T.);
#2223 = LINE('',#2224,#2225);
#2224 = CARTESIAN_POINT('',(390.,-95.,0.));
#2225 = VECTOR('',#2226,1.);
#2226 = DIRECTION('',(0.,1.,0.));
#2227 = PLANE('',#2228);
#2228 = AXIS2_PLACEMENT_3D('',#2229,#2230,#2231);
#2229 = CARTESIAN_POINT('',(390.,-95.,0.));
#2230 = DIRECTION('',(-1.,0.,0.));
#2231 = DIRECTION('',(0.,1.,0.));
#2232 = ADVANCED_FACE('',(#2233),#2258,.F.);
#2233 = FACE_BOUND('',#2234,.F.);
#2234 = EDGE_LOOP('',(#2235,#2236,#2244,#2252));
#2235 = ORIENTED_EDGE('',*,*,#2214,.T.);
#2236 = ORIENTED_EDGE('',*,*,#2237,.T.);
#2237 = EDGE_CURVE('',#2207,#2238,#2240,.T.);
#2238 = VERTEX_POINT('',#2239);
#2239 = CARTESIAN_POINT('',(220.,95.,20.));
#2240 = LINE('',#2241,#2242);
#2241 = CARTESIAN_POINT('',(390.,95.,20.));
#2242 = VECTOR('',#2243,1.);
#2243 = DIRECTION('',(-1.,0.,0.));
#2244 = ORIENTED_EDGE('',*,*,#2245,.F.);
#2245 = EDGE_CURVE('',#2246,#2238,#2248,.T.);
#2246 = VERTEX_POINT('',#2247);
#2247 = CARTESIAN_POINT('',(220.,95.,0.));
#2248 = LINE('',#2249,#2250);
#2249 = CARTESIAN_POINT('',(220.,95.,0.));
#2250 = VECTOR('',#2251,1.);
#2251 = DIRECTION('',(0.,0.,1.));
#2252 = ORIENTED_EDGE('',*,*,#2253,.F.);
#2253 = EDGE_CURVE('',#2215,#2246,#2254,.T.);
#2254 = LINE('',#2255,#2256);
#2255 = CARTESIAN_POINT('',(390.,95.,0.));
#2256 = VECTOR('',#2257,1.);
#2257 = DIRECTION('',(-1.,0.,0.));
#2258 = PLANE('',#2259);
#2259 = AXIS2_PLACEMENT_3D('',#2260,#2261,#2262);
#2260 = CARTESIAN_POINT('',(390.,95.,0.));
#2261 = DIRECTION('',(0.,-1.,0.));
#2262 = DIRECTION('',(-1.,0.,0.));
#2263 = ADVANCED_FACE('',(#2264),#2280,.F.);
#2264 = FACE_BOUND('',#2265,.F.);
#2265 = EDGE_LOOP('',(#2266,#2267,#2273,#2274));
#2266 = ORIENTED_EDGE('',*,*,#2245,.T.);
#2267 = ORIENTED_EDGE('',*,*,#2268,.T.);
#2268 = EDGE_CURVE('',#2238,#2168,#2269,.T.);
#2269 = LINE('',#2270,#2271);
#2270 = CARTESIAN_POINT('',(220.,95.,20.));
#2271 = VECTOR('',#2272,1.);
#2272 = DIRECTION('',(0.,-1.,0.));
#2273 = ORIENTED_EDGE('',*,*,#2165,.F.);
#2274 = ORIENTED_EDGE('',*,*,#2275,.F.);
#2275 = EDGE_CURVE('',#2246,#2166,#2276,.T.);
#2276 = LINE('',#2277,#2278);
#2277 = CARTESIAN_POINT('',(220.,95.,0.));
#2278 = VECTOR('',#2279,1.);
#2279 = DIRECTION('',(0.,-1.,0.));
#2280 = PLANE('',#2281);
#2281 = AXIS2_PLACEMENT_3D('',#2282,#2283,#2284);
#2282 = CARTESIAN_POINT('',(220.,95.,0.));
#2283 = DIRECTION('',(1.,0.,-0.));
#2284 = DIRECTION('',(0.,-1.,0.));
#2285 = ADVANCED_FACE('',(#2286),#2292,.F.);
#2286 = FACE_BOUND('',#2287,.F.);
#2287 = EDGE_LOOP('',(#2288,#2289,#2290,#2291));
#2288 = ORIENTED_EDGE('',*,*,#2191,.T.);
#2289 = ORIENTED_EDGE('',*,*,#2222,.T.);
#2290 = ORIENTED_EDGE('',*,*,#2253,.T.);
#2291 = ORIENTED_EDGE('',*,*,#2275,.T.);
#2292 = PLANE('',#2293);
#2293 = AXIS2_PLACEMENT_3D('',#2294,#2295,#2296);
#2294 = CARTESIAN_POINT('',(305.,0.,0.));
#2295 = DIRECTION('',(0.,0.,1.));
#2296 = DIRECTION('',(1.,0.,-0.));
#2297 = ADVANCED_FACE('',(#2298),#2304,.T.);
#2298 = FACE_BOUND('',#2299,.T.);
#2299 = EDGE_LOOP('',(#2300,#2301,#2302,#2303));
#2300 = ORIENTED_EDGE('',*,*,#2175,.T.);
#2301 = ORIENTED_EDGE('',*,*,#2206,.T.);
#2302 = ORIENTED_EDGE('',*,*,#2237,.T.);
#2303 = ORIENTED_EDGE('',*,*,#2268,.T.);
#2304 = PLANE('',#2305);
#2305 = AXIS2_PLACEMENT_3D('',#2306,#2307,#2308);
#2306 = CARTESIAN_POINT('',(305.,0.,20.));
#2307 = DIRECTION('',(0.,0.,1.));
#2308 = DIRECTION('',(1.,0.,-0.));
#2309 = ( GEOMETRIC_REPRESENTATION_CONTEXT(3) 
GLOBAL_UNCERTAINTY_ASSIGNED_CONTEXT((#2313)) 
GLOBAL_UNIT_ASSIGNED_CONTEXT((#2310,#2311,#2312)) REPRESENTATION_CONTEXT
('Context #1','3D Context with UNIT and UNCERTAINTY') );
#2310 = ( LENGTH_UNIT() NAMED_UNIT(*) SI_UNIT(.MILLI.,.METRE.) );
#2311 = ( NAMED_UNIT(*) PLANE_ANGLE_UNIT() SI_UNIT($,.RADIAN.) );
#2312 = ( NAMED_UNIT(*) SI_UNIT($,.STERADIAN.) SOLID_ANGLE_UNIT() );
#2313 = UNCERTAINTY_MEASURE_WITH_UNIT(LENGTH_MEASURE(1.E-07),#2310,
  'distance_accuracy_value','confusion accuracy');
#2314 = CONTEXT_DEPENDENT_SHAPE_REPRESENTATION(#2315,#2317);
#2315 = ( REPRESENTATION_RELATIONSHIP('','',#2158,#10) 
REPRESENTATION_RELATIONSHIP_WITH_TRANSFORMATION(#2316) 
SHAPE_REPRESENTATION_RELATIONSHIP() );
#2316 = ITEM_DEFINED_TRANSFORMATION('','',#11,#55);
#2317 = PRODUCT_DEFINITION_SHAPE('Placement','Placement of an item',
  #2318);
#2318 = NEXT_ASSEMBLY_USAGE_OCCURRENCE('99',
  'TRI-MAIN-BOTTOM-03 | BottomFlat | nominal plywood 20 mm','',#5,#2153,
  $);
#2319 = PRODUCT_RELATED_PRODUCT_CATEGORY('part',$,(#2155));
#2320 = SHAPE_DEFINITION_REPRESENTATION(#2321,#2327);
#2321 = PRODUCT_DEFINITION_SHAPE('','',#2322);
#2322 = PRODUCT_DEFINITION('design','',#2323,#2326);
#2323 = PRODUCT_DEFINITION_FORMATION('','',#2324);
#2324 = PRODUCT(
  'TRI-MAIN-CHINE-PORT-03 | ChinePort | nominal plywood 20 mm',
  'TRI-MAIN-CHINE-PORT-03 | ChinePort | nominal plywood 20 mm','',(#2325
    ));
#2325 = PRODUCT_CONTEXT('',#2,'mechanical');
#2326 = PRODUCT_DEFINITION_CONTEXT('part definition',#2,'design');
#2327 = ADVANCED_BREP_SHAPE_REPRESENTATION('',(#11,#2328),#2478);
#2328 = MANIFOLD_SOLID_BREP('',#2329);
#2329 = CLOSED_SHELL('',(#2330,#2370,#2401,#2432,#2454,#2466));
#2330 = ADVANCED_FACE('',(#2331),#2365,.T.);
#2331 = FACE_BOUND('',#2332,.T.);
#2332 = EDGE_LOOP('',(#2333,#2343,#2351,#2359));
#2333 = ORIENTED_EDGE('',*,*,#2334,.T.);
#2334 = EDGE_CURVE('',#2335,#2337,#2339,.T.);
#2335 = VERTEX_POINT('',#2336);
#2336 = CARTESIAN_POINT('',(220.,-95.,0.));
#2337 = VERTEX_POINT('',#2338);
#2338 = CARTESIAN_POINT('',(220.,-89.82361909795,19.318516525781));
#2339 = LINE('',#2340,#2341);
#2340 = CARTESIAN_POINT('',(220.,-95.,0.));
#2341 = VECTOR('',#2342,1.);
#2342 = DIRECTION('',(-0.,0.258819045103,0.965925826289));
#2343 = ORIENTED_EDGE('',*,*,#2344,.T.);
#2344 = EDGE_CURVE('',#2337,#2345,#2347,.T.);
#2345 = VERTEX_POINT('',#2346);
#2346 = CARTESIAN_POINT('',(390.,-89.82361909795,19.318516525781));
#2347 = LINE('',#2348,#2349);
#2348 = CARTESIAN_POINT('',(220.,-89.82361909795,19.318516525781));
#2349 = VECTOR('',#2350,1.);
#2350 = DIRECTION('',(1.,0.,0.));
#2351 = ORIENTED_EDGE('',*,*,#2352,.F.);
#2352 = EDGE_CURVE('',#2353,#2345,#2355,.T.);
#2353 = VERTEX_POINT('',#2354);
#2354 = CARTESIAN_POINT('',(390.,-95.,0.));
#2355 = LINE('',#2356,#2357);
#2356 = CARTESIAN_POINT('',(390.,-95.,0.));
#2357 = VECTOR('',#2358,1.);
#2358 = DIRECTION('',(-0.,0.258819045103,0.965925826289));
#2359 = ORIENTED_EDGE('',*,*,#2360,.F.);
#2360 = EDGE_CURVE('',#2335,#2353,#2361,.T.);
#2361 = LINE('',#2362,#2363);
#2362 = CARTESIAN_POINT('',(220.,-95.,0.));
#2363 = VECTOR('',#2364,1.);
#2364 = DIRECTION('',(1.,0.,0.));
#2365 = PLANE('',#2366);
#2366 = AXIS2_PLACEMENT_3D('',#2367,#2368,#2369);
#2367 = CARTESIAN_POINT('',(220.,-95.,0.));
#2368 = DIRECTION('',(0.,0.965925826289,-0.258819045103));
#2369 = DIRECTION('',(1.,0.,0.));
#2370 = ADVANCED_FACE('',(#2371),#2396,.T.);
#2371 = FACE_BOUND('',#2372,.T.);
#2372 = EDGE_LOOP('',(#2373,#2374,#2382,#2390));
#2373 = ORIENTED_EDGE('',*,*,#2352,.T.);
#2374 = ORIENTED_EDGE('',*,*,#2375,.T.);
#2375 = EDGE_CURVE('',#2345,#2376,#2378,.T.);
#2376 = VERTEX_POINT('',#2377);
#2377 = CARTESIAN_POINT('',(390.,-144.8236190979,34.055722109493));
#2378 = LINE('',#2379,#2380);
#2379 = CARTESIAN_POINT('',(390.,-89.82361909795,19.318516525781));
#2380 = VECTOR('',#2381,1.);
#2381 = DIRECTION('',(0.,-0.965925826289,0.258819045103));
#2382 = ORIENTED_EDGE('',*,*,#2383,.F.);
#2383 = EDGE_CURVE('',#2384,#2376,#2386,.T.);
#2384 = VERTEX_POINT('',#2385);
#2385 = CARTESIAN_POINT('',(390.,-150.,14.737205583712));
#2386 = LINE('',#2387,#2388);
#2387 = CARTESIAN_POINT('',(390.,-150.,14.737205583712));
#2388 = VECTOR('',#2389,1.);
#2389 = DIRECTION('',(-0.,0.258819045103,0.965925826289));
#2390 = ORIENTED_EDGE('',*,*,#2391,.F.);
#2391 = EDGE_CURVE('',#2353,#2384,#2392,.T.);
#2392 = LINE('',#2393,#2394);
#2393 = CARTESIAN_POINT('',(390.,-95.,0.));
#2394 = VECTOR('',#2395,1.);
#2395 = DIRECTION('',(0.,-0.965925826289,0.258819045103));
#2396 = PLANE('',#2397);
#2397 = AXIS2_PLACEMENT_3D('',#2398,#2399,#2400);
#2398 = CARTESIAN_POINT('',(390.,-95.,0.));
#2399 = DIRECTION('',(1.,0.,0.));
#2400 = DIRECTION('',(0.,-0.965925826289,0.258819045103));
#2401 = ADVANCED_FACE('',(#2402),#2427,.T.);
#2402 = FACE_BOUND('',#2403,.T.);
#2403 = EDGE_LOOP('',(#2404,#2405,#2413,#2421));
#2404 = ORIENTED_EDGE('',*,*,#2383,.T.);
#2405 = ORIENTED_EDGE('',*,*,#2406,.T.);
#2406 = EDGE_CURVE('',#2376,#2407,#2409,.T.);
#2407 = VERTEX_POINT('',#2408);
#2408 = CARTESIAN_POINT('',(220.,-144.8236190979,34.055722109493));
#2409 = LINE('',#2410,#2411);
#2410 = CARTESIAN_POINT('',(390.,-144.8236190979,34.055722109493));
#2411 = VECTOR('',#2412,1.);
#2412 = DIRECTION('',(-1.,0.,0.));
#2413 = ORIENTED_EDGE('',*,*,#2414,.F.);
#2414 = EDGE_CURVE('',#2415,#2407,#2417,.T.);
#2415 = VERTEX_POINT('',#2416);
#2416 = CARTESIAN_POINT('',(220.,-150.,14.737205583712));
#2417 = LINE('',#2418,#2419);
#2418 = CARTESIAN_POINT('',(220.,-150.,14.737205583712));
#2419 = VECTOR('',#2420,1.);
#2420 = DIRECTION('',(-0.,0.258819045103,0.965925826289));
#2421 = ORIENTED_EDGE('',*,*,#2422,.F.);
#2422 = EDGE_CURVE('',#2384,#2415,#2423,.T.);
#2423 = LINE('',#2424,#2425);
#2424 = CARTESIAN_POINT('',(390.,-150.,14.737205583712));
#2425 = VECTOR('',#2426,1.);
#2426 = DIRECTION('',(-1.,0.,0.));
#2427 = PLANE('',#2428);
#2428 = AXIS2_PLACEMENT_3D('',#2429,#2430,#2431);
#2429 = CARTESIAN_POINT('',(390.,-150.,14.737205583712));
#2430 = DIRECTION('',(0.,-0.965925826289,0.258819045103));
#2431 = DIRECTION('',(-1.,0.,0.));
#2432 = ADVANCED_FACE('',(#2433),#2449,.T.);
#2433 = FACE_BOUND('',#2434,.T.);
#2434 = EDGE_LOOP('',(#2435,#2436,#2442,#2443));
#2435 = ORIENTED_EDGE('',*,*,#2414,.T.);
#2436 = ORIENTED_EDGE('',*,*,#2437,.T.);
#2437 = EDGE_CURVE('',#2407,#2337,#2438,.T.);
#2438 = LINE('',#2439,#2440);
#2439 = CARTESIAN_POINT('',(220.,-144.8236190979,34.055722109493));
#2440 = VECTOR('',#2441,1.);
#2441 = DIRECTION('',(0.,0.965925826289,-0.258819045103));
#2442 = ORIENTED_EDGE('',*,*,#2334,.F.);
#2443 = ORIENTED_EDGE('',*,*,#2444,.F.);
#2444 = EDGE_CURVE('',#2415,#2335,#2445,.T.);
#2445 = LINE('',#2446,#2447);
#2446 = CARTESIAN_POINT('',(220.,-150.,14.737205583712));
#2447 = VECTOR('',#2448,1.);
#2448 = DIRECTION('',(0.,0.965925826289,-0.258819045103));
#2449 = PLANE('',#2450);
#2450 = AXIS2_PLACEMENT_3D('',#2451,#2452,#2453);
#2451 = CARTESIAN_POINT('',(220.,-150.,14.737205583712));
#2452 = DIRECTION('',(-1.,0.,-0.));
#2453 = DIRECTION('',(0.,0.965925826289,-0.258819045103));
#2454 = ADVANCED_FACE('',(#2455),#2461,.T.);
#2455 = FACE_BOUND('',#2456,.T.);
#2456 = EDGE_LOOP('',(#2457,#2458,#2459,#2460));
#2457 = ORIENTED_EDGE('',*,*,#2360,.T.);
#2458 = ORIENTED_EDGE('',*,*,#2391,.T.);
#2459 = ORIENTED_EDGE('',*,*,#2422,.T.);
#2460 = ORIENTED_EDGE('',*,*,#2444,.T.);
#2461 = PLANE('',#2462);
#2462 = AXIS2_PLACEMENT_3D('',#2463,#2464,#2465);
#2463 = CARTESIAN_POINT('',(305.,-122.5,7.368602791856));
#2464 = DIRECTION('',(-0.,-0.258819045103,-0.965925826289));
#2465 = DIRECTION('',(0.,-0.965925826289,0.258819045103));
#2466 = ADVANCED_FACE('',(#2467),#2473,.F.);
#2467 = FACE_BOUND('',#2468,.F.);
#2468 = EDGE_LOOP('',(#2469,#2470,#2471,#2472));
#2469 = ORIENTED_EDGE('',*,*,#2344,.T.);
#2470 = ORIENTED_EDGE('',*,*,#2375,.T.);
#2471 = ORIENTED_EDGE('',*,*,#2406,.T.);
#2472 = ORIENTED_EDGE('',*,*,#2437,.T.);
#2473 = PLANE('',#2474);
#2474 = AXIS2_PLACEMENT_3D('',#2475,#2476,#2477);
#2475 = CARTESIAN_POINT('',(305.,-117.3236190979,26.687119317637));
#2476 = DIRECTION('',(-0.,-0.258819045103,-0.965925826289));
#2477 = DIRECTION('',(0.,-0.965925826289,0.258819045103));
#2478 = ( GEOMETRIC_REPRESENTATION_CONTEXT(3) 
GLOBAL_UNCERTAINTY_ASSIGNED_CONTEXT((#2482)) 
GLOBAL_UNIT_ASSIGNED_CONTEXT((#2479,#2480,#2481)) REPRESENTATION_CONTEXT
('Context #1','3D Context with UNIT and UNCERTAINTY') );
#2479 = ( LENGTH_UNIT() NAMED_UNIT(*) SI_UNIT(.MILLI.,.METRE.) );
#2480 = ( NAMED_UNIT(*) PLANE_ANGLE_UNIT() SI_UNIT($,.RADIAN.) );
#2481 = ( NAMED_UNIT(*) SI_UNIT($,.STERADIAN.) SOLID_ANGLE_UNIT() );
#2482 = UNCERTAINTY_MEASURE_WITH_UNIT(LENGTH_MEASURE(1.E-07),#2479,
  'distance_accuracy_value','confusion accuracy');
#2483 = CONTEXT_DEPENDENT_SHAPE_REPRESENTATION(#2484,#2486);
#2484 = ( REPRESENTATION_RELATIONSHIP('','',#2327,#10) 
REPRESENTATION_RELATIONSHIP_WITH_TRANSFORMATION(#2485) 
SHAPE_REPRESENTATION_RELATIONSHIP() );
#2485 = ITEM_DEFINED_TRANSFORMATION('','',#11,#59);
#2486 = PRODUCT_DEFINITION_SHAPE('Placement','Placement of an item',
  #2487);
#2487 = NEXT_ASSEMBLY_USAGE_OCCURRENCE('100',
  'TRI-MAIN-CHINE-PORT-03 | ChinePort | nominal plywood 20 mm','',#5,
  #2322,$);
#2488 = PRODUCT_RELATED_PRODUCT_CATEGORY('part',$,(#2324));
#2489 = SHAPE_DEFINITION_REPRESENTATION(#2490,#2496);
#2490 = PRODUCT_DEFINITION_SHAPE('','',#2491);
#2491 = PRODUCT_DEFINITION('design','',#2492,#2495);
#2492 = PRODUCT_DEFINITION_FORMATION('','',#2493);
#2493 = PRODUCT(
  'TRI-MAIN-CHINE-STARBOARD-03 | ChineStarboard | nominal plywood 20 mm'
  ,
  'TRI-MAIN-CHINE-STARBOARD-03 | ChineStarboard | nominal plywood 20 mm'
  ,'',(#2494));
#2494 = PRODUCT_CONTEXT('',#2,'mechanical');
#2495 = PRODUCT_DEFINITION_CONTEXT('part definition',#2,'design');
#2496 = ADVANCED_BREP_SHAPE_REPRESENTATION('',(#11,#2497),#2647);
#2497 = MANIFOLD_SOLID_BREP('',#2498);
#2498 = CLOSED_SHELL('',(#2499,#2539,#2570,#2601,#2623,#2635));
#2499 = ADVANCED_FACE('',(#2500),#2534,.T.);
#2500 = FACE_BOUND('',#2501,.T.);
#2501 = EDGE_LOOP('',(#2502,#2512,#2520,#2528));
#2502 = ORIENTED_EDGE('',*,*,#2503,.T.);
#2503 = EDGE_CURVE('',#2504,#2506,#2508,.T.);
#2504 = VERTEX_POINT('',#2505);
#2505 = CARTESIAN_POINT('',(220.,95.,0.));
#2506 = VERTEX_POINT('',#2507);
#2507 = CARTESIAN_POINT('',(220.,89.82361909795,19.318516525781));
#2508 = LINE('',#2509,#2510);
#2509 = CARTESIAN_POINT('',(220.,95.,0.));
#2510 = VECTOR('',#2511,1.);
#2511 = DIRECTION('',(-0.,-0.258819045103,0.965925826289));
#2512 = ORIENTED_EDGE('',*,*,#2513,.T.);
#2513 = EDGE_CURVE('',#2506,#2514,#2516,.T.);
#2514 = VERTEX_POINT('',#2515);
#2515 = CARTESIAN_POINT('',(220.,144.82361909795,34.055722109493));
#2516 = LINE('',#2517,#2518);
#2517 = CARTESIAN_POINT('',(220.,89.82361909795,19.318516525781));
#2518 = VECTOR('',#2519,1.);
#2519 = DIRECTION('',(0.,0.965925826289,0.258819045103));
#2520 = ORIENTED_EDGE('',*,*,#2521,.F.);
#2521 = EDGE_CURVE('',#2522,#2514,#2524,.T.);
#2522 = VERTEX_POINT('',#2523);
#2523 = CARTESIAN_POINT('',(220.,150.,14.737205583712));
#2524 = LINE('',#2525,#2526);
#2525 = CARTESIAN_POINT('',(220.,150.,14.737205583712));
#2526 = VECTOR('',#2527,1.);
#2527 = DIRECTION('',(-0.,-0.258819045103,0.965925826289));
#2528 = ORIENTED_EDGE('',*,*,#2529,.F.);
#2529 = EDGE_CURVE('',#2504,#2522,#2530,.T.);
#2530 = LINE('',#2531,#2532);
#2531 = CARTESIAN_POINT('',(220.,95.,0.));
#2532 = VECTOR('',#2533,1.);
#2533 = DIRECTION('',(0.,0.965925826289,0.258819045103));
#2534 = PLANE('',#2535);
#2535 = AXIS2_PLACEMENT_3D('',#2536,#2537,#2538);
#2536 = CARTESIAN_POINT('',(220.,95.,0.));
#2537 = DIRECTION('',(-1.,0.,0.));
#2538 = DIRECTION('',(0.,0.965925826289,0.258819045103));
#2539 = ADVANCED_FACE('',(#2540),#2565,.T.);
#2540 = FACE_BOUND('',#2541,.T.);
#2541 = EDGE_LOOP('',(#2542,#2543,#2551,#2559));
#2542 = ORIENTED_EDGE('',*,*,#2521,.T.);
#2543 = ORIENTED_EDGE('',*,*,#2544,.T.);
#2544 = EDGE_CURVE('',#2514,#2545,#2547,.T.);
#2545 = VERTEX_POINT('',#2546);
#2546 = CARTESIAN_POINT('',(390.,144.82361909795,34.055722109493));
#2547 = LINE('',#2548,#2549);
#2548 = CARTESIAN_POINT('',(220.,144.82361909795,34.055722109493));
#2549 = VECTOR('',#2550,1.);
#2550 = DIRECTION('',(1.,0.,0.));
#2551 = ORIENTED_EDGE('',*,*,#2552,.F.);
#2552 = EDGE_CURVE('',#2553,#2545,#2555,.T.);
#2553 = VERTEX_POINT('',#2554);
#2554 = CARTESIAN_POINT('',(390.,150.,14.737205583712));
#2555 = LINE('',#2556,#2557);
#2556 = CARTESIAN_POINT('',(390.,150.,14.737205583712));
#2557 = VECTOR('',#2558,1.);
#2558 = DIRECTION('',(-0.,-0.258819045103,0.965925826289));
#2559 = ORIENTED_EDGE('',*,*,#2560,.F.);
#2560 = EDGE_CURVE('',#2522,#2553,#2561,.T.);
#2561 = LINE('',#2562,#2563);
#2562 = CARTESIAN_POINT('',(220.,150.,14.737205583712));
#2563 = VECTOR('',#2564,1.);
#2564 = DIRECTION('',(1.,0.,0.));
#2565 = PLANE('',#2566);
#2566 = AXIS2_PLACEMENT_3D('',#2567,#2568,#2569);
#2567 = CARTESIAN_POINT('',(220.,150.,14.737205583712));
#2568 = DIRECTION('',(-0.,0.965925826289,0.258819045103));
#2569 = DIRECTION('',(1.,0.,0.));
#2570 = ADVANCED_FACE('',(#2571),#2596,.T.);
#2571 = FACE_BOUND('',#2572,.T.);
#2572 = EDGE_LOOP('',(#2573,#2574,#2582,#2590));
#2573 = ORIENTED_EDGE('',*,*,#2552,.T.);
#2574 = ORIENTED_EDGE('',*,*,#2575,.T.);
#2575 = EDGE_CURVE('',#2545,#2576,#2578,.T.);
#2576 = VERTEX_POINT('',#2577);
#2577 = CARTESIAN_POINT('',(390.,89.82361909795,19.318516525781));
#2578 = LINE('',#2579,#2580);
#2579 = CARTESIAN_POINT('',(390.,144.82361909795,34.055722109493));
#2580 = VECTOR('',#2581,1.);
#2581 = DIRECTION('',(0.,-0.965925826289,-0.258819045103));
#2582 = ORIENTED_EDGE('',*,*,#2583,.F.);
#2583 = EDGE_CURVE('',#2584,#2576,#2586,.T.);
#2584 = VERTEX_POINT('',#2585);
#2585 = CARTESIAN_POINT('',(390.,95.,0.));
#2586 = LINE('',#2587,#2588);
#2587 = CARTESIAN_POINT('',(390.,95.,0.));
#2588 = VECTOR('',#2589,1.);
#2589 = DIRECTION('',(-0.,-0.258819045103,0.965925826289));
#2590 = ORIENTED_EDGE('',*,*,#2591,.F.);
#2591 = EDGE_CURVE('',#2553,#2584,#2592,.T.);
#2592 = LINE('',#2593,#2594);
#2593 = CARTESIAN_POINT('',(390.,150.,14.737205583712));
#2594 = VECTOR('',#2595,1.);
#2595 = DIRECTION('',(0.,-0.965925826289,-0.258819045103));
#2596 = PLANE('',#2597);
#2597 = AXIS2_PLACEMENT_3D('',#2598,#2599,#2600);
#2598 = CARTESIAN_POINT('',(390.,150.,14.737205583712));
#2599 = DIRECTION('',(1.,0.,0.));
#2600 = DIRECTION('',(0.,-0.965925826289,-0.258819045103));
#2601 = ADVANCED_FACE('',(#2602),#2618,.T.);
#2602 = FACE_BOUND('',#2603,.T.);
#2603 = EDGE_LOOP('',(#2604,#2605,#2611,#2612));
#2604 = ORIENTED_EDGE('',*,*,#2583,.T.);
#2605 = ORIENTED_EDGE('',*,*,#2606,.T.);
#2606 = EDGE_CURVE('',#2576,#2506,#2607,.T.);
#2607 = LINE('',#2608,#2609);
#2608 = CARTESIAN_POINT('',(390.,89.82361909795,19.318516525781));
#2609 = VECTOR('',#2610,1.);
#2610 = DIRECTION('',(-1.,0.,0.));
#2611 = ORIENTED_EDGE('',*,*,#2503,.F.);
#2612 = ORIENTED_EDGE('',*,*,#2613,.F.);
#2613 = EDGE_CURVE('',#2584,#2504,#2614,.T.);
#2614 = LINE('',#2615,#2616);
#2615 = CARTESIAN_POINT('',(390.,95.,0.));
#2616 = VECTOR('',#2617,1.);
#2617 = DIRECTION('',(-1.,0.,0.));
#2618 = PLANE('',#2619);
#2619 = AXIS2_PLACEMENT_3D('',#2620,#2621,#2622);
#2620 = CARTESIAN_POINT('',(390.,95.,0.));
#2621 = DIRECTION('',(-0.,-0.965925826289,-0.258819045103));
#2622 = DIRECTION('',(-1.,0.,0.));
#2623 = ADVANCED_FACE('',(#2624),#2630,.T.);
#2624 = FACE_BOUND('',#2625,.T.);
#2625 = EDGE_LOOP('',(#2626,#2627,#2628,#2629));
#2626 = ORIENTED_EDGE('',*,*,#2529,.T.);
#2627 = ORIENTED_EDGE('',*,*,#2560,.T.);
#2628 = ORIENTED_EDGE('',*,*,#2591,.T.);
#2629 = ORIENTED_EDGE('',*,*,#2613,.T.);
#2630 = PLANE('',#2631);
#2631 = AXIS2_PLACEMENT_3D('',#2632,#2633,#2634);
#2632 = CARTESIAN_POINT('',(305.,122.5,7.368602791856));
#2633 = DIRECTION('',(-0.,0.258819045103,-0.965925826289));
#2634 = DIRECTION('',(0.,-0.965925826289,-0.258819045103));
#2635 = ADVANCED_FACE('',(#2636),#2642,.F.);
#2636 = FACE_BOUND('',#2637,.F.);
#2637 = EDGE_LOOP('',(#2638,#2639,#2640,#2641));
#2638 = ORIENTED_EDGE('',*,*,#2513,.T.);
#2639 = ORIENTED_EDGE('',*,*,#2544,.T.);
#2640 = ORIENTED_EDGE('',*,*,#2575,.T.);
#2641 = ORIENTED_EDGE('',*,*,#2606,.T.);
#2642 = PLANE('',#2643);
#2643 = AXIS2_PLACEMENT_3D('',#2644,#2645,#2646);
#2644 = CARTESIAN_POINT('',(305.,117.32361909795,26.687119317637));
#2645 = DIRECTION('',(-0.,0.258819045103,-0.965925826289));
#2646 = DIRECTION('',(0.,-0.965925826289,-0.258819045103));
#2647 = ( GEOMETRIC_REPRESENTATION_CONTEXT(3) 
GLOBAL_UNCERTAINTY_ASSIGNED_CONTEXT((#2651)) 
GLOBAL_UNIT_ASSIGNED_CONTEXT((#2648,#2649,#2650)) REPRESENTATION_CONTEXT
('Context #1','3D Context with UNIT and UNCERTAINTY') );
#2648 = ( LENGTH_UNIT() NAMED_UNIT(*) SI_UNIT(.MILLI.,.METRE.) );
#2649 = ( NAMED_UNIT(*) PLANE_ANGLE_UNIT() SI_UNIT($,.RADIAN.) );
#2650 = ( NAMED_UNIT(*) SI_UNIT($,.STERADIAN.) SOLID_ANGLE_UNIT() );
#2651 = UNCERTAINTY_MEASURE_WITH_UNIT(LENGTH_MEASURE(1.E-07),#2648,
  'distance_accuracy_value','confusion accuracy');
#2652 = CONTEXT_DEPENDENT_SHAPE_REPRESENTATION(#2653,#2655);
#2653 = ( REPRESENTATION_RELATIONSHIP('','',#2496,#10) 
REPRESENTATION_RELATIONSHIP_WITH_TRANSFORMATION(#2654) 
SHAPE_REPRESENTATION_RELATIONSHIP() );
#2654 = ITEM_DEFINED_TRANSFORMATION('','',#11,#63);
#2655 = PRODUCT_DEFINITION_SHAPE('Placement','Placement of an item',
  #2656);
#2656 = NEXT_ASSEMBLY_USAGE_OCCURRENCE('101',
  'TRI-MAIN-CHINE-STARBOARD-03 | ChineStarboard | nominal plywood 20 mm'
  ,'',#5,#2491,$);
#2657 = PRODUCT_RELATED_PRODUCT_CATEGORY('part',$,(#2493));
#2658 = SHAPE_DEFINITION_REPRESENTATION(#2659,#2665);
#2659 = PRODUCT_DEFINITION_SHAPE('','',#2660);
#2660 = PRODUCT_DEFINITION('design','',#2661,#2664);
#2661 = PRODUCT_DEFINITION_FORMATION('','',#2662);
#2662 = PRODUCT(
  'TRI-MAIN-SIDE-PORT-03 | SidePort | nominal plywood 20 mm',
  'TRI-MAIN-SIDE-PORT-03 | SidePort | nominal plywood 20 mm','',(#2663)
  );
#2663 = PRODUCT_CONTEXT('',#2,'mechanical');
#2664 = PRODUCT_DEFINITION_CONTEXT('part definition',#2,'design');
#2665 = ADVANCED_BREP_SHAPE_REPRESENTATION('',(#11,#2666),#2816);
#2666 = MANIFOLD_SOLID_BREP('',#2667);
#2667 = CLOSED_SHELL('',(#2668,#2708,#2739,#2770,#2792,#2804));
#2668 = ADVANCED_FACE('',(#2669),#2703,.T.);
#2669 = FACE_BOUND('',#2670,.T.);
#2670 = EDGE_LOOP('',(#2671,#2681,#2689,#2697));
#2671 = ORIENTED_EDGE('',*,*,#2672,.T.);
#2672 = EDGE_CURVE('',#2673,#2675,#2677,.T.);
#2673 = VERTEX_POINT('',#2674);
#2674 = CARTESIAN_POINT('',(220.,-150.,14.737205583712));
#2675 = VERTEX_POINT('',#2676);
#2676 = CARTESIAN_POINT('',(220.,-130.,14.737205583712));
#2677 = LINE('',#2678,#2679);
#2678 = CARTESIAN_POINT('',(220.,-150.,14.737205583712));
#2679 = VECTOR('',#2680,1.);
#2680 = DIRECTION('',(-0.,1.,-0.));
#2681 = ORIENTED_EDGE('',*,*,#2682,.T.);
#2682 = EDGE_CURVE('',#2675,#2683,#2685,.T.);
#2683 = VERTEX_POINT('',#2684);
#2684 = CARTESIAN_POINT('',(390.,-130.,14.737205583712));
#2685 = LINE('',#2686,#2687);
#2686 = CARTESIAN_POINT('',(220.,-130.,14.737205583712));
#2687 = VECTOR('',#2688,1.);
#2688 = DIRECTION('',(1.,0.,0.));
#2689 = ORIENTED_EDGE('',*,*,#2690,.F.);
#2690 = EDGE_CURVE('',#2691,#2683,#2693,.T.);
#2691 = VERTEX_POINT('',#2692);
#2692 = CARTESIAN_POINT('',(390.,-150.,14.737205583712));
#2693 = LINE('',#2694,#2695);
#2694 = CARTESIAN_POINT('',(390.,-150.,14.737205583712));
#2695 = VECTOR('',#2696,1.);
#2696 = DIRECTION('',(-0.,1.,-0.));
#2697 = ORIENTED_EDGE('',*,*,#2698,.F.);
#2698 = EDGE_CURVE('',#2673,#2691,#2699,.T.);
#2699 = LINE('',#2700,#2701);
#2700 = CARTESIAN_POINT('',(220.,-150.,14.737205583712));
#2701 = VECTOR('',#2702,1.);
#2702 = DIRECTION('',(1.,0.,0.));
#2703 = PLANE('',#2704);
#2704 = AXIS2_PLACEMENT_3D('',#2705,#2706,#2707);
#2705 = CARTESIAN_POINT('',(220.,-150.,14.737205583712));
#2706 = DIRECTION('',(0.,0.,-1.));
#2707 = DIRECTION('',(1.,0.,0.));
#2708 = ADVANCED_FACE('',(#2709),#2734,.T.);
#2709 = FACE_BOUND('',#2710,.T.);
#2710 = EDGE_LOOP('',(#2711,#2712,#2720,#2728));
#2711 = ORIENTED_EDGE('',*,*,#2690,.T.);
#2712 = ORIENTED_EDGE('',*,*,#2713,.T.);
#2713 = EDGE_CURVE('',#2683,#2714,#2716,.T.);
#2714 = VERTEX_POINT('',#2715);
#2715 = CARTESIAN_POINT('',(390.,-130.,140.));
#2716 = LINE('',#2717,#2718);
#2717 = CARTESIAN_POINT('',(390.,-130.,14.737205583712));
#2718 = VECTOR('',#2719,1.);
#2719 = DIRECTION('',(0.,0.,1.));
#2720 = ORIENTED_EDGE('',*,*,#2721,.F.);
#2721 = EDGE_CURVE('',#2722,#2714,#2724,.T.);
#2722 = VERTEX_POINT('',#2723);
#2723 = CARTESIAN_POINT('',(390.,-150.,140.));
#2724 = LINE('',#2725,#2726);
#2725 = CARTESIAN_POINT('',(390.,-150.,140.));
#2726 = VECTOR('',#2727,1.);
#2727 = DIRECTION('',(-0.,1.,-0.));
#2728 = ORIENTED_EDGE('',*,*,#2729,.F.);
#2729 = EDGE_CURVE('',#2691,#2722,#2730,.T.);
#2730 = LINE('',#2731,#2732);
#2731 = CARTESIAN_POINT('',(390.,-150.,14.737205583712));
#2732 = VECTOR('',#2733,1.);
#2733 = DIRECTION('',(0.,0.,1.));
#2734 = PLANE('',#2735);
#2735 = AXIS2_PLACEMENT_3D('',#2736,#2737,#2738);
#2736 = CARTESIAN_POINT('',(390.,-150.,14.737205583712));
#2737 = DIRECTION('',(1.,0.,-0.));
#2738 = DIRECTION('',(0.,0.,1.));
#2739 = ADVANCED_FACE('',(#2740),#2765,.T.);
#2740 = FACE_BOUND('',#2741,.T.);
#2741 = EDGE_LOOP('',(#2742,#2743,#2751,#2759));
#2742 = ORIENTED_EDGE('',*,*,#2721,.T.);
#2743 = ORIENTED_EDGE('',*,*,#2744,.T.);
#2744 = EDGE_CURVE('',#2714,#2745,#2747,.T.);
#2745 = VERTEX_POINT('',#2746);
#2746 = CARTESIAN_POINT('',(220.,-130.,140.));
#2747 = LINE('',#2748,#2749);
#2748 = CARTESIAN_POINT('',(390.,-130.,140.));
#2749 = VECTOR('',#2750,1.);
#2750 = DIRECTION('',(-1.,0.,0.));
#2751 = ORIENTED_EDGE('',*,*,#2752,.F.);
#2752 = EDGE_CURVE('',#2753,#2745,#2755,.T.);
#2753 = VERTEX_POINT('',#2754);
#2754 = CARTESIAN_POINT('',(220.,-150.,140.));
#2755 = LINE('',#2756,#2757);
#2756 = CARTESIAN_POINT('',(220.,-150.,140.));
#2757 = VECTOR('',#2758,1.);
#2758 = DIRECTION('',(-0.,1.,-0.));
#2759 = ORIENTED_EDGE('',*,*,#2760,.F.);
#2760 = EDGE_CURVE('',#2722,#2753,#2761,.T.);
#2761 = LINE('',#2762,#2763);
#2762 = CARTESIAN_POINT('',(390.,-150.,140.));
#2763 = VECTOR('',#2764,1.);
#2764 = DIRECTION('',(-1.,0.,0.));
#2765 = PLANE('',#2766);
#2766 = AXIS2_PLACEMENT_3D('',#2767,#2768,#2769);
#2767 = CARTESIAN_POINT('',(390.,-150.,140.));
#2768 = DIRECTION('',(0.,0.,1.));
#2769 = DIRECTION('',(-1.,0.,0.));
#2770 = ADVANCED_FACE('',(#2771),#2787,.T.);
#2771 = FACE_BOUND('',#2772,.T.);
#2772 = EDGE_LOOP('',(#2773,#2774,#2780,#2781));
#2773 = ORIENTED_EDGE('',*,*,#2752,.T.);
#2774 = ORIENTED_EDGE('',*,*,#2775,.T.);
#2775 = EDGE_CURVE('',#2745,#2675,#2776,.T.);
#2776 = LINE('',#2777,#2778);
#2777 = CARTESIAN_POINT('',(220.,-130.,140.));
#2778 = VECTOR('',#2779,1.);
#2779 = DIRECTION('',(0.,0.,-1.));
#2780 = ORIENTED_EDGE('',*,*,#2672,.F.);
#2781 = ORIENTED_EDGE('',*,*,#2782,.F.);
#2782 = EDGE_CURVE('',#2753,#2673,#2783,.T.);
#2783 = LINE('',#2784,#2785);
#2784 = CARTESIAN_POINT('',(220.,-150.,140.));
#2785 = VECTOR('',#2786,1.);
#2786 = DIRECTION('',(0.,0.,-1.));
#2787 = PLANE('',#2788);
#2788 = AXIS2_PLACEMENT_3D('',#2789,#2790,#2791);
#2789 = CARTESIAN_POINT('',(220.,-150.,140.));
#2790 = DIRECTION('',(-1.,-0.,-0.));
#2791 = DIRECTION('',(0.,0.,-1.));
#2792 = ADVANCED_FACE('',(#2793),#2799,.T.);
#2793 = FACE_BOUND('',#2794,.T.);
#2794 = EDGE_LOOP('',(#2795,#2796,#2797,#2798));
#2795 = ORIENTED_EDGE('',*,*,#2698,.T.);
#2796 = ORIENTED_EDGE('',*,*,#2729,.T.);
#2797 = ORIENTED_EDGE('',*,*,#2760,.T.);
#2798 = ORIENTED_EDGE('',*,*,#2782,.T.);
#2799 = PLANE('',#2800);
#2800 = AXIS2_PLACEMENT_3D('',#2801,#2802,#2803);
#2801 = CARTESIAN_POINT('',(305.,-150.,77.368602791856));
#2802 = DIRECTION('',(-0.,-1.,-0.));
#2803 = DIRECTION('',(0.,0.,-1.));
#2804 = ADVANCED_FACE('',(#2805),#2811,.F.);
#2805 = FACE_BOUND('',#2806,.F.);
#2806 = EDGE_LOOP('',(#2807,#2808,#2809,#2810));
#2807 = ORIENTED_EDGE('',*,*,#2682,.T.);
#2808 = ORIENTED_EDGE('',*,*,#2713,.T.);
#2809 = ORIENTED_EDGE('',*,*,#2744,.T.);
#2810 = ORIENTED_EDGE('',*,*,#2775,.T.);
#2811 = PLANE('',#2812);
#2812 = AXIS2_PLACEMENT_3D('',#2813,#2814,#2815);
#2813 = CARTESIAN_POINT('',(305.,-130.,77.368602791856));
#2814 = DIRECTION('',(-0.,-1.,-0.));
#2815 = DIRECTION('',(0.,0.,-1.));
#2816 = ( GEOMETRIC_REPRESENTATION_CONTEXT(3) 
GLOBAL_UNCERTAINTY_ASSIGNED_CONTEXT((#2820)) 
GLOBAL_UNIT_ASSIGNED_CONTEXT((#2817,#2818,#2819)) REPRESENTATION_CONTEXT
('Context #1','3D Context with UNIT and UNCERTAINTY') );
#2817 = ( LENGTH_UNIT() NAMED_UNIT(*) SI_UNIT(.MILLI.,.METRE.) );
#2818 = ( NAMED_UNIT(*) PLANE_ANGLE_UNIT() SI_UNIT($,.RADIAN.) );
#2819 = ( NAMED_UNIT(*) SI_UNIT($,.STERADIAN.) SOLID_ANGLE_UNIT() );
#2820 = UNCERTAINTY_MEASURE_WITH_UNIT(LENGTH_MEASURE(1.E-07),#2817,
  'distance_accuracy_value','confusion accuracy');
#2821 = CONTEXT_DEPENDENT_SHAPE_REPRESENTATION(#2822,#2824);
#2822 = ( REPRESENTATION_RELATIONSHIP('','',#2665,#10) 
REPRESENTATION_RELATIONSHIP_WITH_TRANSFORMATION(#2823) 
SHAPE_REPRESENTATION_RELATIONSHIP() );
#2823 = ITEM_DEFINED_TRANSFORMATION('','',#11,#67);
#2824 = PRODUCT_DEFINITION_SHAPE('Placement','Placement of an item',
  #2825);
#2825 = NEXT_ASSEMBLY_USAGE_OCCURRENCE('102',
  'TRI-MAIN-SIDE-PORT-03 | SidePort | nominal plywood 20 mm','',#5,#2660
  ,$);
#2826 = PRODUCT_RELATED_PRODUCT_CATEGORY('part',$,(#2662));
#2827 = SHAPE_DEFINITION_REPRESENTATION(#2828,#2834);
#2828 = PRODUCT_DEFINITION_SHAPE('','',#2829);
#2829 = PRODUCT_DEFINITION('design','',#2830,#2833);
#2830 = PRODUCT_DEFINITION_FORMATION('','',#2831);
#2831 = PRODUCT(
  'TRI-MAIN-SIDE-STARBOARD-03 | SideStarboard | nominal plywood 20 mm',
  'TRI-MAIN-SIDE-STARBOARD-03 | SideStarboard | nominal plywood 20 mm',
  '',(#2832));
#2832 = PRODUCT_CONTEXT('',#2,'mechanical');
#2833 = PRODUCT_DEFINITION_CONTEXT('part definition',#2,'design');
#2834 = ADVANCED_BREP_SHAPE_REPRESENTATION('',(#11,#2835),#2985);
#2835 = MANIFOLD_SOLID_BREP('',#2836);
#2836 = CLOSED_SHELL('',(#2837,#2877,#2908,#2939,#2961,#2973));
#2837 = ADVANCED_FACE('',(#2838),#2872,.T.);
#2838 = FACE_BOUND('',#2839,.T.);
#2839 = EDGE_LOOP('',(#2840,#2850,#2858,#2866));
#2840 = ORIENTED_EDGE('',*,*,#2841,.T.);
#2841 = EDGE_CURVE('',#2842,#2844,#2846,.T.);
#2842 = VERTEX_POINT('',#2843);
#2843 = CARTESIAN_POINT('',(220.,150.,14.737205583712));
#2844 = VERTEX_POINT('',#2845);
#2845 = CARTESIAN_POINT('',(220.,130.,14.737205583712));
#2846 = LINE('',#2847,#2848);
#2847 = CARTESIAN_POINT('',(220.,150.,14.737205583712));
#2848 = VECTOR('',#2849,1.);
#2849 = DIRECTION('',(-0.,-1.,-0.));
#2850 = ORIENTED_EDGE('',*,*,#2851,.T.);
#2851 = EDGE_CURVE('',#2844,#2852,#2854,.T.);
#2852 = VERTEX_POINT('',#2853);
#2853 = CARTESIAN_POINT('',(220.,130.,140.));
#2854 = LINE('',#2855,#2856);
#2855 = CARTESIAN_POINT('',(220.,130.,14.737205583712));
#2856 = VECTOR('',#2857,1.);
#2857 = DIRECTION('',(0.,0.,1.));
#2858 = ORIENTED_EDGE('',*,*,#2859,.F.);
#2859 = EDGE_CURVE('',#2860,#2852,#2862,.T.);
#2860 = VERTEX_POINT('',#2861);
#2861 = CARTESIAN_POINT('',(220.,150.,140.));
#2862 = LINE('',#2863,#2864);
#2863 = CARTESIAN_POINT('',(220.,150.,140.));
#2864 = VECTOR('',#2865,1.);
#2865 = DIRECTION('',(-0.,-1.,-0.));
#2866 = ORIENTED_EDGE('',*,*,#2867,.F.);
#2867 = EDGE_CURVE('',#2842,#2860,#2868,.T.);
#2868 = LINE('',#2869,#2870);
#2869 = CARTESIAN_POINT('',(220.,150.,14.737205583712));
#2870 = VECTOR('',#2871,1.);
#2871 = DIRECTION('',(0.,0.,1.));
#2872 = PLANE('',#2873);
#2873 = AXIS2_PLACEMENT_3D('',#2874,#2875,#2876);
#2874 = CARTESIAN_POINT('',(220.,150.,14.737205583712));
#2875 = DIRECTION('',(-1.,0.,0.));
#2876 = DIRECTION('',(0.,0.,1.));
#2877 = ADVANCED_FACE('',(#2878),#2903,.T.);
#2878 = FACE_BOUND('',#2879,.T.);
#2879 = EDGE_LOOP('',(#2880,#2881,#2889,#2897));
#2880 = ORIENTED_EDGE('',*,*,#2859,.T.);
#2881 = ORIENTED_EDGE('',*,*,#2882,.T.);
#2882 = EDGE_CURVE('',#2852,#2883,#2885,.T.);
#2883 = VERTEX_POINT('',#2884);
#2884 = CARTESIAN_POINT('',(390.,130.,140.));
#2885 = LINE('',#2886,#2887);
#2886 = CARTESIAN_POINT('',(220.,130.,140.));
#2887 = VECTOR('',#2888,1.);
#2888 = DIRECTION('',(1.,0.,0.));
#2889 = ORIENTED_EDGE('',*,*,#2890,.F.);
#2890 = EDGE_CURVE('',#2891,#2883,#2893,.T.);
#2891 = VERTEX_POINT('',#2892);
#2892 = CARTESIAN_POINT('',(390.,150.,140.));
#2893 = LINE('',#2894,#2895);
#2894 = CARTESIAN_POINT('',(390.,150.,140.));
#2895 = VECTOR('',#2896,1.);
#2896 = DIRECTION('',(-0.,-1.,-0.));
#2897 = ORIENTED_EDGE('',*,*,#2898,.F.);
#2898 = EDGE_CURVE('',#2860,#2891,#2899,.T.);
#2899 = LINE('',#2900,#2901);
#2900 = CARTESIAN_POINT('',(220.,150.,140.));
#2901 = VECTOR('',#2902,1.);
#2902 = DIRECTION('',(1.,0.,0.));
#2903 = PLANE('',#2904);
#2904 = AXIS2_PLACEMENT_3D('',#2905,#2906,#2907);
#2905 = CARTESIAN_POINT('',(220.,150.,140.));
#2906 = DIRECTION('',(0.,0.,1.));
#2907 = DIRECTION('',(1.,0.,-0.));
#2908 = ADVANCED_FACE('',(#2909),#2934,.T.);
#2909 = FACE_BOUND('',#2910,.T.);
#2910 = EDGE_LOOP('',(#2911,#2912,#2920,#2928));
#2911 = ORIENTED_EDGE('',*,*,#2890,.T.);
#2912 = ORIENTED_EDGE('',*,*,#2913,.T.);
#2913 = EDGE_CURVE('',#2883,#2914,#2916,.T.);
#2914 = VERTEX_POINT('',#2915);
#2915 = CARTESIAN_POINT('',(390.,130.,14.737205583712));
#2916 = LINE('',#2917,#2918);
#2917 = CARTESIAN_POINT('',(390.,130.,140.));
#2918 = VECTOR('',#2919,1.);
#2919 = DIRECTION('',(0.,0.,-1.));
#2920 = ORIENTED_EDGE('',*,*,#2921,.F.);
#2921 = EDGE_CURVE('',#2922,#2914,#2924,.T.);
#2922 = VERTEX_POINT('',#2923);
#2923 = CARTESIAN_POINT('',(390.,150.,14.737205583712));
#2924 = LINE('',#2925,#2926);
#2925 = CARTESIAN_POINT('',(390.,150.,14.737205583712));
#2926 = VECTOR('',#2927,1.);
#2927 = DIRECTION('',(-0.,-1.,-0.));
#2928 = ORIENTED_EDGE('',*,*,#2929,.F.);
#2929 = EDGE_CURVE('',#2891,#2922,#2930,.T.);
#2930 = LINE('',#2931,#2932);
#2931 = CARTESIAN_POINT('',(390.,150.,140.));
#2932 = VECTOR('',#2933,1.);
#2933 = DIRECTION('',(0.,0.,-1.));
#2934 = PLANE('',#2935);
#2935 = AXIS2_PLACEMENT_3D('',#2936,#2937,#2938);
#2936 = CARTESIAN_POINT('',(390.,150.,140.));
#2937 = DIRECTION('',(1.,-0.,0.));
#2938 = DIRECTION('',(0.,0.,-1.));
#2939 = ADVANCED_FACE('',(#2940),#2956,.T.);
#2940 = FACE_BOUND('',#2941,.T.);
#2941 = EDGE_LOOP('',(#2942,#2943,#2949,#2950));
#2942 = ORIENTED_EDGE('',*,*,#2921,.T.);
#2943 = ORIENTED_EDGE('',*,*,#2944,.T.);
#2944 = EDGE_CURVE('',#2914,#2844,#2945,.T.);
#2945 = LINE('',#2946,#2947);
#2946 = CARTESIAN_POINT('',(390.,130.,14.737205583712));
#2947 = VECTOR('',#2948,1.);
#2948 = DIRECTION('',(-1.,0.,0.));
#2949 = ORIENTED_EDGE('',*,*,#2841,.F.);
#2950 = ORIENTED_EDGE('',*,*,#2951,.F.);
#2951 = EDGE_CURVE('',#2922,#2842,#2952,.T.);
#2952 = LINE('',#2953,#2954);
#2953 = CARTESIAN_POINT('',(390.,150.,14.737205583712));
#2954 = VECTOR('',#2955,1.);
#2955 = DIRECTION('',(-1.,0.,0.));
#2956 = PLANE('',#2957);
#2957 = AXIS2_PLACEMENT_3D('',#2958,#2959,#2960);
#2958 = CARTESIAN_POINT('',(390.,150.,14.737205583712));
#2959 = DIRECTION('',(0.,0.,-1.));
#2960 = DIRECTION('',(-1.,0.,0.));
#2961 = ADVANCED_FACE('',(#2962),#2968,.T.);
#2962 = FACE_BOUND('',#2963,.T.);
#2963 = EDGE_LOOP('',(#2964,#2965,#2966,#2967));
#2964 = ORIENTED_EDGE('',*,*,#2867,.T.);
#2965 = ORIENTED_EDGE('',*,*,#2898,.T.);
#2966 = ORIENTED_EDGE('',*,*,#2929,.T.);
#2967 = ORIENTED_EDGE('',*,*,#2951,.T.);
#2968 = PLANE('',#2969);
#2969 = AXIS2_PLACEMENT_3D('',#2970,#2971,#2972);
#2970 = CARTESIAN_POINT('',(305.,150.,77.368602791856));
#2971 = DIRECTION('',(0.,1.,0.));
#2972 = DIRECTION('',(0.,-0.,1.));
#2973 = ADVANCED_FACE('',(#2974),#2980,.F.);
#2974 = FACE_BOUND('',#2975,.F.);
#2975 = EDGE_LOOP('',(#2976,#2977,#2978,#2979));
#2976 = ORIENTED_EDGE('',*,*,#2851,.T.);
#2977 = ORIENTED_EDGE('',*,*,#2882,.T.);
#2978 = ORIENTED_EDGE('',*,*,#2913,.T.);
#2979 = ORIENTED_EDGE('',*,*,#2944,.T.);
#2980 = PLANE('',#2981);
#2981 = AXIS2_PLACEMENT_3D('',#2982,#2983,#2984);
#2982 = CARTESIAN_POINT('',(305.,130.,77.368602791856));
#2983 = DIRECTION('',(0.,1.,0.));
#2984 = DIRECTION('',(0.,-0.,1.));
#2985 = ( GEOMETRIC_REPRESENTATION_CONTEXT(3) 
GLOBAL_UNCERTAINTY_ASSIGNED_CONTEXT((#2989)) 
GLOBAL_UNIT_ASSIGNED_CONTEXT((#2986,#2987,#2988)) REPRESENTATION_CONTEXT
('Context #1','3D Context with UNIT and UNCERTAINTY') );
#2986 = ( LENGTH_UNIT() NAMED_UNIT(*) SI_UNIT(.MILLI.,.METRE.) );
#2987 = ( NAMED_UNIT(*) PLANE_ANGLE_UNIT() SI_UNIT($,.RADIAN.) );
#2988 = ( NAMED_UNIT(*) SI_UNIT($,.STERADIAN.) SOLID_ANGLE_UNIT() );
#2989 = UNCERTAINTY_MEASURE_WITH_UNIT(LENGTH_MEASURE(1.E-07),#2986,
  'distance_accuracy_value','confusion accuracy');
#2990 = CONTEXT_DEPENDENT_SHAPE_REPRESENTATION(#2991,#2993);
#2991 = ( REPRESENTATION_RELATIONSHIP('','',#2834,#10) 
REPRESENTATION_RELATIONSHIP_WITH_TRANSFORMATION(#2992) 
SHAPE_REPRESENTATION_RELATIONSHIP() );
#2992 = ITEM_DEFINED_TRANSFORMATION('','',#11,#71);
#2993 = PRODUCT_DEFINITION_SHAPE('Placement','Placement of an item',
  #2994);
#2994 = NEXT_ASSEMBLY_USAGE_OCCURRENCE('103',
  'TRI-MAIN-SIDE-STARBOARD-03 | SideStarboard | nominal plywood 20 mm',
  '',#5,#2829,$);
#2995 = PRODUCT_RELATED_PRODUCT_CATEGORY('part',$,(#2831));
#2996 = SHAPE_DEFINITION_REPRESENTATION(#2997,#3003);
#2997 = PRODUCT_DEFINITION_SHAPE('','',#2998);
#2998 = PRODUCT_DEFINITION('design','',#2999,#3002);
#2999 = PRODUCT_DEFINITION_FORMATION('','',#3000);
#3000 = PRODUCT(
  'TRI-MAIN-BOTTOM-04 | BottomFlat | nominal plywood 20 mm',
  'TRI-MAIN-BOTTOM-04 | BottomFlat | nominal plywood 20 mm','',(#3001));
#3001 = PRODUCT_CONTEXT('',#2,'mechanical');
#3002 = PRODUCT_DEFINITION_CONTEXT('part definition',#2,'design');
#3003 = ADVANCED_BREP_SHAPE_REPRESENTATION('',(#11,#3004),#3154);
#3004 = MANIFOLD_SOLID_BREP('',#3005);
#3005 = CLOSED_SHELL('',(#3006,#3046,#3077,#3108,#3130,#3142));
#3006 = ADVANCED_FACE('',(#3007),#3041,.F.);
#3007 = FACE_BOUND('',#3008,.F.);
#3008 = EDGE_LOOP('',(#3009,#3019,#3027,#3035));
#3009 = ORIENTED_EDGE('',*,*,#3010,.T.);
#3010 = EDGE_CURVE('',#3011,#3013,#3015,.T.);
#3011 = VERTEX_POINT('',#3012);
#3012 = CARTESIAN_POINT('',(390.,-95.,0.));
#3013 = VERTEX_POINT('',#3014);
#3014 = CARTESIAN_POINT('',(390.,-95.,20.));
#3015 = LINE('',#3016,#3017);
#3016 = CARTESIAN_POINT('',(390.,-95.,0.));
#3017 = VECTOR('',#3018,1.);
#3018 = DIRECTION('',(0.,0.,1.));
#3019 = ORIENTED_EDGE('',*,*,#3020,.T.);
#3020 = EDGE_CURVE('',#3013,#3021,#3023,.T.);
#3021 = VERTEX_POINT('',#3022);
#3022 = CARTESIAN_POINT('',(560.,-95.,20.));
#3023 = LINE('',#3024,#3025);
#3024 = CARTESIAN_POINT('',(390.,-95.,20.));
#3025 = VECTOR('',#3026,1.);
#3026 = DIRECTION('',(1.,0.,0.));
#3027 = ORIENTED_EDGE('',*,*,#3028,.F.);
#3028 = EDGE_CURVE('',#3029,#3021,#3031,.T.);
#3029 = VERTEX_POINT('',#3030);
#3030 = CARTESIAN_POINT('',(560.,-95.,0.));
#3031 = LINE('',#3032,#3033);
#3032 = CARTESIAN_POINT('',(560.,-95.,0.));
#3033 = VECTOR('',#3034,1.);
#3034 = DIRECTION('',(0.,0.,1.));
#3035 = ORIENTED_EDGE('',*,*,#3036,.F.);
#3036 = EDGE_CURVE('',#3011,#3029,#3037,.T.);
#3037 = LINE('',#3038,#3039);
#3038 = CARTESIAN_POINT('',(390.,-95.,0.));
#3039 = VECTOR('',#3040,1.);
#3040 = DIRECTION('',(1.,0.,0.));
#3041 = PLANE('',#3042);
#3042 = AXIS2_PLACEMENT_3D('',#3043,#3044,#3045);
#3043 = CARTESIAN_POINT('',(390.,-95.,0.));
#3044 = DIRECTION('',(0.,1.,0.));
#3045 = DIRECTION('',(1.,0.,0.));
#3046 = ADVANCED_FACE('',(#3047),#3072,.F.);
#3047 = FACE_BOUND('',#3048,.F.);
#3048 = EDGE_LOOP('',(#3049,#3050,#3058,#3066));
#3049 = ORIENTED_EDGE('',*,*,#3028,.T.);
#3050 = ORIENTED_EDGE('',*,*,#3051,.T.);
#3051 = EDGE_CURVE('',#3021,#3052,#3054,.T.);
#3052 = VERTEX_POINT('',#3053);
#3053 = CARTESIAN_POINT('',(560.,95.,20.));
#3054 = LINE('',#3055,#3056);
#3055 = CARTESIAN_POINT('',(560.,-95.,20.));
#3056 = VECTOR('',#3057,1.);
#3057 = DIRECTION('',(0.,1.,0.));
#3058 = ORIENTED_EDGE('',*,*,#3059,.F.);
#3059 = EDGE_CURVE('',#3060,#3052,#3062,.T.);
#3060 = VERTEX_POINT('',#3061);
#3061 = CARTESIAN_POINT('',(560.,95.,0.));
#3062 = LINE('',#3063,#3064);
#3063 = CARTESIAN_POINT('',(560.,95.,0.));
#3064 = VECTOR('',#3065,1.);
#3065 = DIRECTION('',(0.,0.,1.));
#3066 = ORIENTED_EDGE('',*,*,#3067,.F.);
#3067 = EDGE_CURVE('',#3029,#3060,#3068,.T.);
#3068 = LINE('',#3069,#3070);
#3069 = CARTESIAN_POINT('',(560.,-95.,0.));
#3070 = VECTOR('',#3071,1.);
#3071 = DIRECTION('',(0.,1.,0.));
#3072 = PLANE('',#3073);
#3073 = AXIS2_PLACEMENT_3D('',#3074,#3075,#3076);
#3074 = CARTESIAN_POINT('',(560.,-95.,0.));
#3075 = DIRECTION('',(-1.,0.,0.));
#3076 = DIRECTION('',(0.,1.,0.));
#3077 = ADVANCED_FACE('',(#3078),#3103,.F.);
#3078 = FACE_BOUND('',#3079,.F.);
#3079 = EDGE_LOOP('',(#3080,#3081,#3089,#3097));
#3080 = ORIENTED_EDGE('',*,*,#3059,.T.);
#3081 = ORIENTED_EDGE('',*,*,#3082,.T.);
#3082 = EDGE_CURVE('',#3052,#3083,#3085,.T.);
#3083 = VERTEX_POINT('',#3084);
#3084 = CARTESIAN_POINT('',(390.,95.,20.));
#3085 = LINE('',#3086,#3087);
#3086 = CARTESIAN_POINT('',(560.,95.,20.));
#3087 = VECTOR('',#3088,1.);
#3088 = DIRECTION('',(-1.,0.,0.));
#3089 = ORIENTED_EDGE('',*,*,#3090,.F.);
#3090 = EDGE_CURVE('',#3091,#3083,#3093,.T.);
#3091 = VERTEX_POINT('',#3092);
#3092 = CARTESIAN_POINT('',(390.,95.,0.));
#3093 = LINE('',#3094,#3095);
#3094 = CARTESIAN_POINT('',(390.,95.,0.));
#3095 = VECTOR('',#3096,1.);
#3096 = DIRECTION('',(0.,0.,1.));
#3097 = ORIENTED_EDGE('',*,*,#3098,.F.);
#3098 = EDGE_CURVE('',#3060,#3091,#3099,.T.);
#3099 = LINE('',#3100,#3101);
#3100 = CARTESIAN_POINT('',(560.,95.,0.));
#3101 = VECTOR('',#3102,1.);
#3102 = DIRECTION('',(-1.,0.,0.));
#3103 = PLANE('',#3104);
#3104 = AXIS2_PLACEMENT_3D('',#3105,#3106,#3107);
#3105 = CARTESIAN_POINT('',(560.,95.,0.));
#3106 = DIRECTION('',(0.,-1.,0.));
#3107 = DIRECTION('',(-1.,0.,0.));
#3108 = ADVANCED_FACE('',(#3109),#3125,.F.);
#3109 = FACE_BOUND('',#3110,.F.);
#3110 = EDGE_LOOP('',(#3111,#3112,#3118,#3119));
#3111 = ORIENTED_EDGE('',*,*,#3090,.T.);
#3112 = ORIENTED_EDGE('',*,*,#3113,.T.);
#3113 = EDGE_CURVE('',#3083,#3013,#3114,.T.);
#3114 = LINE('',#3115,#3116);
#3115 = CARTESIAN_POINT('',(390.,95.,20.));
#3116 = VECTOR('',#3117,1.);
#3117 = DIRECTION('',(0.,-1.,0.));
#3118 = ORIENTED_EDGE('',*,*,#3010,.F.);
#3119 = ORIENTED_EDGE('',*,*,#3120,.F.);
#3120 = EDGE_CURVE('',#3091,#3011,#3121,.T.);
#3121 = LINE('',#3122,#3123);
#3122 = CARTESIAN_POINT('',(390.,95.,0.));
#3123 = VECTOR('',#3124,1.);
#3124 = DIRECTION('',(0.,-1.,0.));
#3125 = PLANE('',#3126);
#3126 = AXIS2_PLACEMENT_3D('',#3127,#3128,#3129);
#3127 = CARTESIAN_POINT('',(390.,95.,0.));
#3128 = DIRECTION('',(1.,0.,-0.));
#3129 = DIRECTION('',(0.,-1.,0.));
#3130 = ADVANCED_FACE('',(#3131),#3137,.F.);
#3131 = FACE_BOUND('',#3132,.F.);
#3132 = EDGE_LOOP('',(#3133,#3134,#3135,#3136));
#3133 = ORIENTED_EDGE('',*,*,#3036,.T.);
#3134 = ORIENTED_EDGE('',*,*,#3067,.T.);
#3135 = ORIENTED_EDGE('',*,*,#3098,.T.);
#3136 = ORIENTED_EDGE('',*,*,#3120,.T.);
#3137 = PLANE('',#3138);
#3138 = AXIS2_PLACEMENT_3D('',#3139,#3140,#3141);
#3139 = CARTESIAN_POINT('',(475.,0.,0.));
#3140 = DIRECTION('',(0.,0.,1.));
#3141 = DIRECTION('',(1.,0.,-0.));
#3142 = ADVANCED_FACE('',(#3143),#3149,.T.);
#3143 = FACE_BOUND('',#3144,.T.);
#3144 = EDGE_LOOP('',(#3145,#3146,#3147,#3148));
#3145 = ORIENTED_EDGE('',*,*,#3020,.T.);
#3146 = ORIENTED_EDGE('',*,*,#3051,.T.);
#3147 = ORIENTED_EDGE('',*,*,#3082,.T.);
#3148 = ORIENTED_EDGE('',*,*,#3113,.T.);
#3149 = PLANE('',#3150);
#3150 = AXIS2_PLACEMENT_3D('',#3151,#3152,#3153);
#3151 = CARTESIAN_POINT('',(475.,0.,20.));
#3152 = DIRECTION('',(0.,0.,1.));
#3153 = DIRECTION('',(1.,0.,-0.));
#3154 = ( GEOMETRIC_REPRESENTATION_CONTEXT(3) 
GLOBAL_UNCERTAINTY_ASSIGNED_CONTEXT((#3158)) 
GLOBAL_UNIT_ASSIGNED_CONTEXT((#3155,#3156,#3157)) REPRESENTATION_CONTEXT
('Context #1','3D Context with UNIT and UNCERTAINTY') );
#3155 = ( LENGTH_UNIT() NAMED_UNIT(*) SI_UNIT(.MILLI.,.METRE.) );
#3156 = ( NAMED_UNIT(*) PLANE_ANGLE_UNIT() SI_UNIT($,.RADIAN.) );
#3157 = ( NAMED_UNIT(*) SI_UNIT($,.STERADIAN.) SOLID_ANGLE_UNIT() );
#3158 = UNCERTAINTY_MEASURE_WITH_UNIT(LENGTH_MEASURE(1.E-07),#3155,
  'distance_accuracy_value','confusion accuracy');
#3159 = CONTEXT_DEPENDENT_SHAPE_REPRESENTATION(#3160,#3162);
#3160 = ( REPRESENTATION_RELATIONSHIP('','',#3003,#10) 
REPRESENTATION_RELATIONSHIP_WITH_TRANSFORMATION(#3161) 
SHAPE_REPRESENTATION_RELATIONSHIP() );
#3161 = ITEM_DEFINED_TRANSFORMATION('','',#11,#75);
#3162 = PRODUCT_DEFINITION_SHAPE('Placement','Placement of an item',
  #3163);
#3163 = NEXT_ASSEMBLY_USAGE_OCCURRENCE('104',
  'TRI-MAIN-BOTTOM-04 | BottomFlat | nominal plywood 20 mm','',#5,#2998,
  $);
#3164 = PRODUCT_RELATED_PRODUCT_CATEGORY('part',$,(#3000));
#3165 = SHAPE_DEFINITION_REPRESENTATION(#3166,#3172);
#3166 = PRODUCT_DEFINITION_SHAPE('','',#3167);
#3167 = PRODUCT_DEFINITION('design','',#3168,#3171);
#3168 = PRODUCT_DEFINITION_FORMATION('','',#3169);
#3169 = PRODUCT(
  'TRI-MAIN-CHINE-PORT-04 | ChinePort | nominal plywood 20 mm',
  'TRI-MAIN-CHINE-PORT-04 | ChinePort | nominal plywood 20 mm','',(#3170
    ));
#3170 = PRODUCT_CONTEXT('',#2,'mechanical');
#3171 = PRODUCT_DEFINITION_CONTEXT('part definition',#2,'design');
#3172 = ADVANCED_BREP_SHAPE_REPRESENTATION('',(#11,#3173),#3323);
#3173 = MANIFOLD_SOLID_BREP('',#3174);
#3174 = CLOSED_SHELL('',(#3175,#3215,#3246,#3277,#3299,#3311));
#3175 = ADVANCED_FACE('',(#3176),#3210,.T.);
#3176 = FACE_BOUND('',#3177,.T.);
#3177 = EDGE_LOOP('',(#3178,#3188,#3196,#3204));
#3178 = ORIENTED_EDGE('',*,*,#3179,.T.);
#3179 = EDGE_CURVE('',#3180,#3182,#3184,.T.);
#3180 = VERTEX_POINT('',#3181);
#3181 = CARTESIAN_POINT('',(390.,-95.,0.));
#3182 = VERTEX_POINT('',#3183);
#3183 = CARTESIAN_POINT('',(390.,-89.82361909795,19.318516525781));
#3184 = LINE('',#3185,#3186);
#3185 = CARTESIAN_POINT('',(390.,-95.,0.));
#3186 = VECTOR('',#3187,1.);
#3187 = DIRECTION('',(-0.,0.258819045103,0.965925826289));
#3188 = ORIENTED_EDGE('',*,*,#3189,.T.);
#3189 = EDGE_CURVE('',#3182,#3190,#3192,.T.);
#3190 = VERTEX_POINT('',#3191);
#3191 = CARTESIAN_POINT('',(560.,-89.82361909795,19.318516525781));
#3192 = LINE('',#3193,#3194);
#3193 = CARTESIAN_POINT('',(390.,-89.82361909795,19.318516525781));
#3194 = VECTOR('',#3195,1.);
#3195 = DIRECTION('',(1.,0.,0.));
#3196 = ORIENTED_EDGE('',*,*,#3197,.F.);
#3197 = EDGE_CURVE('',#3198,#3190,#3200,.T.);
#3198 = VERTEX_POINT('',#3199);
#3199 = CARTESIAN_POINT('',(560.,-95.,0.));
#3200 = LINE('',#3201,#3202);
#3201 = CARTESIAN_POINT('',(560.,-95.,0.));
#3202 = VECTOR('',#3203,1.);
#3203 = DIRECTION('',(-0.,0.258819045103,0.965925826289));
#3204 = ORIENTED_EDGE('',*,*,#3205,.F.);
#3205 = EDGE_CURVE('',#3180,#3198,#3206,.T.);
#3206 = LINE('',#3207,#3208);
#3207 = CARTESIAN_POINT('',(390.,-95.,0.));
#3208 = VECTOR('',#3209,1.);
#3209 = DIRECTION('',(1.,0.,0.));
#3210 = PLANE('',#3211);
#3211 = AXIS2_PLACEMENT_3D('',#3212,#3213,#3214);
#3212 = CARTESIAN_POINT('',(390.,-95.,0.));
#3213 = DIRECTION('',(0.,0.965925826289,-0.258819045103));
#3214 = DIRECTION('',(1.,0.,0.));
#3215 = ADVANCED_FACE('',(#3216),#3241,.T.);
#3216 = FACE_BOUND('',#3217,.T.);
#3217 = EDGE_LOOP('',(#3218,#3219,#3227,#3235));
#3218 = ORIENTED_EDGE('',*,*,#3197,.T.);
#3219 = ORIENTED_EDGE('',*,*,#3220,.T.);
#3220 = EDGE_CURVE('',#3190,#3221,#3223,.T.);
#3221 = VERTEX_POINT('',#3222);
#3222 = CARTESIAN_POINT('',(560.,-144.8236190979,34.055722109493));
#3223 = LINE('',#3224,#3225);
#3224 = CARTESIAN_POINT('',(560.,-89.82361909795,19.318516525781));
#3225 = VECTOR('',#3226,1.);
#3226 = DIRECTION('',(0.,-0.965925826289,0.258819045103));
#3227 = ORIENTED_EDGE('',*,*,#3228,.F.);
#3228 = EDGE_CURVE('',#3229,#3221,#3231,.T.);
#3229 = VERTEX_POINT('',#3230);
#3230 = CARTESIAN_POINT('',(560.,-150.,14.737205583712));
#3231 = LINE('',#3232,#3233);
#3232 = CARTESIAN_POINT('',(560.,-150.,14.737205583712));
#3233 = VECTOR('',#3234,1.);
#3234 = DIRECTION('',(-0.,0.258819045103,0.965925826289));
#3235 = ORIENTED_EDGE('',*,*,#3236,.F.);
#3236 = EDGE_CURVE('',#3198,#3229,#3237,.T.);
#3237 = LINE('',#3238,#3239);
#3238 = CARTESIAN_POINT('',(560.,-95.,0.));
#3239 = VECTOR('',#3240,1.);
#3240 = DIRECTION('',(0.,-0.965925826289,0.258819045103));
#3241 = PLANE('',#3242);
#3242 = AXIS2_PLACEMENT_3D('',#3243,#3244,#3245);
#3243 = CARTESIAN_POINT('',(560.,-95.,0.));
#3244 = DIRECTION('',(1.,0.,0.));
#3245 = DIRECTION('',(0.,-0.965925826289,0.258819045103));
#3246 = ADVANCED_FACE('',(#3247),#3272,.T.);
#3247 = FACE_BOUND('',#3248,.T.);
#3248 = EDGE_LOOP('',(#3249,#3250,#3258,#3266));
#3249 = ORIENTED_EDGE('',*,*,#3228,.T.);
#3250 = ORIENTED_EDGE('',*,*,#3251,.T.);
#3251 = EDGE_CURVE('',#3221,#3252,#3254,.T.);
#3252 = VERTEX_POINT('',#3253);
#3253 = CARTESIAN_POINT('',(390.,-144.8236190979,34.055722109493));
#3254 = LINE('',#3255,#3256);
#3255 = CARTESIAN_POINT('',(560.,-144.8236190979,34.055722109493));
#3256 = VECTOR('',#3257,1.);
#3257 = DIRECTION('',(-1.,0.,0.));
#3258 = ORIENTED_EDGE('',*,*,#3259,.F.);
#3259 = EDGE_CURVE('',#3260,#3252,#3262,.T.);
#3260 = VERTEX_POINT('',#3261);
#3261 = CARTESIAN_POINT('',(390.,-150.,14.737205583712));
#3262 = LINE('',#3263,#3264);
#3263 = CARTESIAN_POINT('',(390.,-150.,14.737205583712));
#3264 = VECTOR('',#3265,1.);
#3265 = DIRECTION('',(-0.,0.258819045103,0.965925826289));
#3266 = ORIENTED_EDGE('',*,*,#3267,.F.);
#3267 = EDGE_CURVE('',#3229,#3260,#3268,.T.);
#3268 = LINE('',#3269,#3270);
#3269 = CARTESIAN_POINT('',(560.,-150.,14.737205583712));
#3270 = VECTOR('',#3271,1.);
#3271 = DIRECTION('',(-1.,0.,0.));
#3272 = PLANE('',#3273);
#3273 = AXIS2_PLACEMENT_3D('',#3274,#3275,#3276);
#3274 = CARTESIAN_POINT('',(560.,-150.,14.737205583712));
#3275 = DIRECTION('',(0.,-0.965925826289,0.258819045103));
#3276 = DIRECTION('',(-1.,0.,0.));
#3277 = ADVANCED_FACE('',(#3278),#3294,.T.);
#3278 = FACE_BOUND('',#3279,.T.);
#3279 = EDGE_LOOP('',(#3280,#3281,#3287,#3288));
#3280 = ORIENTED_EDGE('',*,*,#3259,.T.);
#3281 = ORIENTED_EDGE('',*,*,#3282,.T.);
#3282 = EDGE_CURVE('',#3252,#3182,#3283,.T.);
#3283 = LINE('',#3284,#3285);
#3284 = CARTESIAN_POINT('',(390.,-144.8236190979,34.055722109493));
#3285 = VECTOR('',#3286,1.);
#3286 = DIRECTION('',(0.,0.965925826289,-0.258819045103));
#3287 = ORIENTED_EDGE('',*,*,#3179,.F.);
#3288 = ORIENTED_EDGE('',*,*,#3289,.F.);
#3289 = EDGE_CURVE('',#3260,#3180,#3290,.T.);
#3290 = LINE('',#3291,#3292);
#3291 = CARTESIAN_POINT('',(390.,-150.,14.737205583712));
#3292 = VECTOR('',#3293,1.);
#3293 = DIRECTION('',(0.,0.965925826289,-0.258819045103));
#3294 = PLANE('',#3295);
#3295 = AXIS2_PLACEMENT_3D('',#3296,#3297,#3298);
#3296 = CARTESIAN_POINT('',(390.,-150.,14.737205583712));
#3297 = DIRECTION('',(-1.,0.,-0.));
#3298 = DIRECTION('',(0.,0.965925826289,-0.258819045103));
#3299 = ADVANCED_FACE('',(#3300),#3306,.T.);
#3300 = FACE_BOUND('',#3301,.T.);
#3301 = EDGE_LOOP('',(#3302,#3303,#3304,#3305));
#3302 = ORIENTED_EDGE('',*,*,#3205,.T.);
#3303 = ORIENTED_EDGE('',*,*,#3236,.T.);
#3304 = ORIENTED_EDGE('',*,*,#3267,.T.);
#3305 = ORIENTED_EDGE('',*,*,#3289,.T.);
#3306 = PLANE('',#3307);
#3307 = AXIS2_PLACEMENT_3D('',#3308,#3309,#3310);
#3308 = CARTESIAN_POINT('',(475.,-122.5,7.368602791856));
#3309 = DIRECTION('',(-0.,-0.258819045103,-0.965925826289));
#3310 = DIRECTION('',(0.,-0.965925826289,0.258819045103));
#3311 = ADVANCED_FACE('',(#3312),#3318,.F.);
#3312 = FACE_BOUND('',#3313,.F.);
#3313 = EDGE_LOOP('',(#3314,#3315,#3316,#3317));
#3314 = ORIENTED_EDGE('',*,*,#3189,.T.);
#3315 = ORIENTED_EDGE('',*,*,#3220,.T.);
#3316 = ORIENTED_EDGE('',*,*,#3251,.T.);
#3317 = ORIENTED_EDGE('',*,*,#3282,.T.);
#3318 = PLANE('',#3319);
#3319 = AXIS2_PLACEMENT_3D('',#3320,#3321,#3322);
#3320 = CARTESIAN_POINT('',(475.,-117.3236190979,26.687119317637));
#3321 = DIRECTION('',(-0.,-0.258819045103,-0.965925826289));
#3322 = DIRECTION('',(0.,-0.965925826289,0.258819045103));
#3323 = ( GEOMETRIC_REPRESENTATION_CONTEXT(3) 
GLOBAL_UNCERTAINTY_ASSIGNED_CONTEXT((#3327)) 
GLOBAL_UNIT_ASSIGNED_CONTEXT((#3324,#3325,#3326)) REPRESENTATION_CONTEXT
('Context #1','3D Context with UNIT and UNCERTAINTY') );
#3324 = ( LENGTH_UNIT() NAMED_UNIT(*) SI_UNIT(.MILLI.,.METRE.) );
#3325 = ( NAMED_UNIT(*) PLANE_ANGLE_UNIT() SI_UNIT($,.RADIAN.) );
#3326 = ( NAMED_UNIT(*) SI_UNIT($,.STERADIAN.) SOLID_ANGLE_UNIT() );
#3327 = UNCERTAINTY_MEASURE_WITH_UNIT(LENGTH_MEASURE(1.E-07),#3324,
  'distance_accuracy_value','confusion accuracy');
#3328 = CONTEXT_DEPENDENT_SHAPE_REPRESENTATION(#3329,#3331);
#3329 = ( REPRESENTATION_RELATIONSHIP('','',#3172,#10) 
REPRESENTATION_RELATIONSHIP_WITH_TRANSFORMATION(#3330) 
SHAPE_REPRESENTATION_RELATIONSHIP() );
#3330 = ITEM_DEFINED_TRANSFORMATION('','',#11,#79);
#3331 = PRODUCT_DEFINITION_SHAPE('Placement','Placement of an item',
  #3332);
#3332 = NEXT_ASSEMBLY_USAGE_OCCURRENCE('105',
  'TRI-MAIN-CHINE-PORT-04 | ChinePort | nominal plywood 20 mm','',#5,
  #3167,$);
#3333 = PRODUCT_RELATED_PRODUCT_CATEGORY('part',$,(#3169));
#3334 = SHAPE_DEFINITION_REPRESENTATION(#3335,#3341);
#3335 = PRODUCT_DEFINITION_SHAPE('','',#3336);
#3336 = PRODUCT_DEFINITION('design','',#3337,#3340);
#3337 = PRODUCT_DEFINITION_FORMATION('','',#3338);
#3338 = PRODUCT(
  'TRI-MAIN-CHINE-STARBOARD-04 | ChineStarboard | nominal plywood 20 mm'
  ,
  'TRI-MAIN-CHINE-STARBOARD-04 | ChineStarboard | nominal plywood 20 mm'
  ,'',(#3339));
#3339 = PRODUCT_CONTEXT('',#2,'mechanical');
#3340 = PRODUCT_DEFINITION_CONTEXT('part definition',#2,'design');
#3341 = ADVANCED_BREP_SHAPE_REPRESENTATION('',(#11,#3342),#3492);
#3342 = MANIFOLD_SOLID_BREP('',#3343);
#3343 = CLOSED_SHELL('',(#3344,#3384,#3415,#3446,#3468,#3480));
#3344 = ADVANCED_FACE('',(#3345),#3379,.T.);
#3345 = FACE_BOUND('',#3346,.T.);
#3346 = EDGE_LOOP('',(#3347,#3357,#3365,#3373));
#3347 = ORIENTED_EDGE('',*,*,#3348,.T.);
#3348 = EDGE_CURVE('',#3349,#3351,#3353,.T.);
#3349 = VERTEX_POINT('',#3350);
#3350 = CARTESIAN_POINT('',(390.,95.,0.));
#3351 = VERTEX_POINT('',#3352);
#3352 = CARTESIAN_POINT('',(390.,89.82361909795,19.318516525781));
#3353 = LINE('',#3354,#3355);
#3354 = CARTESIAN_POINT('',(390.,95.,0.));
#3355 = VECTOR('',#3356,1.);
#3356 = DIRECTION('',(-0.,-0.258819045103,0.965925826289));
#3357 = ORIENTED_EDGE('',*,*,#3358,.T.);
#3358 = EDGE_CURVE('',#3351,#3359,#3361,.T.);
#3359 = VERTEX_POINT('',#3360);
#3360 = CARTESIAN_POINT('',(390.,144.82361909795,34.055722109493));
#3361 = LINE('',#3362,#3363);
#3362 = CARTESIAN_POINT('',(390.,89.82361909795,19.318516525781));
#3363 = VECTOR('',#3364,1.);
#3364 = DIRECTION('',(0.,0.965925826289,0.258819045103));
#3365 = ORIENTED_EDGE('',*,*,#3366,.F.);
#3366 = EDGE_CURVE('',#3367,#3359,#3369,.T.);
#3367 = VERTEX_POINT('',#3368);
#3368 = CARTESIAN_POINT('',(390.,150.,14.737205583712));
#3369 = LINE('',#3370,#3371);
#3370 = CARTESIAN_POINT('',(390.,150.,14.737205583712));
#3371 = VECTOR('',#3372,1.);
#3372 = DIRECTION('',(-0.,-0.258819045103,0.965925826289));
#3373 = ORIENTED_EDGE('',*,*,#3374,.F.);
#3374 = EDGE_CURVE('',#3349,#3367,#3375,.T.);
#3375 = LINE('',#3376,#3377);
#3376 = CARTESIAN_POINT('',(390.,95.,0.));
#3377 = VECTOR('',#3378,1.);
#3378 = DIRECTION('',(0.,0.965925826289,0.258819045103));
#3379 = PLANE('',#3380);
#3380 = AXIS2_PLACEMENT_3D('',#3381,#3382,#3383);
#3381 = CARTESIAN_POINT('',(390.,95.,0.));
#3382 = DIRECTION('',(-1.,0.,0.));
#3383 = DIRECTION('',(0.,0.965925826289,0.258819045103));
#3384 = ADVANCED_FACE('',(#3385),#3410,.T.);
#3385 = FACE_BOUND('',#3386,.T.);
#3386 = EDGE_LOOP('',(#3387,#3388,#3396,#3404));
#3387 = ORIENTED_EDGE('',*,*,#3366,.T.);
#3388 = ORIENTED_EDGE('',*,*,#3389,.T.);
#3389 = EDGE_CURVE('',#3359,#3390,#3392,.T.);
#3390 = VERTEX_POINT('',#3391);
#3391 = CARTESIAN_POINT('',(560.,144.82361909795,34.055722109493));
#3392 = LINE('',#3393,#3394);
#3393 = CARTESIAN_POINT('',(390.,144.82361909795,34.055722109493));
#3394 = VECTOR('',#3395,1.);
#3395 = DIRECTION('',(1.,0.,0.));
#3396 = ORIENTED_EDGE('',*,*,#3397,.F.);
#3397 = EDGE_CURVE('',#3398,#3390,#3400,.T.);
#3398 = VERTEX_POINT('',#3399);
#3399 = CARTESIAN_POINT('',(560.,150.,14.737205583712));
#3400 = LINE('',#3401,#3402);
#3401 = CARTESIAN_POINT('',(560.,150.,14.737205583712));
#3402 = VECTOR('',#3403,1.);
#3403 = DIRECTION('',(-0.,-0.258819045103,0.965925826289));
#3404 = ORIENTED_EDGE('',*,*,#3405,.F.);
#3405 = EDGE_CURVE('',#3367,#3398,#3406,.T.);
#3406 = LINE('',#3407,#3408);
#3407 = CARTESIAN_POINT('',(390.,150.,14.737205583712));
#3408 = VECTOR('',#3409,1.);
#3409 = DIRECTION('',(1.,0.,0.));
#3410 = PLANE('',#3411);
#3411 = AXIS2_PLACEMENT_3D('',#3412,#3413,#3414);
#3412 = CARTESIAN_POINT('',(390.,150.,14.737205583712));
#3413 = DIRECTION('',(-0.,0.965925826289,0.258819045103));
#3414 = DIRECTION('',(1.,0.,0.));
#3415 = ADVANCED_FACE('',(#3416),#3441,.T.);
#3416 = FACE_BOUND('',#3417,.T.);
#3417 = EDGE_LOOP('',(#3418,#3419,#3427,#3435));
#3418 = ORIENTED_EDGE('',*,*,#3397,.T.);
#3419 = ORIENTED_EDGE('',*,*,#3420,.T.);
#3420 = EDGE_CURVE('',#3390,#3421,#3423,.T.);
#3421 = VERTEX_POINT('',#3422);
#3422 = CARTESIAN_POINT('',(560.,89.82361909795,19.318516525781));
#3423 = LINE('',#3424,#3425);
#3424 = CARTESIAN_POINT('',(560.,144.82361909795,34.055722109493));
#3425 = VECTOR('',#3426,1.);
#3426 = DIRECTION('',(0.,-0.965925826289,-0.258819045103));
#3427 = ORIENTED_EDGE('',*,*,#3428,.F.);
#3428 = EDGE_CURVE('',#3429,#3421,#3431,.T.);
#3429 = VERTEX_POINT('',#3430);
#3430 = CARTESIAN_POINT('',(560.,95.,0.));
#3431 = LINE('',#3432,#3433);
#3432 = CARTESIAN_POINT('',(560.,95.,0.));
#3433 = VECTOR('',#3434,1.);
#3434 = DIRECTION('',(-0.,-0.258819045103,0.965925826289));
#3435 = ORIENTED_EDGE('',*,*,#3436,.F.);
#3436 = EDGE_CURVE('',#3398,#3429,#3437,.T.);
#3437 = LINE('',#3438,#3439);
#3438 = CARTESIAN_POINT('',(560.,150.,14.737205583712));
#3439 = VECTOR('',#3440,1.);
#3440 = DIRECTION('',(0.,-0.965925826289,-0.258819045103));
#3441 = PLANE('',#3442);
#3442 = AXIS2_PLACEMENT_3D('',#3443,#3444,#3445);
#3443 = CARTESIAN_POINT('',(560.,150.,14.737205583712));
#3444 = DIRECTION('',(1.,0.,0.));
#3445 = DIRECTION('',(0.,-0.965925826289,-0.258819045103));
#3446 = ADVANCED_FACE('',(#3447),#3463,.T.);
#3447 = FACE_BOUND('',#3448,.T.);
#3448 = EDGE_LOOP('',(#3449,#3450,#3456,#3457));
#3449 = ORIENTED_EDGE('',*,*,#3428,.T.);
#3450 = ORIENTED_EDGE('',*,*,#3451,.T.);
#3451 = EDGE_CURVE('',#3421,#3351,#3452,.T.);
#3452 = LINE('',#3453,#3454);
#3453 = CARTESIAN_POINT('',(560.,89.82361909795,19.318516525781));
#3454 = VECTOR('',#3455,1.);
#3455 = DIRECTION('',(-1.,0.,0.));
#3456 = ORIENTED_EDGE('',*,*,#3348,.F.);
#3457 = ORIENTED_EDGE('',*,*,#3458,.F.);
#3458 = EDGE_CURVE('',#3429,#3349,#3459,.T.);
#3459 = LINE('',#3460,#3461);
#3460 = CARTESIAN_POINT('',(560.,95.,0.));
#3461 = VECTOR('',#3462,1.);
#3462 = DIRECTION('',(-1.,0.,0.));
#3463 = PLANE('',#3464);
#3464 = AXIS2_PLACEMENT_3D('',#3465,#3466,#3467);
#3465 = CARTESIAN_POINT('',(560.,95.,0.));
#3466 = DIRECTION('',(-0.,-0.965925826289,-0.258819045103));
#3467 = DIRECTION('',(-1.,0.,0.));
#3468 = ADVANCED_FACE('',(#3469),#3475,.T.);
#3469 = FACE_BOUND('',#3470,.T.);
#3470 = EDGE_LOOP('',(#3471,#3472,#3473,#3474));
#3471 = ORIENTED_EDGE('',*,*,#3374,.T.);
#3472 = ORIENTED_EDGE('',*,*,#3405,.T.);
#3473 = ORIENTED_EDGE('',*,*,#3436,.T.);
#3474 = ORIENTED_EDGE('',*,*,#3458,.T.);
#3475 = PLANE('',#3476);
#3476 = AXIS2_PLACEMENT_3D('',#3477,#3478,#3479);
#3477 = CARTESIAN_POINT('',(475.,122.5,7.368602791856));
#3478 = DIRECTION('',(-0.,0.258819045103,-0.965925826289));
#3479 = DIRECTION('',(0.,-0.965925826289,-0.258819045103));
#3480 = ADVANCED_FACE('',(#3481),#3487,.F.);
#3481 = FACE_BOUND('',#3482,.F.);
#3482 = EDGE_LOOP('',(#3483,#3484,#3485,#3486));
#3483 = ORIENTED_EDGE('',*,*,#3358,.T.);
#3484 = ORIENTED_EDGE('',*,*,#3389,.T.);
#3485 = ORIENTED_EDGE('',*,*,#3420,.T.);
#3486 = ORIENTED_EDGE('',*,*,#3451,.T.);
#3487 = PLANE('',#3488);
#3488 = AXIS2_PLACEMENT_3D('',#3489,#3490,#3491);
#3489 = CARTESIAN_POINT('',(475.,117.32361909795,26.687119317637));
#3490 = DIRECTION('',(-0.,0.258819045103,-0.965925826289));
#3491 = DIRECTION('',(0.,-0.965925826289,-0.258819045103));
#3492 = ( GEOMETRIC_REPRESENTATION_CONTEXT(3) 
GLOBAL_UNCERTAINTY_ASSIGNED_CONTEXT((#3496)) 
GLOBAL_UNIT_ASSIGNED_CONTEXT((#3493,#3494,#3495)) REPRESENTATION_CONTEXT
('Context #1','3D Context with UNIT and UNCERTAINTY') );
#3493 = ( LENGTH_UNIT() NAMED_UNIT(*) SI_UNIT(.MILLI.,.METRE.) );
#3494 = ( NAMED_UNIT(*) PLANE_ANGLE_UNIT() SI_UNIT($,.RADIAN.) );
#3495 = ( NAMED_UNIT(*) SI_UNIT($,.STERADIAN.) SOLID_ANGLE_UNIT() );
#3496 = UNCERTAINTY_MEASURE_WITH_UNIT(LENGTH_MEASURE(1.E-07),#3493,
  'distance_accuracy_value','confusion accuracy');
#3497 = CONTEXT_DEPENDENT_SHAPE_REPRESENTATION(#3498,#3500);
#3498 = ( REPRESENTATION_RELATIONSHIP('','',#3341,#10) 
REPRESENTATION_RELATIONSHIP_WITH_TRANSFORMATION(#3499) 
SHAPE_REPRESENTATION_RELATIONSHIP() );
#3499 = ITEM_DEFINED_TRANSFORMATION('','',#11,#83);
#3500 = PRODUCT_DEFINITION_SHAPE('Placement','Placement of an item',
  #3501);
#3501 = NEXT_ASSEMBLY_USAGE_OCCURRENCE('106',
  'TRI-MAIN-CHINE-STARBOARD-04 | ChineStarboard | nominal plywood 20 mm'
  ,'',#5,#3336,$);
#3502 = PRODUCT_RELATED_PRODUCT_CATEGORY('part',$,(#3338));
#3503 = SHAPE_DEFINITION_REPRESENTATION(#3504,#3510);
#3504 = PRODUCT_DEFINITION_SHAPE('','',#3505);
#3505 = PRODUCT_DEFINITION('design','',#3506,#3509);
#3506 = PRODUCT_DEFINITION_FORMATION('','',#3507);
#3507 = PRODUCT(
  'TRI-MAIN-SIDE-PORT-04 | SidePort | nominal plywood 20 mm',
  'TRI-MAIN-SIDE-PORT-04 | SidePort | nominal plywood 20 mm','',(#3508)
  );
#3508 = PRODUCT_CONTEXT('',#2,'mechanical');
#3509 = PRODUCT_DEFINITION_CONTEXT('part definition',#2,'design');
#3510 = ADVANCED_BREP_SHAPE_REPRESENTATION('',(#11,#3511),#3661);
#3511 = MANIFOLD_SOLID_BREP('',#3512);
#3512 = CLOSED_SHELL('',(#3513,#3553,#3584,#3615,#3637,#3649));
#3513 = ADVANCED_FACE('',(#3514),#3548,.T.);
#3514 = FACE_BOUND('',#3515,.T.);
#3515 = EDGE_LOOP('',(#3516,#3526,#3534,#3542));
#3516 = ORIENTED_EDGE('',*,*,#3517,.T.);
#3517 = EDGE_CURVE('',#3518,#3520,#3522,.T.);
#3518 = VERTEX_POINT('',#3519);
#3519 = CARTESIAN_POINT('',(390.,-150.,14.737205583712));
#3520 = VERTEX_POINT('',#3521);
#3521 = CARTESIAN_POINT('',(390.,-130.,14.737205583712));
#3522 = LINE('',#3523,#3524);
#3523 = CARTESIAN_POINT('',(390.,-150.,14.737205583712));
#3524 = VECTOR('',#3525,1.);
#3525 = DIRECTION('',(-0.,1.,-0.));
#3526 = ORIENTED_EDGE('',*,*,#3527,.T.);
#3527 = EDGE_CURVE('',#3520,#3528,#3530,.T.);
#3528 = VERTEX_POINT('',#3529);
#3529 = CARTESIAN_POINT('',(560.,-130.,14.737205583712));
#3530 = LINE('',#3531,#3532);
#3531 = CARTESIAN_POINT('',(390.,-130.,14.737205583712));
#3532 = VECTOR('',#3533,1.);
#3533 = DIRECTION('',(1.,0.,0.));
#3534 = ORIENTED_EDGE('',*,*,#3535,.F.);
#3535 = EDGE_CURVE('',#3536,#3528,#3538,.T.);
#3536 = VERTEX_POINT('',#3537);
#3537 = CARTESIAN_POINT('',(560.,-150.,14.737205583712));
#3538 = LINE('',#3539,#3540);
#3539 = CARTESIAN_POINT('',(560.,-150.,14.737205583712));
#3540 = VECTOR('',#3541,1.);
#3541 = DIRECTION('',(-0.,1.,-0.));
#3542 = ORIENTED_EDGE('',*,*,#3543,.F.);
#3543 = EDGE_CURVE('',#3518,#3536,#3544,.T.);
#3544 = LINE('',#3545,#3546);
#3545 = CARTESIAN_POINT('',(390.,-150.,14.737205583712));
#3546 = VECTOR('',#3547,1.);
#3547 = DIRECTION('',(1.,0.,0.));
#3548 = PLANE('',#3549);
#3549 = AXIS2_PLACEMENT_3D('',#3550,#3551,#3552);
#3550 = CARTESIAN_POINT('',(390.,-150.,14.737205583712));
#3551 = DIRECTION('',(0.,0.,-1.));
#3552 = DIRECTION('',(1.,0.,0.));
#3553 = ADVANCED_FACE('',(#3554),#3579,.T.);
#3554 = FACE_BOUND('',#3555,.T.);
#3555 = EDGE_LOOP('',(#3556,#3557,#3565,#3573));
#3556 = ORIENTED_EDGE('',*,*,#3535,.T.);
#3557 = ORIENTED_EDGE('',*,*,#3558,.T.);
#3558 = EDGE_CURVE('',#3528,#3559,#3561,.T.);
#3559 = VERTEX_POINT('',#3560);
#3560 = CARTESIAN_POINT('',(560.,-130.,140.));
#3561 = LINE('',#3562,#3563);
#3562 = CARTESIAN_POINT('',(560.,-130.,14.737205583712));
#3563 = VECTOR('',#3564,1.);
#3564 = DIRECTION('',(0.,0.,1.));
#3565 = ORIENTED_EDGE('',*,*,#3566,.F.);
#3566 = EDGE_CURVE('',#3567,#3559,#3569,.T.);
#3567 = VERTEX_POINT('',#3568);
#3568 = CARTESIAN_POINT('',(560.,-150.,140.));
#3569 = LINE('',#3570,#3571);
#3570 = CARTESIAN_POINT('',(560.,-150.,140.));
#3571 = VECTOR('',#3572,1.);
#3572 = DIRECTION('',(-0.,1.,-0.));
#3573 = ORIENTED_EDGE('',*,*,#3574,.F.);
#3574 = EDGE_CURVE('',#3536,#3567,#3575,.T.);
#3575 = LINE('',#3576,#3577);
#3576 = CARTESIAN_POINT('',(560.,-150.,14.737205583712));
#3577 = VECTOR('',#3578,1.);
#3578 = DIRECTION('',(0.,0.,1.));
#3579 = PLANE('',#3580);
#3580 = AXIS2_PLACEMENT_3D('',#3581,#3582,#3583);
#3581 = CARTESIAN_POINT('',(560.,-150.,14.737205583712));
#3582 = DIRECTION('',(1.,0.,-0.));
#3583 = DIRECTION('',(0.,0.,1.));
#3584 = ADVANCED_FACE('',(#3585),#3610,.T.);
#3585 = FACE_BOUND('',#3586,.T.);
#3586 = EDGE_LOOP('',(#3587,#3588,#3596,#3604));
#3587 = ORIENTED_EDGE('',*,*,#3566,.T.);
#3588 = ORIENTED_EDGE('',*,*,#3589,.T.);
#3589 = EDGE_CURVE('',#3559,#3590,#3592,.T.);
#3590 = VERTEX_POINT('',#3591);
#3591 = CARTESIAN_POINT('',(390.,-130.,140.));
#3592 = LINE('',#3593,#3594);
#3593 = CARTESIAN_POINT('',(560.,-130.,140.));
#3594 = VECTOR('',#3595,1.);
#3595 = DIRECTION('',(-1.,0.,0.));
#3596 = ORIENTED_EDGE('',*,*,#3597,.F.);
#3597 = EDGE_CURVE('',#3598,#3590,#3600,.T.);
#3598 = VERTEX_POINT('',#3599);
#3599 = CARTESIAN_POINT('',(390.,-150.,140.));
#3600 = LINE('',#3601,#3602);
#3601 = CARTESIAN_POINT('',(390.,-150.,140.));
#3602 = VECTOR('',#3603,1.);
#3603 = DIRECTION('',(-0.,1.,-0.));
#3604 = ORIENTED_EDGE('',*,*,#3605,.F.);
#3605 = EDGE_CURVE('',#3567,#3598,#3606,.T.);
#3606 = LINE('',#3607,#3608);
#3607 = CARTESIAN_POINT('',(560.,-150.,140.));
#3608 = VECTOR('',#3609,1.);
#3609 = DIRECTION('',(-1.,0.,0.));
#3610 = PLANE('',#3611);
#3611 = AXIS2_PLACEMENT_3D('',#3612,#3613,#3614);
#3612 = CARTESIAN_POINT('',(560.,-150.,140.));
#3613 = DIRECTION('',(0.,0.,1.));
#3614 = DIRECTION('',(-1.,0.,0.));
#3615 = ADVANCED_FACE('',(#3616),#3632,.T.);
#3616 = FACE_BOUND('',#3617,.T.);
#3617 = EDGE_LOOP('',(#3618,#3619,#3625,#3626));
#3618 = ORIENTED_EDGE('',*,*,#3597,.T.);
#3619 = ORIENTED_EDGE('',*,*,#3620,.T.);
#3620 = EDGE_CURVE('',#3590,#3520,#3621,.T.);
#3621 = LINE('',#3622,#3623);
#3622 = CARTESIAN_POINT('',(390.,-130.,140.));
#3623 = VECTOR('',#3624,1.);
#3624 = DIRECTION('',(0.,0.,-1.));
#3625 = ORIENTED_EDGE('',*,*,#3517,.F.);
#3626 = ORIENTED_EDGE('',*,*,#3627,.F.);
#3627 = EDGE_CURVE('',#3598,#3518,#3628,.T.);
#3628 = LINE('',#3629,#3630);
#3629 = CARTESIAN_POINT('',(390.,-150.,140.));
#3630 = VECTOR('',#3631,1.);
#3631 = DIRECTION('',(0.,0.,-1.));
#3632 = PLANE('',#3633);
#3633 = AXIS2_PLACEMENT_3D('',#3634,#3635,#3636);
#3634 = CARTESIAN_POINT('',(390.,-150.,140.));
#3635 = DIRECTION('',(-1.,-0.,-0.));
#3636 = DIRECTION('',(0.,0.,-1.));
#3637 = ADVANCED_FACE('',(#3638),#3644,.T.);
#3638 = FACE_BOUND('',#3639,.T.);
#3639 = EDGE_LOOP('',(#3640,#3641,#3642,#3643));
#3640 = ORIENTED_EDGE('',*,*,#3543,.T.);
#3641 = ORIENTED_EDGE('',*,*,#3574,.T.);
#3642 = ORIENTED_EDGE('',*,*,#3605,.T.);
#3643 = ORIENTED_EDGE('',*,*,#3627,.T.);
#3644 = PLANE('',#3645);
#3645 = AXIS2_PLACEMENT_3D('',#3646,#3647,#3648);
#3646 = CARTESIAN_POINT('',(475.,-150.,77.368602791856));
#3647 = DIRECTION('',(-0.,-1.,-0.));
#3648 = DIRECTION('',(0.,0.,-1.));
#3649 = ADVANCED_FACE('',(#3650),#3656,.F.);
#3650 = FACE_BOUND('',#3651,.F.);
#3651 = EDGE_LOOP('',(#3652,#3653,#3654,#3655));
#3652 = ORIENTED_EDGE('',*,*,#3527,.T.);
#3653 = ORIENTED_EDGE('',*,*,#3558,.T.);
#3654 = ORIENTED_EDGE('',*,*,#3589,.T.);
#3655 = ORIENTED_EDGE('',*,*,#3620,.T.);
#3656 = PLANE('',#3657);
#3657 = AXIS2_PLACEMENT_3D('',#3658,#3659,#3660);
#3658 = CARTESIAN_POINT('',(475.,-130.,77.368602791856));
#3659 = DIRECTION('',(-0.,-1.,-0.));
#3660 = DIRECTION('',(0.,0.,-1.));
#3661 = ( GEOMETRIC_REPRESENTATION_CONTEXT(3) 
GLOBAL_UNCERTAINTY_ASSIGNED_CONTEXT((#3665)) 
GLOBAL_UNIT_ASSIGNED_CONTEXT((#3662,#3663,#3664)) REPRESENTATION_CONTEXT
('Context #1','3D Context with UNIT and UNCERTAINTY') );
#3662 = ( LENGTH_UNIT() NAMED_UNIT(*) SI_UNIT(.MILLI.,.METRE.) );
#3663 = ( NAMED_UNIT(*) PLANE_ANGLE_UNIT() SI_UNIT($,.RADIAN.) );
#3664 = ( NAMED_UNIT(*) SI_UNIT($,.STERADIAN.) SOLID_ANGLE_UNIT() );
#3665 = UNCERTAINTY_MEASURE_WITH_UNIT(LENGTH_MEASURE(1.E-07),#3662,
  'distance_accuracy_value','confusion accuracy');
#3666 = CONTEXT_DEPENDENT_SHAPE_REPRESENTATION(#3667,#3669);
#3667 = ( REPRESENTATION_RELATIONSHIP('','',#3510,#10) 
REPRESENTATION_RELATIONSHIP_WITH_TRANSFORMATION(#3668) 
SHAPE_REPRESENTATION_RELATIONSHIP() );
#3668 = ITEM_DEFINED_TRANSFORMATION('','',#11,#87);
#3669 = PRODUCT_DEFINITION_SHAPE('Placement','Placement of an item',
  #3670);
#3670 = NEXT_ASSEMBLY_USAGE_OCCURRENCE('107',
  'TRI-MAIN-SIDE-PORT-04 | SidePort | nominal plywood 20 mm','',#5,#3505
  ,$);
#3671 = PRODUCT_RELATED_PRODUCT_CATEGORY('part',$,(#3507));
#3672 = SHAPE_DEFINITION_REPRESENTATION(#3673,#3679);
#3673 = PRODUCT_DEFINITION_SHAPE('','',#3674);
#3674 = PRODUCT_DEFINITION('design','',#3675,#3678);
#3675 = PRODUCT_DEFINITION_FORMATION('','',#3676);
#3676 = PRODUCT(
  'TRI-MAIN-SIDE-STARBOARD-04 | SideStarboard | nominal plywood 20 mm',
  'TRI-MAIN-SIDE-STARBOARD-04 | SideStarboard | nominal plywood 20 mm',
  '',(#3677));
#3677 = PRODUCT_CONTEXT('',#2,'mechanical');
#3678 = PRODUCT_DEFINITION_CONTEXT('part definition',#2,'design');
#3679 = ADVANCED_BREP_SHAPE_REPRESENTATION('',(#11,#3680),#3830);
#3680 = MANIFOLD_SOLID_BREP('',#3681);
#3681 = CLOSED_SHELL('',(#3682,#3722,#3753,#3784,#3806,#3818));
#3682 = ADVANCED_FACE('',(#3683),#3717,.T.);
#3683 = FACE_BOUND('',#3684,.T.);
#3684 = EDGE_LOOP('',(#3685,#3695,#3703,#3711));
#3685 = ORIENTED_EDGE('',*,*,#3686,.T.);
#3686 = EDGE_CURVE('',#3687,#3689,#3691,.T.);
#3687 = VERTEX_POINT('',#3688);
#3688 = CARTESIAN_POINT('',(390.,150.,14.737205583712));
#3689 = VERTEX_POINT('',#3690);
#3690 = CARTESIAN_POINT('',(390.,130.,14.737205583712));
#3691 = LINE('',#3692,#3693);
#3692 = CARTESIAN_POINT('',(390.,150.,14.737205583712));
#3693 = VECTOR('',#3694,1.);
#3694 = DIRECTION('',(-0.,-1.,-0.));
#3695 = ORIENTED_EDGE('',*,*,#3696,.T.);
#3696 = EDGE_CURVE('',#3689,#3697,#3699,.T.);
#3697 = VERTEX_POINT('',#3698);
#3698 = CARTESIAN_POINT('',(390.,130.,140.));
#3699 = LINE('',#3700,#3701);
#3700 = CARTESIAN_POINT('',(390.,130.,14.737205583712));
#3701 = VECTOR('',#3702,1.);
#3702 = DIRECTION('',(0.,0.,1.));
#3703 = ORIENTED_EDGE('',*,*,#3704,.F.);
#3704 = EDGE_CURVE('',#3705,#3697,#3707,.T.);
#3705 = VERTEX_POINT('',#3706);
#3706 = CARTESIAN_POINT('',(390.,150.,140.));
#3707 = LINE('',#3708,#3709);
#3708 = CARTESIAN_POINT('',(390.,150.,140.));
#3709 = VECTOR('',#3710,1.);
#3710 = DIRECTION('',(-0.,-1.,-0.));
#3711 = ORIENTED_EDGE('',*,*,#3712,.F.);
#3712 = EDGE_CURVE('',#3687,#3705,#3713,.T.);
#3713 = LINE('',#3714,#3715);
#3714 = CARTESIAN_POINT('',(390.,150.,14.737205583712));
#3715 = VECTOR('',#3716,1.);
#3716 = DIRECTION('',(0.,0.,1.));
#3717 = PLANE('',#3718);
#3718 = AXIS2_PLACEMENT_3D('',#3719,#3720,#3721);
#3719 = CARTESIAN_POINT('',(390.,150.,14.737205583712));
#3720 = DIRECTION('',(-1.,0.,0.));
#3721 = DIRECTION('',(0.,0.,1.));
#3722 = ADVANCED_FACE('',(#3723),#3748,.T.);
#3723 = FACE_BOUND('',#3724,.T.);
#3724 = EDGE_LOOP('',(#3725,#3726,#3734,#3742));
#3725 = ORIENTED_EDGE('',*,*,#3704,.T.);
#3726 = ORIENTED_EDGE('',*,*,#3727,.T.);
#3727 = EDGE_CURVE('',#3697,#3728,#3730,.T.);
#3728 = VERTEX_POINT('',#3729);
#3729 = CARTESIAN_POINT('',(560.,130.,140.));
#3730 = LINE('',#3731,#3732);
#3731 = CARTESIAN_POINT('',(390.,130.,140.));
#3732 = VECTOR('',#3733,1.);
#3733 = DIRECTION('',(1.,0.,0.));
#3734 = ORIENTED_EDGE('',*,*,#3735,.F.);
#3735 = EDGE_CURVE('',#3736,#3728,#3738,.T.);
#3736 = VERTEX_POINT('',#3737);
#3737 = CARTESIAN_POINT('',(560.,150.,140.));
#3738 = LINE('',#3739,#3740);
#3739 = CARTESIAN_POINT('',(560.,150.,140.));
#3740 = VECTOR('',#3741,1.);
#3741 = DIRECTION('',(-0.,-1.,-0.));
#3742 = ORIENTED_EDGE('',*,*,#3743,.F.);
#3743 = EDGE_CURVE('',#3705,#3736,#3744,.T.);
#3744 = LINE('',#3745,#3746);
#3745 = CARTESIAN_POINT('',(390.,150.,140.));
#3746 = VECTOR('',#3747,1.);
#3747 = DIRECTION('',(1.,0.,0.));
#3748 = PLANE('',#3749);
#3749 = AXIS2_PLACEMENT_3D('',#3750,#3751,#3752);
#3750 = CARTESIAN_POINT('',(390.,150.,140.));
#3751 = DIRECTION('',(0.,0.,1.));
#3752 = DIRECTION('',(1.,0.,-0.));
#3753 = ADVANCED_FACE('',(#3754),#3779,.T.);
#3754 = FACE_BOUND('',#3755,.T.);
#3755 = EDGE_LOOP('',(#3756,#3757,#3765,#3773));
#3756 = ORIENTED_EDGE('',*,*,#3735,.T.);
#3757 = ORIENTED_EDGE('',*,*,#3758,.T.);
#3758 = EDGE_CURVE('',#3728,#3759,#3761,.T.);
#3759 = VERTEX_POINT('',#3760);
#3760 = CARTESIAN_POINT('',(560.,130.,14.737205583712));
#3761 = LINE('',#3762,#3763);
#3762 = CARTESIAN_POINT('',(560.,130.,140.));
#3763 = VECTOR('',#3764,1.);
#3764 = DIRECTION('',(0.,0.,-1.));
#3765 = ORIENTED_EDGE('',*,*,#3766,.F.);
#3766 = EDGE_CURVE('',#3767,#3759,#3769,.T.);
#3767 = VERTEX_POINT('',#3768);
#3768 = CARTESIAN_POINT('',(560.,150.,14.737205583712));
#3769 = LINE('',#3770,#3771);
#3770 = CARTESIAN_POINT('',(560.,150.,14.737205583712));
#3771 = VECTOR('',#3772,1.);
#3772 = DIRECTION('',(-0.,-1.,-0.));
#3773 = ORIENTED_EDGE('',*,*,#3774,.F.);
#3774 = EDGE_CURVE('',#3736,#3767,#3775,.T.);
#3775 = LINE('',#3776,#3777);
#3776 = CARTESIAN_POINT('',(560.,150.,140.));
#3777 = VECTOR('',#3778,1.);
#3778 = DIRECTION('',(0.,0.,-1.));
#3779 = PLANE('',#3780);
#3780 = AXIS2_PLACEMENT_3D('',#3781,#3782,#3783);
#3781 = CARTESIAN_POINT('',(560.,150.,140.));
#3782 = DIRECTION('',(1.,-0.,0.));
#3783 = DIRECTION('',(0.,0.,-1.));
#3784 = ADVANCED_FACE('',(#3785),#3801,.T.);
#3785 = FACE_BOUND('',#3786,.T.);
#3786 = EDGE_LOOP('',(#3787,#3788,#3794,#3795));
#3787 = ORIENTED_EDGE('',*,*,#3766,.T.);
#3788 = ORIENTED_EDGE('',*,*,#3789,.T.);
#3789 = EDGE_CURVE('',#3759,#3689,#3790,.T.);
#3790 = LINE('',#3791,#3792);
#3791 = CARTESIAN_POINT('',(560.,130.,14.737205583712));
#3792 = VECTOR('',#3793,1.);
#3793 = DIRECTION('',(-1.,0.,0.));
#3794 = ORIENTED_EDGE('',*,*,#3686,.F.);
#3795 = ORIENTED_EDGE('',*,*,#3796,.F.);
#3796 = EDGE_CURVE('',#3767,#3687,#3797,.T.);
#3797 = LINE('',#3798,#3799);
#3798 = CARTESIAN_POINT('',(560.,150.,14.737205583712));
#3799 = VECTOR('',#3800,1.);
#3800 = DIRECTION('',(-1.,0.,0.));
#3801 = PLANE('',#3802);
#3802 = AXIS2_PLACEMENT_3D('',#3803,#3804,#3805);
#3803 = CARTESIAN_POINT('',(560.,150.,14.737205583712));
#3804 = DIRECTION('',(0.,0.,-1.));
#3805 = DIRECTION('',(-1.,0.,0.));
#3806 = ADVANCED_FACE('',(#3807),#3813,.T.);
#3807 = FACE_BOUND('',#3808,.T.);
#3808 = EDGE_LOOP('',(#3809,#3810,#3811,#3812));
#3809 = ORIENTED_EDGE('',*,*,#3712,.T.);
#3810 = ORIENTED_EDGE('',*,*,#3743,.T.);
#3811 = ORIENTED_EDGE('',*,*,#3774,.T.);
#3812 = ORIENTED_EDGE('',*,*,#3796,.T.);
#3813 = PLANE('',#3814);
#3814 = AXIS2_PLACEMENT_3D('',#3815,#3816,#3817);
#3815 = CARTESIAN_POINT('',(475.,150.,77.368602791856));
#3816 = DIRECTION('',(0.,1.,0.));
#3817 = DIRECTION('',(0.,-0.,1.));
#3818 = ADVANCED_FACE('',(#3819),#3825,.F.);
#3819 = FACE_BOUND('',#3820,.F.);
#3820 = EDGE_LOOP('',(#3821,#3822,#3823,#3824));
#3821 = ORIENTED_EDGE('',*,*,#3696,.T.);
#3822 = ORIENTED_EDGE('',*,*,#3727,.T.);
#3823 = ORIENTED_EDGE('',*,*,#3758,.T.);
#3824 = ORIENTED_EDGE('',*,*,#3789,.T.);
#3825 = PLANE('',#3826);
#3826 = AXIS2_PLACEMENT_3D('',#3827,#3828,#3829);
#3827 = CARTESIAN_POINT('',(475.,130.,77.368602791856));
#3828 = DIRECTION('',(0.,1.,0.));
#3829 = DIRECTION('',(0.,-0.,1.));
#3830 = ( GEOMETRIC_REPRESENTATION_CONTEXT(3) 
GLOBAL_UNCERTAINTY_ASSIGNED_CONTEXT((#3834)) 
GLOBAL_UNIT_ASSIGNED_CONTEXT((#3831,#3832,#3833)) REPRESENTATION_CONTEXT
('Context #1','3D Context with UNIT and UNCERTAINTY') );
#3831 = ( LENGTH_UNIT() NAMED_UNIT(*) SI_UNIT(.MILLI.,.METRE.) );
#3832 = ( NAMED_UNIT(*) PLANE_ANGLE_UNIT() SI_UNIT($,.RADIAN.) );
#3833 = ( NAMED_UNIT(*) SI_UNIT($,.STERADIAN.) SOLID_ANGLE_UNIT() );
#3834 = UNCERTAINTY_MEASURE_WITH_UNIT(LENGTH_MEASURE(1.E-07),#3831,
  'distance_accuracy_value','confusion accuracy');
#3835 = CONTEXT_DEPENDENT_SHAPE_REPRESENTATION(#3836,#3838);
#3836 = ( REPRESENTATION_RELATIONSHIP('','',#3679,#10) 
REPRESENTATION_RELATIONSHIP_WITH_TRANSFORMATION(#3837) 
SHAPE_REPRESENTATION_RELATIONSHIP() );
#3837 = ITEM_DEFINED_TRANSFORMATION('','',#11,#91);
#3838 = PRODUCT_DEFINITION_SHAPE('Placement','Placement of an item',
  #3839);
#3839 = NEXT_ASSEMBLY_USAGE_OCCURRENCE('108',
  'TRI-MAIN-SIDE-STARBOARD-04 | SideStarboard | nominal plywood 20 mm',
  '',#5,#3674,$);
#3840 = PRODUCT_RELATED_PRODUCT_CATEGORY('part',$,(#3676));
#3841 = SHAPE_DEFINITION_REPRESENTATION(#3842,#3848);
#3842 = PRODUCT_DEFINITION_SHAPE('','',#3843);
#3843 = PRODUCT_DEFINITION('design','',#3844,#3847);
#3844 = PRODUCT_DEFINITION_FORMATION('','',#3845);
#3845 = PRODUCT(
  'TRI-MAIN-BOTTOM-05 | BottomFlat | nominal plywood 20 mm',
  'TRI-MAIN-BOTTOM-05 | BottomFlat | nominal plywood 20 mm','',(#3846));
#3846 = PRODUCT_CONTEXT('',#2,'mechanical');
#3847 = PRODUCT_DEFINITION_CONTEXT('part definition',#2,'design');
#3848 = ADVANCED_BREP_SHAPE_REPRESENTATION('',(#11,#3849),#3999);
#3849 = MANIFOLD_SOLID_BREP('',#3850);
#3850 = CLOSED_SHELL('',(#3851,#3891,#3922,#3953,#3975,#3987));
#3851 = ADVANCED_FACE('',(#3852),#3886,.F.);
#3852 = FACE_BOUND('',#3853,.F.);
#3853 = EDGE_LOOP('',(#3854,#3864,#3872,#3880));
#3854 = ORIENTED_EDGE('',*,*,#3855,.T.);
#3855 = EDGE_CURVE('',#3856,#3858,#3860,.T.);
#3856 = VERTEX_POINT('',#3857);
#3857 = CARTESIAN_POINT('',(560.,-95.,0.));
#3858 = VERTEX_POINT('',#3859);
#3859 = CARTESIAN_POINT('',(560.,-95.,20.));
#3860 = LINE('',#3861,#3862);
#3861 = CARTESIAN_POINT('',(560.,-95.,0.));
#3862 = VECTOR('',#3863,1.);
#3863 = DIRECTION('',(0.,0.,1.));
#3864 = ORIENTED_EDGE('',*,*,#3865,.T.);
#3865 = EDGE_CURVE('',#3858,#3866,#3868,.T.);
#3866 = VERTEX_POINT('',#3867);
#3867 = CARTESIAN_POINT('',(730.,-39.44444444444,20.));
#3868 = LINE('',#3869,#3870);
#3869 = CARTESIAN_POINT('',(560.,-95.,20.));
#3870 = VECTOR('',#3871,1.);
#3871 = DIRECTION('',(0.950530606221,0.310630917066,0.));
#3872 = ORIENTED_EDGE('',*,*,#3873,.F.);
#3873 = EDGE_CURVE('',#3874,#3866,#3876,.T.);
#3874 = VERTEX_POINT('',#3875);
#3875 = CARTESIAN_POINT('',(730.,-39.44444444444,0.));
#3876 = LINE('',#3877,#3878);
#3877 = CARTESIAN_POINT('',(730.,-39.44444444444,0.));
#3878 = VECTOR('',#3879,1.);
#3879 = DIRECTION('',(0.,0.,1.));
#3880 = ORIENTED_EDGE('',*,*,#3881,.F.);
#3881 = EDGE_CURVE('',#3856,#3874,#3882,.T.);
#3882 = LINE('',#3883,#3884);
#3883 = CARTESIAN_POINT('',(560.,-95.,0.));
#3884 = VECTOR('',#3885,1.);
#3885 = DIRECTION('',(0.950530606221,0.310630917066,0.));
#3886 = PLANE('',#3887);
#3887 = AXIS2_PLACEMENT_3D('',#3888,#3889,#3890);
#3888 = CARTESIAN_POINT('',(560.,-95.,0.));
#3889 = DIRECTION('',(-0.310630917066,0.950530606221,0.));
#3890 = DIRECTION('',(0.950530606221,0.310630917066,0.));
#3891 = ADVANCED_FACE('',(#3892),#3917,.F.);
#3892 = FACE_BOUND('',#3893,.F.);
#3893 = EDGE_LOOP('',(#3894,#3895,#3903,#3911));
#3894 = ORIENTED_EDGE('',*,*,#3873,.T.);
#3895 = ORIENTED_EDGE('',*,*,#3896,.T.);
#3896 = EDGE_CURVE('',#3866,#3897,#3899,.T.);
#3897 = VERTEX_POINT('',#3898);
#3898 = CARTESIAN_POINT('',(730.,39.444444444444,20.));
#3899 = LINE('',#3900,#3901);
#3900 = CARTESIAN_POINT('',(730.,-39.44444444444,20.));
#3901 = VECTOR('',#3902,1.);
#3902 = DIRECTION('',(0.,1.,0.));
#3903 = ORIENTED_EDGE('',*,*,#3904,.F.);
#3904 = EDGE_CURVE('',#3905,#3897,#3907,.T.);
#3905 = VERTEX_POINT('',#3906);
#3906 = CARTESIAN_POINT('',(730.,39.444444444444,0.));
#3907 = LINE('',#3908,#3909);
#3908 = CARTESIAN_POINT('',(730.,39.444444444444,0.));
#3909 = VECTOR('',#3910,1.);
#3910 = DIRECTION('',(0.,0.,1.));
#3911 = ORIENTED_EDGE('',*,*,#3912,.F.);
#3912 = EDGE_CURVE('',#3874,#3905,#3913,.T.);
#3913 = LINE('',#3914,#3915);
#3914 = CARTESIAN_POINT('',(730.,-39.44444444444,0.));
#3915 = VECTOR('',#3916,1.);
#3916 = DIRECTION('',(0.,1.,0.));
#3917 = PLANE('',#3918);
#3918 = AXIS2_PLACEMENT_3D('',#3919,#3920,#3921);
#3919 = CARTESIAN_POINT('',(730.,-39.44444444444,0.));
#3920 = DIRECTION('',(-1.,0.,0.));
#3921 = DIRECTION('',(0.,1.,0.));
#3922 = ADVANCED_FACE('',(#3923),#3948,.F.);
#3923 = FACE_BOUND('',#3924,.F.);
#3924 = EDGE_LOOP('',(#3925,#3926,#3934,#3942));
#3925 = ORIENTED_EDGE('',*,*,#3904,.T.);
#3926 = ORIENTED_EDGE('',*,*,#3927,.T.);
#3927 = EDGE_CURVE('',#3897,#3928,#3930,.T.);
#3928 = VERTEX_POINT('',#3929);
#3929 = CARTESIAN_POINT('',(560.,95.,20.));
#3930 = LINE('',#3931,#3932);
#3931 = CARTESIAN_POINT('',(730.,39.444444444444,20.));
#3932 = VECTOR('',#3933,1.);
#3933 = DIRECTION('',(-0.950530606221,0.310630917066,0.));
#3934 = ORIENTED_EDGE('',*,*,#3935,.F.);
#3935 = EDGE_CURVE('',#3936,#3928,#3938,.T.);
#3936 = VERTEX_POINT('',#3937);
#3937 = CARTESIAN_POINT('',(560.,95.,0.));
#3938 = LINE('',#3939,#3940);
#3939 = CARTESIAN_POINT('',(560.,95.,0.));
#3940 = VECTOR('',#3941,1.);
#3941 = DIRECTION('',(0.,0.,1.));
#3942 = ORIENTED_EDGE('',*,*,#3943,.F.);
#3943 = EDGE_CURVE('',#3905,#3936,#3944,.T.);
#3944 = LINE('',#3945,#3946);
#3945 = CARTESIAN_POINT('',(730.,39.444444444444,0.));
#3946 = VECTOR('',#3947,1.);
#3947 = DIRECTION('',(-0.950530606221,0.310630917066,0.));
#3948 = PLANE('',#3949);
#3949 = AXIS2_PLACEMENT_3D('',#3950,#3951,#3952);
#3950 = CARTESIAN_POINT('',(730.,39.444444444444,0.));
#3951 = DIRECTION('',(-0.310630917066,-0.950530606221,0.));
#3952 = DIRECTION('',(-0.950530606221,0.310630917066,0.));
#3953 = ADVANCED_FACE('',(#3954),#3970,.F.);
#3954 = FACE_BOUND('',#3955,.F.);
#3955 = EDGE_LOOP('',(#3956,#3957,#3963,#3964));
#3956 = ORIENTED_EDGE('',*,*,#3935,.T.);
#3957 = ORIENTED_EDGE('',*,*,#3958,.T.);
#3958 = EDGE_CURVE('',#3928,#3858,#3959,.T.);
#3959 = LINE('',#3960,#3961);
#3960 = CARTESIAN_POINT('',(560.,95.,20.));
#3961 = VECTOR('',#3962,1.);
#3962 = DIRECTION('',(0.,-1.,0.));
#3963 = ORIENTED_EDGE('',*,*,#3855,.F.);
#3964 = ORIENTED_EDGE('',*,*,#3965,.F.);
#3965 = EDGE_CURVE('',#3936,#3856,#3966,.T.);
#3966 = LINE('',#3967,#3968);
#3967 = CARTESIAN_POINT('',(560.,95.,0.));
#3968 = VECTOR('',#3969,1.);
#3969 = DIRECTION('',(0.,-1.,0.));
#3970 = PLANE('',#3971);
#3971 = AXIS2_PLACEMENT_3D('',#3972,#3973,#3974);
#3972 = CARTESIAN_POINT('',(560.,95.,0.));
#3973 = DIRECTION('',(1.,0.,-0.));
#3974 = DIRECTION('',(0.,-1.,0.));
#3975 = ADVANCED_FACE('',(#3976),#3982,.F.);
#3976 = FACE_BOUND('',#3977,.F.);
#3977 = EDGE_LOOP('',(#3978,#3979,#3980,#3981));
#3978 = ORIENTED_EDGE('',*,*,#3881,.T.);
#3979 = ORIENTED_EDGE('',*,*,#3912,.T.);
#3980 = ORIENTED_EDGE('',*,*,#3943,.T.);
#3981 = ORIENTED_EDGE('',*,*,#3965,.T.);
#3982 = PLANE('',#3983);
#3983 = AXIS2_PLACEMENT_3D('',#3984,#3985,#3986);
#3984 = CARTESIAN_POINT('',(629.92708585625,0.,0.));
#3985 = DIRECTION('',(0.,0.,1.));
#3986 = DIRECTION('',(1.,0.,-0.));
#3987 = ADVANCED_FACE('',(#3988),#3994,.T.);
#3988 = FACE_BOUND('',#3989,.T.);
#3989 = EDGE_LOOP('',(#3990,#3991,#3992,#3993));
#3990 = ORIENTED_EDGE('',*,*,#3865,.T.);
#3991 = ORIENTED_EDGE('',*,*,#3896,.T.);
#3992 = ORIENTED_EDGE('',*,*,#3927,.T.);
#3993 = ORIENTED_EDGE('',*,*,#3958,.T.);
#3994 = PLANE('',#3995);
#3995 = AXIS2_PLACEMENT_3D('',#3996,#3997,#3998);
#3996 = CARTESIAN_POINT('',(629.92708585625,0.,20.));
#3997 = DIRECTION('',(0.,0.,1.));
#3998 = DIRECTION('',(1.,0.,-0.));
#3999 = ( GEOMETRIC_REPRESENTATION_CONTEXT(3) 
GLOBAL_UNCERTAINTY_ASSIGNED_CONTEXT((#4003)) 
GLOBAL_UNIT_ASSIGNED_CONTEXT((#4000,#4001,#4002)) REPRESENTATION_CONTEXT
('Context #1','3D Context with UNIT and UNCERTAINTY') );
#4000 = ( LENGTH_UNIT() NAMED_UNIT(*) SI_UNIT(.MILLI.,.METRE.) );
#4001 = ( NAMED_UNIT(*) PLANE_ANGLE_UNIT() SI_UNIT($,.RADIAN.) );
#4002 = ( NAMED_UNIT(*) SI_UNIT($,.STERADIAN.) SOLID_ANGLE_UNIT() );
#4003 = UNCERTAINTY_MEASURE_WITH_UNIT(LENGTH_MEASURE(1.E-07),#4000,
  'distance_accuracy_value','confusion accuracy');
#4004 = CONTEXT_DEPENDENT_SHAPE_REPRESENTATION(#4005,#4007);
#4005 = ( REPRESENTATION_RELATIONSHIP('','',#3848,#10) 
REPRESENTATION_RELATIONSHIP_WITH_TRANSFORMATION(#4006) 
SHAPE_REPRESENTATION_RELATIONSHIP() );
#4006 = ITEM_DEFINED_TRANSFORMATION('','',#11,#95);
#4007 = PRODUCT_DEFINITION_SHAPE('Placement','Placement of an item',
  #4008);
#4008 = NEXT_ASSEMBLY_USAGE_OCCURRENCE('109',
  'TRI-MAIN-BOTTOM-05 | BottomFlat | nominal plywood 20 mm','',#5,#3843,
  $);
#4009 = PRODUCT_RELATED_PRODUCT_CATEGORY('part',$,(#3845));
#4010 = SHAPE_DEFINITION_REPRESENTATION(#4011,#4017);
#4011 = PRODUCT_DEFINITION_SHAPE('','',#4012);
#4012 = PRODUCT_DEFINITION('design','',#4013,#4016);
#4013 = PRODUCT_DEFINITION_FORMATION('','',#4014);
#4014 = PRODUCT(
  'TRI-MAIN-CHINE-PORT-05 | ChinePort | nominal plywood 20 mm',
  'TRI-MAIN-CHINE-PORT-05 | ChinePort | nominal plywood 20 mm','',(#4015
    ));
#4015 = PRODUCT_CONTEXT('',#2,'mechanical');
#4016 = PRODUCT_DEFINITION_CONTEXT('part definition',#2,'design');
#4017 = ADVANCED_BREP_SHAPE_REPRESENTATION('',(#11,#4018),#4168);
#4018 = MANIFOLD_SOLID_BREP('',#4019);
#4019 = CLOSED_SHELL('',(#4020,#4060,#4091,#4122,#4144,#4156));
#4020 = ADVANCED_FACE('',(#4021),#4055,.T.);
#4021 = FACE_BOUND('',#4022,.T.);
#4022 = EDGE_LOOP('',(#4023,#4033,#4041,#4049));
#4023 = ORIENTED_EDGE('',*,*,#4024,.T.);
#4024 = EDGE_CURVE('',#4025,#4027,#4029,.T.);
#4025 = VERTEX_POINT('',#4026);
#4026 = CARTESIAN_POINT('',(560.,-95.,0.));
#4027 = VERTEX_POINT('',#4028);
#4028 = CARTESIAN_POINT('',(558.31439094191,-89.84203628224,
    19.249782658245));
#4029 = LINE('',#4030,#4031);
#4030 = CARTESIAN_POINT('',(560.,-95.,0.));
#4031 = VECTOR('',#4032,1.);
#4032 = DIRECTION('',(-8.428045290443E-02,0.257898185888,0.962489132912)
  );
#4033 = ORIENTED_EDGE('',*,*,#4034,.T.);
#4034 = EDGE_CURVE('',#4027,#4035,#4037,.T.);
#4035 = VERTEX_POINT('',#4036);
#4036 = CARTESIAN_POINT('',(728.31439094191,-34.28648072669,
    19.249782658245));
#4037 = LINE('',#4038,#4039);
#4038 = CARTESIAN_POINT('',(558.31439094191,-89.84203628224,
    19.249782658245));
#4039 = VECTOR('',#4040,1.);
#4040 = DIRECTION('',(0.950530606221,0.310630917066,0.));
#4041 = ORIENTED_EDGE('',*,*,#4042,.F.);
#4042 = EDGE_CURVE('',#4043,#4035,#4045,.T.);
#4043 = VERTEX_POINT('',#4044);
#4044 = CARTESIAN_POINT('',(730.,-39.44444444444,0.));
#4045 = LINE('',#4046,#4047);
#4046 = CARTESIAN_POINT('',(730.,-39.44444444444,0.));
#4047 = VECTOR('',#4048,1.);
#4048 = DIRECTION('',(-8.428045290443E-02,0.257898185888,0.962489132912)
  );
#4049 = ORIENTED_EDGE('',*,*,#4050,.F.);
#4050 = EDGE_CURVE('',#4025,#4043,#4051,.T.);
#4051 = LINE('',#4052,#4053);
#4052 = CARTESIAN_POINT('',(560.,-95.,0.));
#4053 = VECTOR('',#4054,1.);
#4054 = DIRECTION('',(0.950530606221,0.310630917066,0.));
#4055 = PLANE('',#4056);
#4056 = AXIS2_PLACEMENT_3D('',#4057,#4058,#4059);
#4057 = CARTESIAN_POINT('',(560.,-95.,0.));
#4058 = DIRECTION('',(-0.298978882022,0.914875378988,-0.271320233351));
#4059 = DIRECTION('',(0.950530606221,0.310630917066,1.387778780781E-17)
  );
#4060 = ADVANCED_FACE('',(#4061),#4086,.T.);
#4061 = FACE_BOUND('',#4062,.T.);
#4062 = EDGE_LOOP('',(#4063,#4064,#4072,#4080));
#4063 = ORIENTED_EDGE('',*,*,#4042,.T.);
#4064 = ORIENTED_EDGE('',*,*,#4065,.T.);
#4065 = EDGE_CURVE('',#4035,#4066,#4068,.T.);
#4066 = VERTEX_POINT('',#4067);
#4067 = CARTESIAN_POINT('',(728.31439094191,-89.28648072669,
    33.986988241956));
#4068 = LINE('',#4069,#4070);
#4069 = CARTESIAN_POINT('',(728.31439094191,-34.28648072669,
    19.249782658245));
#4070 = VECTOR('',#4071,1.);
#4071 = DIRECTION('',(0.,-0.965925826289,0.258819045103));
#4072 = ORIENTED_EDGE('',*,*,#4073,.F.);
#4073 = EDGE_CURVE('',#4074,#4066,#4076,.T.);
#4074 = VERTEX_POINT('',#4075);
#4075 = CARTESIAN_POINT('',(730.,-94.44444444444,14.737205583712));
#4076 = LINE('',#4077,#4078);
#4077 = CARTESIAN_POINT('',(730.,-94.44444444444,14.737205583712));
#4078 = VECTOR('',#4079,1.);
#4079 = DIRECTION('',(-8.428045290443E-02,0.257898185888,0.962489132912)
  );
#4080 = ORIENTED_EDGE('',*,*,#4081,.F.);
#4081 = EDGE_CURVE('',#4043,#4074,#4082,.T.);
#4082 = LINE('',#4083,#4084);
#4083 = CARTESIAN_POINT('',(730.,-39.44444444444,0.));
#4084 = VECTOR('',#4085,1.);
#4085 = DIRECTION('',(0.,-0.965925826289,0.258819045103));
#4086 = PLANE('',#4087);
#4087 = AXIS2_PLACEMENT_3D('',#4088,#4089,#4090);
#4088 = CARTESIAN_POINT('',(730.,-39.44444444444,0.));
#4089 = DIRECTION('',(0.996442073208,2.181338634153E-02,
    8.140866611173E-02));
#4090 = DIRECTION('',(-3.469446951954E-18,-0.965925826289,0.258819045103
    ));
#4091 = ADVANCED_FACE('',(#4092),#4117,.T.);
#4092 = FACE_BOUND('',#4093,.T.);
#4093 = EDGE_LOOP('',(#4094,#4095,#4103,#4111));
#4094 = ORIENTED_EDGE('',*,*,#4073,.T.);
#4095 = ORIENTED_EDGE('',*,*,#4096,.T.);
#4096 = EDGE_CURVE('',#4066,#4097,#4099,.T.);
#4097 = VERTEX_POINT('',#4098);
#4098 = CARTESIAN_POINT('',(558.31439094191,-144.8420362822,
    33.986988241956));
#4099 = LINE('',#4100,#4101);
#4100 = CARTESIAN_POINT('',(728.31439094191,-89.28648072669,
    33.986988241956));
#4101 = VECTOR('',#4102,1.);
#4102 = DIRECTION('',(-0.950530606221,-0.310630917066,0.));
#4103 = ORIENTED_EDGE('',*,*,#4104,.F.);
#4104 = EDGE_CURVE('',#4105,#4097,#4107,.T.);
#4105 = VERTEX_POINT('',#4106);
#4106 = CARTESIAN_POINT('',(560.,-150.,14.737205583712));
#4107 = LINE('',#4108,#4109);
#4108 = CARTESIAN_POINT('',(560.,-150.,14.737205583712));
#4109 = VECTOR('',#4110,1.);
#4110 = DIRECTION('',(-8.428045290443E-02,0.257898185888,0.962489132912)
  );
#4111 = ORIENTED_EDGE('',*,*,#4112,.F.);
#4112 = EDGE_CURVE('',#4074,#4105,#4113,.T.);
#4113 = LINE('',#4114,#4115);
#4114 = CARTESIAN_POINT('',(730.,-94.44444444444,14.737205583712));
#4115 = VECTOR('',#4116,1.);
#4116 = DIRECTION('',(-0.950530606221,-0.310630917066,0.));
#4117 = PLANE('',#4118);
#4118 = AXIS2_PLACEMENT_3D('',#4119,#4120,#4121);
#4119 = CARTESIAN_POINT('',(730.,-94.44444444444,14.737205583712));
#4120 = DIRECTION('',(0.298978882022,-0.914875378988,0.271320233351));
#4121 = DIRECTION('',(-0.950530606221,-0.310630917066,
    -1.387778780781E-17));
#4122 = ADVANCED_FACE('',(#4123),#4139,.T.);
#4123 = FACE_BOUND('',#4124,.T.);
#4124 = EDGE_LOOP('',(#4125,#4126,#4132,#4133));
#4125 = ORIENTED_EDGE('',*,*,#4104,.T.);
#4126 = ORIENTED_EDGE('',*,*,#4127,.T.);
#4127 = EDGE_CURVE('',#4097,#4027,#4128,.T.);
#4128 = LINE('',#4129,#4130);
#4129 = CARTESIAN_POINT('',(558.31439094191,-144.8420362822,
    33.986988241956));
#4130 = VECTOR('',#4131,1.);
#4131 = DIRECTION('',(0.,0.965925826289,-0.258819045103));
#4132 = ORIENTED_EDGE('',*,*,#4024,.F.);
#4133 = ORIENTED_EDGE('',*,*,#4134,.F.);
#4134 = EDGE_CURVE('',#4105,#4025,#4135,.T.);
#4135 = LINE('',#4136,#4137);
#4136 = CARTESIAN_POINT('',(560.,-150.,14.737205583712));
#4137 = VECTOR('',#4138,1.);
#4138 = DIRECTION('',(0.,0.965925826289,-0.258819045103));
#4139 = PLANE('',#4140);
#4140 = AXIS2_PLACEMENT_3D('',#4141,#4142,#4143);
#4141 = CARTESIAN_POINT('',(560.,-150.,14.737205583712));
#4142 = DIRECTION('',(-0.996442073208,-2.181338634153E-02,
    -8.140866611173E-02));
#4143 = DIRECTION('',(3.469446951954E-18,0.965925826289,-0.258819045103)
  );
#4144 = ADVANCED_FACE('',(#4145),#4151,.T.);
#4145 = FACE_BOUND('',#4146,.T.);
#4146 = EDGE_LOOP('',(#4147,#4148,#4149,#4150));
#4147 = ORIENTED_EDGE('',*,*,#4050,.T.);
#4148 = ORIENTED_EDGE('',*,*,#4081,.T.);
#4149 = ORIENTED_EDGE('',*,*,#4112,.T.);
#4150 = ORIENTED_EDGE('',*,*,#4134,.T.);
#4151 = PLANE('',#4152);
#4152 = AXIS2_PLACEMENT_3D('',#4153,#4154,#4155);
#4153 = CARTESIAN_POINT('',(645.,-94.72222222222,7.368602791856));
#4154 = DIRECTION('',(8.428045290443E-02,-0.257898185888,-0.962489132912
    ));
#4155 = DIRECTION('',(-3.469446951954E-18,-0.965925826289,0.258819045103
    ));
#4156 = ADVANCED_FACE('',(#4157),#4163,.F.);
#4157 = FACE_BOUND('',#4158,.F.);
#4158 = EDGE_LOOP('',(#4159,#4160,#4161,#4162));
#4159 = ORIENTED_EDGE('',*,*,#4034,.T.);
#4160 = ORIENTED_EDGE('',*,*,#4065,.T.);
#4161 = ORIENTED_EDGE('',*,*,#4096,.T.);
#4162 = ORIENTED_EDGE('',*,*,#4127,.T.);
#4163 = PLANE('',#4164);
#4164 = AXIS2_PLACEMENT_3D('',#4165,#4166,#4167);
#4165 = CARTESIAN_POINT('',(643.31439094191,-89.56425850447,
    26.6183854501));
#4166 = DIRECTION('',(8.428045290443E-02,-0.257898185888,-0.962489132912
    ));
#4167 = DIRECTION('',(-3.469446951954E-18,-0.965925826289,0.258819045103
    ));
#4168 = ( GEOMETRIC_REPRESENTATION_CONTEXT(3) 
GLOBAL_UNCERTAINTY_ASSIGNED_CONTEXT((#4172)) 
GLOBAL_UNIT_ASSIGNED_CONTEXT((#4169,#4170,#4171)) REPRESENTATION_CONTEXT
('Context #1','3D Context with UNIT and UNCERTAINTY') );
#4169 = ( LENGTH_UNIT() NAMED_UNIT(*) SI_UNIT(.MILLI.,.METRE.) );
#4170 = ( NAMED_UNIT(*) PLANE_ANGLE_UNIT() SI_UNIT($,.RADIAN.) );
#4171 = ( NAMED_UNIT(*) SI_UNIT($,.STERADIAN.) SOLID_ANGLE_UNIT() );
#4172 = UNCERTAINTY_MEASURE_WITH_UNIT(LENGTH_MEASURE(1.E-07),#4169,
  'distance_accuracy_value','confusion accuracy');
#4173 = CONTEXT_DEPENDENT_SHAPE_REPRESENTATION(#4174,#4176);
#4174 = ( REPRESENTATION_RELATIONSHIP('','',#4017,#10) 
REPRESENTATION_RELATIONSHIP_WITH_TRANSFORMATION(#4175) 
SHAPE_REPRESENTATION_RELATIONSHIP() );
#4175 = ITEM_DEFINED_TRANSFORMATION('','',#11,#99);
#4176 = PRODUCT_DEFINITION_SHAPE('Placement','Placement of an item',
  #4177);
#4177 = NEXT_ASSEMBLY_USAGE_OCCURRENCE('110',
  'TRI-MAIN-CHINE-PORT-05 | ChinePort | nominal plywood 20 mm','',#5,
  #4012,$);
#4178 = PRODUCT_RELATED_PRODUCT_CATEGORY('part',$,(#4014));
#4179 = SHAPE_DEFINITION_REPRESENTATION(#4180,#4186);
#4180 = PRODUCT_DEFINITION_SHAPE('','',#4181);
#4181 = PRODUCT_DEFINITION('design','',#4182,#4185);
#4182 = PRODUCT_DEFINITION_FORMATION('','',#4183);
#4183 = PRODUCT(
  'TRI-MAIN-CHINE-STARBOARD-05 | ChineStarboard | nominal plywood 20 mm'
  ,
  'TRI-MAIN-CHINE-STARBOARD-05 | ChineStarboard | nominal plywood 20 mm'
  ,'',(#4184));
#4184 = PRODUCT_CONTEXT('',#2,'mechanical');
#4185 = PRODUCT_DEFINITION_CONTEXT('part definition',#2,'design');
#4186 = ADVANCED_BREP_SHAPE_REPRESENTATION('',(#11,#4187),#4337);
#4187 = MANIFOLD_SOLID_BREP('',#4188);
#4188 = CLOSED_SHELL('',(#4189,#4229,#4260,#4291,#4313,#4325));
#4189 = ADVANCED_FACE('',(#4190),#4224,.T.);
#4190 = FACE_BOUND('',#4191,.T.);
#4191 = EDGE_LOOP('',(#4192,#4202,#4210,#4218));
#4192 = ORIENTED_EDGE('',*,*,#4193,.T.);
#4193 = EDGE_CURVE('',#4194,#4196,#4198,.T.);
#4194 = VERTEX_POINT('',#4195);
#4195 = CARTESIAN_POINT('',(560.,95.,0.));
#4196 = VERTEX_POINT('',#4197);
#4197 = CARTESIAN_POINT('',(558.31439094191,89.842036282249,
    19.249782658245));
#4198 = LINE('',#4199,#4200);
#4199 = CARTESIAN_POINT('',(560.,95.,0.));
#4200 = VECTOR('',#4201,1.);
#4201 = DIRECTION('',(-8.428045290443E-02,-0.257898185888,0.962489132912
    ));
#4202 = ORIENTED_EDGE('',*,*,#4203,.T.);
#4203 = EDGE_CURVE('',#4196,#4204,#4206,.T.);
#4204 = VERTEX_POINT('',#4205);
#4205 = CARTESIAN_POINT('',(558.31439094191,144.84203628224,
    33.986988241956));
#4206 = LINE('',#4207,#4208);
#4207 = CARTESIAN_POINT('',(558.31439094191,89.842036282249,
    19.249782658245));
#4208 = VECTOR('',#4209,1.);
#4209 = DIRECTION('',(0.,0.965925826289,0.258819045103));
#4210 = ORIENTED_EDGE('',*,*,#4211,.F.);
#4211 = EDGE_CURVE('',#4212,#4204,#4214,.T.);
#4212 = VERTEX_POINT('',#4213);
#4213 = CARTESIAN_POINT('',(560.,150.,14.737205583712));
#4214 = LINE('',#4215,#4216);
#4215 = CARTESIAN_POINT('',(560.,150.,14.737205583712));
#4216 = VECTOR('',#4217,1.);
#4217 = DIRECTION('',(-8.428045290443E-02,-0.257898185888,0.962489132912
    ));
#4218 = ORIENTED_EDGE('',*,*,#4219,.F.);
#4219 = EDGE_CURVE('',#4194,#4212,#4220,.T.);
#4220 = LINE('',#4221,#4222);
#4221 = CARTESIAN_POINT('',(560.,95.,0.));
#4222 = VECTOR('',#4223,1.);
#4223 = DIRECTION('',(0.,0.965925826289,0.258819045103));
#4224 = PLANE('',#4225);
#4225 = AXIS2_PLACEMENT_3D('',#4226,#4227,#4228);
#4226 = CARTESIAN_POINT('',(560.,95.,0.));
#4227 = DIRECTION('',(-0.996442073208,2.181338634153E-02,
    -8.140866611173E-02));
#4228 = DIRECTION('',(-3.469446951954E-18,0.965925826289,0.258819045103)
  );
#4229 = ADVANCED_FACE('',(#4230),#4255,.T.);
#4230 = FACE_BOUND('',#4231,.T.);
#4231 = EDGE_LOOP('',(#4232,#4233,#4241,#4249));
#4232 = ORIENTED_EDGE('',*,*,#4211,.T.);
#4233 = ORIENTED_EDGE('',*,*,#4234,.T.);
#4234 = EDGE_CURVE('',#4204,#4235,#4237,.T.);
#4235 = VERTEX_POINT('',#4236);
#4236 = CARTESIAN_POINT('',(728.31439094191,89.286480726693,
    33.986988241956));
#4237 = LINE('',#4238,#4239);
#4238 = CARTESIAN_POINT('',(558.31439094191,144.84203628224,
    33.986988241956));
#4239 = VECTOR('',#4240,1.);
#4240 = DIRECTION('',(0.950530606221,-0.310630917066,0.));
#4241 = ORIENTED_EDGE('',*,*,#4242,.F.);
#4242 = EDGE_CURVE('',#4243,#4235,#4245,.T.);
#4243 = VERTEX_POINT('',#4244);
#4244 = CARTESIAN_POINT('',(730.,94.444444444444,14.737205583712));
#4245 = LINE('',#4246,#4247);
#4246 = CARTESIAN_POINT('',(730.,94.444444444444,14.737205583712));
#4247 = VECTOR('',#4248,1.);
#4248 = DIRECTION('',(-8.428045290443E-02,-0.257898185888,0.962489132912
    ));
#4249 = ORIENTED_EDGE('',*,*,#4250,.F.);
#4250 = EDGE_CURVE('',#4212,#4243,#4251,.T.);
#4251 = LINE('',#4252,#4253);
#4252 = CARTESIAN_POINT('',(560.,150.,14.737205583712));
#4253 = VECTOR('',#4254,1.);
#4254 = DIRECTION('',(0.950530606221,-0.310630917066,0.));
#4255 = PLANE('',#4256);
#4256 = AXIS2_PLACEMENT_3D('',#4257,#4258,#4259);
#4257 = CARTESIAN_POINT('',(560.,150.,14.737205583712));
#4258 = DIRECTION('',(0.298978882022,0.914875378988,0.271320233351));
#4259 = DIRECTION('',(0.950530606221,-0.310630917066,1.387778780781E-17)
  );
#4260 = ADVANCED_FACE('',(#4261),#4286,.T.);
#4261 = FACE_BOUND('',#4262,.T.);
#4262 = EDGE_LOOP('',(#4263,#4264,#4272,#4280));
#4263 = ORIENTED_EDGE('',*,*,#4242,.T.);
#4264 = ORIENTED_EDGE('',*,*,#4265,.T.);
#4265 = EDGE_CURVE('',#4235,#4266,#4268,.T.);
#4266 = VERTEX_POINT('',#4267);
#4267 = CARTESIAN_POINT('',(728.31439094191,34.286480726693,
    19.249782658245));
#4268 = LINE('',#4269,#4270);
#4269 = CARTESIAN_POINT('',(728.31439094191,89.286480726693,
    33.986988241956));
#4270 = VECTOR('',#4271,1.);
#4271 = DIRECTION('',(0.,-0.965925826289,-0.258819045103));
#4272 = ORIENTED_EDGE('',*,*,#4273,.F.);
#4273 = EDGE_CURVE('',#4274,#4266,#4276,.T.);
#4274 = VERTEX_POINT('',#4275);
#4275 = CARTESIAN_POINT('',(730.,39.444444444444,0.));
#4276 = LINE('',#4277,#4278);
#4277 = CARTESIAN_POINT('',(730.,39.444444444444,0.));
#4278 = VECTOR('',#4279,1.);
#4279 = DIRECTION('',(-8.428045290443E-02,-0.257898185888,0.962489132912
    ));
#4280 = ORIENTED_EDGE('',*,*,#4281,.F.);
#4281 = EDGE_CURVE('',#4243,#4274,#4282,.T.);
#4282 = LINE('',#4283,#4284);
#4283 = CARTESIAN_POINT('',(730.,94.444444444444,14.737205583712));
#4284 = VECTOR('',#4285,1.);
#4285 = DIRECTION('',(0.,-0.965925826289,-0.258819045103));
#4286 = PLANE('',#4287);
#4287 = AXIS2_PLACEMENT_3D('',#4288,#4289,#4290);
#4288 = CARTESIAN_POINT('',(730.,94.444444444444,14.737205583712));
#4289 = DIRECTION('',(0.996442073208,-2.181338634153E-02,
    8.140866611173E-02));
#4290 = DIRECTION('',(3.469446951954E-18,-0.965925826289,-0.258819045103
    ));
#4291 = ADVANCED_FACE('',(#4292),#4308,.T.);
#4292 = FACE_BOUND('',#4293,.T.);
#4293 = EDGE_LOOP('',(#4294,#4295,#4301,#4302));
#4294 = ORIENTED_EDGE('',*,*,#4273,.T.);
#4295 = ORIENTED_EDGE('',*,*,#4296,.T.);
#4296 = EDGE_CURVE('',#4266,#4196,#4297,.T.);
#4297 = LINE('',#4298,#4299);
#4298 = CARTESIAN_POINT('',(728.31439094191,34.286480726693,
    19.249782658245));
#4299 = VECTOR('',#4300,1.);
#4300 = DIRECTION('',(-0.950530606221,0.310630917066,0.));
#4301 = ORIENTED_EDGE('',*,*,#4193,.F.);
#4302 = ORIENTED_EDGE('',*,*,#4303,.F.);
#4303 = EDGE_CURVE('',#4274,#4194,#4304,.T.);
#4304 = LINE('',#4305,#4306);
#4305 = CARTESIAN_POINT('',(730.,39.444444444444,0.));
#4306 = VECTOR('',#4307,1.);
#4307 = DIRECTION('',(-0.950530606221,0.310630917066,0.));
#4308 = PLANE('',#4309);
#4309 = AXIS2_PLACEMENT_3D('',#4310,#4311,#4312);
#4310 = CARTESIAN_POINT('',(730.,39.444444444444,0.));
#4311 = DIRECTION('',(-0.298978882022,-0.914875378988,-0.271320233351));
#4312 = DIRECTION('',(-0.950530606221,0.310630917066,-1.387778780781E-17
    ));
#4313 = ADVANCED_FACE('',(#4314),#4320,.T.);
#4314 = FACE_BOUND('',#4315,.T.);
#4315 = EDGE_LOOP('',(#4316,#4317,#4318,#4319));
#4316 = ORIENTED_EDGE('',*,*,#4219,.T.);
#4317 = ORIENTED_EDGE('',*,*,#4250,.T.);
#4318 = ORIENTED_EDGE('',*,*,#4281,.T.);
#4319 = ORIENTED_EDGE('',*,*,#4303,.T.);
#4320 = PLANE('',#4321);
#4321 = AXIS2_PLACEMENT_3D('',#4322,#4323,#4324);
#4322 = CARTESIAN_POINT('',(645.,94.722222222222,7.368602791856));
#4323 = DIRECTION('',(8.428045290443E-02,0.257898185888,-0.962489132912)
  );
#4324 = DIRECTION('',(0.,-0.965925826289,-0.258819045103));
#4325 = ADVANCED_FACE('',(#4326),#4332,.F.);
#4326 = FACE_BOUND('',#4327,.F.);
#4327 = EDGE_LOOP('',(#4328,#4329,#4330,#4331));
#4328 = ORIENTED_EDGE('',*,*,#4203,.T.);
#4329 = ORIENTED_EDGE('',*,*,#4234,.T.);
#4330 = ORIENTED_EDGE('',*,*,#4265,.T.);
#4331 = ORIENTED_EDGE('',*,*,#4296,.T.);
#4332 = PLANE('',#4333);
#4333 = AXIS2_PLACEMENT_3D('',#4334,#4335,#4336);
#4334 = CARTESIAN_POINT('',(643.31439094191,89.564258504471,
    26.6183854501));
#4335 = DIRECTION('',(8.428045290443E-02,0.257898185888,-0.962489132912)
  );
#4336 = DIRECTION('',(0.,-0.965925826289,-0.258819045103));
#4337 = ( GEOMETRIC_REPRESENTATION_CONTEXT(3) 
GLOBAL_UNCERTAINTY_ASSIGNED_CONTEXT((#4341)) 
GLOBAL_UNIT_ASSIGNED_CONTEXT((#4338,#4339,#4340)) REPRESENTATION_CONTEXT
('Context #1','3D Context with UNIT and UNCERTAINTY') );
#4338 = ( LENGTH_UNIT() NAMED_UNIT(*) SI_UNIT(.MILLI.,.METRE.) );
#4339 = ( NAMED_UNIT(*) PLANE_ANGLE_UNIT() SI_UNIT($,.RADIAN.) );
#4340 = ( NAMED_UNIT(*) SI_UNIT($,.STERADIAN.) SOLID_ANGLE_UNIT() );
#4341 = UNCERTAINTY_MEASURE_WITH_UNIT(LENGTH_MEASURE(1.E-07),#4338,
  'distance_accuracy_value','confusion accuracy');
#4342 = CONTEXT_DEPENDENT_SHAPE_REPRESENTATION(#4343,#4345);
#4343 = ( REPRESENTATION_RELATIONSHIP('','',#4186,#10) 
REPRESENTATION_RELATIONSHIP_WITH_TRANSFORMATION(#4344) 
SHAPE_REPRESENTATION_RELATIONSHIP() );
#4344 = ITEM_DEFINED_TRANSFORMATION('','',#11,#103);
#4345 = PRODUCT_DEFINITION_SHAPE('Placement','Placement of an item',
  #4346);
#4346 = NEXT_ASSEMBLY_USAGE_OCCURRENCE('111',
  'TRI-MAIN-CHINE-STARBOARD-05 | ChineStarboard | nominal plywood 20 mm'
  ,'',#5,#4181,$);
#4347 = PRODUCT_RELATED_PRODUCT_CATEGORY('part',$,(#4183));
#4348 = SHAPE_DEFINITION_REPRESENTATION(#4349,#4355);
#4349 = PRODUCT_DEFINITION_SHAPE('','',#4350);
#4350 = PRODUCT_DEFINITION('design','',#4351,#4354);
#4351 = PRODUCT_DEFINITION_FORMATION('','',#4352);
#4352 = PRODUCT(
  'TRI-MAIN-SIDE-PORT-05 | SidePort | nominal plywood 20 mm',
  'TRI-MAIN-SIDE-PORT-05 | SidePort | nominal plywood 20 mm','',(#4353)
  );
#4353 = PRODUCT_CONTEXT('',#2,'mechanical');
#4354 = PRODUCT_DEFINITION_CONTEXT('part definition',#2,'design');
#4355 = ADVANCED_BREP_SHAPE_REPRESENTATION('',(#11,#4356),#4506);
#4356 = MANIFOLD_SOLID_BREP('',#4357);
#4357 = CLOSED_SHELL('',(#4358,#4398,#4429,#4460,#4482,#4494));
#4358 = ADVANCED_FACE('',(#4359),#4393,.T.);
#4359 = FACE_BOUND('',#4360,.T.);
#4360 = EDGE_LOOP('',(#4361,#4371,#4379,#4387));
#4361 = ORIENTED_EDGE('',*,*,#4362,.T.);
#4362 = EDGE_CURVE('',#4363,#4365,#4367,.T.);
#4363 = VERTEX_POINT('',#4364);
#4364 = CARTESIAN_POINT('',(560.,-150.,14.737205583712));
#4365 = VERTEX_POINT('',#4366);
#4366 = CARTESIAN_POINT('',(553.78738165868,-130.9893878755,
    14.737205583712));
#4367 = LINE('',#4368,#4369);
#4368 = CARTESIAN_POINT('',(560.,-150.,14.737205583712));
#4369 = VECTOR('',#4370,1.);
#4370 = DIRECTION('',(-0.310630917066,0.950530606221,-0.));
#4371 = ORIENTED_EDGE('',*,*,#4372,.T.);
#4372 = EDGE_CURVE('',#4365,#4373,#4375,.T.);
#4373 = VERTEX_POINT('',#4374);
#4374 = CARTESIAN_POINT('',(723.78738165868,-75.43383232002,
    14.737205583712));
#4375 = LINE('',#4376,#4377);
#4376 = CARTESIAN_POINT('',(553.78738165868,-130.9893878755,
    14.737205583712));
#4377 = VECTOR('',#4378,1.);
#4378 = DIRECTION('',(0.950530606221,0.310630917066,0.));
#4379 = ORIENTED_EDGE('',*,*,#4380,.F.);
#4380 = EDGE_CURVE('',#4381,#4373,#4383,.T.);
#4381 = VERTEX_POINT('',#4382);
#4382 = CARTESIAN_POINT('',(730.,-94.44444444444,14.737205583712));
#4383 = LINE('',#4384,#4385);
#4384 = CARTESIAN_POINT('',(730.,-94.44444444444,14.737205583712));
#4385 = VECTOR('',#4386,1.);
#4386 = DIRECTION('',(-0.310630917066,0.950530606221,-0.));
#4387 = ORIENTED_EDGE('',*,*,#4388,.F.);
#4388 = EDGE_CURVE('',#4363,#4381,#4389,.T.);
#4389 = LINE('',#4390,#4391);
#4390 = CARTESIAN_POINT('',(560.,-150.,14.737205583712));
#4391 = VECTOR('',#4392,1.);
#4392 = DIRECTION('',(0.950530606221,0.310630917066,0.));
#4393 = PLANE('',#4394);
#4394 = AXIS2_PLACEMENT_3D('',#4395,#4396,#4397);
#4395 = CARTESIAN_POINT('',(560.,-150.,14.737205583712));
#4396 = DIRECTION('',(0.,0.,-1.));
#4397 = DIRECTION('',(0.950530606221,0.310630917066,0.));
#4398 = ADVANCED_FACE('',(#4399),#4424,.T.);
#4399 = FACE_BOUND('',#4400,.T.);
#4400 = EDGE_LOOP('',(#4401,#4402,#4410,#4418));
#4401 = ORIENTED_EDGE('',*,*,#4380,.T.);
#4402 = ORIENTED_EDGE('',*,*,#4403,.T.);
#4403 = EDGE_CURVE('',#4373,#4404,#4406,.T.);
#4404 = VERTEX_POINT('',#4405);
#4405 = CARTESIAN_POINT('',(723.78738165868,-75.43383232002,140.));
#4406 = LINE('',#4407,#4408);
#4407 = CARTESIAN_POINT('',(723.78738165868,-75.43383232002,
    14.737205583712));
#4408 = VECTOR('',#4409,1.);
#4409 = DIRECTION('',(0.,0.,1.));
#4410 = ORIENTED_EDGE('',*,*,#4411,.F.);
#4411 = EDGE_CURVE('',#4412,#4404,#4414,.T.);
#4412 = VERTEX_POINT('',#4413);
#4413 = CARTESIAN_POINT('',(730.,-94.44444444444,140.));
#4414 = LINE('',#4415,#4416);
#4415 = CARTESIAN_POINT('',(730.,-94.44444444444,140.));
#4416 = VECTOR('',#4417,1.);
#4417 = DIRECTION('',(-0.310630917066,0.950530606221,-0.));
#4418 = ORIENTED_EDGE('',*,*,#4419,.F.);
#4419 = EDGE_CURVE('',#4381,#4412,#4420,.T.);
#4420 = LINE('',#4421,#4422);
#4421 = CARTESIAN_POINT('',(730.,-94.44444444444,14.737205583712));
#4422 = VECTOR('',#4423,1.);
#4423 = DIRECTION('',(0.,0.,1.));
#4424 = PLANE('',#4425);
#4425 = AXIS2_PLACEMENT_3D('',#4426,#4427,#4428);
#4426 = CARTESIAN_POINT('',(730.,-94.44444444444,14.737205583712));
#4427 = DIRECTION('',(0.950530606221,0.310630917066,-0.));
#4428 = DIRECTION('',(0.,0.,1.));
#4429 = ADVANCED_FACE('',(#4430),#4455,.T.);
#4430 = FACE_BOUND('',#4431,.T.);
#4431 = EDGE_LOOP('',(#4432,#4433,#4441,#4449));
#4432 = ORIENTED_EDGE('',*,*,#4411,.T.);
#4433 = ORIENTED_EDGE('',*,*,#4434,.T.);
#4434 = EDGE_CURVE('',#4404,#4435,#4437,.T.);
#4435 = VERTEX_POINT('',#4436);
#4436 = CARTESIAN_POINT('',(553.78738165868,-130.9893878755,140.));
#4437 = LINE('',#4438,#4439);
#4438 = CARTESIAN_POINT('',(723.78738165868,-75.43383232002,140.));
#4439 = VECTOR('',#4440,1.);
#4440 = DIRECTION('',(-0.950530606221,-0.310630917066,0.));
#4441 = ORIENTED_EDGE('',*,*,#4442,.F.);
#4442 = EDGE_CURVE('',#4443,#4435,#4445,.T.);
#4443 = VERTEX_POINT('',#4444);
#4444 = CARTESIAN_POINT('',(560.,-150.,140.));
#4445 = LINE('',#4446,#4447);
#4446 = CARTESIAN_POINT('',(560.,-150.,140.));
#4447 = VECTOR('',#4448,1.);
#4448 = DIRECTION('',(-0.310630917066,0.950530606221,-0.));
#4449 = ORIENTED_EDGE('',*,*,#4450,.F.);
#4450 = EDGE_CURVE('',#4412,#4443,#4451,.T.);
#4451 = LINE('',#4452,#4453);
#4452 = CARTESIAN_POINT('',(730.,-94.44444444444,140.));
#4453 = VECTOR('',#4454,1.);
#4454 = DIRECTION('',(-0.950530606221,-0.310630917066,0.));
#4455 = PLANE('',#4456);
#4456 = AXIS2_PLACEMENT_3D('',#4457,#4458,#4459);
#4457 = CARTESIAN_POINT('',(730.,-94.44444444444,140.));
#4458 = DIRECTION('',(0.,0.,1.));
#4459 = DIRECTION('',(-0.950530606221,-0.310630917066,0.));
#4460 = ADVANCED_FACE('',(#4461),#4477,.T.);
#4461 = FACE_BOUND('',#4462,.T.);
#4462 = EDGE_LOOP('',(#4463,#4464,#4470,#4471));
#4463 = ORIENTED_EDGE('',*,*,#4442,.T.);
#4464 = ORIENTED_EDGE('',*,*,#4465,.T.);
#4465 = EDGE_CURVE('',#4435,#4365,#4466,.T.);
#4466 = LINE('',#4467,#4468);
#4467 = CARTESIAN_POINT('',(553.78738165868,-130.9893878755,140.));
#4468 = VECTOR('',#4469,1.);
#4469 = DIRECTION('',(0.,0.,-1.));
#4470 = ORIENTED_EDGE('',*,*,#4362,.F.);
#4471 = ORIENTED_EDGE('',*,*,#4472,.F.);
#4472 = EDGE_CURVE('',#4443,#4363,#4473,.T.);
#4473 = LINE('',#4474,#4475);
#4474 = CARTESIAN_POINT('',(560.,-150.,140.));
#4475 = VECTOR('',#4476,1.);
#4476 = DIRECTION('',(0.,0.,-1.));
#4477 = PLANE('',#4478);
#4478 = AXIS2_PLACEMENT_3D('',#4479,#4480,#4481);
#4479 = CARTESIAN_POINT('',(560.,-150.,140.));
#4480 = DIRECTION('',(-0.950530606221,-0.310630917066,-0.));
#4481 = DIRECTION('',(0.,0.,-1.));
#4482 = ADVANCED_FACE('',(#4483),#4489,.T.);
#4483 = FACE_BOUND('',#4484,.T.);
#4484 = EDGE_LOOP('',(#4485,#4486,#4487,#4488));
#4485 = ORIENTED_EDGE('',*,*,#4388,.T.);
#4486 = ORIENTED_EDGE('',*,*,#4419,.T.);
#4487 = ORIENTED_EDGE('',*,*,#4450,.T.);
#4488 = ORIENTED_EDGE('',*,*,#4472,.T.);
#4489 = PLANE('',#4490);
#4490 = AXIS2_PLACEMENT_3D('',#4491,#4492,#4493);
#4491 = CARTESIAN_POINT('',(645.,-122.2222222222,77.368602791856));
#4492 = DIRECTION('',(0.310630917066,-0.950530606221,-0.));
#4493 = DIRECTION('',(-0.950530606221,-0.310630917066,0.));
#4494 = ADVANCED_FACE('',(#4495),#4501,.F.);
#4495 = FACE_BOUND('',#4496,.F.);
#4496 = EDGE_LOOP('',(#4497,#4498,#4499,#4500));
#4497 = ORIENTED_EDGE('',*,*,#4372,.T.);
#4498 = ORIENTED_EDGE('',*,*,#4403,.T.);
#4499 = ORIENTED_EDGE('',*,*,#4434,.T.);
#4500 = ORIENTED_EDGE('',*,*,#4465,.T.);
#4501 = PLANE('',#4502);
#4502 = AXIS2_PLACEMENT_3D('',#4503,#4504,#4505);
#4503 = CARTESIAN_POINT('',(638.78738165868,-103.2116100978,
    77.368602791856));
#4504 = DIRECTION('',(0.310630917066,-0.950530606221,-0.));
#4505 = DIRECTION('',(-0.950530606221,-0.310630917066,0.));
#4506 = ( GEOMETRIC_REPRESENTATION_CONTEXT(3) 
GLOBAL_UNCERTAINTY_ASSIGNED_CONTEXT((#4510)) 
GLOBAL_UNIT_ASSIGNED_CONTEXT((#4507,#4508,#4509)) REPRESENTATION_CONTEXT
('Context #1','3D Context with UNIT and UNCERTAINTY') );
#4507 = ( LENGTH_UNIT() NAMED_UNIT(*) SI_UNIT(.MILLI.,.METRE.) );
#4508 = ( NAMED_UNIT(*) PLANE_ANGLE_UNIT() SI_UNIT($,.RADIAN.) );
#4509 = ( NAMED_UNIT(*) SI_UNIT($,.STERADIAN.) SOLID_ANGLE_UNIT() );
#4510 = UNCERTAINTY_MEASURE_WITH_UNIT(LENGTH_MEASURE(1.E-07),#4507,
  'distance_accuracy_value','confusion accuracy');
#4511 = CONTEXT_DEPENDENT_SHAPE_REPRESENTATION(#4512,#4514);
#4512 = ( REPRESENTATION_RELATIONSHIP('','',#4355,#10) 
REPRESENTATION_RELATIONSHIP_WITH_TRANSFORMATION(#4513) 
SHAPE_REPRESENTATION_RELATIONSHIP() );
#4513 = ITEM_DEFINED_TRANSFORMATION('','',#11,#107);
#4514 = PRODUCT_DEFINITION_SHAPE('Placement','Placement of an item',
  #4515);
#4515 = NEXT_ASSEMBLY_USAGE_OCCURRENCE('112',
  'TRI-MAIN-SIDE-PORT-05 | SidePort | nominal plywood 20 mm','',#5,#4350
  ,$);
#4516 = PRODUCT_RELATED_PRODUCT_CATEGORY('part',$,(#4352));
#4517 = SHAPE_DEFINITION_REPRESENTATION(#4518,#4524);
#4518 = PRODUCT_DEFINITION_SHAPE('','',#4519);
#4519 = PRODUCT_DEFINITION('design','',#4520,#4523);
#4520 = PRODUCT_DEFINITION_FORMATION('','',#4521);
#4521 = PRODUCT(
  'TRI-MAIN-SIDE-STARBOARD-05 | SideStarboard | nominal plywood 20 mm',
  'TRI-MAIN-SIDE-STARBOARD-05 | SideStarboard | nominal plywood 20 mm',
  '',(#4522));
#4522 = PRODUCT_CONTEXT('',#2,'mechanical');
#4523 = PRODUCT_DEFINITION_CONTEXT('part definition',#2,'design');
#4524 = ADVANCED_BREP_SHAPE_REPRESENTATION('',(#11,#4525),#4675);
#4525 = MANIFOLD_SOLID_BREP('',#4526);
#4526 = CLOSED_SHELL('',(#4527,#4567,#4598,#4629,#4651,#4663));
#4527 = ADVANCED_FACE('',(#4528),#4562,.T.);
#4528 = FACE_BOUND('',#4529,.T.);
#4529 = EDGE_LOOP('',(#4530,#4540,#4548,#4556));
#4530 = ORIENTED_EDGE('',*,*,#4531,.T.);
#4531 = EDGE_CURVE('',#4532,#4534,#4536,.T.);
#4532 = VERTEX_POINT('',#4533);
#4533 = CARTESIAN_POINT('',(560.,150.,14.737205583712));
#4534 = VERTEX_POINT('',#4535);
#4535 = CARTESIAN_POINT('',(553.78738165868,130.98938787557,
    14.737205583712));
#4536 = LINE('',#4537,#4538);
#4537 = CARTESIAN_POINT('',(560.,150.,14.737205583712));
#4538 = VECTOR('',#4539,1.);
#4539 = DIRECTION('',(-0.310630917066,-0.950530606221,0.));
#4540 = ORIENTED_EDGE('',*,*,#4541,.T.);
#4541 = EDGE_CURVE('',#4534,#4542,#4544,.T.);
#4542 = VERTEX_POINT('',#4543);
#4543 = CARTESIAN_POINT('',(553.78738165868,130.98938787557,140.));
#4544 = LINE('',#4545,#4546);
#4545 = CARTESIAN_POINT('',(553.78738165868,130.98938787557,
    14.737205583712));
#4546 = VECTOR('',#4547,1.);
#4547 = DIRECTION('',(0.,0.,1.));
#4548 = ORIENTED_EDGE('',*,*,#4549,.F.);
#4549 = EDGE_CURVE('',#4550,#4542,#4552,.T.);
#4550 = VERTEX_POINT('',#4551);
#4551 = CARTESIAN_POINT('',(560.,150.,140.));
#4552 = LINE('',#4553,#4554);
#4553 = CARTESIAN_POINT('',(560.,150.,140.));
#4554 = VECTOR('',#4555,1.);
#4555 = DIRECTION('',(-0.310630917066,-0.950530606221,0.));
#4556 = ORIENTED_EDGE('',*,*,#4557,.F.);
#4557 = EDGE_CURVE('',#4532,#4550,#4558,.T.);
#4558 = LINE('',#4559,#4560);
#4559 = CARTESIAN_POINT('',(560.,150.,14.737205583712));
#4560 = VECTOR('',#4561,1.);
#4561 = DIRECTION('',(0.,0.,1.));
#4562 = PLANE('',#4563);
#4563 = AXIS2_PLACEMENT_3D('',#4564,#4565,#4566);
#4564 = CARTESIAN_POINT('',(560.,150.,14.737205583712));
#4565 = DIRECTION('',(-0.950530606221,0.310630917066,0.));
#4566 = DIRECTION('',(0.,0.,1.));
#4567 = ADVANCED_FACE('',(#4568),#4593,.T.);
#4568 = FACE_BOUND('',#4569,.T.);
#4569 = EDGE_LOOP('',(#4570,#4571,#4579,#4587));
#4570 = ORIENTED_EDGE('',*,*,#4549,.T.);
#4571 = ORIENTED_EDGE('',*,*,#4572,.T.);
#4572 = EDGE_CURVE('',#4542,#4573,#4575,.T.);
#4573 = VERTEX_POINT('',#4574);
#4574 = CARTESIAN_POINT('',(723.78738165868,75.433832320024,140.));
#4575 = LINE('',#4576,#4577);
#4576 = CARTESIAN_POINT('',(553.78738165868,130.98938787557,140.));
#4577 = VECTOR('',#4578,1.);
#4578 = DIRECTION('',(0.950530606221,-0.310630917066,0.));
#4579 = ORIENTED_EDGE('',*,*,#4580,.F.);
#4580 = EDGE_CURVE('',#4581,#4573,#4583,.T.);
#4581 = VERTEX_POINT('',#4582);
#4582 = CARTESIAN_POINT('',(730.,94.444444444444,140.));
#4583 = LINE('',#4584,#4585);
#4584 = CARTESIAN_POINT('',(730.,94.444444444444,140.));
#4585 = VECTOR('',#4586,1.);
#4586 = DIRECTION('',(-0.310630917066,-0.950530606221,0.));
#4587 = ORIENTED_EDGE('',*,*,#4588,.F.);
#4588 = EDGE_CURVE('',#4550,#4581,#4589,.T.);
#4589 = LINE('',#4590,#4591);
#4590 = CARTESIAN_POINT('',(560.,150.,140.));
#4591 = VECTOR('',#4592,1.);
#4592 = DIRECTION('',(0.950530606221,-0.310630917066,0.));
#4593 = PLANE('',#4594);
#4594 = AXIS2_PLACEMENT_3D('',#4595,#4596,#4597);
#4595 = CARTESIAN_POINT('',(560.,150.,140.));
#4596 = DIRECTION('',(0.,0.,1.));
#4597 = DIRECTION('',(0.950530606221,-0.310630917066,0.));
#4598 = ADVANCED_FACE('',(#4599),#4624,.T.);
#4599 = FACE_BOUND('',#4600,.T.);
#4600 = EDGE_LOOP('',(#4601,#4602,#4610,#4618));
#4601 = ORIENTED_EDGE('',*,*,#4580,.T.);
#4602 = ORIENTED_EDGE('',*,*,#4603,.T.);
#4603 = EDGE_CURVE('',#4573,#4604,#4606,.T.);
#4604 = VERTEX_POINT('',#4605);
#4605 = CARTESIAN_POINT('',(723.78738165868,75.433832320024,
    14.737205583712));
#4606 = LINE('',#4607,#4608);
#4607 = CARTESIAN_POINT('',(723.78738165868,75.433832320024,140.));
#4608 = VECTOR('',#4609,1.);
#4609 = DIRECTION('',(0.,0.,-1.));
#4610 = ORIENTED_EDGE('',*,*,#4611,.F.);
#4611 = EDGE_CURVE('',#4612,#4604,#4614,.T.);
#4612 = VERTEX_POINT('',#4613);
#4613 = CARTESIAN_POINT('',(730.,94.444444444444,14.737205583712));
#4614 = LINE('',#4615,#4616);
#4615 = CARTESIAN_POINT('',(730.,94.444444444444,14.737205583712));
#4616 = VECTOR('',#4617,1.);
#4617 = DIRECTION('',(-0.310630917066,-0.950530606221,0.));
#4618 = ORIENTED_EDGE('',*,*,#4619,.F.);
#4619 = EDGE_CURVE('',#4581,#4612,#4620,.T.);
#4620 = LINE('',#4621,#4622);
#4621 = CARTESIAN_POINT('',(730.,94.444444444444,140.));
#4622 = VECTOR('',#4623,1.);
#4623 = DIRECTION('',(0.,0.,-1.));
#4624 = PLANE('',#4625);
#4625 = AXIS2_PLACEMENT_3D('',#4626,#4627,#4628);
#4626 = CARTESIAN_POINT('',(730.,94.444444444444,140.));
#4627 = DIRECTION('',(0.950530606221,-0.310630917066,0.));
#4628 = DIRECTION('',(0.,0.,-1.));
#4629 = ADVANCED_FACE('',(#4630),#4646,.T.);
#4630 = FACE_BOUND('',#4631,.T.);
#4631 = EDGE_LOOP('',(#4632,#4633,#4639,#4640));
#4632 = ORIENTED_EDGE('',*,*,#4611,.T.);
#4633 = ORIENTED_EDGE('',*,*,#4634,.T.);
#4634 = EDGE_CURVE('',#4604,#4534,#4635,.T.);
#4635 = LINE('',#4636,#4637);
#4636 = CARTESIAN_POINT('',(723.78738165868,75.433832320024,
    14.737205583712));
#4637 = VECTOR('',#4638,1.);
#4638 = DIRECTION('',(-0.950530606221,0.310630917066,0.));
#4639 = ORIENTED_EDGE('',*,*,#4531,.F.);
#4640 = ORIENTED_EDGE('',*,*,#4641,.F.);
#4641 = EDGE_CURVE('',#4612,#4532,#4642,.T.);
#4642 = LINE('',#4643,#4644);
#4643 = CARTESIAN_POINT('',(730.,94.444444444444,14.737205583712));
#4644 = VECTOR('',#4645,1.);
#4645 = DIRECTION('',(-0.950530606221,0.310630917066,0.));
#4646 = PLANE('',#4647);
#4647 = AXIS2_PLACEMENT_3D('',#4648,#4649,#4650);
#4648 = CARTESIAN_POINT('',(730.,94.444444444444,14.737205583712));
#4649 = DIRECTION('',(-0.,0.,-1.));
#4650 = DIRECTION('',(-0.950530606221,0.310630917066,0.));
#4651 = ADVANCED_FACE('',(#4652),#4658,.T.);
#4652 = FACE_BOUND('',#4653,.T.);
#4653 = EDGE_LOOP('',(#4654,#4655,#4656,#4657));
#4654 = ORIENTED_EDGE('',*,*,#4557,.T.);
#4655 = ORIENTED_EDGE('',*,*,#4588,.T.);
#4656 = ORIENTED_EDGE('',*,*,#4619,.T.);
#4657 = ORIENTED_EDGE('',*,*,#4641,.T.);
#4658 = PLANE('',#4659);
#4659 = AXIS2_PLACEMENT_3D('',#4660,#4661,#4662);
#4660 = CARTESIAN_POINT('',(645.,122.22222222222,77.368602791856));
#4661 = DIRECTION('',(0.310630917066,0.950530606221,0.));
#4662 = DIRECTION('',(0.950530606221,-0.310630917066,0.));
#4663 = ADVANCED_FACE('',(#4664),#4670,.F.);
#4664 = FACE_BOUND('',#4665,.F.);
#4665 = EDGE_LOOP('',(#4666,#4667,#4668,#4669));
#4666 = ORIENTED_EDGE('',*,*,#4541,.T.);
#4667 = ORIENTED_EDGE('',*,*,#4572,.T.);
#4668 = ORIENTED_EDGE('',*,*,#4603,.T.);
#4669 = ORIENTED_EDGE('',*,*,#4634,.T.);
#4670 = PLANE('',#4671);
#4671 = AXIS2_PLACEMENT_3D('',#4672,#4673,#4674);
#4672 = CARTESIAN_POINT('',(638.78738165868,103.2116100978,
    77.368602791856));
#4673 = DIRECTION('',(0.310630917066,0.950530606221,0.));
#4674 = DIRECTION('',(0.950530606221,-0.310630917066,0.));
#4675 = ( GEOMETRIC_REPRESENTATION_CONTEXT(3) 
GLOBAL_UNCERTAINTY_ASSIGNED_CONTEXT((#4679)) 
GLOBAL_UNIT_ASSIGNED_CONTEXT((#4676,#4677,#4678)) REPRESENTATION_CONTEXT
('Context #1','3D Context with UNIT and UNCERTAINTY') );
#4676 = ( LENGTH_UNIT() NAMED_UNIT(*) SI_UNIT(.MILLI.,.METRE.) );
#4677 = ( NAMED_UNIT(*) PLANE_ANGLE_UNIT() SI_UNIT($,.RADIAN.) );
#4678 = ( NAMED_UNIT(*) SI_UNIT($,.STERADIAN.) SOLID_ANGLE_UNIT() );
#4679 = UNCERTAINTY_MEASURE_WITH_UNIT(LENGTH_MEASURE(1.E-07),#4676,
  'distance_accuracy_value','confusion accuracy');
#4680 = CONTEXT_DEPENDENT_SHAPE_REPRESENTATION(#4681,#4683);
#4681 = ( REPRESENTATION_RELATIONSHIP('','',#4524,#10) 
REPRESENTATION_RELATIONSHIP_WITH_TRANSFORMATION(#4682) 
SHAPE_REPRESENTATION_RELATIONSHIP() );
#4682 = ITEM_DEFINED_TRANSFORMATION('','',#11,#111);
#4683 = PRODUCT_DEFINITION_SHAPE('Placement','Placement of an item',
  #4684);
#4684 = NEXT_ASSEMBLY_USAGE_OCCURRENCE('113',
  'TRI-MAIN-SIDE-STARBOARD-05 | SideStarboard | nominal plywood 20 mm',
  '',#5,#4519,$);
#4685 = PRODUCT_RELATED_PRODUCT_CATEGORY('part',$,(#4521));
#4686 = SHAPE_DEFINITION_REPRESENTATION(#4687,#4693);
#4687 = PRODUCT_DEFINITION_SHAPE('','',#4688);
#4688 = PRODUCT_DEFINITION('design','',#4689,#4692);
#4689 = PRODUCT_DEFINITION_FORMATION('','',#4690);
#4690 = PRODUCT(
  'TRI-MAIN-BOTTOM-06 | BottomFlat | nominal plywood 20 mm',
  'TRI-MAIN-BOTTOM-06 | BottomFlat | nominal plywood 20 mm','',(#4691));
#4691 = PRODUCT_CONTEXT('',#2,'mechanical');
#4692 = PRODUCT_DEFINITION_CONTEXT('part definition',#2,'design');
#4693 = ADVANCED_BREP_SHAPE_REPRESENTATION('',(#11,#4694),#4811);
#4694 = MANIFOLD_SOLID_BREP('',#4695);
#4695 = CLOSED_SHELL('',(#4696,#4736,#4767,#4789,#4800));
#4696 = ADVANCED_FACE('',(#4697),#4731,.F.);
#4697 = FACE_BOUND('',#4698,.F.);
#4698 = EDGE_LOOP('',(#4699,#4709,#4717,#4725));
#4699 = ORIENTED_EDGE('',*,*,#4700,.T.);
#4700 = EDGE_CURVE('',#4701,#4703,#4705,.T.);
#4701 = VERTEX_POINT('',#4702);
#4702 = CARTESIAN_POINT('',(730.,-39.44444444444,0.));
#4703 = VERTEX_POINT('',#4704);
#4704 = CARTESIAN_POINT('',(730.,-39.44444444444,20.));
#4705 = LINE('',#4706,#4707);
#4706 = CARTESIAN_POINT('',(730.,-39.44444444444,0.));
#4707 = VECTOR('',#4708,1.);
#4708 = DIRECTION('',(0.,0.,1.));
#4709 = ORIENTED_EDGE('',*,*,#4710,.T.);
#4710 = EDGE_CURVE('',#4703,#4711,#4713,.T.);
#4711 = VERTEX_POINT('',#4712);
#4712 = CARTESIAN_POINT('',(900.,0.,20.));
#4713 = LINE('',#4714,#4715);
#4714 = CARTESIAN_POINT('',(730.,-39.44444444444,20.));
#4715 = VECTOR('',#4716,1.);
#4716 = DIRECTION('',(0.974122237706,0.226021826396,0.));
#4717 = ORIENTED_EDGE('',*,*,#4718,.F.);
#4718 = EDGE_CURVE('',#4719,#4711,#4721,.T.);
#4719 = VERTEX_POINT('',#4720);
#4720 = CARTESIAN_POINT('',(900.,0.,0.));
#4721 = LINE('',#4722,#4723);
#4722 = CARTESIAN_POINT('',(900.,0.,0.));
#4723 = VECTOR('',#4724,1.);
#4724 = DIRECTION('',(0.,0.,1.));
#4725 = ORIENTED_EDGE('',*,*,#4726,.F.);
#4726 = EDGE_CURVE('',#4701,#4719,#4727,.T.);
#4727 = LINE('',#4728,#4729);
#4728 = CARTESIAN_POINT('',(730.,-39.44444444444,0.));
#4729 = VECTOR('',#4730,1.);
#4730 = DIRECTION('',(0.974122237706,0.226021826396,0.));
#4731 = PLANE('',#4732);
#4732 = AXIS2_PLACEMENT_3D('',#4733,#4734,#4735);
#4733 = CARTESIAN_POINT('',(730.,-39.44444444444,0.));
#4734 = DIRECTION('',(-0.226021826396,0.974122237706,0.));
#4735 = DIRECTION('',(0.974122237706,0.226021826396,0.));
#4736 = ADVANCED_FACE('',(#4737),#4762,.F.);
#4737 = FACE_BOUND('',#4738,.F.);
#4738 = EDGE_LOOP('',(#4739,#4740,#4748,#4756));
#4739 = ORIENTED_EDGE('',*,*,#4718,.T.);
#4740 = ORIENTED_EDGE('',*,*,#4741,.T.);
#4741 = EDGE_CURVE('',#4711,#4742,#4744,.T.);
#4742 = VERTEX_POINT('',#4743);
#4743 = CARTESIAN_POINT('',(730.,39.444444444444,20.));
#4744 = LINE('',#4745,#4746);
#4745 = CARTESIAN_POINT('',(900.,0.,20.));
#4746 = VECTOR('',#4747,1.);
#4747 = DIRECTION('',(-0.974122237706,0.226021826396,0.));
#4748 = ORIENTED_EDGE('',*,*,#4749,.F.);
#4749 = EDGE_CURVE('',#4750,#4742,#4752,.T.);
#4750 = VERTEX_POINT('',#4751);
#4751 = CARTESIAN_POINT('',(730.,39.444444444444,0.));
#4752 = LINE('',#4753,#4754);
#4753 = CARTESIAN_POINT('',(730.,39.444444444444,0.));
#4754 = VECTOR('',#4755,1.);
#4755 = DIRECTION('',(0.,0.,1.));
#4756 = ORIENTED_EDGE('',*,*,#4757,.F.);
#4757 = EDGE_CURVE('',#4719,#4750,#4758,.T.);
#4758 = LINE('',#4759,#4760);
#4759 = CARTESIAN_POINT('',(900.,0.,0.));
#4760 = VECTOR('',#4761,1.);
#4761 = DIRECTION('',(-0.974122237706,0.226021826396,0.));
#4762 = PLANE('',#4763);
#4763 = AXIS2_PLACEMENT_3D('',#4764,#4765,#4766);
#4764 = CARTESIAN_POINT('',(900.,0.,0.));
#4765 = DIRECTION('',(-0.226021826396,-0.974122237706,0.));
#4766 = DIRECTION('',(-0.974122237706,0.226021826396,0.));
#4767 = ADVANCED_FACE('',(#4768),#4784,.F.);
#4768 = FACE_BOUND('',#4769,.F.);
#4769 = EDGE_LOOP('',(#4770,#4771,#4777,#4778));
#4770 = ORIENTED_EDGE('',*,*,#4749,.T.);
#4771 = ORIENTED_EDGE('',*,*,#4772,.T.);
#4772 = EDGE_CURVE('',#4742,#4703,#4773,.T.);
#4773 = LINE('',#4774,#4775);
#4774 = CARTESIAN_POINT('',(730.,39.444444444444,20.));
#4775 = VECTOR('',#4776,1.);
#4776 = DIRECTION('',(0.,-1.,0.));
#4777 = ORIENTED_EDGE('',*,*,#4700,.F.);
#4778 = ORIENTED_EDGE('',*,*,#4779,.F.);
#4779 = EDGE_CURVE('',#4750,#4701,#4780,.T.);
#4780 = LINE('',#4781,#4782);
#4781 = CARTESIAN_POINT('',(730.,39.444444444444,0.));
#4782 = VECTOR('',#4783,1.);
#4783 = DIRECTION('',(0.,-1.,0.));
#4784 = PLANE('',#4785);
#4785 = AXIS2_PLACEMENT_3D('',#4786,#4787,#4788);
#4786 = CARTESIAN_POINT('',(730.,39.444444444444,0.));
#4787 = DIRECTION('',(1.,0.,-0.));
#4788 = DIRECTION('',(0.,-1.,0.));
#4789 = ADVANCED_FACE('',(#4790),#4795,.F.);
#4790 = FACE_BOUND('',#4791,.F.);
#4791 = EDGE_LOOP('',(#4792,#4793,#4794));
#4792 = ORIENTED_EDGE('',*,*,#4726,.T.);
#4793 = ORIENTED_EDGE('',*,*,#4757,.T.);
#4794 = ORIENTED_EDGE('',*,*,#4779,.T.);
#4795 = PLANE('',#4796);
#4796 = AXIS2_PLACEMENT_3D('',#4797,#4798,#4799);
#4797 = CARTESIAN_POINT('',(799.32992396218,0.,0.));
#4798 = DIRECTION('',(0.,0.,1.));
#4799 = DIRECTION('',(1.,0.,-0.));
#4800 = ADVANCED_FACE('',(#4801),#4806,.T.);
#4801 = FACE_BOUND('',#4802,.T.);
#4802 = EDGE_LOOP('',(#4803,#4804,#4805));
#4803 = ORIENTED_EDGE('',*,*,#4710,.T.);
#4804 = ORIENTED_EDGE('',*,*,#4741,.T.);
#4805 = ORIENTED_EDGE('',*,*,#4772,.T.);
#4806 = PLANE('',#4807);
#4807 = AXIS2_PLACEMENT_3D('',#4808,#4809,#4810);
#4808 = CARTESIAN_POINT('',(799.32992396218,0.,20.));
#4809 = DIRECTION('',(0.,0.,1.));
#4810 = DIRECTION('',(1.,0.,-0.));
#4811 = ( GEOMETRIC_REPRESENTATION_CONTEXT(3) 
GLOBAL_UNCERTAINTY_ASSIGNED_CONTEXT((#4815)) 
GLOBAL_UNIT_ASSIGNED_CONTEXT((#4812,#4813,#4814)) REPRESENTATION_CONTEXT
('Context #1','3D Context with UNIT and UNCERTAINTY') );
#4812 = ( LENGTH_UNIT() NAMED_UNIT(*) SI_UNIT(.MILLI.,.METRE.) );
#4813 = ( NAMED_UNIT(*) PLANE_ANGLE_UNIT() SI_UNIT($,.RADIAN.) );
#4814 = ( NAMED_UNIT(*) SI_UNIT($,.STERADIAN.) SOLID_ANGLE_UNIT() );
#4815 = UNCERTAINTY_MEASURE_WITH_UNIT(LENGTH_MEASURE(1.E-07),#4812,
  'distance_accuracy_value','confusion accuracy');
#4816 = CONTEXT_DEPENDENT_SHAPE_REPRESENTATION(#4817,#4819);
#4817 = ( REPRESENTATION_RELATIONSHIP('','',#4693,#10) 
REPRESENTATION_RELATIONSHIP_WITH_TRANSFORMATION(#4818) 
SHAPE_REPRESENTATION_RELATIONSHIP() );
#4818 = ITEM_DEFINED_TRANSFORMATION('','',#11,#115);
#4819 = PRODUCT_DEFINITION_SHAPE('Placement','Placement of an item',
  #4820);
#4820 = NEXT_ASSEMBLY_USAGE_OCCURRENCE('114',
  'TRI-MAIN-BOTTOM-06 | BottomFlat | nominal plywood 20 mm','',#5,#4688,
  $);
#4821 = PRODUCT_RELATED_PRODUCT_CATEGORY('part',$,(#4690));
#4822 = SHAPE_DEFINITION_REPRESENTATION(#4823,#4829);
#4823 = PRODUCT_DEFINITION_SHAPE('','',#4824);
#4824 = PRODUCT_DEFINITION('design','',#4825,#4828);
#4825 = PRODUCT_DEFINITION_FORMATION('','',#4826);
#4826 = PRODUCT(
  'TRI-MAIN-CHINE-PORT-06 | ChinePort | nominal plywood 20 mm',
  'TRI-MAIN-CHINE-PORT-06 | ChinePort | nominal plywood 20 mm','',(#4827
    ));
#4827 = PRODUCT_CONTEXT('',#2,'mechanical');
#4828 = PRODUCT_DEFINITION_CONTEXT('part definition',#2,'design');
#4829 = ADVANCED_BREP_SHAPE_REPRESENTATION('',(#11,#4830),#4947);
#4830 = MANIFOLD_SOLID_BREP('',#4831);
#4831 = CLOSED_SHELL('',(#4832,#4872,#4903,#4925,#4936));
#4832 = ADVANCED_FACE('',(#4833),#4867,.T.);
#4833 = FACE_BOUND('',#4834,.T.);
#4834 = EDGE_LOOP('',(#4835,#4845,#4853,#4861));
#4835 = ORIENTED_EDGE('',*,*,#4836,.T.);
#4836 = EDGE_CURVE('',#4837,#4839,#4841,.T.);
#4837 = VERTEX_POINT('',#4838);
#4838 = CARTESIAN_POINT('',(730.,-39.44444444444,0.));
#4839 = VERTEX_POINT('',#4840);
#4840 = CARTESIAN_POINT('',(728.80110416614,-34.27737225911,
    19.283775922032));
#4841 = LINE('',#4842,#4843);
#4842 = CARTESIAN_POINT('',(730.,-39.44444444444,0.));
#4843 = VECTOR('',#4844,1.);
#4844 = DIRECTION('',(-5.994479169257E-02,0.258353609267,0.964188796102)
  );
#4845 = ORIENTED_EDGE('',*,*,#4846,.T.);
#4846 = EDGE_CURVE('',#4839,#4847,#4849,.T.);
#4847 = VERTEX_POINT('',#4848);
#4848 = CARTESIAN_POINT('',(898.80110416614,5.167072185331,
    19.283775922032));
#4849 = LINE('',#4850,#4851);
#4850 = CARTESIAN_POINT('',(728.80110416614,-34.27737225911,
    19.283775922032));
#4851 = VECTOR('',#4852,1.);
#4852 = DIRECTION('',(0.974122237706,0.226021826396,0.));
#4853 = ORIENTED_EDGE('',*,*,#4854,.F.);
#4854 = EDGE_CURVE('',#4855,#4847,#4857,.T.);
#4855 = VERTEX_POINT('',#4856);
#4856 = CARTESIAN_POINT('',(900.,0.,0.));
#4857 = LINE('',#4858,#4859);
#4858 = CARTESIAN_POINT('',(900.,0.,0.));
#4859 = VECTOR('',#4860,1.);
#4860 = DIRECTION('',(-5.994479169257E-02,0.258353609267,0.964188796102)
  );
#4861 = ORIENTED_EDGE('',*,*,#4862,.F.);
#4862 = EDGE_CURVE('',#4837,#4855,#4863,.T.);
#4863 = LINE('',#4864,#4865);
#4864 = CARTESIAN_POINT('',(730.,-39.44444444444,0.));
#4865 = VECTOR('',#4866,1.);
#4866 = DIRECTION('',(0.974122237706,0.226021826396,0.));
#4867 = PLANE('',#4868);
#4868 = AXIS2_PLACEMENT_3D('',#4869,#4870,#4871);
#4869 = CARTESIAN_POINT('',(730.,-39.44444444444,0.));
#4870 = DIRECTION('',(-0.217927712685,0.939237747629,-0.265216827279));
#4871 = DIRECTION('',(0.974122237706,0.226021826396,0.));
#4872 = ADVANCED_FACE('',(#4873),#4898,.T.);
#4873 = FACE_BOUND('',#4874,.T.);
#4874 = EDGE_LOOP('',(#4875,#4876,#4884,#4892));
#4875 = ORIENTED_EDGE('',*,*,#4854,.T.);
#4876 = ORIENTED_EDGE('',*,*,#4877,.T.);
#4877 = EDGE_CURVE('',#4847,#4878,#4880,.T.);
#4878 = VERTEX_POINT('',#4879);
#4879 = CARTESIAN_POINT('',(728.80110416614,-89.27737225911,
    34.020981505744));
#4880 = LINE('',#4881,#4882);
#4881 = CARTESIAN_POINT('',(898.80110416614,5.167072185331,
    19.283775922032));
#4882 = VECTOR('',#4883,1.);
#4883 = DIRECTION('',(-0.871658049815,-0.484254472119,7.556355222835E-02
    ));
#4884 = ORIENTED_EDGE('',*,*,#4885,.F.);
#4885 = EDGE_CURVE('',#4886,#4878,#4888,.T.);
#4886 = VERTEX_POINT('',#4887);
#4887 = CARTESIAN_POINT('',(730.,-94.44444444444,14.737205583712));
#4888 = LINE('',#4889,#4890);
#4889 = CARTESIAN_POINT('',(730.,-94.44444444444,14.737205583712));
#4890 = VECTOR('',#4891,1.);
#4891 = DIRECTION('',(-5.994479169257E-02,0.258353609267,0.964188796102)
  );
#4892 = ORIENTED_EDGE('',*,*,#4893,.F.);
#4893 = EDGE_CURVE('',#4855,#4886,#4894,.T.);
#4894 = LINE('',#4895,#4896);
#4895 = CARTESIAN_POINT('',(900.,0.,0.));
#4896 = VECTOR('',#4897,1.);
#4897 = DIRECTION('',(-0.871658049815,-0.484254472119,7.556355222835E-02
    ));
#4898 = PLANE('',#4899);
#4899 = AXIS2_PLACEMENT_3D('',#4900,#4901,#4902);
#4900 = CARTESIAN_POINT('',(900.,0.,0.));
#4901 = DIRECTION('',(0.486434852927,-0.835913284265,0.254224536673));
#4902 = DIRECTION('',(-0.871658049815,-0.484254472119,7.556355222835E-02
    ));
#4903 = ADVANCED_FACE('',(#4904),#4920,.T.);
#4904 = FACE_BOUND('',#4905,.T.);
#4905 = EDGE_LOOP('',(#4906,#4907,#4913,#4914));
#4906 = ORIENTED_EDGE('',*,*,#4885,.T.);
#4907 = ORIENTED_EDGE('',*,*,#4908,.T.);
#4908 = EDGE_CURVE('',#4878,#4839,#4909,.T.);
#4909 = LINE('',#4910,#4911);
#4910 = CARTESIAN_POINT('',(728.80110416614,-89.27737225911,
    34.020981505744));
#4911 = VECTOR('',#4912,1.);
#4912 = DIRECTION('',(0.,0.965925826289,-0.258819045103));
#4913 = ORIENTED_EDGE('',*,*,#4836,.F.);
#4914 = ORIENTED_EDGE('',*,*,#4915,.F.);
#4915 = EDGE_CURVE('',#4886,#4837,#4916,.T.);
#4916 = LINE('',#4917,#4918);
#4917 = CARTESIAN_POINT('',(730.,-94.44444444444,14.737205583712));
#4918 = VECTOR('',#4919,1.);
#4919 = DIRECTION('',(0.,0.965925826289,-0.258819045103));
#4920 = PLANE('',#4921);
#4921 = AXIS2_PLACEMENT_3D('',#4922,#4923,#4924);
#4922 = CARTESIAN_POINT('',(730.,-94.44444444444,14.737205583712));
#4923 = DIRECTION('',(-0.998201694022,-1.551485374474E-02,
    -5.790222244737E-02));
#4924 = DIRECTION('',(-1.734723475977E-18,0.965925826289,-0.258819045103
    ));
#4925 = ADVANCED_FACE('',(#4926),#4931,.T.);
#4926 = FACE_BOUND('',#4927,.T.);
#4927 = EDGE_LOOP('',(#4928,#4929,#4930));
#4928 = ORIENTED_EDGE('',*,*,#4862,.T.);
#4929 = ORIENTED_EDGE('',*,*,#4893,.T.);
#4930 = ORIENTED_EDGE('',*,*,#4915,.T.);
#4931 = PLANE('',#4932);
#4932 = AXIS2_PLACEMENT_3D('',#4933,#4934,#4935);
#4933 = CARTESIAN_POINT('',(803.65166475029,-38.60248404319,
    4.353411084754));
#4934 = DIRECTION('',(5.994479169257E-02,-0.258353609267,-0.964188796102
    ));
#4935 = DIRECTION('',(1.734723475977E-18,-0.965925826289,0.258819045103)
  );
#4936 = ADVANCED_FACE('',(#4937),#4942,.F.);
#4937 = FACE_BOUND('',#4938,.F.);
#4938 = EDGE_LOOP('',(#4939,#4940,#4941));
#4939 = ORIENTED_EDGE('',*,*,#4846,.T.);
#4940 = ORIENTED_EDGE('',*,*,#4877,.T.);
#4941 = ORIENTED_EDGE('',*,*,#4908,.T.);
#4942 = PLANE('',#4943);
#4943 = AXIS2_PLACEMENT_3D('',#4944,#4945,#4946);
#4944 = CARTESIAN_POINT('',(802.45276891643,-33.43541185786,
    23.637187006787));
#4945 = DIRECTION('',(5.994479169257E-02,-0.258353609267,-0.964188796102
    ));
#4946 = DIRECTION('',(1.734723475977E-18,-0.965925826289,0.258819045103)
  );
#4947 = ( GEOMETRIC_REPRESENTATION_CONTEXT(3) 
GLOBAL_UNCERTAINTY_ASSIGNED_CONTEXT((#4951)) 
GLOBAL_UNIT_ASSIGNED_CONTEXT((#4948,#4949,#4950)) REPRESENTATION_CONTEXT
('Context #1','3D Context with UNIT and UNCERTAINTY') );
#4948 = ( LENGTH_UNIT() NAMED_UNIT(*) SI_UNIT(.MILLI.,.METRE.) );
#4949 = ( NAMED_UNIT(*) PLANE_ANGLE_UNIT() SI_UNIT($,.RADIAN.) );
#4950 = ( NAMED_UNIT(*) SI_UNIT($,.STERADIAN.) SOLID_ANGLE_UNIT() );
#4951 = UNCERTAINTY_MEASURE_WITH_UNIT(LENGTH_MEASURE(1.E-07),#4948,
  'distance_accuracy_value','confusion accuracy');
#4952 = CONTEXT_DEPENDENT_SHAPE_REPRESENTATION(#4953,#4955);
#4953 = ( REPRESENTATION_RELATIONSHIP('','',#4829,#10) 
REPRESENTATION_RELATIONSHIP_WITH_TRANSFORMATION(#4954) 
SHAPE_REPRESENTATION_RELATIONSHIP() );
#4954 = ITEM_DEFINED_TRANSFORMATION('','',#11,#119);
#4955 = PRODUCT_DEFINITION_SHAPE('Placement','Placement of an item',
  #4956);
#4956 = NEXT_ASSEMBLY_USAGE_OCCURRENCE('115',
  'TRI-MAIN-CHINE-PORT-06 | ChinePort | nominal plywood 20 mm','',#5,
  #4824,$);
#4957 = PRODUCT_RELATED_PRODUCT_CATEGORY('part',$,(#4826));
#4958 = SHAPE_DEFINITION_REPRESENTATION(#4959,#4965);
#4959 = PRODUCT_DEFINITION_SHAPE('','',#4960);
#4960 = PRODUCT_DEFINITION('design','',#4961,#4964);
#4961 = PRODUCT_DEFINITION_FORMATION('','',#4962);
#4962 = PRODUCT(
  'TRI-MAIN-CHINE-STARBOARD-06 | ChineStarboard | nominal plywood 20 mm'
  ,
  'TRI-MAIN-CHINE-STARBOARD-06 | ChineStarboard | nominal plywood 20 mm'
  ,'',(#4963));
#4963 = PRODUCT_CONTEXT('',#2,'mechanical');
#4964 = PRODUCT_DEFINITION_CONTEXT('part definition',#2,'design');
#4965 = ADVANCED_BREP_SHAPE_REPRESENTATION('',(#11,#4966),#5083);
#4966 = MANIFOLD_SOLID_BREP('',#4967);
#4967 = CLOSED_SHELL('',(#4968,#5008,#5039,#5061,#5072));
#4968 = ADVANCED_FACE('',(#4969),#5003,.T.);
#4969 = FACE_BOUND('',#4970,.T.);
#4970 = EDGE_LOOP('',(#4971,#4981,#4989,#4997));
#4971 = ORIENTED_EDGE('',*,*,#4972,.T.);
#4972 = EDGE_CURVE('',#4973,#4975,#4977,.T.);
#4973 = VERTEX_POINT('',#4974);
#4974 = CARTESIAN_POINT('',(730.,39.444444444444,0.));
#4975 = VERTEX_POINT('',#4976);
#4976 = CARTESIAN_POINT('',(728.80110416614,34.277372259113,
    19.283775922032));
#4977 = LINE('',#4978,#4979);
#4978 = CARTESIAN_POINT('',(730.,39.444444444444,0.));
#4979 = VECTOR('',#4980,1.);
#4980 = DIRECTION('',(-5.994479169257E-02,-0.258353609267,0.964188796102
    ));
#4981 = ORIENTED_EDGE('',*,*,#4982,.T.);
#4982 = EDGE_CURVE('',#4975,#4983,#4985,.T.);
#4983 = VERTEX_POINT('',#4984);
#4984 = CARTESIAN_POINT('',(728.80110416614,89.277372259113,
    34.020981505744));
#4985 = LINE('',#4986,#4987);
#4986 = CARTESIAN_POINT('',(728.80110416614,34.277372259113,
    19.283775922032));
#4987 = VECTOR('',#4988,1.);
#4988 = DIRECTION('',(0.,0.965925826289,0.258819045103));
#4989 = ORIENTED_EDGE('',*,*,#4990,.F.);
#4990 = EDGE_CURVE('',#4991,#4983,#4993,.T.);
#4991 = VERTEX_POINT('',#4992);
#4992 = CARTESIAN_POINT('',(730.,94.444444444444,14.737205583712));
#4993 = LINE('',#4994,#4995);
#4994 = CARTESIAN_POINT('',(730.,94.444444444444,14.737205583712));
#4995 = VECTOR('',#4996,1.);
#4996 = DIRECTION('',(-5.994479169257E-02,-0.258353609267,0.964188796102
    ));
#4997 = ORIENTED_EDGE('',*,*,#4998,.F.);
#4998 = EDGE_CURVE('',#4973,#4991,#4999,.T.);
#4999 = LINE('',#5000,#5001);
#5000 = CARTESIAN_POINT('',(730.,39.444444444444,0.));
#5001 = VECTOR('',#5002,1.);
#5002 = DIRECTION('',(0.,0.965925826289,0.258819045103));
#5003 = PLANE('',#5004);
#5004 = AXIS2_PLACEMENT_3D('',#5005,#5006,#5007);
#5005 = CARTESIAN_POINT('',(730.,39.444444444444,0.));
#5006 = DIRECTION('',(-0.998201694022,1.551485374474E-02,
    -5.790222244737E-02));
#5007 = DIRECTION('',(1.734723475977E-18,0.965925826289,0.258819045103)
  );
#5008 = ADVANCED_FACE('',(#5009),#5034,.T.);
#5009 = FACE_BOUND('',#5010,.T.);
#5010 = EDGE_LOOP('',(#5011,#5012,#5020,#5028));
#5011 = ORIENTED_EDGE('',*,*,#4990,.T.);
#5012 = ORIENTED_EDGE('',*,*,#5013,.T.);
#5013 = EDGE_CURVE('',#4983,#5014,#5016,.T.);
#5014 = VERTEX_POINT('',#5015);
#5015 = CARTESIAN_POINT('',(898.80110416614,-5.167072185331,
    19.283775922032));
#5016 = LINE('',#5017,#5018);
#5017 = CARTESIAN_POINT('',(728.80110416614,89.277372259113,
    34.020981505744));
#5018 = VECTOR('',#5019,1.);
#5019 = DIRECTION('',(0.871658049815,-0.484254472119,-7.556355222835E-02
    ));
#5020 = ORIENTED_EDGE('',*,*,#5021,.F.);
#5021 = EDGE_CURVE('',#5022,#5014,#5024,.T.);
#5022 = VERTEX_POINT('',#5023);
#5023 = CARTESIAN_POINT('',(900.,0.,0.));
#5024 = LINE('',#5025,#5026);
#5025 = CARTESIAN_POINT('',(900.,0.,0.));
#5026 = VECTOR('',#5027,1.);
#5027 = DIRECTION('',(-5.994479169257E-02,-0.258353609267,0.964188796102
    ));
#5028 = ORIENTED_EDGE('',*,*,#5029,.F.);
#5029 = EDGE_CURVE('',#4991,#5022,#5030,.T.);
#5030 = LINE('',#5031,#5032);
#5031 = CARTESIAN_POINT('',(730.,94.444444444444,14.737205583712));
#5032 = VECTOR('',#5033,1.);
#5033 = DIRECTION('',(0.871658049815,-0.484254472119,-7.556355222835E-02
    ));
#5034 = PLANE('',#5035);
#5035 = AXIS2_PLACEMENT_3D('',#5036,#5037,#5038);
#5036 = CARTESIAN_POINT('',(730.,94.444444444444,14.737205583712));
#5037 = DIRECTION('',(0.486434852927,0.835913284265,0.254224536673));
#5038 = DIRECTION('',(0.871658049815,-0.484254472119,-7.556355222835E-02
    ));
#5039 = ADVANCED_FACE('',(#5040),#5056,.T.);
#5040 = FACE_BOUND('',#5041,.T.);
#5041 = EDGE_LOOP('',(#5042,#5043,#5049,#5050));
#5042 = ORIENTED_EDGE('',*,*,#5021,.T.);
#5043 = ORIENTED_EDGE('',*,*,#5044,.T.);
#5044 = EDGE_CURVE('',#5014,#4975,#5045,.T.);
#5045 = LINE('',#5046,#5047);
#5046 = CARTESIAN_POINT('',(898.80110416614,-5.167072185331,
    19.283775922032));
#5047 = VECTOR('',#5048,1.);
#5048 = DIRECTION('',(-0.974122237706,0.226021826396,0.));
#5049 = ORIENTED_EDGE('',*,*,#4972,.F.);
#5050 = ORIENTED_EDGE('',*,*,#5051,.F.);
#5051 = EDGE_CURVE('',#5022,#4973,#5052,.T.);
#5052 = LINE('',#5053,#5054);
#5053 = CARTESIAN_POINT('',(900.,0.,0.));
#5054 = VECTOR('',#5055,1.);
#5055 = DIRECTION('',(-0.974122237706,0.226021826396,0.));
#5056 = PLANE('',#5057);
#5057 = AXIS2_PLACEMENT_3D('',#5058,#5059,#5060);
#5058 = CARTESIAN_POINT('',(900.,0.,0.));
#5059 = DIRECTION('',(-0.217927712685,-0.939237747629,-0.265216827279));
#5060 = DIRECTION('',(-0.974122237706,0.226021826396,0.));
#5061 = ADVANCED_FACE('',(#5062),#5067,.T.);
#5062 = FACE_BOUND('',#5063,.T.);
#5063 = EDGE_LOOP('',(#5064,#5065,#5066));
#5064 = ORIENTED_EDGE('',*,*,#4998,.T.);
#5065 = ORIENTED_EDGE('',*,*,#5029,.T.);
#5066 = ORIENTED_EDGE('',*,*,#5051,.T.);
#5067 = PLANE('',#5068);
#5068 = AXIS2_PLACEMENT_3D('',#5069,#5070,#5071);
#5069 = CARTESIAN_POINT('',(803.65166475029,38.602484043195,
    4.353411084754));
#5070 = DIRECTION('',(5.994479169257E-02,0.258353609267,-0.964188796102)
  );
#5071 = DIRECTION('',(0.,-0.965925826289,-0.258819045103));
#5072 = ADVANCED_FACE('',(#5073),#5078,.F.);
#5073 = FACE_BOUND('',#5074,.F.);
#5074 = EDGE_LOOP('',(#5075,#5076,#5077));
#5075 = ORIENTED_EDGE('',*,*,#4982,.T.);
#5076 = ORIENTED_EDGE('',*,*,#5013,.T.);
#5077 = ORIENTED_EDGE('',*,*,#5044,.T.);
#5078 = PLANE('',#5079);
#5079 = AXIS2_PLACEMENT_3D('',#5080,#5081,#5082);
#5080 = CARTESIAN_POINT('',(802.45276891643,33.435411857864,
    23.637187006787));
#5081 = DIRECTION('',(5.994479169257E-02,0.258353609267,-0.964188796102)
  );
#5082 = DIRECTION('',(0.,-0.965925826289,-0.258819045103));
#5083 = ( GEOMETRIC_REPRESENTATION_CONTEXT(3) 
GLOBAL_UNCERTAINTY_ASSIGNED_CONTEXT((#5087)) 
GLOBAL_UNIT_ASSIGNED_CONTEXT((#5084,#5085,#5086)) REPRESENTATION_CONTEXT
('Context #1','3D Context with UNIT and UNCERTAINTY') );
#5084 = ( LENGTH_UNIT() NAMED_UNIT(*) SI_UNIT(.MILLI.,.METRE.) );
#5085 = ( NAMED_UNIT(*) PLANE_ANGLE_UNIT() SI_UNIT($,.RADIAN.) );
#5086 = ( NAMED_UNIT(*) SI_UNIT($,.STERADIAN.) SOLID_ANGLE_UNIT() );
#5087 = UNCERTAINTY_MEASURE_WITH_UNIT(LENGTH_MEASURE(1.E-07),#5084,
  'distance_accuracy_value','confusion accuracy');
#5088 = CONTEXT_DEPENDENT_SHAPE_REPRESENTATION(#5089,#5091);
#5089 = ( REPRESENTATION_RELATIONSHIP('','',#4965,#10) 
REPRESENTATION_RELATIONSHIP_WITH_TRANSFORMATION(#5090) 
SHAPE_REPRESENTATION_RELATIONSHIP() );
#5090 = ITEM_DEFINED_TRANSFORMATION('','',#11,#123);
#5091 = PRODUCT_DEFINITION_SHAPE('Placement','Placement of an item',
  #5092);
#5092 = NEXT_ASSEMBLY_USAGE_OCCURRENCE('116',
  'TRI-MAIN-CHINE-STARBOARD-06 | ChineStarboard | nominal plywood 20 mm'
  ,'',#5,#4960,$);
#5093 = PRODUCT_RELATED_PRODUCT_CATEGORY('part',$,(#4962));
#5094 = SHAPE_DEFINITION_REPRESENTATION(#5095,#5101);
#5095 = PRODUCT_DEFINITION_SHAPE('','',#5096);
#5096 = PRODUCT_DEFINITION('design','',#5097,#5100);
#5097 = PRODUCT_DEFINITION_FORMATION('','',#5098);
#5098 = PRODUCT(
  'TRI-MAIN-SIDE-PORT-06 | SidePort | nominal plywood 20 mm',
  'TRI-MAIN-SIDE-PORT-06 | SidePort | nominal plywood 20 mm','',(#5099)
  );
#5099 = PRODUCT_CONTEXT('',#2,'mechanical');
#5100 = PRODUCT_DEFINITION_CONTEXT('part definition',#2,'design');
#5101 = ADVANCED_BREP_SHAPE_REPRESENTATION('',(#11,#5102),#5252);
#5102 = MANIFOLD_SOLID_BREP('',#5103);
#5103 = CLOSED_SHELL('',(#5104,#5144,#5175,#5206,#5228,#5240));
#5104 = ADVANCED_FACE('',(#5105),#5139,.T.);
#5105 = FACE_BOUND('',#5106,.T.);
#5106 = EDGE_LOOP('',(#5107,#5117,#5125,#5133));
#5107 = ORIENTED_EDGE('',*,*,#5108,.T.);
#5108 = EDGE_CURVE('',#5109,#5111,#5113,.T.);
#5109 = VERTEX_POINT('',#5110);
#5110 = CARTESIAN_POINT('',(730.,-94.44444444444,14.737205583712));
#5111 = VERTEX_POINT('',#5112);
#5112 = CARTESIAN_POINT('',(720.28714137642,-76.96129892201,
    14.737205583712));
#5113 = LINE('',#5114,#5115);
#5114 = CARTESIAN_POINT('',(730.,-94.44444444444,14.737205583712));
#5115 = VECTOR('',#5116,1.);
#5116 = DIRECTION('',(-0.485642931179,0.874157276122,-0.));
#5117 = ORIENTED_EDGE('',*,*,#5118,.T.);
#5118 = EDGE_CURVE('',#5111,#5119,#5121,.T.);
#5119 = VERTEX_POINT('',#5120);
#5120 = CARTESIAN_POINT('',(890.28714137642,17.483145522431,0.));
#5121 = LINE('',#5122,#5123);
#5122 = CARTESIAN_POINT('',(720.28714137642,-76.96129892201,
    14.737205583712));
#5123 = VECTOR('',#5124,1.);
#5124 = DIRECTION('',(0.871658049815,0.484254472119,-7.556355222835E-02)
  );
#5125 = ORIENTED_EDGE('',*,*,#5126,.F.);
#5126 = EDGE_CURVE('',#5127,#5119,#5129,.T.);
#5127 = VERTEX_POINT('',#5128);
#5128 = CARTESIAN_POINT('',(900.,0.,0.));
#5129 = LINE('',#5130,#5131);
#5130 = CARTESIAN_POINT('',(900.,0.,0.));
#5131 = VECTOR('',#5132,1.);
#5132 = DIRECTION('',(-0.485642931179,0.874157276122,-0.));
#5133 = ORIENTED_EDGE('',*,*,#5134,.F.);
#5134 = EDGE_CURVE('',#5109,#5127,#5135,.T.);
#5135 = LINE('',#5136,#5137);
#5136 = CARTESIAN_POINT('',(730.,-94.44444444444,14.737205583712));
#5137 = VECTOR('',#5138,1.);
#5138 = DIRECTION('',(0.871658049815,0.484254472119,-7.556355222835E-02)
  );
#5139 = PLANE('',#5140);
#5140 = AXIS2_PLACEMENT_3D('',#5141,#5142,#5143);
#5141 = CARTESIAN_POINT('',(730.,-94.44444444444,14.737205583712));
#5142 = DIRECTION('',(-6.605442899E-02,-3.669690499444E-02,
    -0.997140987812));
#5143 = DIRECTION('',(0.871658049815,0.484254472119,-7.556355222835E-02)
  );
#5144 = ADVANCED_FACE('',(#5145),#5170,.T.);
#5145 = FACE_BOUND('',#5146,.T.);
#5146 = EDGE_LOOP('',(#5147,#5148,#5156,#5164));
#5147 = ORIENTED_EDGE('',*,*,#5126,.T.);
#5148 = ORIENTED_EDGE('',*,*,#5149,.T.);
#5149 = EDGE_CURVE('',#5119,#5150,#5152,.T.);
#5150 = VERTEX_POINT('',#5151);
#5151 = CARTESIAN_POINT('',(890.28714137642,17.483145522431,140.));
#5152 = LINE('',#5153,#5154);
#5153 = CARTESIAN_POINT('',(890.28714137642,17.483145522431,0.));
#5154 = VECTOR('',#5155,1.);
#5155 = DIRECTION('',(0.,0.,1.));
#5156 = ORIENTED_EDGE('',*,*,#5157,.F.);
#5157 = EDGE_CURVE('',#5158,#5150,#5160,.T.);
#5158 = VERTEX_POINT('',#5159);
#5159 = CARTESIAN_POINT('',(900.,0.,140.));
#5160 = LINE('',#5161,#5162);
#5161 = CARTESIAN_POINT('',(900.,0.,140.));
#5162 = VECTOR('',#5163,1.);
#5163 = DIRECTION('',(-0.485642931179,0.874157276122,-0.));
#5164 = ORIENTED_EDGE('',*,*,#5165,.F.);
#5165 = EDGE_CURVE('',#5127,#5158,#5166,.T.);
#5166 = LINE('',#5167,#5168);
#5167 = CARTESIAN_POINT('',(900.,0.,0.));
#5168 = VECTOR('',#5169,1.);
#5169 = DIRECTION('',(0.,0.,1.));
#5170 = PLANE('',#5171);
#5171 = AXIS2_PLACEMENT_3D('',#5172,#5173,#5174);
#5172 = CARTESIAN_POINT('',(900.,0.,0.));
#5173 = DIRECTION('',(0.874157276122,0.485642931179,-0.));
#5174 = DIRECTION('',(0.,0.,1.));
#5175 = ADVANCED_FACE('',(#5176),#5201,.T.);
#5176 = FACE_BOUND('',#5177,.T.);
#5177 = EDGE_LOOP('',(#5178,#5179,#5187,#5195));
#5178 = ORIENTED_EDGE('',*,*,#5157,.T.);
#5179 = ORIENTED_EDGE('',*,*,#5180,.T.);
#5180 = EDGE_CURVE('',#5150,#5181,#5183,.T.);
#5181 = VERTEX_POINT('',#5182);
#5182 = CARTESIAN_POINT('',(720.28714137642,-76.96129892201,140.));
#5183 = LINE('',#5184,#5185);
#5184 = CARTESIAN_POINT('',(890.28714137642,17.483145522431,140.));
#5185 = VECTOR('',#5186,1.);
#5186 = DIRECTION('',(-0.874157276122,-0.485642931179,0.));
#5187 = ORIENTED_EDGE('',*,*,#5188,.F.);
#5188 = EDGE_CURVE('',#5189,#5181,#5191,.T.);
#5189 = VERTEX_POINT('',#5190);
#5190 = CARTESIAN_POINT('',(730.,-94.44444444444,140.));
#5191 = LINE('',#5192,#5193);
#5192 = CARTESIAN_POINT('',(730.,-94.44444444444,140.));
#5193 = VECTOR('',#5194,1.);
#5194 = DIRECTION('',(-0.485642931179,0.874157276122,-0.));
#5195 = ORIENTED_EDGE('',*,*,#5196,.F.);
#5196 = EDGE_CURVE('',#5158,#5189,#5197,.T.);
#5197 = LINE('',#5198,#5199);
#5198 = CARTESIAN_POINT('',(900.,0.,140.));
#5199 = VECTOR('',#5200,1.);
#5200 = DIRECTION('',(-0.874157276122,-0.485642931179,0.));
#5201 = PLANE('',#5202);
#5202 = AXIS2_PLACEMENT_3D('',#5203,#5204,#5205);
#5203 = CARTESIAN_POINT('',(900.,0.,140.));
#5204 = DIRECTION('',(0.,0.,1.));
#5205 = DIRECTION('',(-0.874157276122,-0.485642931179,0.));
#5206 = ADVANCED_FACE('',(#5207),#5223,.T.);
#5207 = FACE_BOUND('',#5208,.T.);
#5208 = EDGE_LOOP('',(#5209,#5210,#5216,#5217));
#5209 = ORIENTED_EDGE('',*,*,#5188,.T.);
#5210 = ORIENTED_EDGE('',*,*,#5211,.T.);
#5211 = EDGE_CURVE('',#5181,#5111,#5212,.T.);
#5212 = LINE('',#5213,#5214);
#5213 = CARTESIAN_POINT('',(720.28714137642,-76.96129892201,140.));
#5214 = VECTOR('',#5215,1.);
#5215 = DIRECTION('',(0.,0.,-1.));
#5216 = ORIENTED_EDGE('',*,*,#5108,.F.);
#5217 = ORIENTED_EDGE('',*,*,#5218,.F.);
#5218 = EDGE_CURVE('',#5189,#5109,#5219,.T.);
#5219 = LINE('',#5220,#5221);
#5220 = CARTESIAN_POINT('',(730.,-94.44444444444,140.));
#5221 = VECTOR('',#5222,1.);
#5222 = DIRECTION('',(0.,0.,-1.));
#5223 = PLANE('',#5224);
#5224 = AXIS2_PLACEMENT_3D('',#5225,#5226,#5227);
#5225 = CARTESIAN_POINT('',(730.,-94.44444444444,140.));
#5226 = DIRECTION('',(-0.874157276122,-0.485642931179,-0.));
#5227 = DIRECTION('',(0.,0.,-1.));
#5228 = ADVANCED_FACE('',(#5229),#5235,.T.);
#5229 = FACE_BOUND('',#5230,.T.);
#5230 = EDGE_LOOP('',(#5231,#5232,#5233,#5234));
#5231 = ORIENTED_EDGE('',*,*,#5134,.T.);
#5232 = ORIENTED_EDGE('',*,*,#5165,.T.);
#5233 = ORIENTED_EDGE('',*,*,#5196,.T.);
#5234 = ORIENTED_EDGE('',*,*,#5218,.T.);
#5235 = PLANE('',#5236);
#5236 = AXIS2_PLACEMENT_3D('',#5237,#5238,#5239);
#5237 = CARTESIAN_POINT('',(816.91314405011,-46.1593644166,
    73.544902674128));
#5238 = DIRECTION('',(0.485642931179,-0.874157276122,-0.));
#5239 = DIRECTION('',(-0.874157276122,-0.485642931179,0.));
#5240 = ADVANCED_FACE('',(#5241),#5247,.F.);
#5241 = FACE_BOUND('',#5242,.F.);
#5242 = EDGE_LOOP('',(#5243,#5244,#5245,#5246));
#5243 = ORIENTED_EDGE('',*,*,#5118,.T.);
#5244 = ORIENTED_EDGE('',*,*,#5149,.T.);
#5245 = ORIENTED_EDGE('',*,*,#5180,.T.);
#5246 = ORIENTED_EDGE('',*,*,#5211,.T.);
#5247 = PLANE('',#5248);
#5248 = AXIS2_PLACEMENT_3D('',#5249,#5250,#5251);
#5249 = CARTESIAN_POINT('',(807.20028542654,-28.67621889417,
    73.544902674128));
#5250 = DIRECTION('',(0.485642931179,-0.874157276122,-0.));
#5251 = DIRECTION('',(-0.874157276122,-0.485642931179,0.));
#5252 = ( GEOMETRIC_REPRESENTATION_CONTEXT(3) 
GLOBAL_UNCERTAINTY_ASSIGNED_CONTEXT((#5256)) 
GLOBAL_UNIT_ASSIGNED_CONTEXT((#5253,#5254,#5255)) REPRESENTATION_CONTEXT
('Context #1','3D Context with UNIT and UNCERTAINTY') );
#5253 = ( LENGTH_UNIT() NAMED_UNIT(*) SI_UNIT(.MILLI.,.METRE.) );
#5254 = ( NAMED_UNIT(*) PLANE_ANGLE_UNIT() SI_UNIT($,.RADIAN.) );
#5255 = ( NAMED_UNIT(*) SI_UNIT($,.STERADIAN.) SOLID_ANGLE_UNIT() );
#5256 = UNCERTAINTY_MEASURE_WITH_UNIT(LENGTH_MEASURE(1.E-07),#5253,
  'distance_accuracy_value','confusion accuracy');
#5257 = CONTEXT_DEPENDENT_SHAPE_REPRESENTATION(#5258,#5260);
#5258 = ( REPRESENTATION_RELATIONSHIP('','',#5101,#10) 
REPRESENTATION_RELATIONSHIP_WITH_TRANSFORMATION(#5259) 
SHAPE_REPRESENTATION_RELATIONSHIP() );
#5259 = ITEM_DEFINED_TRANSFORMATION('','',#11,#127);
#5260 = PRODUCT_DEFINITION_SHAPE('Placement','Placement of an item',
  #5261);
#5261 = NEXT_ASSEMBLY_USAGE_OCCURRENCE('117',
  'TRI-MAIN-SIDE-PORT-06 | SidePort | nominal plywood 20 mm','',#5,#5096
  ,$);
#5262 = PRODUCT_RELATED_PRODUCT_CATEGORY('part',$,(#5098));
#5263 = SHAPE_DEFINITION_REPRESENTATION(#5264,#5270);
#5264 = PRODUCT_DEFINITION_SHAPE('','',#5265);
#5265 = PRODUCT_DEFINITION('design','',#5266,#5269);
#5266 = PRODUCT_DEFINITION_FORMATION('','',#5267);
#5267 = PRODUCT(
  'TRI-MAIN-SIDE-STARBOARD-06 | SideStarboard | nominal plywood 20 mm',
  'TRI-MAIN-SIDE-STARBOARD-06 | SideStarboard | nominal plywood 20 mm',
  '',(#5268));
#5268 = PRODUCT_CONTEXT('',#2,'mechanical');
#5269 = PRODUCT_DEFINITION_CONTEXT('part definition',#2,'design');
#5270 = ADVANCED_BREP_SHAPE_REPRESENTATION('',(#11,#5271),#5421);
#5271 = MANIFOLD_SOLID_BREP('',#5272);
#5272 = CLOSED_SHELL('',(#5273,#5313,#5344,#5375,#5397,#5409));
#5273 = ADVANCED_FACE('',(#5274),#5308,.T.);
#5274 = FACE_BOUND('',#5275,.T.);
#5275 = EDGE_LOOP('',(#5276,#5286,#5294,#5302));
#5276 = ORIENTED_EDGE('',*,*,#5277,.T.);
#5277 = EDGE_CURVE('',#5278,#5280,#5282,.T.);
#5278 = VERTEX_POINT('',#5279);
#5279 = CARTESIAN_POINT('',(730.,94.444444444444,14.737205583712));
#5280 = VERTEX_POINT('',#5281);
#5281 = CARTESIAN_POINT('',(720.28714137642,76.961298922014,
    14.737205583712));
#5282 = LINE('',#5283,#5284);
#5283 = CARTESIAN_POINT('',(730.,94.444444444444,14.737205583712));
#5284 = VECTOR('',#5285,1.);
#5285 = DIRECTION('',(-0.485642931179,-0.874157276122,0.));
#5286 = ORIENTED_EDGE('',*,*,#5287,.T.);
#5287 = EDGE_CURVE('',#5280,#5288,#5290,.T.);
#5288 = VERTEX_POINT('',#5289);
#5289 = CARTESIAN_POINT('',(720.28714137642,76.961298922014,140.));
#5290 = LINE('',#5291,#5292);
#5291 = CARTESIAN_POINT('',(720.28714137642,76.961298922014,
    14.737205583712));
#5292 = VECTOR('',#5293,1.);
#5293 = DIRECTION('',(0.,0.,1.));
#5294 = ORIENTED_EDGE('',*,*,#5295,.F.);
#5295 = EDGE_CURVE('',#5296,#5288,#5298,.T.);
#5296 = VERTEX_POINT('',#5297);
#5297 = CARTESIAN_POINT('',(730.,94.444444444444,140.));
#5298 = LINE('',#5299,#5300);
#5299 = CARTESIAN_POINT('',(730.,94.444444444444,140.));
#5300 = VECTOR('',#5301,1.);
#5301 = DIRECTION('',(-0.485642931179,-0.874157276122,0.));
#5302 = ORIENTED_EDGE('',*,*,#5303,.F.);
#5303 = EDGE_CURVE('',#5278,#5296,#5304,.T.);
#5304 = LINE('',#5305,#5306);
#5305 = CARTESIAN_POINT('',(730.,94.444444444444,14.737205583712));
#5306 = VECTOR('',#5307,1.);
#5307 = DIRECTION('',(0.,0.,1.));
#5308 = PLANE('',#5309);
#5309 = AXIS2_PLACEMENT_3D('',#5310,#5311,#5312);
#5310 = CARTESIAN_POINT('',(730.,94.444444444444,14.737205583712));
#5311 = DIRECTION('',(-0.874157276122,0.485642931179,0.));
#5312 = DIRECTION('',(0.,0.,1.));
#5313 = ADVANCED_FACE('',(#5314),#5339,.T.);
#5314 = FACE_BOUND('',#5315,.T.);
#5315 = EDGE_LOOP('',(#5316,#5317,#5325,#5333));
#5316 = ORIENTED_EDGE('',*,*,#5295,.T.);
#5317 = ORIENTED_EDGE('',*,*,#5318,.T.);
#5318 = EDGE_CURVE('',#5288,#5319,#5321,.T.);
#5319 = VERTEX_POINT('',#5320);
#5320 = CARTESIAN_POINT('',(890.28714137642,-17.48314552243,140.));
#5321 = LINE('',#5322,#5323);
#5322 = CARTESIAN_POINT('',(720.28714137642,76.961298922014,140.));
#5323 = VECTOR('',#5324,1.);
#5324 = DIRECTION('',(0.874157276122,-0.485642931179,0.));
#5325 = ORIENTED_EDGE('',*,*,#5326,.F.);
#5326 = EDGE_CURVE('',#5327,#5319,#5329,.T.);
#5327 = VERTEX_POINT('',#5328);
#5328 = CARTESIAN_POINT('',(900.,0.,140.));
#5329 = LINE('',#5330,#5331);
#5330 = CARTESIAN_POINT('',(900.,0.,140.));
#5331 = VECTOR('',#5332,1.);
#5332 = DIRECTION('',(-0.485642931179,-0.874157276122,0.));
#5333 = ORIENTED_EDGE('',*,*,#5334,.F.);
#5334 = EDGE_CURVE('',#5296,#5327,#5335,.T.);
#5335 = LINE('',#5336,#5337);
#5336 = CARTESIAN_POINT('',(730.,94.444444444444,140.));
#5337 = VECTOR('',#5338,1.);
#5338 = DIRECTION('',(0.874157276122,-0.485642931179,0.));
#5339 = PLANE('',#5340);
#5340 = AXIS2_PLACEMENT_3D('',#5341,#5342,#5343);
#5341 = CARTESIAN_POINT('',(730.,94.444444444444,140.));
#5342 = DIRECTION('',(0.,0.,1.));
#5343 = DIRECTION('',(0.874157276122,-0.485642931179,0.));
#5344 = ADVANCED_FACE('',(#5345),#5370,.T.);
#5345 = FACE_BOUND('',#5346,.T.);
#5346 = EDGE_LOOP('',(#5347,#5348,#5356,#5364));
#5347 = ORIENTED_EDGE('',*,*,#5326,.T.);
#5348 = ORIENTED_EDGE('',*,*,#5349,.T.);
#5349 = EDGE_CURVE('',#5319,#5350,#5352,.T.);
#5350 = VERTEX_POINT('',#5351);
#5351 = CARTESIAN_POINT('',(890.28714137642,-17.48314552243,0.));
#5352 = LINE('',#5353,#5354);
#5353 = CARTESIAN_POINT('',(890.28714137642,-17.48314552243,140.));
#5354 = VECTOR('',#5355,1.);
#5355 = DIRECTION('',(0.,0.,-1.));
#5356 = ORIENTED_EDGE('',*,*,#5357,.F.);
#5357 = EDGE_CURVE('',#5358,#5350,#5360,.T.);
#5358 = VERTEX_POINT('',#5359);
#5359 = CARTESIAN_POINT('',(900.,0.,0.));
#5360 = LINE('',#5361,#5362);
#5361 = CARTESIAN_POINT('',(900.,0.,0.));
#5362 = VECTOR('',#5363,1.);
#5363 = DIRECTION('',(-0.485642931179,-0.874157276122,0.));
#5364 = ORIENTED_EDGE('',*,*,#5365,.F.);
#5365 = EDGE_CURVE('',#5327,#5358,#5366,.T.);
#5366 = LINE('',#5367,#5368);
#5367 = CARTESIAN_POINT('',(900.,0.,140.));
#5368 = VECTOR('',#5369,1.);
#5369 = DIRECTION('',(0.,0.,-1.));
#5370 = PLANE('',#5371);
#5371 = AXIS2_PLACEMENT_3D('',#5372,#5373,#5374);
#5372 = CARTESIAN_POINT('',(900.,0.,140.));
#5373 = DIRECTION('',(0.874157276122,-0.485642931179,0.));
#5374 = DIRECTION('',(0.,0.,-1.));
#5375 = ADVANCED_FACE('',(#5376),#5392,.T.);
#5376 = FACE_BOUND('',#5377,.T.);
#5377 = EDGE_LOOP('',(#5378,#5379,#5385,#5386));
#5378 = ORIENTED_EDGE('',*,*,#5357,.T.);
#5379 = ORIENTED_EDGE('',*,*,#5380,.T.);
#5380 = EDGE_CURVE('',#5350,#5280,#5381,.T.);
#5381 = LINE('',#5382,#5383);
#5382 = CARTESIAN_POINT('',(890.28714137642,-17.48314552243,0.));
#5383 = VECTOR('',#5384,1.);
#5384 = DIRECTION('',(-0.871658049815,0.484254472119,7.556355222835E-02)
  );
#5385 = ORIENTED_EDGE('',*,*,#5277,.F.);
#5386 = ORIENTED_EDGE('',*,*,#5387,.F.);
#5387 = EDGE_CURVE('',#5358,#5278,#5388,.T.);
#5388 = LINE('',#5389,#5390);
#5389 = CARTESIAN_POINT('',(900.,0.,0.));
#5390 = VECTOR('',#5391,1.);
#5391 = DIRECTION('',(-0.871658049815,0.484254472119,7.556355222835E-02)
  );
#5392 = PLANE('',#5393);
#5393 = AXIS2_PLACEMENT_3D('',#5394,#5395,#5396);
#5394 = CARTESIAN_POINT('',(900.,0.,0.));
#5395 = DIRECTION('',(-6.605442899E-02,3.669690499444E-02,
    -0.997140987812));
#5396 = DIRECTION('',(-0.871658049815,0.484254472119,7.556355222835E-02)
  );
#5397 = ADVANCED_FACE('',(#5398),#5404,.T.);
#5398 = FACE_BOUND('',#5399,.T.);
#5399 = EDGE_LOOP('',(#5400,#5401,#5402,#5403));
#5400 = ORIENTED_EDGE('',*,*,#5303,.T.);
#5401 = ORIENTED_EDGE('',*,*,#5334,.T.);
#5402 = ORIENTED_EDGE('',*,*,#5365,.T.);
#5403 = ORIENTED_EDGE('',*,*,#5387,.T.);
#5404 = PLANE('',#5405);
#5405 = AXIS2_PLACEMENT_3D('',#5406,#5407,#5408);
#5406 = CARTESIAN_POINT('',(816.91314405011,46.159364416603,
    73.544902674128));
#5407 = DIRECTION('',(0.485642931179,0.874157276122,0.));
#5408 = DIRECTION('',(0.874157276122,-0.485642931179,0.));
#5409 = ADVANCED_FACE('',(#5410),#5416,.F.);
#5410 = FACE_BOUND('',#5411,.F.);
#5411 = EDGE_LOOP('',(#5412,#5413,#5414,#5415));
#5412 = ORIENTED_EDGE('',*,*,#5287,.T.);
#5413 = ORIENTED_EDGE('',*,*,#5318,.T.);
#5414 = ORIENTED_EDGE('',*,*,#5349,.T.);
#5415 = ORIENTED_EDGE('',*,*,#5380,.T.);
#5416 = PLANE('',#5417);
#5417 = AXIS2_PLACEMENT_3D('',#5418,#5419,#5420);
#5418 = CARTESIAN_POINT('',(807.20028542654,28.676218894172,
    73.544902674128));
#5419 = DIRECTION('',(0.485642931179,0.874157276122,0.));
#5420 = DIRECTION('',(0.874157276122,-0.485642931179,0.));
#5421 = ( GEOMETRIC_REPRESENTATION_CONTEXT(3) 
GLOBAL_UNCERTAINTY_ASSIGNED_CONTEXT((#5425)) 
GLOBAL_UNIT_ASSIGNED_CONTEXT((#5422,#5423,#5424)) REPRESENTATION_CONTEXT
('Context #1','3D Context with UNIT and UNCERTAINTY') );
#5422 = ( LENGTH_UNIT() NAMED_UNIT(*) SI_UNIT(.MILLI.,.METRE.) );
#5423 = ( NAMED_UNIT(*) PLANE_ANGLE_UNIT() SI_UNIT($,.RADIAN.) );
#5424 = ( NAMED_UNIT(*) SI_UNIT($,.STERADIAN.) SOLID_ANGLE_UNIT() );
#5425 = UNCERTAINTY_MEASURE_WITH_UNIT(LENGTH_MEASURE(1.E-07),#5422,
  'distance_accuracy_value','confusion accuracy');
#5426 = CONTEXT_DEPENDENT_SHAPE_REPRESENTATION(#5427,#5429);
#5427 = ( REPRESENTATION_RELATIONSHIP('','',#5270,#10) 
REPRESENTATION_RELATIONSHIP_WITH_TRANSFORMATION(#5428) 
SHAPE_REPRESENTATION_RELATIONSHIP() );
#5428 = ITEM_DEFINED_TRANSFORMATION('','',#11,#131);
#5429 = PRODUCT_DEFINITION_SHAPE('Placement','Placement of an item',
  #5430);
#5430 = NEXT_ASSEMBLY_USAGE_OCCURRENCE('118',
  'TRI-MAIN-SIDE-STARBOARD-06 | SideStarboard | nominal plywood 20 mm',
  '',#5,#5265,$);
#5431 = PRODUCT_RELATED_PRODUCT_CATEGORY('part',$,(#5267));
#5432 = SHAPE_DEFINITION_REPRESENTATION(#5433,#5439);
#5433 = PRODUCT_DEFINITION_SHAPE('','',#5434);
#5434 = PRODUCT_DEFINITION('design','',#5435,#5438);
#5435 = PRODUCT_DEFINITION_FORMATION('','',#5436);
#5436 = PRODUCT('TRI-MAIN-TRANSOM-01 | Transom | nominal plywood 20 mm',
  'TRI-MAIN-TRANSOM-01 | Transom | nominal plywood 20 mm','',(#5437));
#5437 = PRODUCT_CONTEXT('',#2,'mechanical');
#5438 = PRODUCT_DEFINITION_CONTEXT('part definition',#2,'design');
#5439 = ADVANCED_BREP_SHAPE_REPRESENTATION('',(#11,#5440),#5656);
#5440 = MANIFOLD_SOLID_BREP('',#5441);
#5441 = CLOSED_SHELL('',(#5442,#5482,#5513,#5544,#5575,#5606,#5628,#5642
    ));
#5442 = ADVANCED_FACE('',(#5443),#5477,.F.);
#5443 = FACE_BOUND('',#5444,.F.);
#5444 = EDGE_LOOP('',(#5445,#5455,#5463,#5471));
#5445 = ORIENTED_EDGE('',*,*,#5446,.T.);
#5446 = EDGE_CURVE('',#5447,#5449,#5451,.T.);
#5447 = VERTEX_POINT('',#5448);
#5448 = CARTESIAN_POINT('',(0.,-95.,0.));
#5449 = VERTEX_POINT('',#5450);
#5450 = CARTESIAN_POINT('',(20.,-95.,0.));
#5451 = LINE('',#5452,#5453);
#5452 = CARTESIAN_POINT('',(0.,-95.,0.));
#5453 = VECTOR('',#5454,1.);
#5454 = DIRECTION('',(1.,0.,0.));
#5455 = ORIENTED_EDGE('',*,*,#5456,.T.);
#5456 = EDGE_CURVE('',#5449,#5457,#5459,.T.);
#5457 = VERTEX_POINT('',#5458);
#5458 = CARTESIAN_POINT('',(20.,95.,0.));
#5459 = LINE('',#5460,#5461);
#5460 = CARTESIAN_POINT('',(20.,-95.,0.));
#5461 = VECTOR('',#5462,1.);
#5462 = DIRECTION('',(0.,1.,0.));
#5463 = ORIENTED_EDGE('',*,*,#5464,.F.);
#5464 = EDGE_CURVE('',#5465,#5457,#5467,.T.);
#5465 = VERTEX_POINT('',#5466);
#5466 = CARTESIAN_POINT('',(0.,95.,0.));
#5467 = LINE('',#5468,#5469);
#5468 = CARTESIAN_POINT('',(0.,95.,0.));
#5469 = VECTOR('',#5470,1.);
#5470 = DIRECTION('',(1.,0.,0.));
#5471 = ORIENTED_EDGE('',*,*,#5472,.F.);
#5472 = EDGE_CURVE('',#5447,#5465,#5473,.T.);
#5473 = LINE('',#5474,#5475);
#5474 = CARTESIAN_POINT('',(0.,-95.,0.));
#5475 = VECTOR('',#5476,1.);
#5476 = DIRECTION('',(0.,1.,0.));
#5477 = PLANE('',#5478);
#5478 = AXIS2_PLACEMENT_3D('',#5479,#5480,#5481);
#5479 = CARTESIAN_POINT('',(0.,-95.,0.));
#5480 = DIRECTION('',(0.,0.,1.));
#5481 = DIRECTION('',(0.,1.,0.));
#5482 = ADVANCED_FACE('',(#5483),#5508,.F.);
#5483 = FACE_BOUND('',#5484,.F.);
#5484 = EDGE_LOOP('',(#5485,#5486,#5494,#5502));
#5485 = ORIENTED_EDGE('',*,*,#5464,.T.);
#5486 = ORIENTED_EDGE('',*,*,#5487,.T.);
#5487 = EDGE_CURVE('',#5457,#5488,#5490,.T.);
#5488 = VERTEX_POINT('',#5489);
#5489 = CARTESIAN_POINT('',(20.,150.,14.737205583712));
#5490 = LINE('',#5491,#5492);
#5491 = CARTESIAN_POINT('',(20.,95.,0.));
#5492 = VECTOR('',#5493,1.);
#5493 = DIRECTION('',(0.,0.965925826289,0.258819045103));
#5494 = ORIENTED_EDGE('',*,*,#5495,.F.);
#5495 = EDGE_CURVE('',#5496,#5488,#5498,.T.);
#5496 = VERTEX_POINT('',#5497);
#5497 = CARTESIAN_POINT('',(0.,150.,14.737205583712));
#5498 = LINE('',#5499,#5500);
#5499 = CARTESIAN_POINT('',(0.,150.,14.737205583712));
#5500 = VECTOR('',#5501,1.);
#5501 = DIRECTION('',(1.,0.,0.));
#5502 = ORIENTED_EDGE('',*,*,#5503,.F.);
#5503 = EDGE_CURVE('',#5465,#5496,#5504,.T.);
#5504 = LINE('',#5505,#5506);
#5505 = CARTESIAN_POINT('',(0.,95.,0.));
#5506 = VECTOR('',#5507,1.);
#5507 = DIRECTION('',(0.,0.965925826289,0.258819045103));
#5508 = PLANE('',#5509);
#5509 = AXIS2_PLACEMENT_3D('',#5510,#5511,#5512);
#5510 = CARTESIAN_POINT('',(0.,95.,0.));
#5511 = DIRECTION('',(0.,-0.258819045103,0.965925826289));
#5512 = DIRECTION('',(0.,0.965925826289,0.258819045103));
#5513 = ADVANCED_FACE('',(#5514),#5539,.F.);
#5514 = FACE_BOUND('',#5515,.F.);
#5515 = EDGE_LOOP('',(#5516,#5517,#5525,#5533));
#5516 = ORIENTED_EDGE('',*,*,#5495,.T.);
#5517 = ORIENTED_EDGE('',*,*,#5518,.T.);
#5518 = EDGE_CURVE('',#5488,#5519,#5521,.T.);
#5519 = VERTEX_POINT('',#5520);
#5520 = CARTESIAN_POINT('',(20.,150.,140.));
#5521 = LINE('',#5522,#5523);
#5522 = CARTESIAN_POINT('',(20.,150.,14.737205583712));
#5523 = VECTOR('',#5524,1.);
#5524 = DIRECTION('',(0.,0.,1.));
#5525 = ORIENTED_EDGE('',*,*,#5526,.F.);
#5526 = EDGE_CURVE('',#5527,#5519,#5529,.T.);
#5527 = VERTEX_POINT('',#5528);
#5528 = CARTESIAN_POINT('',(0.,150.,140.));
#5529 = LINE('',#5530,#5531);
#5530 = CARTESIAN_POINT('',(0.,150.,140.));
#5531 = VECTOR('',#5532,1.);
#5532 = DIRECTION('',(1.,0.,0.));
#5533 = ORIENTED_EDGE('',*,*,#5534,.F.);
#5534 = EDGE_CURVE('',#5496,#5527,#5535,.T.);
#5535 = LINE('',#5536,#5537);
#5536 = CARTESIAN_POINT('',(0.,150.,14.737205583712));
#5537 = VECTOR('',#5538,1.);
#5538 = DIRECTION('',(0.,0.,1.));
#5539 = PLANE('',#5540);
#5540 = AXIS2_PLACEMENT_3D('',#5541,#5542,#5543);
#5541 = CARTESIAN_POINT('',(0.,150.,14.737205583712));
#5542 = DIRECTION('',(0.,-1.,0.));
#5543 = DIRECTION('',(0.,0.,1.));
#5544 = ADVANCED_FACE('',(#5545),#5570,.F.);
#5545 = FACE_BOUND('',#5546,.F.);
#5546 = EDGE_LOOP('',(#5547,#5548,#5556,#5564));
#5547 = ORIENTED_EDGE('',*,*,#5526,.T.);
#5548 = ORIENTED_EDGE('',*,*,#5549,.T.);
#5549 = EDGE_CURVE('',#5519,#5550,#5552,.T.);
#5550 = VERTEX_POINT('',#5551);
#5551 = CARTESIAN_POINT('',(20.,-150.,140.));
#5552 = LINE('',#5553,#5554);
#5553 = CARTESIAN_POINT('',(20.,150.,140.));
#5554 = VECTOR('',#5555,1.);
#5555 = DIRECTION('',(0.,-1.,0.));
#5556 = ORIENTED_EDGE('',*,*,#5557,.F.);
#5557 = EDGE_CURVE('',#5558,#5550,#5560,.T.);
#5558 = VERTEX_POINT('',#5559);
#5559 = CARTESIAN_POINT('',(0.,-150.,140.));
#5560 = LINE('',#5561,#5562);
#5561 = CARTESIAN_POINT('',(0.,-150.,140.));
#5562 = VECTOR('',#5563,1.);
#5563 = DIRECTION('',(1.,0.,0.));
#5564 = ORIENTED_EDGE('',*,*,#5565,.F.);
#5565 = EDGE_CURVE('',#5527,#5558,#5566,.T.);
#5566 = LINE('',#5567,#5568);
#5567 = CARTESIAN_POINT('',(0.,150.,140.));
#5568 = VECTOR('',#5569,1.);
#5569 = DIRECTION('',(0.,-1.,0.));
#5570 = PLANE('',#5571);
#5571 = AXIS2_PLACEMENT_3D('',#5572,#5573,#5574);
#5572 = CARTESIAN_POINT('',(0.,150.,140.));
#5573 = DIRECTION('',(0.,0.,-1.));
#5574 = DIRECTION('',(0.,-1.,0.));
#5575 = ADVANCED_FACE('',(#5576),#5601,.F.);
#5576 = FACE_BOUND('',#5577,.F.);
#5577 = EDGE_LOOP('',(#5578,#5579,#5587,#5595));
#5578 = ORIENTED_EDGE('',*,*,#5557,.T.);
#5579 = ORIENTED_EDGE('',*,*,#5580,.T.);
#5580 = EDGE_CURVE('',#5550,#5581,#5583,.T.);
#5581 = VERTEX_POINT('',#5582);
#5582 = CARTESIAN_POINT('',(20.,-150.,14.737205583712));
#5583 = LINE('',#5584,#5585);
#5584 = CARTESIAN_POINT('',(20.,-150.,140.));
#5585 = VECTOR('',#5586,1.);
#5586 = DIRECTION('',(0.,0.,-1.));
#5587 = ORIENTED_EDGE('',*,*,#5588,.F.);
#5588 = EDGE_CURVE('',#5589,#5581,#5591,.T.);
#5589 = VERTEX_POINT('',#5590);
#5590 = CARTESIAN_POINT('',(0.,-150.,14.737205583712));
#5591 = LINE('',#5592,#5593);
#5592 = CARTESIAN_POINT('',(0.,-150.,14.737205583712));
#5593 = VECTOR('',#5594,1.);
#5594 = DIRECTION('',(1.,0.,0.));
#5595 = ORIENTED_EDGE('',*,*,#5596,.F.);
#5596 = EDGE_CURVE('',#5558,#5589,#5597,.T.);
#5597 = LINE('',#5598,#5599);
#5598 = CARTESIAN_POINT('',(0.,-150.,140.));
#5599 = VECTOR('',#5600,1.);
#5600 = DIRECTION('',(0.,0.,-1.));
#5601 = PLANE('',#5602);
#5602 = AXIS2_PLACEMENT_3D('',#5603,#5604,#5605);
#5603 = CARTESIAN_POINT('',(0.,-150.,140.));
#5604 = DIRECTION('',(-0.,1.,0.));
#5605 = DIRECTION('',(0.,0.,-1.));
#5606 = ADVANCED_FACE('',(#5607),#5623,.F.);
#5607 = FACE_BOUND('',#5608,.F.);
#5608 = EDGE_LOOP('',(#5609,#5610,#5616,#5617));
#5609 = ORIENTED_EDGE('',*,*,#5588,.T.);
#5610 = ORIENTED_EDGE('',*,*,#5611,.T.);
#5611 = EDGE_CURVE('',#5581,#5449,#5612,.T.);
#5612 = LINE('',#5613,#5614);
#5613 = CARTESIAN_POINT('',(20.,-150.,14.737205583712));
#5614 = VECTOR('',#5615,1.);
#5615 = DIRECTION('',(0.,0.965925826289,-0.258819045103));
#5616 = ORIENTED_EDGE('',*,*,#5446,.F.);
#5617 = ORIENTED_EDGE('',*,*,#5618,.F.);
#5618 = EDGE_CURVE('',#5589,#5447,#5619,.T.);
#5619 = LINE('',#5620,#5621);
#5620 = CARTESIAN_POINT('',(0.,-150.,14.737205583712));
#5621 = VECTOR('',#5622,1.);
#5622 = DIRECTION('',(0.,0.965925826289,-0.258819045103));
#5623 = PLANE('',#5624);
#5624 = AXIS2_PLACEMENT_3D('',#5625,#5626,#5627);
#5625 = CARTESIAN_POINT('',(0.,-150.,14.737205583712));
#5626 = DIRECTION('',(-0.,0.258819045103,0.965925826289));
#5627 = DIRECTION('',(0.,0.965925826289,-0.258819045103));
#5628 = ADVANCED_FACE('',(#5629),#5637,.F.);
#5629 = FACE_BOUND('',#5630,.F.);
#5630 = EDGE_LOOP('',(#5631,#5632,#5633,#5634,#5635,#5636));
#5631 = ORIENTED_EDGE('',*,*,#5472,.T.);
#5632 = ORIENTED_EDGE('',*,*,#5503,.T.);
#5633 = ORIENTED_EDGE('',*,*,#5534,.T.);
#5634 = ORIENTED_EDGE('',*,*,#5565,.T.);
#5635 = ORIENTED_EDGE('',*,*,#5596,.T.);
#5636 = ORIENTED_EDGE('',*,*,#5618,.T.);
#5637 = PLANE('',#5638);
#5638 = AXIS2_PLACEMENT_3D('',#5639,#5640,#5641);
#5639 = CARTESIAN_POINT('',(0.,4.790142283664E-15,72.824812018513));
#5640 = DIRECTION('',(1.,0.,0.));
#5641 = DIRECTION('',(-0.,0.,1.));
#5642 = ADVANCED_FACE('',(#5643),#5651,.T.);
#5643 = FACE_BOUND('',#5644,.T.);
#5644 = EDGE_LOOP('',(#5645,#5646,#5647,#5648,#5649,#5650));
#5645 = ORIENTED_EDGE('',*,*,#5456,.T.);
#5646 = ORIENTED_EDGE('',*,*,#5487,.T.);
#5647 = ORIENTED_EDGE('',*,*,#5518,.T.);
#5648 = ORIENTED_EDGE('',*,*,#5549,.T.);
#5649 = ORIENTED_EDGE('',*,*,#5580,.T.);
#5650 = ORIENTED_EDGE('',*,*,#5611,.T.);
#5651 = PLANE('',#5652);
#5652 = AXIS2_PLACEMENT_3D('',#5653,#5654,#5655);
#5653 = CARTESIAN_POINT('',(20.,4.790142283664E-15,72.824812018513));
#5654 = DIRECTION('',(1.,0.,0.));
#5655 = DIRECTION('',(-0.,0.,1.));
#5656 = ( GEOMETRIC_REPRESENTATION_CONTEXT(3) 
GLOBAL_UNCERTAINTY_ASSIGNED_CONTEXT((#5660)) 
GLOBAL_UNIT_ASSIGNED_CONTEXT((#5657,#5658,#5659)) REPRESENTATION_CONTEXT
('Context #1','3D Context with UNIT and UNCERTAINTY') );
#5657 = ( LENGTH_UNIT() NAMED_UNIT(*) SI_UNIT(.MILLI.,.METRE.) );
#5658 = ( NAMED_UNIT(*) PLANE_ANGLE_UNIT() SI_UNIT($,.RADIAN.) );
#5659 = ( NAMED_UNIT(*) SI_UNIT($,.STERADIAN.) SOLID_ANGLE_UNIT() );
#5660 = UNCERTAINTY_MEASURE_WITH_UNIT(LENGTH_MEASURE(1.E-07),#5657,
  'distance_accuracy_value','confusion accuracy');
#5661 = CONTEXT_DEPENDENT_SHAPE_REPRESENTATION(#5662,#5664);
#5662 = ( REPRESENTATION_RELATIONSHIP('','',#5439,#10) 
REPRESENTATION_RELATIONSHIP_WITH_TRANSFORMATION(#5663) 
SHAPE_REPRESENTATION_RELATIONSHIP() );
#5663 = ITEM_DEFINED_TRANSFORMATION('','',#11,#135);
#5664 = PRODUCT_DEFINITION_SHAPE('Placement','Placement of an item',
  #5665);
#5665 = NEXT_ASSEMBLY_USAGE_OCCURRENCE('119',
  'TRI-MAIN-TRANSOM-01 | Transom | nominal plywood 20 mm','',#5,#5434,$
  );
#5666 = PRODUCT_RELATED_PRODUCT_CATEGORY('part',$,(#5436));
#5667 = SHAPE_DEFINITION_REPRESENTATION(#5668,#5674);
#5668 = PRODUCT_DEFINITION_SHAPE('','',#5669);
#5669 = PRODUCT_DEFINITION('design','',#5670,#5673);
#5670 = PRODUCT_DEFINITION_FORMATION('','',#5671);
#5671 = PRODUCT(
  'TRI-MAIN-BULKHEAD-01 | Bulkhead | nominal plywood 20 mm',
  'TRI-MAIN-BULKHEAD-01 | Bulkhead | nominal plywood 20 mm','',(#5672));
#5672 = PRODUCT_CONTEXT('',#2,'mechanical');
#5673 = PRODUCT_DEFINITION_CONTEXT('part definition',#2,'design');
#5674 = ADVANCED_BREP_SHAPE_REPRESENTATION('',(#11,#5675),#5891);
#5675 = MANIFOLD_SOLID_BREP('',#5676);
#5676 = CLOSED_SHELL('',(#5677,#5717,#5748,#5779,#5810,#5841,#5863,#5877
    ));
#5677 = ADVANCED_FACE('',(#5678),#5712,.F.);
#5678 = FACE_BOUND('',#5679,.F.);
#5679 = EDGE_LOOP('',(#5680,#5690,#5698,#5706));
#5680 = ORIENTED_EDGE('',*,*,#5681,.T.);
#5681 = EDGE_CURVE('',#5682,#5684,#5686,.T.);
#5682 = VERTEX_POINT('',#5683);
#5683 = CARTESIAN_POINT('',(50.,-95.,0.));
#5684 = VERTEX_POINT('',#5685);
#5685 = CARTESIAN_POINT('',(70.,-95.,0.));
#5686 = LINE('',#5687,#5688);
#5687 = CARTESIAN_POINT('',(50.,-95.,0.));
#5688 = VECTOR('',#5689,1.);
#5689 = DIRECTION('',(1.,0.,0.));
#5690 = ORIENTED_EDGE('',*,*,#5691,.T.);
#5691 = EDGE_CURVE('',#5684,#5692,#5694,.T.);
#5692 = VERTEX_POINT('',#5693);
#5693 = CARTESIAN_POINT('',(70.,95.,0.));
#5694 = LINE('',#5695,#5696);
#5695 = CARTESIAN_POINT('',(70.,-95.,0.));
#5696 = VECTOR('',#5697,1.);
#5697 = DIRECTION('',(0.,1.,0.));
#5698 = ORIENTED_EDGE('',*,*,#5699,.F.);
#5699 = EDGE_CURVE('',#5700,#5692,#5702,.T.);
#5700 = VERTEX_POINT('',#5701);
#5701 = CARTESIAN_POINT('',(50.,95.,0.));
#5702 = LINE('',#5703,#5704);
#5703 = CARTESIAN_POINT('',(50.,95.,0.));
#5704 = VECTOR('',#5705,1.);
#5705 = DIRECTION('',(1.,0.,0.));
#5706 = ORIENTED_EDGE('',*,*,#5707,.F.);
#5707 = EDGE_CURVE('',#5682,#5700,#5708,.T.);
#5708 = LINE('',#5709,#5710);
#5709 = CARTESIAN_POINT('',(50.,-95.,0.));
#5710 = VECTOR('',#5711,1.);
#5711 = DIRECTION('',(0.,1.,0.));
#5712 = PLANE('',#5713);
#5713 = AXIS2_PLACEMENT_3D('',#5714,#5715,#5716);
#5714 = CARTESIAN_POINT('',(50.,-95.,0.));
#5715 = DIRECTION('',(0.,0.,1.));
#5716 = DIRECTION('',(0.,1.,0.));
#5717 = ADVANCED_FACE('',(#5718),#5743,.F.);
#5718 = FACE_BOUND('',#5719,.F.);
#5719 = EDGE_LOOP('',(#5720,#5721,#5729,#5737));
#5720 = ORIENTED_EDGE('',*,*,#5699,.T.);
#5721 = ORIENTED_EDGE('',*,*,#5722,.T.);
#5722 = EDGE_CURVE('',#5692,#5723,#5725,.T.);
#5723 = VERTEX_POINT('',#5724);
#5724 = CARTESIAN_POINT('',(70.,150.,14.737205583712));
#5725 = LINE('',#5726,#5727);
#5726 = CARTESIAN_POINT('',(70.,95.,0.));
#5727 = VECTOR('',#5728,1.);
#5728 = DIRECTION('',(0.,0.965925826289,0.258819045103));
#5729 = ORIENTED_EDGE('',*,*,#5730,.F.);
#5730 = EDGE_CURVE('',#5731,#5723,#5733,.T.);
#5731 = VERTEX_POINT('',#5732);
#5732 = CARTESIAN_POINT('',(50.,150.,14.737205583712));
#5733 = LINE('',#5734,#5735);
#5734 = CARTESIAN_POINT('',(50.,150.,14.737205583712));
#5735 = VECTOR('',#5736,1.);
#5736 = DIRECTION('',(1.,0.,0.));
#5737 = ORIENTED_EDGE('',*,*,#5738,.F.);
#5738 = EDGE_CURVE('',#5700,#5731,#5739,.T.);
#5739 = LINE('',#5740,#5741);
#5740 = CARTESIAN_POINT('',(50.,95.,0.));
#5741 = VECTOR('',#5742,1.);
#5742 = DIRECTION('',(0.,0.965925826289,0.258819045103));
#5743 = PLANE('',#5744);
#5744 = AXIS2_PLACEMENT_3D('',#5745,#5746,#5747);
#5745 = CARTESIAN_POINT('',(50.,95.,0.));
#5746 = DIRECTION('',(0.,-0.258819045103,0.965925826289));
#5747 = DIRECTION('',(0.,0.965925826289,0.258819045103));
#5748 = ADVANCED_FACE('',(#5749),#5774,.F.);
#5749 = FACE_BOUND('',#5750,.F.);
#5750 = EDGE_LOOP('',(#5751,#5752,#5760,#5768));
#5751 = ORIENTED_EDGE('',*,*,#5730,.T.);
#5752 = ORIENTED_EDGE('',*,*,#5753,.T.);
#5753 = EDGE_CURVE('',#5723,#5754,#5756,.T.);
#5754 = VERTEX_POINT('',#5755);
#5755 = CARTESIAN_POINT('',(70.,150.,120.));
#5756 = LINE('',#5757,#5758);
#5757 = CARTESIAN_POINT('',(70.,150.,14.737205583712));
#5758 = VECTOR('',#5759,1.);
#5759 = DIRECTION('',(0.,0.,1.));
#5760 = ORIENTED_EDGE('',*,*,#5761,.F.);
#5761 = EDGE_CURVE('',#5762,#5754,#5764,.T.);
#5762 = VERTEX_POINT('',#5763);
#5763 = CARTESIAN_POINT('',(50.,150.,120.));
#5764 = LINE('',#5765,#5766);
#5765 = CARTESIAN_POINT('',(50.,150.,120.));
#5766 = VECTOR('',#5767,1.);
#5767 = DIRECTION('',(1.,0.,0.));
#5768 = ORIENTED_EDGE('',*,*,#5769,.F.);
#5769 = EDGE_CURVE('',#5731,#5762,#5770,.T.);
#5770 = LINE('',#5771,#5772);
#5771 = CARTESIAN_POINT('',(50.,150.,14.737205583712));
#5772 = VECTOR('',#5773,1.);
#5773 = DIRECTION('',(0.,0.,1.));
#5774 = PLANE('',#5775);
#5775 = AXIS2_PLACEMENT_3D('',#5776,#5777,#5778);
#5776 = CARTESIAN_POINT('',(50.,150.,14.737205583712));
#5777 = DIRECTION('',(0.,-1.,0.));
#5778 = DIRECTION('',(0.,0.,1.));
#5779 = ADVANCED_FACE('',(#5780),#5805,.F.);
#5780 = FACE_BOUND('',#5781,.F.);
#5781 = EDGE_LOOP('',(#5782,#5783,#5791,#5799));
#5782 = ORIENTED_EDGE('',*,*,#5761,.T.);
#5783 = ORIENTED_EDGE('',*,*,#5784,.T.);
#5784 = EDGE_CURVE('',#5754,#5785,#5787,.T.);
#5785 = VERTEX_POINT('',#5786);
#5786 = CARTESIAN_POINT('',(70.,-150.,120.));
#5787 = LINE('',#5788,#5789);
#5788 = CARTESIAN_POINT('',(70.,150.,120.));
#5789 = VECTOR('',#5790,1.);
#5790 = DIRECTION('',(0.,-1.,0.));
#5791 = ORIENTED_EDGE('',*,*,#5792,.F.);
#5792 = EDGE_CURVE('',#5793,#5785,#5795,.T.);
#5793 = VERTEX_POINT('',#5794);
#5794 = CARTESIAN_POINT('',(50.,-150.,120.));
#5795 = LINE('',#5796,#5797);
#5796 = CARTESIAN_POINT('',(50.,-150.,120.));
#5797 = VECTOR('',#5798,1.);
#5798 = DIRECTION('',(1.,0.,0.));
#5799 = ORIENTED_EDGE('',*,*,#5800,.F.);
#5800 = EDGE_CURVE('',#5762,#5793,#5801,.T.);
#5801 = LINE('',#5802,#5803);
#5802 = CARTESIAN_POINT('',(50.,150.,120.));
#5803 = VECTOR('',#5804,1.);
#5804 = DIRECTION('',(0.,-1.,0.));
#5805 = PLANE('',#5806);
#5806 = AXIS2_PLACEMENT_3D('',#5807,#5808,#5809);
#5807 = CARTESIAN_POINT('',(50.,150.,120.));
#5808 = DIRECTION('',(0.,0.,-1.));
#5809 = DIRECTION('',(0.,-1.,0.));
#5810 = ADVANCED_FACE('',(#5811),#5836,.F.);
#5811 = FACE_BOUND('',#5812,.F.);
#5812 = EDGE_LOOP('',(#5813,#5814,#5822,#5830));
#5813 = ORIENTED_EDGE('',*,*,#5792,.T.);
#5814 = ORIENTED_EDGE('',*,*,#5815,.T.);
#5815 = EDGE_CURVE('',#5785,#5816,#5818,.T.);
#5816 = VERTEX_POINT('',#5817);
#5817 = CARTESIAN_POINT('',(70.,-150.,14.737205583712));
#5818 = LINE('',#5819,#5820);
#5819 = CARTESIAN_POINT('',(70.,-150.,120.));
#5820 = VECTOR('',#5821,1.);
#5821 = DIRECTION('',(0.,0.,-1.));
#5822 = ORIENTED_EDGE('',*,*,#5823,.F.);
#5823 = EDGE_CURVE('',#5824,#5816,#5826,.T.);
#5824 = VERTEX_POINT('',#5825);
#5825 = CARTESIAN_POINT('',(50.,-150.,14.737205583712));
#5826 = LINE('',#5827,#5828);
#5827 = CARTESIAN_POINT('',(50.,-150.,14.737205583712));
#5828 = VECTOR('',#5829,1.);
#5829 = DIRECTION('',(1.,0.,0.));
#5830 = ORIENTED_EDGE('',*,*,#5831,.F.);
#5831 = EDGE_CURVE('',#5793,#5824,#5832,.T.);
#5832 = LINE('',#5833,#5834);
#5833 = CARTESIAN_POINT('',(50.,-150.,120.));
#5834 = VECTOR('',#5835,1.);
#5835 = DIRECTION('',(0.,0.,-1.));
#5836 = PLANE('',#5837);
#5837 = AXIS2_PLACEMENT_3D('',#5838,#5839,#5840);
#5838 = CARTESIAN_POINT('',(50.,-150.,120.));
#5839 = DIRECTION('',(-0.,1.,0.));
#5840 = DIRECTION('',(0.,0.,-1.));
#5841 = ADVANCED_FACE('',(#5842),#5858,.F.);
#5842 = FACE_BOUND('',#5843,.F.);
#5843 = EDGE_LOOP('',(#5844,#5845,#5851,#5852));
#5844 = ORIENTED_EDGE('',*,*,#5823,.T.);
#5845 = ORIENTED_EDGE('',*,*,#5846,.T.);
#5846 = EDGE_CURVE('',#5816,#5684,#5847,.T.);
#5847 = LINE('',#5848,#5849);
#5848 = CARTESIAN_POINT('',(70.,-150.,14.737205583712));
#5849 = VECTOR('',#5850,1.);
#5850 = DIRECTION('',(0.,0.965925826289,-0.258819045103));
#5851 = ORIENTED_EDGE('',*,*,#5681,.F.);
#5852 = ORIENTED_EDGE('',*,*,#5853,.F.);
#5853 = EDGE_CURVE('',#5824,#5682,#5854,.T.);
#5854 = LINE('',#5855,#5856);
#5855 = CARTESIAN_POINT('',(50.,-150.,14.737205583712));
#5856 = VECTOR('',#5857,1.);
#5857 = DIRECTION('',(0.,0.965925826289,-0.258819045103));
#5858 = PLANE('',#5859);
#5859 = AXIS2_PLACEMENT_3D('',#5860,#5861,#5862);
#5860 = CARTESIAN_POINT('',(50.,-150.,14.737205583712));
#5861 = DIRECTION('',(-0.,0.258819045103,0.965925826289));
#5862 = DIRECTION('',(0.,0.965925826289,-0.258819045103));
#5863 = ADVANCED_FACE('',(#5864),#5872,.F.);
#5864 = FACE_BOUND('',#5865,.F.);
#5865 = EDGE_LOOP('',(#5866,#5867,#5868,#5869,#5870,#5871));
#5866 = ORIENTED_EDGE('',*,*,#5707,.T.);
#5867 = ORIENTED_EDGE('',*,*,#5738,.T.);
#5868 = ORIENTED_EDGE('',*,*,#5769,.T.);
#5869 = ORIENTED_EDGE('',*,*,#5800,.T.);
#5870 = ORIENTED_EDGE('',*,*,#5831,.T.);
#5871 = ORIENTED_EDGE('',*,*,#5853,.T.);
#5872 = PLANE('',#5873);
#5873 = AXIS2_PLACEMENT_3D('',#5874,#5875,#5876);
#5874 = CARTESIAN_POINT('',(50.,3.908654379552E-15,62.649287970335));
#5875 = DIRECTION('',(1.,0.,0.));
#5876 = DIRECTION('',(-0.,0.,1.));
#5877 = ADVANCED_FACE('',(#5878),#5886,.T.);
#5878 = FACE_BOUND('',#5879,.T.);
#5879 = EDGE_LOOP('',(#5880,#5881,#5882,#5883,#5884,#5885));
#5880 = ORIENTED_EDGE('',*,*,#5691,.T.);
#5881 = ORIENTED_EDGE('',*,*,#5722,.T.);
#5882 = ORIENTED_EDGE('',*,*,#5753,.T.);
#5883 = ORIENTED_EDGE('',*,*,#5784,.T.);
#5884 = ORIENTED_EDGE('',*,*,#5815,.T.);
#5885 = ORIENTED_EDGE('',*,*,#5846,.T.);
#5886 = PLANE('',#5887);
#5887 = AXIS2_PLACEMENT_3D('',#5888,#5889,#5890);
#5888 = CARTESIAN_POINT('',(70.,3.908654379552E-15,62.649287970335));
#5889 = DIRECTION('',(1.,0.,0.));
#5890 = DIRECTION('',(-0.,0.,1.));
#5891 = ( GEOMETRIC_REPRESENTATION_CONTEXT(3) 
GLOBAL_UNCERTAINTY_ASSIGNED_CONTEXT((#5895)) 
GLOBAL_UNIT_ASSIGNED_CONTEXT((#5892,#5893,#5894)) REPRESENTATION_CONTEXT
('Context #1','3D Context with UNIT and UNCERTAINTY') );
#5892 = ( LENGTH_UNIT() NAMED_UNIT(*) SI_UNIT(.MILLI.,.METRE.) );
#5893 = ( NAMED_UNIT(*) PLANE_ANGLE_UNIT() SI_UNIT($,.RADIAN.) );
#5894 = ( NAMED_UNIT(*) SI_UNIT($,.STERADIAN.) SOLID_ANGLE_UNIT() );
#5895 = UNCERTAINTY_MEASURE_WITH_UNIT(LENGTH_MEASURE(1.E-07),#5892,
  'distance_accuracy_value','confusion accuracy');
#5896 = CONTEXT_DEPENDENT_SHAPE_REPRESENTATION(#5897,#5899);
#5897 = ( REPRESENTATION_RELATIONSHIP('','',#5674,#10) 
REPRESENTATION_RELATIONSHIP_WITH_TRANSFORMATION(#5898) 
SHAPE_REPRESENTATION_RELATIONSHIP() );
#5898 = ITEM_DEFINED_TRANSFORMATION('','',#11,#139);
#5899 = PRODUCT_DEFINITION_SHAPE('Placement','Placement of an item',
  #5900);
#5900 = NEXT_ASSEMBLY_USAGE_OCCURRENCE('120',
  'TRI-MAIN-BULKHEAD-01 | Bulkhead | nominal plywood 20 mm','',#5,#5669,
  $);
#5901 = PRODUCT_RELATED_PRODUCT_CATEGORY('part',$,(#5671));
#5902 = SHAPE_DEFINITION_REPRESENTATION(#5903,#5909);
#5903 = PRODUCT_DEFINITION_SHAPE('','',#5904);
#5904 = PRODUCT_DEFINITION('design','',#5905,#5908);
#5905 = PRODUCT_DEFINITION_FORMATION('','',#5906);
#5906 = PRODUCT(
  'TRI-MAIN-BULKHEAD-02 | Bulkhead | nominal plywood 20 mm',
  'TRI-MAIN-BULKHEAD-02 | Bulkhead | nominal plywood 20 mm','',(#5907));
#5907 = PRODUCT_CONTEXT('',#2,'mechanical');
#5908 = PRODUCT_DEFINITION_CONTEXT('part definition',#2,'design');
#5909 = ADVANCED_BREP_SHAPE_REPRESENTATION('',(#11,#5910),#6126);
#5910 = MANIFOLD_SOLID_BREP('',#5911);
#5911 = CLOSED_SHELL('',(#5912,#5952,#5983,#6014,#6045,#6076,#6098,#6112
    ));
#5912 = ADVANCED_FACE('',(#5913),#5947,.F.);
#5913 = FACE_BOUND('',#5914,.F.);
#5914 = EDGE_LOOP('',(#5915,#5925,#5933,#5941));
#5915 = ORIENTED_EDGE('',*,*,#5916,.T.);
#5916 = EDGE_CURVE('',#5917,#5919,#5921,.T.);
#5917 = VERTEX_POINT('',#5918);
#5918 = CARTESIAN_POINT('',(220.,-95.,0.));
#5919 = VERTEX_POINT('',#5920);
#5920 = CARTESIAN_POINT('',(240.,-95.,0.));
#5921 = LINE('',#5922,#5923);
#5922 = CARTESIAN_POINT('',(220.,-95.,0.));
#5923 = VECTOR('',#5924,1.);
#5924 = DIRECTION('',(1.,0.,0.));
#5925 = ORIENTED_EDGE('',*,*,#5926,.T.);
#5926 = EDGE_CURVE('',#5919,#5927,#5929,.T.);
#5927 = VERTEX_POINT('',#5928);
#5928 = CARTESIAN_POINT('',(240.,95.,0.));
#5929 = LINE('',#5930,#5931);
#5930 = CARTESIAN_POINT('',(240.,-95.,0.));
#5931 = VECTOR('',#5932,1.);
#5932 = DIRECTION('',(0.,1.,0.));
#5933 = ORIENTED_EDGE('',*,*,#5934,.F.);
#5934 = EDGE_CURVE('',#5935,#5927,#5937,.T.);
#5935 = VERTEX_POINT('',#5936);
#5936 = CARTESIAN_POINT('',(220.,95.,0.));
#5937 = LINE('',#5938,#5939);
#5938 = CARTESIAN_POINT('',(220.,95.,0.));
#5939 = VECTOR('',#5940,1.);
#5940 = DIRECTION('',(1.,0.,0.));
#5941 = ORIENTED_EDGE('',*,*,#5942,.F.);
#5942 = EDGE_CURVE('',#5917,#5935,#5943,.T.);
#5943 = LINE('',#5944,#5945);
#5944 = CARTESIAN_POINT('',(220.,-95.,0.));
#5945 = VECTOR('',#5946,1.);
#5946 = DIRECTION('',(0.,1.,0.));
#5947 = PLANE('',#5948);
#5948 = AXIS2_PLACEMENT_3D('',#5949,#5950,#5951);
#5949 = CARTESIAN_POINT('',(220.,-95.,0.));
#5950 = DIRECTION('',(0.,0.,1.));
#5951 = DIRECTION('',(0.,1.,0.));
#5952 = ADVANCED_FACE('',(#5953),#5978,.F.);
#5953 = FACE_BOUND('',#5954,.F.);
#5954 = EDGE_LOOP('',(#5955,#5956,#5964,#5972));
#5955 = ORIENTED_EDGE('',*,*,#5934,.T.);
#5956 = ORIENTED_EDGE('',*,*,#5957,.T.);
#5957 = EDGE_CURVE('',#5927,#5958,#5960,.T.);
#5958 = VERTEX_POINT('',#5959);
#5959 = CARTESIAN_POINT('',(240.,150.,14.737205583712));
#5960 = LINE('',#5961,#5962);
#5961 = CARTESIAN_POINT('',(240.,95.,0.));
#5962 = VECTOR('',#5963,1.);
#5963 = DIRECTION('',(0.,0.965925826289,0.258819045103));
#5964 = ORIENTED_EDGE('',*,*,#5965,.F.);
#5965 = EDGE_CURVE('',#5966,#5958,#5968,.T.);
#5966 = VERTEX_POINT('',#5967);
#5967 = CARTESIAN_POINT('',(220.,150.,14.737205583712));
#5968 = LINE('',#5969,#5970);
#5969 = CARTESIAN_POINT('',(220.,150.,14.737205583712));
#5970 = VECTOR('',#5971,1.);
#5971 = DIRECTION('',(1.,0.,0.));
#5972 = ORIENTED_EDGE('',*,*,#5973,.F.);
#5973 = EDGE_CURVE('',#5935,#5966,#5974,.T.);
#5974 = LINE('',#5975,#5976);
#5975 = CARTESIAN_POINT('',(220.,95.,0.));
#5976 = VECTOR('',#5977,1.);
#5977 = DIRECTION('',(0.,0.965925826289,0.258819045103));
#5978 = PLANE('',#5979);
#5979 = AXIS2_PLACEMENT_3D('',#5980,#5981,#5982);
#5980 = CARTESIAN_POINT('',(220.,95.,0.));
#5981 = DIRECTION('',(0.,-0.258819045103,0.965925826289));
#5982 = DIRECTION('',(0.,0.965925826289,0.258819045103));
#5983 = ADVANCED_FACE('',(#5984),#6009,.F.);
#5984 = FACE_BOUND('',#5985,.F.);
#5985 = EDGE_LOOP('',(#5986,#5987,#5995,#6003));
#5986 = ORIENTED_EDGE('',*,*,#5965,.T.);
#5987 = ORIENTED_EDGE('',*,*,#5988,.T.);
#5988 = EDGE_CURVE('',#5958,#5989,#5991,.T.);
#5989 = VERTEX_POINT('',#5990);
#5990 = CARTESIAN_POINT('',(240.,150.,120.));
#5991 = LINE('',#5992,#5993);
#5992 = CARTESIAN_POINT('',(240.,150.,14.737205583712));
#5993 = VECTOR('',#5994,1.);
#5994 = DIRECTION('',(0.,0.,1.));
#5995 = ORIENTED_EDGE('',*,*,#5996,.F.);
#5996 = EDGE_CURVE('',#5997,#5989,#5999,.T.);
#5997 = VERTEX_POINT('',#5998);
#5998 = CARTESIAN_POINT('',(220.,150.,120.));
#5999 = LINE('',#6000,#6001);
#6000 = CARTESIAN_POINT('',(220.,150.,120.));
#6001 = VECTOR('',#6002,1.);
#6002 = DIRECTION('',(1.,0.,0.));
#6003 = ORIENTED_EDGE('',*,*,#6004,.F.);
#6004 = EDGE_CURVE('',#5966,#5997,#6005,.T.);
#6005 = LINE('',#6006,#6007);
#6006 = CARTESIAN_POINT('',(220.,150.,14.737205583712));
#6007 = VECTOR('',#6008,1.);
#6008 = DIRECTION('',(0.,0.,1.));
#6009 = PLANE('',#6010);
#6010 = AXIS2_PLACEMENT_3D('',#6011,#6012,#6013);
#6011 = CARTESIAN_POINT('',(220.,150.,14.737205583712));
#6012 = DIRECTION('',(0.,-1.,0.));
#6013 = DIRECTION('',(0.,0.,1.));
#6014 = ADVANCED_FACE('',(#6015),#6040,.F.);
#6015 = FACE_BOUND('',#6016,.F.);
#6016 = EDGE_LOOP('',(#6017,#6018,#6026,#6034));
#6017 = ORIENTED_EDGE('',*,*,#5996,.T.);
#6018 = ORIENTED_EDGE('',*,*,#6019,.T.);
#6019 = EDGE_CURVE('',#5989,#6020,#6022,.T.);
#6020 = VERTEX_POINT('',#6021);
#6021 = CARTESIAN_POINT('',(240.,-150.,120.));
#6022 = LINE('',#6023,#6024);
#6023 = CARTESIAN_POINT('',(240.,150.,120.));
#6024 = VECTOR('',#6025,1.);
#6025 = DIRECTION('',(0.,-1.,0.));
#6026 = ORIENTED_EDGE('',*,*,#6027,.F.);
#6027 = EDGE_CURVE('',#6028,#6020,#6030,.T.);
#6028 = VERTEX_POINT('',#6029);
#6029 = CARTESIAN_POINT('',(220.,-150.,120.));
#6030 = LINE('',#6031,#6032);
#6031 = CARTESIAN_POINT('',(220.,-150.,120.));
#6032 = VECTOR('',#6033,1.);
#6033 = DIRECTION('',(1.,0.,0.));
#6034 = ORIENTED_EDGE('',*,*,#6035,.F.);
#6035 = EDGE_CURVE('',#5997,#6028,#6036,.T.);
#6036 = LINE('',#6037,#6038);
#6037 = CARTESIAN_POINT('',(220.,150.,120.));
#6038 = VECTOR('',#6039,1.);
#6039 = DIRECTION('',(0.,-1.,0.));
#6040 = PLANE('',#6041);
#6041 = AXIS2_PLACEMENT_3D('',#6042,#6043,#6044);
#6042 = CARTESIAN_POINT('',(220.,150.,120.));
#6043 = DIRECTION('',(0.,0.,-1.));
#6044 = DIRECTION('',(0.,-1.,0.));
#6045 = ADVANCED_FACE('',(#6046),#6071,.F.);
#6046 = FACE_BOUND('',#6047,.F.);
#6047 = EDGE_LOOP('',(#6048,#6049,#6057,#6065));
#6048 = ORIENTED_EDGE('',*,*,#6027,.T.);
#6049 = ORIENTED_EDGE('',*,*,#6050,.T.);
#6050 = EDGE_CURVE('',#6020,#6051,#6053,.T.);
#6051 = VERTEX_POINT('',#6052);
#6052 = CARTESIAN_POINT('',(240.,-150.,14.737205583712));
#6053 = LINE('',#6054,#6055);
#6054 = CARTESIAN_POINT('',(240.,-150.,120.));
#6055 = VECTOR('',#6056,1.);
#6056 = DIRECTION('',(0.,0.,-1.));
#6057 = ORIENTED_EDGE('',*,*,#6058,.F.);
#6058 = EDGE_CURVE('',#6059,#6051,#6061,.T.);
#6059 = VERTEX_POINT('',#6060);
#6060 = CARTESIAN_POINT('',(220.,-150.,14.737205583712));
#6061 = LINE('',#6062,#6063);
#6062 = CARTESIAN_POINT('',(220.,-150.,14.737205583712));
#6063 = VECTOR('',#6064,1.);
#6064 = DIRECTION('',(1.,0.,0.));
#6065 = ORIENTED_EDGE('',*,*,#6066,.F.);
#6066 = EDGE_CURVE('',#6028,#6059,#6067,.T.);
#6067 = LINE('',#6068,#6069);
#6068 = CARTESIAN_POINT('',(220.,-150.,120.));
#6069 = VECTOR('',#6070,1.);
#6070 = DIRECTION('',(0.,0.,-1.));
#6071 = PLANE('',#6072);
#6072 = AXIS2_PLACEMENT_3D('',#6073,#6074,#6075);
#6073 = CARTESIAN_POINT('',(220.,-150.,120.));
#6074 = DIRECTION('',(-0.,1.,0.));
#6075 = DIRECTION('',(0.,0.,-1.));
#6076 = ADVANCED_FACE('',(#6077),#6093,.F.);
#6077 = FACE_BOUND('',#6078,.F.);
#6078 = EDGE_LOOP('',(#6079,#6080,#6086,#6087));
#6079 = ORIENTED_EDGE('',*,*,#6058,.T.);
#6080 = ORIENTED_EDGE('',*,*,#6081,.T.);
#6081 = EDGE_CURVE('',#6051,#5919,#6082,.T.);
#6082 = LINE('',#6083,#6084);
#6083 = CARTESIAN_POINT('',(240.,-150.,14.737205583712));
#6084 = VECTOR('',#6085,1.);
#6085 = DIRECTION('',(0.,0.965925826289,-0.258819045103));
#6086 = ORIENTED_EDGE('',*,*,#5916,.F.);
#6087 = ORIENTED_EDGE('',*,*,#6088,.F.);
#6088 = EDGE_CURVE('',#6059,#5917,#6089,.T.);
#6089 = LINE('',#6090,#6091);
#6090 = CARTESIAN_POINT('',(220.,-150.,14.737205583712));
#6091 = VECTOR('',#6092,1.);
#6092 = DIRECTION('',(0.,0.965925826289,-0.258819045103));
#6093 = PLANE('',#6094);
#6094 = AXIS2_PLACEMENT_3D('',#6095,#6096,#6097);
#6095 = CARTESIAN_POINT('',(220.,-150.,14.737205583712));
#6096 = DIRECTION('',(-0.,0.258819045103,0.965925826289));
#6097 = DIRECTION('',(0.,0.965925826289,-0.258819045103));
#6098 = ADVANCED_FACE('',(#6099),#6107,.F.);
#6099 = FACE_BOUND('',#6100,.F.);
#6100 = EDGE_LOOP('',(#6101,#6102,#6103,#6104,#6105,#6106));
#6101 = ORIENTED_EDGE('',*,*,#5942,.T.);
#6102 = ORIENTED_EDGE('',*,*,#5973,.T.);
#6103 = ORIENTED_EDGE('',*,*,#6004,.T.);
#6104 = ORIENTED_EDGE('',*,*,#6035,.T.);
#6105 = ORIENTED_EDGE('',*,*,#6066,.T.);
#6106 = ORIENTED_EDGE('',*,*,#6088,.T.);
#6107 = PLANE('',#6108);
#6108 = AXIS2_PLACEMENT_3D('',#6109,#6110,#6111);
#6109 = CARTESIAN_POINT('',(220.,3.908654379552E-15,62.649287970335));
#6110 = DIRECTION('',(1.,0.,0.));
#6111 = DIRECTION('',(-0.,0.,1.));
#6112 = ADVANCED_FACE('',(#6113),#6121,.T.);
#6113 = FACE_BOUND('',#6114,.T.);
#6114 = EDGE_LOOP('',(#6115,#6116,#6117,#6118,#6119,#6120));
#6115 = ORIENTED_EDGE('',*,*,#5926,.T.);
#6116 = ORIENTED_EDGE('',*,*,#5957,.T.);
#6117 = ORIENTED_EDGE('',*,*,#5988,.T.);
#6118 = ORIENTED_EDGE('',*,*,#6019,.T.);
#6119 = ORIENTED_EDGE('',*,*,#6050,.T.);
#6120 = ORIENTED_EDGE('',*,*,#6081,.T.);
#6121 = PLANE('',#6122);
#6122 = AXIS2_PLACEMENT_3D('',#6123,#6124,#6125);
#6123 = CARTESIAN_POINT('',(240.,3.908654379552E-15,62.649287970335));
#6124 = DIRECTION('',(1.,0.,0.));
#6125 = DIRECTION('',(-0.,0.,1.));
#6126 = ( GEOMETRIC_REPRESENTATION_CONTEXT(3) 
GLOBAL_UNCERTAINTY_ASSIGNED_CONTEXT((#6130)) 
GLOBAL_UNIT_ASSIGNED_CONTEXT((#6127,#6128,#6129)) REPRESENTATION_CONTEXT
('Context #1','3D Context with UNIT and UNCERTAINTY') );
#6127 = ( LENGTH_UNIT() NAMED_UNIT(*) SI_UNIT(.MILLI.,.METRE.) );
#6128 = ( NAMED_UNIT(*) PLANE_ANGLE_UNIT() SI_UNIT($,.RADIAN.) );
#6129 = ( NAMED_UNIT(*) SI_UNIT($,.STERADIAN.) SOLID_ANGLE_UNIT() );
#6130 = UNCERTAINTY_MEASURE_WITH_UNIT(LENGTH_MEASURE(1.E-07),#6127,
  'distance_accuracy_value','confusion accuracy');
#6131 = CONTEXT_DEPENDENT_SHAPE_REPRESENTATION(#6132,#6134);
#6132 = ( REPRESENTATION_RELATIONSHIP('','',#5909,#10) 
REPRESENTATION_RELATIONSHIP_WITH_TRANSFORMATION(#6133) 
SHAPE_REPRESENTATION_RELATIONSHIP() );
#6133 = ITEM_DEFINED_TRANSFORMATION('','',#11,#143);
#6134 = PRODUCT_DEFINITION_SHAPE('Placement','Placement of an item',
  #6135);
#6135 = NEXT_ASSEMBLY_USAGE_OCCURRENCE('121',
  'TRI-MAIN-BULKHEAD-02 | Bulkhead | nominal plywood 20 mm','',#5,#5904,
  $);
#6136 = PRODUCT_RELATED_PRODUCT_CATEGORY('part',$,(#5906));
#6137 = SHAPE_DEFINITION_REPRESENTATION(#6138,#6144);
#6138 = PRODUCT_DEFINITION_SHAPE('','',#6139);
#6139 = PRODUCT_DEFINITION('design','',#6140,#6143);
#6140 = PRODUCT_DEFINITION_FORMATION('','',#6141);
#6141 = PRODUCT(
  'TRI-MAIN-BULKHEAD-03 | Bulkhead | nominal plywood 20 mm',
  'TRI-MAIN-BULKHEAD-03 | Bulkhead | nominal plywood 20 mm','',(#6142));
#6142 = PRODUCT_CONTEXT('',#2,'mechanical');
#6143 = PRODUCT_DEFINITION_CONTEXT('part definition',#2,'design');
#6144 = ADVANCED_BREP_SHAPE_REPRESENTATION('',(#11,#6145),#6361);
#6145 = MANIFOLD_SOLID_BREP('',#6146);
#6146 = CLOSED_SHELL('',(#6147,#6187,#6218,#6249,#6280,#6311,#6333,#6347
    ));
#6147 = ADVANCED_FACE('',(#6148),#6182,.F.);
#6148 = FACE_BOUND('',#6149,.F.);
#6149 = EDGE_LOOP('',(#6150,#6160,#6168,#6176));
#6150 = ORIENTED_EDGE('',*,*,#6151,.T.);
#6151 = EDGE_CURVE('',#6152,#6154,#6156,.T.);
#6152 = VERTEX_POINT('',#6153);
#6153 = CARTESIAN_POINT('',(390.,-95.,0.));
#6154 = VERTEX_POINT('',#6155);
#6155 = CARTESIAN_POINT('',(410.,-95.,0.));
#6156 = LINE('',#6157,#6158);
#6157 = CARTESIAN_POINT('',(390.,-95.,0.));
#6158 = VECTOR('',#6159,1.);
#6159 = DIRECTION('',(1.,0.,0.));
#6160 = ORIENTED_EDGE('',*,*,#6161,.T.);
#6161 = EDGE_CURVE('',#6154,#6162,#6164,.T.);
#6162 = VERTEX_POINT('',#6163);
#6163 = CARTESIAN_POINT('',(410.,95.,0.));
#6164 = LINE('',#6165,#6166);
#6165 = CARTESIAN_POINT('',(410.,-95.,0.));
#6166 = VECTOR('',#6167,1.);
#6167 = DIRECTION('',(0.,1.,0.));
#6168 = ORIENTED_EDGE('',*,*,#6169,.F.);
#6169 = EDGE_CURVE('',#6170,#6162,#6172,.T.);
#6170 = VERTEX_POINT('',#6171);
#6171 = CARTESIAN_POINT('',(390.,95.,0.));
#6172 = LINE('',#6173,#6174);
#6173 = CARTESIAN_POINT('',(390.,95.,0.));
#6174 = VECTOR('',#6175,1.);
#6175 = DIRECTION('',(1.,0.,0.));
#6176 = ORIENTED_EDGE('',*,*,#6177,.F.);
#6177 = EDGE_CURVE('',#6152,#6170,#6178,.T.);
#6178 = LINE('',#6179,#6180);
#6179 = CARTESIAN_POINT('',(390.,-95.,0.));
#6180 = VECTOR('',#6181,1.);
#6181 = DIRECTION('',(0.,1.,0.));
#6182 = PLANE('',#6183);
#6183 = AXIS2_PLACEMENT_3D('',#6184,#6185,#6186);
#6184 = CARTESIAN_POINT('',(390.,-95.,0.));
#6185 = DIRECTION('',(0.,0.,1.));
#6186 = DIRECTION('',(0.,1.,0.));
#6187 = ADVANCED_FACE('',(#6188),#6213,.F.);
#6188 = FACE_BOUND('',#6189,.F.);
#6189 = EDGE_LOOP('',(#6190,#6191,#6199,#6207));
#6190 = ORIENTED_EDGE('',*,*,#6169,.T.);
#6191 = ORIENTED_EDGE('',*,*,#6192,.T.);
#6192 = EDGE_CURVE('',#6162,#6193,#6195,.T.);
#6193 = VERTEX_POINT('',#6194);
#6194 = CARTESIAN_POINT('',(410.,150.,14.737205583712));
#6195 = LINE('',#6196,#6197);
#6196 = CARTESIAN_POINT('',(410.,95.,0.));
#6197 = VECTOR('',#6198,1.);
#6198 = DIRECTION('',(0.,0.965925826289,0.258819045103));
#6199 = ORIENTED_EDGE('',*,*,#6200,.F.);
#6200 = EDGE_CURVE('',#6201,#6193,#6203,.T.);
#6201 = VERTEX_POINT('',#6202);
#6202 = CARTESIAN_POINT('',(390.,150.,14.737205583712));
#6203 = LINE('',#6204,#6205);
#6204 = CARTESIAN_POINT('',(390.,150.,14.737205583712));
#6205 = VECTOR('',#6206,1.);
#6206 = DIRECTION('',(1.,0.,0.));
#6207 = ORIENTED_EDGE('',*,*,#6208,.F.);
#6208 = EDGE_CURVE('',#6170,#6201,#6209,.T.);
#6209 = LINE('',#6210,#6211);
#6210 = CARTESIAN_POINT('',(390.,95.,0.));
#6211 = VECTOR('',#6212,1.);
#6212 = DIRECTION('',(0.,0.965925826289,0.258819045103));
#6213 = PLANE('',#6214);
#6214 = AXIS2_PLACEMENT_3D('',#6215,#6216,#6217);
#6215 = CARTESIAN_POINT('',(390.,95.,0.));
#6216 = DIRECTION('',(0.,-0.258819045103,0.965925826289));
#6217 = DIRECTION('',(0.,0.965925826289,0.258819045103));
#6218 = ADVANCED_FACE('',(#6219),#6244,.F.);
#6219 = FACE_BOUND('',#6220,.F.);
#6220 = EDGE_LOOP('',(#6221,#6222,#6230,#6238));
#6221 = ORIENTED_EDGE('',*,*,#6200,.T.);
#6222 = ORIENTED_EDGE('',*,*,#6223,.T.);
#6223 = EDGE_CURVE('',#6193,#6224,#6226,.T.);
#6224 = VERTEX_POINT('',#6225);
#6225 = CARTESIAN_POINT('',(410.,150.,120.));
#6226 = LINE('',#6227,#6228);
#6227 = CARTESIAN_POINT('',(410.,150.,14.737205583712));
#6228 = VECTOR('',#6229,1.);
#6229 = DIRECTION('',(0.,0.,1.));
#6230 = ORIENTED_EDGE('',*,*,#6231,.F.);
#6231 = EDGE_CURVE('',#6232,#6224,#6234,.T.);
#6232 = VERTEX_POINT('',#6233);
#6233 = CARTESIAN_POINT('',(390.,150.,120.));
#6234 = LINE('',#6235,#6236);
#6235 = CARTESIAN_POINT('',(390.,150.,120.));
#6236 = VECTOR('',#6237,1.);
#6237 = DIRECTION('',(1.,0.,0.));
#6238 = ORIENTED_EDGE('',*,*,#6239,.F.);
#6239 = EDGE_CURVE('',#6201,#6232,#6240,.T.);
#6240 = LINE('',#6241,#6242);
#6241 = CARTESIAN_POINT('',(390.,150.,14.737205583712));
#6242 = VECTOR('',#6243,1.);
#6243 = DIRECTION('',(0.,0.,1.));
#6244 = PLANE('',#6245);
#6245 = AXIS2_PLACEMENT_3D('',#6246,#6247,#6248);
#6246 = CARTESIAN_POINT('',(390.,150.,14.737205583712));
#6247 = DIRECTION('',(0.,-1.,0.));
#6248 = DIRECTION('',(0.,0.,1.));
#6249 = ADVANCED_FACE('',(#6250),#6275,.F.);
#6250 = FACE_BOUND('',#6251,.F.);
#6251 = EDGE_LOOP('',(#6252,#6253,#6261,#6269));
#6252 = ORIENTED_EDGE('',*,*,#6231,.T.);
#6253 = ORIENTED_EDGE('',*,*,#6254,.T.);
#6254 = EDGE_CURVE('',#6224,#6255,#6257,.T.);
#6255 = VERTEX_POINT('',#6256);
#6256 = CARTESIAN_POINT('',(410.,-150.,120.));
#6257 = LINE('',#6258,#6259);
#6258 = CARTESIAN_POINT('',(410.,150.,120.));
#6259 = VECTOR('',#6260,1.);
#6260 = DIRECTION('',(0.,-1.,0.));
#6261 = ORIENTED_EDGE('',*,*,#6262,.F.);
#6262 = EDGE_CURVE('',#6263,#6255,#6265,.T.);
#6263 = VERTEX_POINT('',#6264);
#6264 = CARTESIAN_POINT('',(390.,-150.,120.));
#6265 = LINE('',#6266,#6267);
#6266 = CARTESIAN_POINT('',(390.,-150.,120.));
#6267 = VECTOR('',#6268,1.);
#6268 = DIRECTION('',(1.,0.,0.));
#6269 = ORIENTED_EDGE('',*,*,#6270,.F.);
#6270 = EDGE_CURVE('',#6232,#6263,#6271,.T.);
#6271 = LINE('',#6272,#6273);
#6272 = CARTESIAN_POINT('',(390.,150.,120.));
#6273 = VECTOR('',#6274,1.);
#6274 = DIRECTION('',(0.,-1.,0.));
#6275 = PLANE('',#6276);
#6276 = AXIS2_PLACEMENT_3D('',#6277,#6278,#6279);
#6277 = CARTESIAN_POINT('',(390.,150.,120.));
#6278 = DIRECTION('',(0.,0.,-1.));
#6279 = DIRECTION('',(0.,-1.,0.));
#6280 = ADVANCED_FACE('',(#6281),#6306,.F.);
#6281 = FACE_BOUND('',#6282,.F.);
#6282 = EDGE_LOOP('',(#6283,#6284,#6292,#6300));
#6283 = ORIENTED_EDGE('',*,*,#6262,.T.);
#6284 = ORIENTED_EDGE('',*,*,#6285,.T.);
#6285 = EDGE_CURVE('',#6255,#6286,#6288,.T.);
#6286 = VERTEX_POINT('',#6287);
#6287 = CARTESIAN_POINT('',(410.,-150.,14.737205583712));
#6288 = LINE('',#6289,#6290);
#6289 = CARTESIAN_POINT('',(410.,-150.,120.));
#6290 = VECTOR('',#6291,1.);
#6291 = DIRECTION('',(0.,0.,-1.));
#6292 = ORIENTED_EDGE('',*,*,#6293,.F.);
#6293 = EDGE_CURVE('',#6294,#6286,#6296,.T.);
#6294 = VERTEX_POINT('',#6295);
#6295 = CARTESIAN_POINT('',(390.,-150.,14.737205583712));
#6296 = LINE('',#6297,#6298);
#6297 = CARTESIAN_POINT('',(390.,-150.,14.737205583712));
#6298 = VECTOR('',#6299,1.);
#6299 = DIRECTION('',(1.,0.,0.));
#6300 = ORIENTED_EDGE('',*,*,#6301,.F.);
#6301 = EDGE_CURVE('',#6263,#6294,#6302,.T.);
#6302 = LINE('',#6303,#6304);
#6303 = CARTESIAN_POINT('',(390.,-150.,120.));
#6304 = VECTOR('',#6305,1.);
#6305 = DIRECTION('',(0.,0.,-1.));
#6306 = PLANE('',#6307);
#6307 = AXIS2_PLACEMENT_3D('',#6308,#6309,#6310);
#6308 = CARTESIAN_POINT('',(390.,-150.,120.));
#6309 = DIRECTION('',(-0.,1.,0.));
#6310 = DIRECTION('',(0.,0.,-1.));
#6311 = ADVANCED_FACE('',(#6312),#6328,.F.);
#6312 = FACE_BOUND('',#6313,.F.);
#6313 = EDGE_LOOP('',(#6314,#6315,#6321,#6322));
#6314 = ORIENTED_EDGE('',*,*,#6293,.T.);
#6315 = ORIENTED_EDGE('',*,*,#6316,.T.);
#6316 = EDGE_CURVE('',#6286,#6154,#6317,.T.);
#6317 = LINE('',#6318,#6319);
#6318 = CARTESIAN_POINT('',(410.,-150.,14.737205583712));
#6319 = VECTOR('',#6320,1.);
#6320 = DIRECTION('',(0.,0.965925826289,-0.258819045103));
#6321 = ORIENTED_EDGE('',*,*,#6151,.F.);
#6322 = ORIENTED_EDGE('',*,*,#6323,.F.);
#6323 = EDGE_CURVE('',#6294,#6152,#6324,.T.);
#6324 = LINE('',#6325,#6326);
#6325 = CARTESIAN_POINT('',(390.,-150.,14.737205583712));
#6326 = VECTOR('',#6327,1.);
#6327 = DIRECTION('',(0.,0.965925826289,-0.258819045103));
#6328 = PLANE('',#6329);
#6329 = AXIS2_PLACEMENT_3D('',#6330,#6331,#6332);
#6330 = CARTESIAN_POINT('',(390.,-150.,14.737205583712));
#6331 = DIRECTION('',(-0.,0.258819045103,0.965925826289));
#6332 = DIRECTION('',(0.,0.965925826289,-0.258819045103));
#6333 = ADVANCED_FACE('',(#6334),#6342,.F.);
#6334 = FACE_BOUND('',#6335,.F.);
#6335 = EDGE_LOOP('',(#6336,#6337,#6338,#6339,#6340,#6341));
#6336 = ORIENTED_EDGE('',*,*,#6177,.T.);
#6337 = ORIENTED_EDGE('',*,*,#6208,.T.);
#6338 = ORIENTED_EDGE('',*,*,#6239,.T.);
#6339 = ORIENTED_EDGE('',*,*,#6270,.T.);
#6340 = ORIENTED_EDGE('',*,*,#6301,.T.);
#6341 = ORIENTED_EDGE('',*,*,#6323,.T.);
#6342 = PLANE('',#6343);
#6343 = AXIS2_PLACEMENT_3D('',#6344,#6345,#6346);
#6344 = CARTESIAN_POINT('',(390.,3.908654379552E-15,62.649287970335));
#6345 = DIRECTION('',(1.,0.,0.));
#6346 = DIRECTION('',(-0.,0.,1.));
#6347 = ADVANCED_FACE('',(#6348),#6356,.T.);
#6348 = FACE_BOUND('',#6349,.T.);
#6349 = EDGE_LOOP('',(#6350,#6351,#6352,#6353,#6354,#6355));
#6350 = ORIENTED_EDGE('',*,*,#6161,.T.);
#6351 = ORIENTED_EDGE('',*,*,#6192,.T.);
#6352 = ORIENTED_EDGE('',*,*,#6223,.T.);
#6353 = ORIENTED_EDGE('',*,*,#6254,.T.);
#6354 = ORIENTED_EDGE('',*,*,#6285,.T.);
#6355 = ORIENTED_EDGE('',*,*,#6316,.T.);
#6356 = PLANE('',#6357);
#6357 = AXIS2_PLACEMENT_3D('',#6358,#6359,#6360);
#6358 = CARTESIAN_POINT('',(410.,3.908654379552E-15,62.649287970335));
#6359 = DIRECTION('',(1.,0.,0.));
#6360 = DIRECTION('',(-0.,0.,1.));
#6361 = ( GEOMETRIC_REPRESENTATION_CONTEXT(3) 
GLOBAL_UNCERTAINTY_ASSIGNED_CONTEXT((#6365)) 
GLOBAL_UNIT_ASSIGNED_CONTEXT((#6362,#6363,#6364)) REPRESENTATION_CONTEXT
('Context #1','3D Context with UNIT and UNCERTAINTY') );
#6362 = ( LENGTH_UNIT() NAMED_UNIT(*) SI_UNIT(.MILLI.,.METRE.) );
#6363 = ( NAMED_UNIT(*) PLANE_ANGLE_UNIT() SI_UNIT($,.RADIAN.) );
#6364 = ( NAMED_UNIT(*) SI_UNIT($,.STERADIAN.) SOLID_ANGLE_UNIT() );
#6365 = UNCERTAINTY_MEASURE_WITH_UNIT(LENGTH_MEASURE(1.E-07),#6362,
  'distance_accuracy_value','confusion accuracy');
#6366 = CONTEXT_DEPENDENT_SHAPE_REPRESENTATION(#6367,#6369);
#6367 = ( REPRESENTATION_RELATIONSHIP('','',#6144,#10) 
REPRESENTATION_RELATIONSHIP_WITH_TRANSFORMATION(#6368) 
SHAPE_REPRESENTATION_RELATIONSHIP() );
#6368 = ITEM_DEFINED_TRANSFORMATION('','',#11,#147);
#6369 = PRODUCT_DEFINITION_SHAPE('Placement','Placement of an item',
  #6370);
#6370 = NEXT_ASSEMBLY_USAGE_OCCURRENCE('122',
  'TRI-MAIN-BULKHEAD-03 | Bulkhead | nominal plywood 20 mm','',#5,#6139,
  $);
#6371 = PRODUCT_RELATED_PRODUCT_CATEGORY('part',$,(#6141));
#6372 = SHAPE_DEFINITION_REPRESENTATION(#6373,#6379);
#6373 = PRODUCT_DEFINITION_SHAPE('','',#6374);
#6374 = PRODUCT_DEFINITION('design','',#6375,#6378);
#6375 = PRODUCT_DEFINITION_FORMATION('','',#6376);
#6376 = PRODUCT(
  'TRI-MAIN-BULKHEAD-04 | Bulkhead | nominal plywood 20 mm',
  'TRI-MAIN-BULKHEAD-04 | Bulkhead | nominal plywood 20 mm','',(#6377));
#6377 = PRODUCT_CONTEXT('',#2,'mechanical');
#6378 = PRODUCT_DEFINITION_CONTEXT('part definition',#2,'design');
#6379 = ADVANCED_BREP_SHAPE_REPRESENTATION('',(#11,#6380),#6596);
#6380 = MANIFOLD_SOLID_BREP('',#6381);
#6381 = CLOSED_SHELL('',(#6382,#6422,#6453,#6484,#6515,#6546,#6568,#6582
    ));
#6382 = ADVANCED_FACE('',(#6383),#6417,.F.);
#6383 = FACE_BOUND('',#6384,.F.);
#6384 = EDGE_LOOP('',(#6385,#6395,#6403,#6411));
#6385 = ORIENTED_EDGE('',*,*,#6386,.T.);
#6386 = EDGE_CURVE('',#6387,#6389,#6391,.T.);
#6387 = VERTEX_POINT('',#6388);
#6388 = CARTESIAN_POINT('',(560.,-95.,0.));
#6389 = VERTEX_POINT('',#6390);
#6390 = CARTESIAN_POINT('',(580.,-95.,0.));
#6391 = LINE('',#6392,#6393);
#6392 = CARTESIAN_POINT('',(560.,-95.,0.));
#6393 = VECTOR('',#6394,1.);
#6394 = DIRECTION('',(1.,0.,0.));
#6395 = ORIENTED_EDGE('',*,*,#6396,.T.);
#6396 = EDGE_CURVE('',#6389,#6397,#6399,.T.);
#6397 = VERTEX_POINT('',#6398);
#6398 = CARTESIAN_POINT('',(580.,95.,0.));
#6399 = LINE('',#6400,#6401);
#6400 = CARTESIAN_POINT('',(580.,-95.,0.));
#6401 = VECTOR('',#6402,1.);
#6402 = DIRECTION('',(0.,1.,0.));
#6403 = ORIENTED_EDGE('',*,*,#6404,.F.);
#6404 = EDGE_CURVE('',#6405,#6397,#6407,.T.);
#6405 = VERTEX_POINT('',#6406);
#6406 = CARTESIAN_POINT('',(560.,95.,0.));
#6407 = LINE('',#6408,#6409);
#6408 = CARTESIAN_POINT('',(560.,95.,0.));
#6409 = VECTOR('',#6410,1.);
#6410 = DIRECTION('',(1.,0.,0.));
#6411 = ORIENTED_EDGE('',*,*,#6412,.F.);
#6412 = EDGE_CURVE('',#6387,#6405,#6413,.T.);
#6413 = LINE('',#6414,#6415);
#6414 = CARTESIAN_POINT('',(560.,-95.,0.));
#6415 = VECTOR('',#6416,1.);
#6416 = DIRECTION('',(0.,1.,0.));
#6417 = PLANE('',#6418);
#6418 = AXIS2_PLACEMENT_3D('',#6419,#6420,#6421);
#6419 = CARTESIAN_POINT('',(560.,-95.,0.));
#6420 = DIRECTION('',(0.,0.,1.));
#6421 = DIRECTION('',(0.,1.,0.));
#6422 = ADVANCED_FACE('',(#6423),#6448,.F.);
#6423 = FACE_BOUND('',#6424,.F.);
#6424 = EDGE_LOOP('',(#6425,#6426,#6434,#6442));
#6425 = ORIENTED_EDGE('',*,*,#6404,.T.);
#6426 = ORIENTED_EDGE('',*,*,#6427,.T.);
#6427 = EDGE_CURVE('',#6397,#6428,#6430,.T.);
#6428 = VERTEX_POINT('',#6429);
#6429 = CARTESIAN_POINT('',(580.,150.,14.737205583712));
#6430 = LINE('',#6431,#6432);
#6431 = CARTESIAN_POINT('',(580.,95.,0.));
#6432 = VECTOR('',#6433,1.);
#6433 = DIRECTION('',(0.,0.965925826289,0.258819045103));
#6434 = ORIENTED_EDGE('',*,*,#6435,.F.);
#6435 = EDGE_CURVE('',#6436,#6428,#6438,.T.);
#6436 = VERTEX_POINT('',#6437);
#6437 = CARTESIAN_POINT('',(560.,150.,14.737205583712));
#6438 = LINE('',#6439,#6440);
#6439 = CARTESIAN_POINT('',(560.,150.,14.737205583712));
#6440 = VECTOR('',#6441,1.);
#6441 = DIRECTION('',(1.,0.,0.));
#6442 = ORIENTED_EDGE('',*,*,#6443,.F.);
#6443 = EDGE_CURVE('',#6405,#6436,#6444,.T.);
#6444 = LINE('',#6445,#6446);
#6445 = CARTESIAN_POINT('',(560.,95.,0.));
#6446 = VECTOR('',#6447,1.);
#6447 = DIRECTION('',(0.,0.965925826289,0.258819045103));
#6448 = PLANE('',#6449);
#6449 = AXIS2_PLACEMENT_3D('',#6450,#6451,#6452);
#6450 = CARTESIAN_POINT('',(560.,95.,0.));
#6451 = DIRECTION('',(0.,-0.258819045103,0.965925826289));
#6452 = DIRECTION('',(0.,0.965925826289,0.258819045103));
#6453 = ADVANCED_FACE('',(#6454),#6479,.F.);
#6454 = FACE_BOUND('',#6455,.F.);
#6455 = EDGE_LOOP('',(#6456,#6457,#6465,#6473));
#6456 = ORIENTED_EDGE('',*,*,#6435,.T.);
#6457 = ORIENTED_EDGE('',*,*,#6458,.T.);
#6458 = EDGE_CURVE('',#6428,#6459,#6461,.T.);
#6459 = VERTEX_POINT('',#6460);
#6460 = CARTESIAN_POINT('',(580.,150.,120.));
#6461 = LINE('',#6462,#6463);
#6462 = CARTESIAN_POINT('',(580.,150.,14.737205583712));
#6463 = VECTOR('',#6464,1.);
#6464 = DIRECTION('',(0.,0.,1.));
#6465 = ORIENTED_EDGE('',*,*,#6466,.F.);
#6466 = EDGE_CURVE('',#6467,#6459,#6469,.T.);
#6467 = VERTEX_POINT('',#6468);
#6468 = CARTESIAN_POINT('',(560.,150.,120.));
#6469 = LINE('',#6470,#6471);
#6470 = CARTESIAN_POINT('',(560.,150.,120.));
#6471 = VECTOR('',#6472,1.);
#6472 = DIRECTION('',(1.,0.,0.));
#6473 = ORIENTED_EDGE('',*,*,#6474,.F.);
#6474 = EDGE_CURVE('',#6436,#6467,#6475,.T.);
#6475 = LINE('',#6476,#6477);
#6476 = CARTESIAN_POINT('',(560.,150.,14.737205583712));
#6477 = VECTOR('',#6478,1.);
#6478 = DIRECTION('',(0.,0.,1.));
#6479 = PLANE('',#6480);
#6480 = AXIS2_PLACEMENT_3D('',#6481,#6482,#6483);
#6481 = CARTESIAN_POINT('',(560.,150.,14.737205583712));
#6482 = DIRECTION('',(0.,-1.,0.));
#6483 = DIRECTION('',(0.,0.,1.));
#6484 = ADVANCED_FACE('',(#6485),#6510,.F.);
#6485 = FACE_BOUND('',#6486,.F.);
#6486 = EDGE_LOOP('',(#6487,#6488,#6496,#6504));
#6487 = ORIENTED_EDGE('',*,*,#6466,.T.);
#6488 = ORIENTED_EDGE('',*,*,#6489,.T.);
#6489 = EDGE_CURVE('',#6459,#6490,#6492,.T.);
#6490 = VERTEX_POINT('',#6491);
#6491 = CARTESIAN_POINT('',(580.,-150.,120.));
#6492 = LINE('',#6493,#6494);
#6493 = CARTESIAN_POINT('',(580.,150.,120.));
#6494 = VECTOR('',#6495,1.);
#6495 = DIRECTION('',(0.,-1.,0.));
#6496 = ORIENTED_EDGE('',*,*,#6497,.F.);
#6497 = EDGE_CURVE('',#6498,#6490,#6500,.T.);
#6498 = VERTEX_POINT('',#6499);
#6499 = CARTESIAN_POINT('',(560.,-150.,120.));
#6500 = LINE('',#6501,#6502);
#6501 = CARTESIAN_POINT('',(560.,-150.,120.));
#6502 = VECTOR('',#6503,1.);
#6503 = DIRECTION('',(1.,0.,0.));
#6504 = ORIENTED_EDGE('',*,*,#6505,.F.);
#6505 = EDGE_CURVE('',#6467,#6498,#6506,.T.);
#6506 = LINE('',#6507,#6508);
#6507 = CARTESIAN_POINT('',(560.,150.,120.));
#6508 = VECTOR('',#6509,1.);
#6509 = DIRECTION('',(0.,-1.,0.));
#6510 = PLANE('',#6511);
#6511 = AXIS2_PLACEMENT_3D('',#6512,#6513,#6514);
#6512 = CARTESIAN_POINT('',(560.,150.,120.));
#6513 = DIRECTION('',(0.,0.,-1.));
#6514 = DIRECTION('',(0.,-1.,0.));
#6515 = ADVANCED_FACE('',(#6516),#6541,.F.);
#6516 = FACE_BOUND('',#6517,.F.);
#6517 = EDGE_LOOP('',(#6518,#6519,#6527,#6535));
#6518 = ORIENTED_EDGE('',*,*,#6497,.T.);
#6519 = ORIENTED_EDGE('',*,*,#6520,.T.);
#6520 = EDGE_CURVE('',#6490,#6521,#6523,.T.);
#6521 = VERTEX_POINT('',#6522);
#6522 = CARTESIAN_POINT('',(580.,-150.,14.737205583712));
#6523 = LINE('',#6524,#6525);
#6524 = CARTESIAN_POINT('',(580.,-150.,120.));
#6525 = VECTOR('',#6526,1.);
#6526 = DIRECTION('',(0.,0.,-1.));
#6527 = ORIENTED_EDGE('',*,*,#6528,.F.);
#6528 = EDGE_CURVE('',#6529,#6521,#6531,.T.);
#6529 = VERTEX_POINT('',#6530);
#6530 = CARTESIAN_POINT('',(560.,-150.,14.737205583712));
#6531 = LINE('',#6532,#6533);
#6532 = CARTESIAN_POINT('',(560.,-150.,14.737205583712));
#6533 = VECTOR('',#6534,1.);
#6534 = DIRECTION('',(1.,0.,0.));
#6535 = ORIENTED_EDGE('',*,*,#6536,.F.);
#6536 = EDGE_CURVE('',#6498,#6529,#6537,.T.);
#6537 = LINE('',#6538,#6539);
#6538 = CARTESIAN_POINT('',(560.,-150.,120.));
#6539 = VECTOR('',#6540,1.);
#6540 = DIRECTION('',(0.,0.,-1.));
#6541 = PLANE('',#6542);
#6542 = AXIS2_PLACEMENT_3D('',#6543,#6544,#6545);
#6543 = CARTESIAN_POINT('',(560.,-150.,120.));
#6544 = DIRECTION('',(-0.,1.,0.));
#6545 = DIRECTION('',(0.,0.,-1.));
#6546 = ADVANCED_FACE('',(#6547),#6563,.F.);
#6547 = FACE_BOUND('',#6548,.F.);
#6548 = EDGE_LOOP('',(#6549,#6550,#6556,#6557));
#6549 = ORIENTED_EDGE('',*,*,#6528,.T.);
#6550 = ORIENTED_EDGE('',*,*,#6551,.T.);
#6551 = EDGE_CURVE('',#6521,#6389,#6552,.T.);
#6552 = LINE('',#6553,#6554);
#6553 = CARTESIAN_POINT('',(580.,-150.,14.737205583712));
#6554 = VECTOR('',#6555,1.);
#6555 = DIRECTION('',(0.,0.965925826289,-0.258819045103));
#6556 = ORIENTED_EDGE('',*,*,#6386,.F.);
#6557 = ORIENTED_EDGE('',*,*,#6558,.F.);
#6558 = EDGE_CURVE('',#6529,#6387,#6559,.T.);
#6559 = LINE('',#6560,#6561);
#6560 = CARTESIAN_POINT('',(560.,-150.,14.737205583712));
#6561 = VECTOR('',#6562,1.);
#6562 = DIRECTION('',(0.,0.965925826289,-0.258819045103));
#6563 = PLANE('',#6564);
#6564 = AXIS2_PLACEMENT_3D('',#6565,#6566,#6567);
#6565 = CARTESIAN_POINT('',(560.,-150.,14.737205583712));
#6566 = DIRECTION('',(-0.,0.258819045103,0.965925826289));
#6567 = DIRECTION('',(0.,0.965925826289,-0.258819045103));
#6568 = ADVANCED_FACE('',(#6569),#6577,.F.);
#6569 = FACE_BOUND('',#6570,.F.);
#6570 = EDGE_LOOP('',(#6571,#6572,#6573,#6574,#6575,#6576));
#6571 = ORIENTED_EDGE('',*,*,#6412,.T.);
#6572 = ORIENTED_EDGE('',*,*,#6443,.T.);
#6573 = ORIENTED_EDGE('',*,*,#6474,.T.);
#6574 = ORIENTED_EDGE('',*,*,#6505,.T.);
#6575 = ORIENTED_EDGE('',*,*,#6536,.T.);
#6576 = ORIENTED_EDGE('',*,*,#6558,.T.);
#6577 = PLANE('',#6578);
#6578 = AXIS2_PLACEMENT_3D('',#6579,#6580,#6581);
#6579 = CARTESIAN_POINT('',(560.,3.908654379552E-15,62.649287970335));
#6580 = DIRECTION('',(1.,0.,0.));
#6581 = DIRECTION('',(-0.,0.,1.));
#6582 = ADVANCED_FACE('',(#6583),#6591,.T.);
#6583 = FACE_BOUND('',#6584,.T.);
#6584 = EDGE_LOOP('',(#6585,#6586,#6587,#6588,#6589,#6590));
#6585 = ORIENTED_EDGE('',*,*,#6396,.T.);
#6586 = ORIENTED_EDGE('',*,*,#6427,.T.);
#6587 = ORIENTED_EDGE('',*,*,#6458,.T.);
#6588 = ORIENTED_EDGE('',*,*,#6489,.T.);
#6589 = ORIENTED_EDGE('',*,*,#6520,.T.);
#6590 = ORIENTED_EDGE('',*,*,#6551,.T.);
#6591 = PLANE('',#6592);
#6592 = AXIS2_PLACEMENT_3D('',#6593,#6594,#6595);
#6593 = CARTESIAN_POINT('',(580.,3.908654379552E-15,62.649287970335));
#6594 = DIRECTION('',(1.,0.,0.));
#6595 = DIRECTION('',(-0.,0.,1.));
#6596 = ( GEOMETRIC_REPRESENTATION_CONTEXT(3) 
GLOBAL_UNCERTAINTY_ASSIGNED_CONTEXT((#6600)) 
GLOBAL_UNIT_ASSIGNED_CONTEXT((#6597,#6598,#6599)) REPRESENTATION_CONTEXT
('Context #1','3D Context with UNIT and UNCERTAINTY') );
#6597 = ( LENGTH_UNIT() NAMED_UNIT(*) SI_UNIT(.MILLI.,.METRE.) );
#6598 = ( NAMED_UNIT(*) PLANE_ANGLE_UNIT() SI_UNIT($,.RADIAN.) );
#6599 = ( NAMED_UNIT(*) SI_UNIT($,.STERADIAN.) SOLID_ANGLE_UNIT() );
#6600 = UNCERTAINTY_MEASURE_WITH_UNIT(LENGTH_MEASURE(1.E-07),#6597,
  'distance_accuracy_value','confusion accuracy');
#6601 = CONTEXT_DEPENDENT_SHAPE_REPRESENTATION(#6602,#6604);
#6602 = ( REPRESENTATION_RELATIONSHIP('','',#6379,#10) 
REPRESENTATION_RELATIONSHIP_WITH_TRANSFORMATION(#6603) 
SHAPE_REPRESENTATION_RELATIONSHIP() );
#6603 = ITEM_DEFINED_TRANSFORMATION('','',#11,#151);
#6604 = PRODUCT_DEFINITION_SHAPE('Placement','Placement of an item',
  #6605);
#6605 = NEXT_ASSEMBLY_USAGE_OCCURRENCE('123',
  'TRI-MAIN-BULKHEAD-04 | Bulkhead | nominal plywood 20 mm','',#5,#6374,
  $);
#6606 = PRODUCT_RELATED_PRODUCT_CATEGORY('part',$,(#6376));
#6607 = SHAPE_DEFINITION_REPRESENTATION(#6608,#6614);
#6608 = PRODUCT_DEFINITION_SHAPE('','',#6609);
#6609 = PRODUCT_DEFINITION('design','',#6610,#6613);
#6610 = PRODUCT_DEFINITION_FORMATION('','',#6611);
#6611 = PRODUCT(
  'TRI-MAIN-BULKHEAD-05 | Bulkhead | nominal plywood 20 mm',
  'TRI-MAIN-BULKHEAD-05 | Bulkhead | nominal plywood 20 mm','',(#6612));
#6612 = PRODUCT_CONTEXT('',#2,'mechanical');
#6613 = PRODUCT_DEFINITION_CONTEXT('part definition',#2,'design');
#6614 = ADVANCED_BREP_SHAPE_REPRESENTATION('',(#11,#6615),#6831);
#6615 = MANIFOLD_SOLID_BREP('',#6616);
#6616 = CLOSED_SHELL('',(#6617,#6657,#6688,#6719,#6750,#6781,#6803,#6817
    ));
#6617 = ADVANCED_FACE('',(#6618),#6652,.F.);
#6618 = FACE_BOUND('',#6619,.F.);
#6619 = EDGE_LOOP('',(#6620,#6630,#6638,#6646));
#6620 = ORIENTED_EDGE('',*,*,#6621,.T.);
#6621 = EDGE_CURVE('',#6622,#6624,#6626,.T.);
#6622 = VERTEX_POINT('',#6623);
#6623 = CARTESIAN_POINT('',(730.,-39.44444444444,0.));
#6624 = VERTEX_POINT('',#6625);
#6625 = CARTESIAN_POINT('',(750.,-39.44444444444,0.));
#6626 = LINE('',#6627,#6628);
#6627 = CARTESIAN_POINT('',(730.,-39.44444444444,0.));
#6628 = VECTOR('',#6629,1.);
#6629 = DIRECTION('',(1.,0.,0.));
#6630 = ORIENTED_EDGE('',*,*,#6631,.T.);
#6631 = EDGE_CURVE('',#6624,#6632,#6634,.T.);
#6632 = VERTEX_POINT('',#6633);
#6633 = CARTESIAN_POINT('',(750.,39.444444444444,0.));
#6634 = LINE('',#6635,#6636);
#6635 = CARTESIAN_POINT('',(750.,-39.44444444444,0.));
#6636 = VECTOR('',#6637,1.);
#6637 = DIRECTION('',(0.,1.,0.));
#6638 = ORIENTED_EDGE('',*,*,#6639,.F.);
#6639 = EDGE_CURVE('',#6640,#6632,#6642,.T.);
#6640 = VERTEX_POINT('',#6641);
#6641 = CARTESIAN_POINT('',(730.,39.444444444444,0.));
#6642 = LINE('',#6643,#6644);
#6643 = CARTESIAN_POINT('',(730.,39.444444444444,0.));
#6644 = VECTOR('',#6645,1.);
#6645 = DIRECTION('',(1.,0.,0.));
#6646 = ORIENTED_EDGE('',*,*,#6647,.F.);
#6647 = EDGE_CURVE('',#6622,#6640,#6648,.T.);
#6648 = LINE('',#6649,#6650);
#6649 = CARTESIAN_POINT('',(730.,-39.44444444444,0.));
#6650 = VECTOR('',#6651,1.);
#6651 = DIRECTION('',(0.,1.,0.));
#6652 = PLANE('',#6653);
#6653 = AXIS2_PLACEMENT_3D('',#6654,#6655,#6656);
#6654 = CARTESIAN_POINT('',(730.,-39.44444444444,0.));
#6655 = DIRECTION('',(0.,0.,1.));
#6656 = DIRECTION('',(0.,1.,0.));
#6657 = ADVANCED_FACE('',(#6658),#6683,.F.);
#6658 = FACE_BOUND('',#6659,.F.);
#6659 = EDGE_LOOP('',(#6660,#6661,#6669,#6677));
#6660 = ORIENTED_EDGE('',*,*,#6639,.T.);
#6661 = ORIENTED_EDGE('',*,*,#6662,.T.);
#6662 = EDGE_CURVE('',#6632,#6663,#6665,.T.);
#6663 = VERTEX_POINT('',#6664);
#6664 = CARTESIAN_POINT('',(750.,94.444444444444,14.737205583712));
#6665 = LINE('',#6666,#6667);
#6666 = CARTESIAN_POINT('',(750.,39.444444444444,0.));
#6667 = VECTOR('',#6668,1.);
#6668 = DIRECTION('',(0.,0.965925826289,0.258819045103));
#6669 = ORIENTED_EDGE('',*,*,#6670,.F.);
#6670 = EDGE_CURVE('',#6671,#6663,#6673,.T.);
#6671 = VERTEX_POINT('',#6672);
#6672 = CARTESIAN_POINT('',(730.,94.444444444444,14.737205583712));
#6673 = LINE('',#6674,#6675);
#6674 = CARTESIAN_POINT('',(730.,94.444444444444,14.737205583712));
#6675 = VECTOR('',#6676,1.);
#6676 = DIRECTION('',(1.,0.,0.));
#6677 = ORIENTED_EDGE('',*,*,#6678,.F.);
#6678 = EDGE_CURVE('',#6640,#6671,#6679,.T.);
#6679 = LINE('',#6680,#6681);
#6680 = CARTESIAN_POINT('',(730.,39.444444444444,0.));
#6681 = VECTOR('',#6682,1.);
#6682 = DIRECTION('',(0.,0.965925826289,0.258819045103));
#6683 = PLANE('',#6684);
#6684 = AXIS2_PLACEMENT_3D('',#6685,#6686,#6687);
#6685 = CARTESIAN_POINT('',(730.,39.444444444444,0.));
#6686 = DIRECTION('',(0.,-0.258819045103,0.965925826289));
#6687 = DIRECTION('',(0.,0.965925826289,0.258819045103));
#6688 = ADVANCED_FACE('',(#6689),#6714,.F.);
#6689 = FACE_BOUND('',#6690,.F.);
#6690 = EDGE_LOOP('',(#6691,#6692,#6700,#6708));
#6691 = ORIENTED_EDGE('',*,*,#6670,.T.);
#6692 = ORIENTED_EDGE('',*,*,#6693,.T.);
#6693 = EDGE_CURVE('',#6663,#6694,#6696,.T.);
#6694 = VERTEX_POINT('',#6695);
#6695 = CARTESIAN_POINT('',(750.,94.444444444444,120.));
#6696 = LINE('',#6697,#6698);
#6697 = CARTESIAN_POINT('',(750.,94.444444444444,14.737205583712));
#6698 = VECTOR('',#6699,1.);
#6699 = DIRECTION('',(0.,0.,1.));
#6700 = ORIENTED_EDGE('',*,*,#6701,.F.);
#6701 = EDGE_CURVE('',#6702,#6694,#6704,.T.);
#6702 = VERTEX_POINT('',#6703);
#6703 = CARTESIAN_POINT('',(730.,94.444444444444,120.));
#6704 = LINE('',#6705,#6706);
#6705 = CARTESIAN_POINT('',(730.,94.444444444444,120.));
#6706 = VECTOR('',#6707,1.);
#6707 = DIRECTION('',(1.,0.,0.));
#6708 = ORIENTED_EDGE('',*,*,#6709,.F.);
#6709 = EDGE_CURVE('',#6671,#6702,#6710,.T.);
#6710 = LINE('',#6711,#6712);
#6711 = CARTESIAN_POINT('',(730.,94.444444444444,14.737205583712));
#6712 = VECTOR('',#6713,1.);
#6713 = DIRECTION('',(0.,0.,1.));
#6714 = PLANE('',#6715);
#6715 = AXIS2_PLACEMENT_3D('',#6716,#6717,#6718);
#6716 = CARTESIAN_POINT('',(730.,94.444444444444,14.737205583712));
#6717 = DIRECTION('',(0.,-1.,0.));
#6718 = DIRECTION('',(0.,0.,1.));
#6719 = ADVANCED_FACE('',(#6720),#6745,.F.);
#6720 = FACE_BOUND('',#6721,.F.);
#6721 = EDGE_LOOP('',(#6722,#6723,#6731,#6739));
#6722 = ORIENTED_EDGE('',*,*,#6701,.T.);
#6723 = ORIENTED_EDGE('',*,*,#6724,.T.);
#6724 = EDGE_CURVE('',#6694,#6725,#6727,.T.);
#6725 = VERTEX_POINT('',#6726);
#6726 = CARTESIAN_POINT('',(750.,-94.44444444444,120.));
#6727 = LINE('',#6728,#6729);
#6728 = CARTESIAN_POINT('',(750.,94.444444444444,120.));
#6729 = VECTOR('',#6730,1.);
#6730 = DIRECTION('',(0.,-1.,0.));
#6731 = ORIENTED_EDGE('',*,*,#6732,.F.);
#6732 = EDGE_CURVE('',#6733,#6725,#6735,.T.);
#6733 = VERTEX_POINT('',#6734);
#6734 = CARTESIAN_POINT('',(730.,-94.44444444444,120.));
#6735 = LINE('',#6736,#6737);
#6736 = CARTESIAN_POINT('',(730.,-94.44444444444,120.));
#6737 = VECTOR('',#6738,1.);
#6738 = DIRECTION('',(1.,0.,0.));
#6739 = ORIENTED_EDGE('',*,*,#6740,.F.);
#6740 = EDGE_CURVE('',#6702,#6733,#6741,.T.);
#6741 = LINE('',#6742,#6743);
#6742 = CARTESIAN_POINT('',(730.,94.444444444444,120.));
#6743 = VECTOR('',#6744,1.);
#6744 = DIRECTION('',(0.,-1.,0.));
#6745 = PLANE('',#6746);
#6746 = AXIS2_PLACEMENT_3D('',#6747,#6748,#6749);
#6747 = CARTESIAN_POINT('',(730.,94.444444444444,120.));
#6748 = DIRECTION('',(0.,0.,-1.));
#6749 = DIRECTION('',(0.,-1.,0.));
#6750 = ADVANCED_FACE('',(#6751),#6776,.F.);
#6751 = FACE_BOUND('',#6752,.F.);
#6752 = EDGE_LOOP('',(#6753,#6754,#6762,#6770));
#6753 = ORIENTED_EDGE('',*,*,#6732,.T.);
#6754 = ORIENTED_EDGE('',*,*,#6755,.T.);
#6755 = EDGE_CURVE('',#6725,#6756,#6758,.T.);
#6756 = VERTEX_POINT('',#6757);
#6757 = CARTESIAN_POINT('',(750.,-94.44444444444,14.737205583712));
#6758 = LINE('',#6759,#6760);
#6759 = CARTESIAN_POINT('',(750.,-94.44444444444,120.));
#6760 = VECTOR('',#6761,1.);
#6761 = DIRECTION('',(0.,0.,-1.));
#6762 = ORIENTED_EDGE('',*,*,#6763,.F.);
#6763 = EDGE_CURVE('',#6764,#6756,#6766,.T.);
#6764 = VERTEX_POINT('',#6765);
#6765 = CARTESIAN_POINT('',(730.,-94.44444444444,14.737205583712));
#6766 = LINE('',#6767,#6768);
#6767 = CARTESIAN_POINT('',(730.,-94.44444444444,14.737205583712));
#6768 = VECTOR('',#6769,1.);
#6769 = DIRECTION('',(1.,0.,0.));
#6770 = ORIENTED_EDGE('',*,*,#6771,.F.);
#6771 = EDGE_CURVE('',#6733,#6764,#6772,.T.);
#6772 = LINE('',#6773,#6774);
#6773 = CARTESIAN_POINT('',(730.,-94.44444444444,120.));
#6774 = VECTOR('',#6775,1.);
#6775 = DIRECTION('',(0.,0.,-1.));
#6776 = PLANE('',#6777);
#6777 = AXIS2_PLACEMENT_3D('',#6778,#6779,#6780);
#6778 = CARTESIAN_POINT('',(730.,-94.44444444444,120.));
#6779 = DIRECTION('',(-0.,1.,0.));
#6780 = DIRECTION('',(0.,0.,-1.));
#6781 = ADVANCED_FACE('',(#6782),#6798,.F.);
#6782 = FACE_BOUND('',#6783,.F.);
#6783 = EDGE_LOOP('',(#6784,#6785,#6791,#6792));
#6784 = ORIENTED_EDGE('',*,*,#6763,.T.);
#6785 = ORIENTED_EDGE('',*,*,#6786,.T.);
#6786 = EDGE_CURVE('',#6756,#6624,#6787,.T.);
#6787 = LINE('',#6788,#6789);
#6788 = CARTESIAN_POINT('',(750.,-94.44444444444,14.737205583712));
#6789 = VECTOR('',#6790,1.);
#6790 = DIRECTION('',(0.,0.965925826289,-0.258819045103));
#6791 = ORIENTED_EDGE('',*,*,#6621,.F.);
#6792 = ORIENTED_EDGE('',*,*,#6793,.F.);
#6793 = EDGE_CURVE('',#6764,#6622,#6794,.T.);
#6794 = LINE('',#6795,#6796);
#6795 = CARTESIAN_POINT('',(730.,-94.44444444444,14.737205583712));
#6796 = VECTOR('',#6797,1.);
#6797 = DIRECTION('',(0.,0.965925826289,-0.258819045103));
#6798 = PLANE('',#6799);
#6799 = AXIS2_PLACEMENT_3D('',#6800,#6801,#6802);
#6800 = CARTESIAN_POINT('',(730.,-94.44444444444,14.737205583712));
#6801 = DIRECTION('',(-0.,0.258819045103,0.965925826289));
#6802 = DIRECTION('',(0.,0.965925826289,-0.258819045103));
#6803 = ADVANCED_FACE('',(#6804),#6812,.F.);
#6804 = FACE_BOUND('',#6805,.F.);
#6805 = EDGE_LOOP('',(#6806,#6807,#6808,#6809,#6810,#6811));
#6806 = ORIENTED_EDGE('',*,*,#6647,.T.);
#6807 = ORIENTED_EDGE('',*,*,#6678,.T.);
#6808 = ORIENTED_EDGE('',*,*,#6709,.T.);
#6809 = ORIENTED_EDGE('',*,*,#6740,.T.);
#6810 = ORIENTED_EDGE('',*,*,#6771,.T.);
#6811 = ORIENTED_EDGE('',*,*,#6793,.T.);
#6812 = PLANE('',#6813);
#6813 = AXIS2_PLACEMENT_3D('',#6814,#6815,#6816);
#6814 = CARTESIAN_POINT('',(730.,-1.151873941851E-15,63.643456864024));
#6815 = DIRECTION('',(1.,0.,0.));
#6816 = DIRECTION('',(-0.,0.,1.));
#6817 = ADVANCED_FACE('',(#6818),#6826,.T.);
#6818 = FACE_BOUND('',#6819,.T.);
#6819 = EDGE_LOOP('',(#6820,#6821,#6822,#6823,#6824,#6825));
#6820 = ORIENTED_EDGE('',*,*,#6631,.T.);
#6821 = ORIENTED_EDGE('',*,*,#6662,.T.);
#6822 = ORIENTED_EDGE('',*,*,#6693,.T.);
#6823 = ORIENTED_EDGE('',*,*,#6724,.T.);
#6824 = ORIENTED_EDGE('',*,*,#6755,.T.);
#6825 = ORIENTED_EDGE('',*,*,#6786,.T.);
#6826 = PLANE('',#6827);
#6827 = AXIS2_PLACEMENT_3D('',#6828,#6829,#6830);
#6828 = CARTESIAN_POINT('',(750.,-1.151873941851E-15,63.643456864024));
#6829 = DIRECTION('',(1.,0.,0.));
#6830 = DIRECTION('',(-0.,0.,1.));
#6831 = ( GEOMETRIC_REPRESENTATION_CONTEXT(3) 
GLOBAL_UNCERTAINTY_ASSIGNED_CONTEXT((#6835)) 
GLOBAL_UNIT_ASSIGNED_CONTEXT((#6832,#6833,#6834)) REPRESENTATION_CONTEXT
('Context #1','3D Context with UNIT and UNCERTAINTY') );
#6832 = ( LENGTH_UNIT() NAMED_UNIT(*) SI_UNIT(.MILLI.,.METRE.) );
#6833 = ( NAMED_UNIT(*) PLANE_ANGLE_UNIT() SI_UNIT($,.RADIAN.) );
#6834 = ( NAMED_UNIT(*) SI_UNIT($,.STERADIAN.) SOLID_ANGLE_UNIT() );
#6835 = UNCERTAINTY_MEASURE_WITH_UNIT(LENGTH_MEASURE(1.E-07),#6832,
  'distance_accuracy_value','confusion accuracy');
#6836 = CONTEXT_DEPENDENT_SHAPE_REPRESENTATION(#6837,#6839);
#6837 = ( REPRESENTATION_RELATIONSHIP('','',#6614,#10) 
REPRESENTATION_RELATIONSHIP_WITH_TRANSFORMATION(#6838) 
SHAPE_REPRESENTATION_RELATIONSHIP() );
#6838 = ITEM_DEFINED_TRANSFORMATION('','',#11,#155);
#6839 = PRODUCT_DEFINITION_SHAPE('Placement','Placement of an item',
  #6840);
#6840 = NEXT_ASSEMBLY_USAGE_OCCURRENCE('124',
  'TRI-MAIN-BULKHEAD-05 | Bulkhead | nominal plywood 20 mm','',#5,#6609,
  $);
#6841 = PRODUCT_RELATED_PRODUCT_CATEGORY('part',$,(#6611));
#6842 = SHAPE_DEFINITION_REPRESENTATION(#6843,#6849);
#6843 = PRODUCT_DEFINITION_SHAPE('','',#6844);
#6844 = PRODUCT_DEFINITION('design','',#6845,#6848);
#6845 = PRODUCT_DEFINITION_FORMATION('','',#6846);
#6846 = PRODUCT('TRI-MAIN-DECK-01 | Deck | nominal plywood 20 mm',
  'TRI-MAIN-DECK-01 | Deck | nominal plywood 20 mm','',(#6847));
#6847 = PRODUCT_CONTEXT('',#2,'mechanical');
#6848 = PRODUCT_DEFINITION_CONTEXT('part definition',#2,'design');
#6849 = ADVANCED_BREP_SHAPE_REPRESENTATION('',(#11,#6850),#7000);
#6850 = MANIFOLD_SOLID_BREP('',#6851);
#6851 = CLOSED_SHELL('',(#6852,#6892,#6923,#6954,#6976,#6988));
#6852 = ADVANCED_FACE('',(#6853),#6887,.F.);
#6853 = FACE_BOUND('',#6854,.F.);
#6854 = EDGE_LOOP('',(#6855,#6865,#6873,#6881));
#6855 = ORIENTED_EDGE('',*,*,#6856,.T.);
#6856 = EDGE_CURVE('',#6857,#6859,#6861,.T.);
#6857 = VERTEX_POINT('',#6858);
#6858 = CARTESIAN_POINT('',(0.,-150.,120.));
#6859 = VERTEX_POINT('',#6860);
#6860 = CARTESIAN_POINT('',(0.,-150.,140.));
#6861 = LINE('',#6862,#6863);
#6862 = CARTESIAN_POINT('',(0.,-150.,120.));
#6863 = VECTOR('',#6864,1.);
#6864 = DIRECTION('',(0.,0.,1.));
#6865 = ORIENTED_EDGE('',*,*,#6866,.T.);
#6866 = EDGE_CURVE('',#6859,#6867,#6869,.T.);
#6867 = VERTEX_POINT('',#6868);
#6868 = CARTESIAN_POINT('',(50.,-150.,140.));
#6869 = LINE('',#6870,#6871);
#6870 = CARTESIAN_POINT('',(0.,-150.,140.));
#6871 = VECTOR('',#6872,1.);
#6872 = DIRECTION('',(1.,0.,0.));
#6873 = ORIENTED_EDGE('',*,*,#6874,.F.);
#6874 = EDGE_CURVE('',#6875,#6867,#6877,.T.);
#6875 = VERTEX_POINT('',#6876);
#6876 = CARTESIAN_POINT('',(50.,-150.,120.));
#6877 = LINE('',#6878,#6879);
#6878 = CARTESIAN_POINT('',(50.,-150.,120.));
#6879 = VECTOR('',#6880,1.);
#6880 = DIRECTION('',(0.,0.,1.));
#6881 = ORIENTED_EDGE('',*,*,#6882,.F.);
#6882 = EDGE_CURVE('',#6857,#6875,#6883,.T.);
#6883 = LINE('',#6884,#6885);
#6884 = CARTESIAN_POINT('',(0.,-150.,120.));
#6885 = VECTOR('',#6886,1.);
#6886 = DIRECTION('',(1.,0.,0.));
#6887 = PLANE('',#6888);
#6888 = AXIS2_PLACEMENT_3D('',#6889,#6890,#6891);
#6889 = CARTESIAN_POINT('',(0.,-150.,120.));
#6890 = DIRECTION('',(0.,1.,0.));
#6891 = DIRECTION('',(1.,0.,0.));
#6892 = ADVANCED_FACE('',(#6893),#6918,.F.);
#6893 = FACE_BOUND('',#6894,.F.);
#6894 = EDGE_LOOP('',(#6895,#6896,#6904,#6912));
#6895 = ORIENTED_EDGE('',*,*,#6874,.T.);
#6896 = ORIENTED_EDGE('',*,*,#6897,.T.);
#6897 = EDGE_CURVE('',#6867,#6898,#6900,.T.);
#6898 = VERTEX_POINT('',#6899);
#6899 = CARTESIAN_POINT('',(50.,150.,140.));
#6900 = LINE('',#6901,#6902);
#6901 = CARTESIAN_POINT('',(50.,-150.,140.));
#6902 = VECTOR('',#6903,1.);
#6903 = DIRECTION('',(0.,1.,0.));
#6904 = ORIENTED_EDGE('',*,*,#6905,.F.);
#6905 = EDGE_CURVE('',#6906,#6898,#6908,.T.);
#6906 = VERTEX_POINT('',#6907);
#6907 = CARTESIAN_POINT('',(50.,150.,120.));
#6908 = LINE('',#6909,#6910);
#6909 = CARTESIAN_POINT('',(50.,150.,120.));
#6910 = VECTOR('',#6911,1.);
#6911 = DIRECTION('',(0.,0.,1.));
#6912 = ORIENTED_EDGE('',*,*,#6913,.F.);
#6913 = EDGE_CURVE('',#6875,#6906,#6914,.T.);
#6914 = LINE('',#6915,#6916);
#6915 = CARTESIAN_POINT('',(50.,-150.,120.));
#6916 = VECTOR('',#6917,1.);
#6917 = DIRECTION('',(0.,1.,0.));
#6918 = PLANE('',#6919);
#6919 = AXIS2_PLACEMENT_3D('',#6920,#6921,#6922);
#6920 = CARTESIAN_POINT('',(50.,-150.,120.));
#6921 = DIRECTION('',(-1.,0.,0.));
#6922 = DIRECTION('',(0.,1.,0.));
#6923 = ADVANCED_FACE('',(#6924),#6949,.F.);
#6924 = FACE_BOUND('',#6925,.F.);
#6925 = EDGE_LOOP('',(#6926,#6927,#6935,#6943));
#6926 = ORIENTED_EDGE('',*,*,#6905,.T.);
#6927 = ORIENTED_EDGE('',*,*,#6928,.T.);
#6928 = EDGE_CURVE('',#6898,#6929,#6931,.T.);
#6929 = VERTEX_POINT('',#6930);
#6930 = CARTESIAN_POINT('',(0.,150.,140.));
#6931 = LINE('',#6932,#6933);
#6932 = CARTESIAN_POINT('',(50.,150.,140.));
#6933 = VECTOR('',#6934,1.);
#6934 = DIRECTION('',(-1.,0.,0.));
#6935 = ORIENTED_EDGE('',*,*,#6936,.F.);
#6936 = EDGE_CURVE('',#6937,#6929,#6939,.T.);
#6937 = VERTEX_POINT('',#6938);
#6938 = CARTESIAN_POINT('',(0.,150.,120.));
#6939 = LINE('',#6940,#6941);
#6940 = CARTESIAN_POINT('',(0.,150.,120.));
#6941 = VECTOR('',#6942,1.);
#6942 = DIRECTION('',(0.,0.,1.));
#6943 = ORIENTED_EDGE('',*,*,#6944,.F.);
#6944 = EDGE_CURVE('',#6906,#6937,#6945,.T.);
#6945 = LINE('',#6946,#6947);
#6946 = CARTESIAN_POINT('',(50.,150.,120.));
#6947 = VECTOR('',#6948,1.);
#6948 = DIRECTION('',(-1.,0.,0.));
#6949 = PLANE('',#6950);
#6950 = AXIS2_PLACEMENT_3D('',#6951,#6952,#6953);
#6951 = CARTESIAN_POINT('',(50.,150.,120.));
#6952 = DIRECTION('',(0.,-1.,0.));
#6953 = DIRECTION('',(-1.,0.,0.));
#6954 = ADVANCED_FACE('',(#6955),#6971,.F.);
#6955 = FACE_BOUND('',#6956,.F.);
#6956 = EDGE_LOOP('',(#6957,#6958,#6964,#6965));
#6957 = ORIENTED_EDGE('',*,*,#6936,.T.);
#6958 = ORIENTED_EDGE('',*,*,#6959,.T.);
#6959 = EDGE_CURVE('',#6929,#6859,#6960,.T.);
#6960 = LINE('',#6961,#6962);
#6961 = CARTESIAN_POINT('',(0.,150.,140.));
#6962 = VECTOR('',#6963,1.);
#6963 = DIRECTION('',(0.,-1.,0.));
#6964 = ORIENTED_EDGE('',*,*,#6856,.F.);
#6965 = ORIENTED_EDGE('',*,*,#6966,.F.);
#6966 = EDGE_CURVE('',#6937,#6857,#6967,.T.);
#6967 = LINE('',#6968,#6969);
#6968 = CARTESIAN_POINT('',(0.,150.,120.));
#6969 = VECTOR('',#6970,1.);
#6970 = DIRECTION('',(0.,-1.,0.));
#6971 = PLANE('',#6972);
#6972 = AXIS2_PLACEMENT_3D('',#6973,#6974,#6975);
#6973 = CARTESIAN_POINT('',(0.,150.,120.));
#6974 = DIRECTION('',(1.,0.,-0.));
#6975 = DIRECTION('',(0.,-1.,0.));
#6976 = ADVANCED_FACE('',(#6977),#6983,.F.);
#6977 = FACE_BOUND('',#6978,.F.);
#6978 = EDGE_LOOP('',(#6979,#6980,#6981,#6982));
#6979 = ORIENTED_EDGE('',*,*,#6882,.T.);
#6980 = ORIENTED_EDGE('',*,*,#6913,.T.);
#6981 = ORIENTED_EDGE('',*,*,#6944,.T.);
#6982 = ORIENTED_EDGE('',*,*,#6966,.T.);
#6983 = PLANE('',#6984);
#6984 = AXIS2_PLACEMENT_3D('',#6985,#6986,#6987);
#6985 = CARTESIAN_POINT('',(25.,0.,120.));
#6986 = DIRECTION('',(0.,0.,1.));
#6987 = DIRECTION('',(1.,0.,-0.));
#6988 = ADVANCED_FACE('',(#6989),#6995,.T.);
#6989 = FACE_BOUND('',#6990,.T.);
#6990 = EDGE_LOOP('',(#6991,#6992,#6993,#6994));
#6991 = ORIENTED_EDGE('',*,*,#6866,.T.);
#6992 = ORIENTED_EDGE('',*,*,#6897,.T.);
#6993 = ORIENTED_EDGE('',*,*,#6928,.T.);
#6994 = ORIENTED_EDGE('',*,*,#6959,.T.);
#6995 = PLANE('',#6996);
#6996 = AXIS2_PLACEMENT_3D('',#6997,#6998,#6999);
#6997 = CARTESIAN_POINT('',(25.,0.,140.));
#6998 = DIRECTION('',(0.,0.,1.));
#6999 = DIRECTION('',(1.,0.,-0.));
#7000 = ( GEOMETRIC_REPRESENTATION_CONTEXT(3) 
GLOBAL_UNCERTAINTY_ASSIGNED_CONTEXT((#7004)) 
GLOBAL_UNIT_ASSIGNED_CONTEXT((#7001,#7002,#7003)) REPRESENTATION_CONTEXT
('Context #1','3D Context with UNIT and UNCERTAINTY') );
#7001 = ( LENGTH_UNIT() NAMED_UNIT(*) SI_UNIT(.MILLI.,.METRE.) );
#7002 = ( NAMED_UNIT(*) PLANE_ANGLE_UNIT() SI_UNIT($,.RADIAN.) );
#7003 = ( NAMED_UNIT(*) SI_UNIT($,.STERADIAN.) SOLID_ANGLE_UNIT() );
#7004 = UNCERTAINTY_MEASURE_WITH_UNIT(LENGTH_MEASURE(1.E-07),#7001,
  'distance_accuracy_value','confusion accuracy');
#7005 = CONTEXT_DEPENDENT_SHAPE_REPRESENTATION(#7006,#7008);
#7006 = ( REPRESENTATION_RELATIONSHIP('','',#6849,#10) 
REPRESENTATION_RELATIONSHIP_WITH_TRANSFORMATION(#7007) 
SHAPE_REPRESENTATION_RELATIONSHIP() );
#7007 = ITEM_DEFINED_TRANSFORMATION('','',#11,#159);
#7008 = PRODUCT_DEFINITION_SHAPE('Placement','Placement of an item',
  #7009);
#7009 = NEXT_ASSEMBLY_USAGE_OCCURRENCE('125',
  'TRI-MAIN-DECK-01 | Deck | nominal plywood 20 mm','',#5,#6844,$);
#7010 = PRODUCT_RELATED_PRODUCT_CATEGORY('part',$,(#6846));
#7011 = SHAPE_DEFINITION_REPRESENTATION(#7012,#7018);
#7012 = PRODUCT_DEFINITION_SHAPE('','',#7013);
#7013 = PRODUCT_DEFINITION('design','',#7014,#7017);
#7014 = PRODUCT_DEFINITION_FORMATION('','',#7015);
#7015 = PRODUCT('TRI-MAIN-DECK-02 | Deck | nominal plywood 20 mm',
  'TRI-MAIN-DECK-02 | Deck | nominal plywood 20 mm','',(#7016));
#7016 = PRODUCT_CONTEXT('',#2,'mechanical');
#7017 = PRODUCT_DEFINITION_CONTEXT('part definition',#2,'design');
#7018 = ADVANCED_BREP_SHAPE_REPRESENTATION('',(#11,#7019),#7169);
#7019 = MANIFOLD_SOLID_BREP('',#7020);
#7020 = CLOSED_SHELL('',(#7021,#7061,#7092,#7123,#7145,#7157));
#7021 = ADVANCED_FACE('',(#7022),#7056,.F.);
#7022 = FACE_BOUND('',#7023,.F.);
#7023 = EDGE_LOOP('',(#7024,#7034,#7042,#7050));
#7024 = ORIENTED_EDGE('',*,*,#7025,.T.);
#7025 = EDGE_CURVE('',#7026,#7028,#7030,.T.);
#7026 = VERTEX_POINT('',#7027);
#7027 = CARTESIAN_POINT('',(50.,-150.,120.));
#7028 = VERTEX_POINT('',#7029);
#7029 = CARTESIAN_POINT('',(50.,-150.,140.));
#7030 = LINE('',#7031,#7032);
#7031 = CARTESIAN_POINT('',(50.,-150.,120.));
#7032 = VECTOR('',#7033,1.);
#7033 = DIRECTION('',(0.,0.,1.));
#7034 = ORIENTED_EDGE('',*,*,#7035,.T.);
#7035 = EDGE_CURVE('',#7028,#7036,#7038,.T.);
#7036 = VERTEX_POINT('',#7037);
#7037 = CARTESIAN_POINT('',(220.,-150.,140.));
#7038 = LINE('',#7039,#7040);
#7039 = CARTESIAN_POINT('',(50.,-150.,140.));
#7040 = VECTOR('',#7041,1.);
#7041 = DIRECTION('',(1.,0.,0.));
#7042 = ORIENTED_EDGE('',*,*,#7043,.F.);
#7043 = EDGE_CURVE('',#7044,#7036,#7046,.T.);
#7044 = VERTEX_POINT('',#7045);
#7045 = CARTESIAN_POINT('',(220.,-150.,120.));
#7046 = LINE('',#7047,#7048);
#7047 = CARTESIAN_POINT('',(220.,-150.,120.));
#7048 = VECTOR('',#7049,1.);
#7049 = DIRECTION('',(0.,0.,1.));
#7050 = ORIENTED_EDGE('',*,*,#7051,.F.);
#7051 = EDGE_CURVE('',#7026,#7044,#7052,.T.);
#7052 = LINE('',#7053,#7054);
#7053 = CARTESIAN_POINT('',(50.,-150.,120.));
#7054 = VECTOR('',#7055,1.);
#7055 = DIRECTION('',(1.,0.,0.));
#7056 = PLANE('',#7057);
#7057 = AXIS2_PLACEMENT_3D('',#7058,#7059,#7060);
#7058 = CARTESIAN_POINT('',(50.,-150.,120.));
#7059 = DIRECTION('',(0.,1.,0.));
#7060 = DIRECTION('',(1.,0.,0.));
#7061 = ADVANCED_FACE('',(#7062),#7087,.F.);
#7062 = FACE_BOUND('',#7063,.F.);
#7063 = EDGE_LOOP('',(#7064,#7065,#7073,#7081));
#7064 = ORIENTED_EDGE('',*,*,#7043,.T.);
#7065 = ORIENTED_EDGE('',*,*,#7066,.T.);
#7066 = EDGE_CURVE('',#7036,#7067,#7069,.T.);
#7067 = VERTEX_POINT('',#7068);
#7068 = CARTESIAN_POINT('',(220.,150.,140.));
#7069 = LINE('',#7070,#7071);
#7070 = CARTESIAN_POINT('',(220.,-150.,140.));
#7071 = VECTOR('',#7072,1.);
#7072 = DIRECTION('',(0.,1.,0.));
#7073 = ORIENTED_EDGE('',*,*,#7074,.F.);
#7074 = EDGE_CURVE('',#7075,#7067,#7077,.T.);
#7075 = VERTEX_POINT('',#7076);
#7076 = CARTESIAN_POINT('',(220.,150.,120.));
#7077 = LINE('',#7078,#7079);
#7078 = CARTESIAN_POINT('',(220.,150.,120.));
#7079 = VECTOR('',#7080,1.);
#7080 = DIRECTION('',(0.,0.,1.));
#7081 = ORIENTED_EDGE('',*,*,#7082,.F.);
#7082 = EDGE_CURVE('',#7044,#7075,#7083,.T.);
#7083 = LINE('',#7084,#7085);
#7084 = CARTESIAN_POINT('',(220.,-150.,120.));
#7085 = VECTOR('',#7086,1.);
#7086 = DIRECTION('',(0.,1.,0.));
#7087 = PLANE('',#7088);
#7088 = AXIS2_PLACEMENT_3D('',#7089,#7090,#7091);
#7089 = CARTESIAN_POINT('',(220.,-150.,120.));
#7090 = DIRECTION('',(-1.,0.,0.));
#7091 = DIRECTION('',(0.,1.,0.));
#7092 = ADVANCED_FACE('',(#7093),#7118,.F.);
#7093 = FACE_BOUND('',#7094,.F.);
#7094 = EDGE_LOOP('',(#7095,#7096,#7104,#7112));
#7095 = ORIENTED_EDGE('',*,*,#7074,.T.);
#7096 = ORIENTED_EDGE('',*,*,#7097,.T.);
#7097 = EDGE_CURVE('',#7067,#7098,#7100,.T.);
#7098 = VERTEX_POINT('',#7099);
#7099 = CARTESIAN_POINT('',(50.,150.,140.));
#7100 = LINE('',#7101,#7102);
#7101 = CARTESIAN_POINT('',(220.,150.,140.));
#7102 = VECTOR('',#7103,1.);
#7103 = DIRECTION('',(-1.,0.,0.));
#7104 = ORIENTED_EDGE('',*,*,#7105,.F.);
#7105 = EDGE_CURVE('',#7106,#7098,#7108,.T.);
#7106 = VERTEX_POINT('',#7107);
#7107 = CARTESIAN_POINT('',(50.,150.,120.));
#7108 = LINE('',#7109,#7110);
#7109 = CARTESIAN_POINT('',(50.,150.,120.));
#7110 = VECTOR('',#7111,1.);
#7111 = DIRECTION('',(0.,0.,1.));
#7112 = ORIENTED_EDGE('',*,*,#7113,.F.);
#7113 = EDGE_CURVE('',#7075,#7106,#7114,.T.);
#7114 = LINE('',#7115,#7116);
#7115 = CARTESIAN_POINT('',(220.,150.,120.));
#7116 = VECTOR('',#7117,1.);
#7117 = DIRECTION('',(-1.,0.,0.));
#7118 = PLANE('',#7119);
#7119 = AXIS2_PLACEMENT_3D('',#7120,#7121,#7122);
#7120 = CARTESIAN_POINT('',(220.,150.,120.));
#7121 = DIRECTION('',(0.,-1.,0.));
#7122 = DIRECTION('',(-1.,0.,0.));
#7123 = ADVANCED_FACE('',(#7124),#7140,.F.);
#7124 = FACE_BOUND('',#7125,.F.);
#7125 = EDGE_LOOP('',(#7126,#7127,#7133,#7134));
#7126 = ORIENTED_EDGE('',*,*,#7105,.T.);
#7127 = ORIENTED_EDGE('',*,*,#7128,.T.);
#7128 = EDGE_CURVE('',#7098,#7028,#7129,.T.);
#7129 = LINE('',#7130,#7131);
#7130 = CARTESIAN_POINT('',(50.,150.,140.));
#7131 = VECTOR('',#7132,1.);
#7132 = DIRECTION('',(0.,-1.,0.));
#7133 = ORIENTED_EDGE('',*,*,#7025,.F.);
#7134 = ORIENTED_EDGE('',*,*,#7135,.F.);
#7135 = EDGE_CURVE('',#7106,#7026,#7136,.T.);
#7136 = LINE('',#7137,#7138);
#7137 = CARTESIAN_POINT('',(50.,150.,120.));
#7138 = VECTOR('',#7139,1.);
#7139 = DIRECTION('',(0.,-1.,0.));
#7140 = PLANE('',#7141);
#7141 = AXIS2_PLACEMENT_3D('',#7142,#7143,#7144);
#7142 = CARTESIAN_POINT('',(50.,150.,120.));
#7143 = DIRECTION('',(1.,0.,-0.));
#7144 = DIRECTION('',(0.,-1.,0.));
#7145 = ADVANCED_FACE('',(#7146),#7152,.F.);
#7146 = FACE_BOUND('',#7147,.F.);
#7147 = EDGE_LOOP('',(#7148,#7149,#7150,#7151));
#7148 = ORIENTED_EDGE('',*,*,#7051,.T.);
#7149 = ORIENTED_EDGE('',*,*,#7082,.T.);
#7150 = ORIENTED_EDGE('',*,*,#7113,.T.);
#7151 = ORIENTED_EDGE('',*,*,#7135,.T.);
#7152 = PLANE('',#7153);
#7153 = AXIS2_PLACEMENT_3D('',#7154,#7155,#7156);
#7154 = CARTESIAN_POINT('',(135.,0.,120.));
#7155 = DIRECTION('',(0.,0.,1.));
#7156 = DIRECTION('',(1.,0.,-0.));
#7157 = ADVANCED_FACE('',(#7158),#7164,.T.);
#7158 = FACE_BOUND('',#7159,.T.);
#7159 = EDGE_LOOP('',(#7160,#7161,#7162,#7163));
#7160 = ORIENTED_EDGE('',*,*,#7035,.T.);
#7161 = ORIENTED_EDGE('',*,*,#7066,.T.);
#7162 = ORIENTED_EDGE('',*,*,#7097,.T.);
#7163 = ORIENTED_EDGE('',*,*,#7128,.T.);
#7164 = PLANE('',#7165);
#7165 = AXIS2_PLACEMENT_3D('',#7166,#7167,#7168);
#7166 = CARTESIAN_POINT('',(135.,0.,140.));
#7167 = DIRECTION('',(0.,0.,1.));
#7168 = DIRECTION('',(1.,0.,-0.));
#7169 = ( GEOMETRIC_REPRESENTATION_CONTEXT(3) 
GLOBAL_UNCERTAINTY_ASSIGNED_CONTEXT((#7173)) 
GLOBAL_UNIT_ASSIGNED_CONTEXT((#7170,#7171,#7172)) REPRESENTATION_CONTEXT
('Context #1','3D Context with UNIT and UNCERTAINTY') );
#7170 = ( LENGTH_UNIT() NAMED_UNIT(*) SI_UNIT(.MILLI.,.METRE.) );
#7171 = ( NAMED_UNIT(*) PLANE_ANGLE_UNIT() SI_UNIT($,.RADIAN.) );
#7172 = ( NAMED_UNIT(*) SI_UNIT($,.STERADIAN.) SOLID_ANGLE_UNIT() );
#7173 = UNCERTAINTY_MEASURE_WITH_UNIT(LENGTH_MEASURE(1.E-07),#7170,
  'distance_accuracy_value','confusion accuracy');
#7174 = CONTEXT_DEPENDENT_SHAPE_REPRESENTATION(#7175,#7177);
#7175 = ( REPRESENTATION_RELATIONSHIP('','',#7018,#10) 
REPRESENTATION_RELATIONSHIP_WITH_TRANSFORMATION(#7176) 
SHAPE_REPRESENTATION_RELATIONSHIP() );
#7176 = ITEM_DEFINED_TRANSFORMATION('','',#11,#163);
#7177 = PRODUCT_DEFINITION_SHAPE('Placement','Placement of an item',
  #7178);
#7178 = NEXT_ASSEMBLY_USAGE_OCCURRENCE('126',
  'TRI-MAIN-DECK-02 | Deck | nominal plywood 20 mm','',#5,#7013,$);
#7179 = PRODUCT_RELATED_PRODUCT_CATEGORY('part',$,(#7015));
#7180 = SHAPE_DEFINITION_REPRESENTATION(#7181,#7187);
#7181 = PRODUCT_DEFINITION_SHAPE('','',#7182);
#7182 = PRODUCT_DEFINITION('design','',#7183,#7186);
#7183 = PRODUCT_DEFINITION_FORMATION('','',#7184);
#7184 = PRODUCT('TRI-MAIN-DECK-03 | Deck | nominal plywood 20 mm',
  'TRI-MAIN-DECK-03 | Deck | nominal plywood 20 mm','',(#7185));
#7185 = PRODUCT_CONTEXT('',#2,'mechanical');
#7186 = PRODUCT_DEFINITION_CONTEXT('part definition',#2,'design');
#7187 = ADVANCED_BREP_SHAPE_REPRESENTATION('',(#11,#7188),#7338);
#7188 = MANIFOLD_SOLID_BREP('',#7189);
#7189 = CLOSED_SHELL('',(#7190,#7230,#7261,#7292,#7314,#7326));
#7190 = ADVANCED_FACE('',(#7191),#7225,.F.);
#7191 = FACE_BOUND('',#7192,.F.);
#7192 = EDGE_LOOP('',(#7193,#7203,#7211,#7219));
#7193 = ORIENTED_EDGE('',*,*,#7194,.T.);
#7194 = EDGE_CURVE('',#7195,#7197,#7199,.T.);
#7195 = VERTEX_POINT('',#7196);
#7196 = CARTESIAN_POINT('',(220.,-150.,120.));
#7197 = VERTEX_POINT('',#7198);
#7198 = CARTESIAN_POINT('',(220.,-150.,140.));
#7199 = LINE('',#7200,#7201);
#7200 = CARTESIAN_POINT('',(220.,-150.,120.));
#7201 = VECTOR('',#7202,1.);
#7202 = DIRECTION('',(0.,0.,1.));
#7203 = ORIENTED_EDGE('',*,*,#7204,.T.);
#7204 = EDGE_CURVE('',#7197,#7205,#7207,.T.);
#7205 = VERTEX_POINT('',#7206);
#7206 = CARTESIAN_POINT('',(390.,-150.,140.));
#7207 = LINE('',#7208,#7209);
#7208 = CARTESIAN_POINT('',(220.,-150.,140.));
#7209 = VECTOR('',#7210,1.);
#7210 = DIRECTION('',(1.,0.,0.));
#7211 = ORIENTED_EDGE('',*,*,#7212,.F.);
#7212 = EDGE_CURVE('',#7213,#7205,#7215,.T.);
#7213 = VERTEX_POINT('',#7214);
#7214 = CARTESIAN_POINT('',(390.,-150.,120.));
#7215 = LINE('',#7216,#7217);
#7216 = CARTESIAN_POINT('',(390.,-150.,120.));
#7217 = VECTOR('',#7218,1.);
#7218 = DIRECTION('',(0.,0.,1.));
#7219 = ORIENTED_EDGE('',*,*,#7220,.F.);
#7220 = EDGE_CURVE('',#7195,#7213,#7221,.T.);
#7221 = LINE('',#7222,#7223);
#7222 = CARTESIAN_POINT('',(220.,-150.,120.));
#7223 = VECTOR('',#7224,1.);
#7224 = DIRECTION('',(1.,0.,0.));
#7225 = PLANE('',#7226);
#7226 = AXIS2_PLACEMENT_3D('',#7227,#7228,#7229);
#7227 = CARTESIAN_POINT('',(220.,-150.,120.));
#7228 = DIRECTION('',(0.,1.,0.));
#7229 = DIRECTION('',(1.,0.,0.));
#7230 = ADVANCED_FACE('',(#7231),#7256,.F.);
#7231 = FACE_BOUND('',#7232,.F.);
#7232 = EDGE_LOOP('',(#7233,#7234,#7242,#7250));
#7233 = ORIENTED_EDGE('',*,*,#7212,.T.);
#7234 = ORIENTED_EDGE('',*,*,#7235,.T.);
#7235 = EDGE_CURVE('',#7205,#7236,#7238,.T.);
#7236 = VERTEX_POINT('',#7237);
#7237 = CARTESIAN_POINT('',(390.,150.,140.));
#7238 = LINE('',#7239,#7240);
#7239 = CARTESIAN_POINT('',(390.,-150.,140.));
#7240 = VECTOR('',#7241,1.);
#7241 = DIRECTION('',(0.,1.,0.));
#7242 = ORIENTED_EDGE('',*,*,#7243,.F.);
#7243 = EDGE_CURVE('',#7244,#7236,#7246,.T.);
#7244 = VERTEX_POINT('',#7245);
#7245 = CARTESIAN_POINT('',(390.,150.,120.));
#7246 = LINE('',#7247,#7248);
#7247 = CARTESIAN_POINT('',(390.,150.,120.));
#7248 = VECTOR('',#7249,1.);
#7249 = DIRECTION('',(0.,0.,1.));
#7250 = ORIENTED_EDGE('',*,*,#7251,.F.);
#7251 = EDGE_CURVE('',#7213,#7244,#7252,.T.);
#7252 = LINE('',#7253,#7254);
#7253 = CARTESIAN_POINT('',(390.,-150.,120.));
#7254 = VECTOR('',#7255,1.);
#7255 = DIRECTION('',(0.,1.,0.));
#7256 = PLANE('',#7257);
#7257 = AXIS2_PLACEMENT_3D('',#7258,#7259,#7260);
#7258 = CARTESIAN_POINT('',(390.,-150.,120.));
#7259 = DIRECTION('',(-1.,0.,0.));
#7260 = DIRECTION('',(0.,1.,0.));
#7261 = ADVANCED_FACE('',(#7262),#7287,.F.);
#7262 = FACE_BOUND('',#7263,.F.);
#7263 = EDGE_LOOP('',(#7264,#7265,#7273,#7281));
#7264 = ORIENTED_EDGE('',*,*,#7243,.T.);
#7265 = ORIENTED_EDGE('',*,*,#7266,.T.);
#7266 = EDGE_CURVE('',#7236,#7267,#7269,.T.);
#7267 = VERTEX_POINT('',#7268);
#7268 = CARTESIAN_POINT('',(220.,150.,140.));
#7269 = LINE('',#7270,#7271);
#7270 = CARTESIAN_POINT('',(390.,150.,140.));
#7271 = VECTOR('',#7272,1.);
#7272 = DIRECTION('',(-1.,0.,0.));
#7273 = ORIENTED_EDGE('',*,*,#7274,.F.);
#7274 = EDGE_CURVE('',#7275,#7267,#7277,.T.);
#7275 = VERTEX_POINT('',#7276);
#7276 = CARTESIAN_POINT('',(220.,150.,120.));
#7277 = LINE('',#7278,#7279);
#7278 = CARTESIAN_POINT('',(220.,150.,120.));
#7279 = VECTOR('',#7280,1.);
#7280 = DIRECTION('',(0.,0.,1.));
#7281 = ORIENTED_EDGE('',*,*,#7282,.F.);
#7282 = EDGE_CURVE('',#7244,#7275,#7283,.T.);
#7283 = LINE('',#7284,#7285);
#7284 = CARTESIAN_POINT('',(390.,150.,120.));
#7285 = VECTOR('',#7286,1.);
#7286 = DIRECTION('',(-1.,0.,0.));
#7287 = PLANE('',#7288);
#7288 = AXIS2_PLACEMENT_3D('',#7289,#7290,#7291);
#7289 = CARTESIAN_POINT('',(390.,150.,120.));
#7290 = DIRECTION('',(0.,-1.,0.));
#7291 = DIRECTION('',(-1.,0.,0.));
#7292 = ADVANCED_FACE('',(#7293),#7309,.F.);
#7293 = FACE_BOUND('',#7294,.F.);
#7294 = EDGE_LOOP('',(#7295,#7296,#7302,#7303));
#7295 = ORIENTED_EDGE('',*,*,#7274,.T.);
#7296 = ORIENTED_EDGE('',*,*,#7297,.T.);
#7297 = EDGE_CURVE('',#7267,#7197,#7298,.T.);
#7298 = LINE('',#7299,#7300);
#7299 = CARTESIAN_POINT('',(220.,150.,140.));
#7300 = VECTOR('',#7301,1.);
#7301 = DIRECTION('',(0.,-1.,0.));
#7302 = ORIENTED_EDGE('',*,*,#7194,.F.);
#7303 = ORIENTED_EDGE('',*,*,#7304,.F.);
#7304 = EDGE_CURVE('',#7275,#7195,#7305,.T.);
#7305 = LINE('',#7306,#7307);
#7306 = CARTESIAN_POINT('',(220.,150.,120.));
#7307 = VECTOR('',#7308,1.);
#7308 = DIRECTION('',(0.,-1.,0.));
#7309 = PLANE('',#7310);
#7310 = AXIS2_PLACEMENT_3D('',#7311,#7312,#7313);
#7311 = CARTESIAN_POINT('',(220.,150.,120.));
#7312 = DIRECTION('',(1.,0.,-0.));
#7313 = DIRECTION('',(0.,-1.,0.));
#7314 = ADVANCED_FACE('',(#7315),#7321,.F.);
#7315 = FACE_BOUND('',#7316,.F.);
#7316 = EDGE_LOOP('',(#7317,#7318,#7319,#7320));
#7317 = ORIENTED_EDGE('',*,*,#7220,.T.);
#7318 = ORIENTED_EDGE('',*,*,#7251,.T.);
#7319 = ORIENTED_EDGE('',*,*,#7282,.T.);
#7320 = ORIENTED_EDGE('',*,*,#7304,.T.);
#7321 = PLANE('',#7322);
#7322 = AXIS2_PLACEMENT_3D('',#7323,#7324,#7325);
#7323 = CARTESIAN_POINT('',(305.,0.,120.));
#7324 = DIRECTION('',(0.,0.,1.));
#7325 = DIRECTION('',(1.,0.,-0.));
#7326 = ADVANCED_FACE('',(#7327),#7333,.T.);
#7327 = FACE_BOUND('',#7328,.T.);
#7328 = EDGE_LOOP('',(#7329,#7330,#7331,#7332));
#7329 = ORIENTED_EDGE('',*,*,#7204,.T.);
#7330 = ORIENTED_EDGE('',*,*,#7235,.T.);
#7331 = ORIENTED_EDGE('',*,*,#7266,.T.);
#7332 = ORIENTED_EDGE('',*,*,#7297,.T.);
#7333 = PLANE('',#7334);
#7334 = AXIS2_PLACEMENT_3D('',#7335,#7336,#7337);
#7335 = CARTESIAN_POINT('',(305.,0.,140.));
#7336 = DIRECTION('',(0.,0.,1.));
#7337 = DIRECTION('',(1.,0.,-0.));
#7338 = ( GEOMETRIC_REPRESENTATION_CONTEXT(3) 
GLOBAL_UNCERTAINTY_ASSIGNED_CONTEXT((#7342)) 
GLOBAL_UNIT_ASSIGNED_CONTEXT((#7339,#7340,#7341)) REPRESENTATION_CONTEXT
('Context #1','3D Context with UNIT and UNCERTAINTY') );
#7339 = ( LENGTH_UNIT() NAMED_UNIT(*) SI_UNIT(.MILLI.,.METRE.) );
#7340 = ( NAMED_UNIT(*) PLANE_ANGLE_UNIT() SI_UNIT($,.RADIAN.) );
#7341 = ( NAMED_UNIT(*) SI_UNIT($,.STERADIAN.) SOLID_ANGLE_UNIT() );
#7342 = UNCERTAINTY_MEASURE_WITH_UNIT(LENGTH_MEASURE(1.E-07),#7339,
  'distance_accuracy_value','confusion accuracy');
#7343 = CONTEXT_DEPENDENT_SHAPE_REPRESENTATION(#7344,#7346);
#7344 = ( REPRESENTATION_RELATIONSHIP('','',#7187,#10) 
REPRESENTATION_RELATIONSHIP_WITH_TRANSFORMATION(#7345) 
SHAPE_REPRESENTATION_RELATIONSHIP() );
#7345 = ITEM_DEFINED_TRANSFORMATION('','',#11,#167);
#7346 = PRODUCT_DEFINITION_SHAPE('Placement','Placement of an item',
  #7347);
#7347 = NEXT_ASSEMBLY_USAGE_OCCURRENCE('127',
  'TRI-MAIN-DECK-03 | Deck | nominal plywood 20 mm','',#5,#7182,$);
#7348 = PRODUCT_RELATED_PRODUCT_CATEGORY('part',$,(#7184));
#7349 = SHAPE_DEFINITION_REPRESENTATION(#7350,#7356);
#7350 = PRODUCT_DEFINITION_SHAPE('','',#7351);
#7351 = PRODUCT_DEFINITION('design','',#7352,#7355);
#7352 = PRODUCT_DEFINITION_FORMATION('','',#7353);
#7353 = PRODUCT('TRI-MAIN-DECK-04 | Deck | nominal plywood 20 mm',
  'TRI-MAIN-DECK-04 | Deck | nominal plywood 20 mm','',(#7354));
#7354 = PRODUCT_CONTEXT('',#2,'mechanical');
#7355 = PRODUCT_DEFINITION_CONTEXT('part definition',#2,'design');
#7356 = ADVANCED_BREP_SHAPE_REPRESENTATION('',(#11,#7357),#7507);
#7357 = MANIFOLD_SOLID_BREP('',#7358);
#7358 = CLOSED_SHELL('',(#7359,#7399,#7430,#7461,#7483,#7495));
#7359 = ADVANCED_FACE('',(#7360),#7394,.F.);
#7360 = FACE_BOUND('',#7361,.F.);
#7361 = EDGE_LOOP('',(#7362,#7372,#7380,#7388));
#7362 = ORIENTED_EDGE('',*,*,#7363,.T.);
#7363 = EDGE_CURVE('',#7364,#7366,#7368,.T.);
#7364 = VERTEX_POINT('',#7365);
#7365 = CARTESIAN_POINT('',(390.,-150.,120.));
#7366 = VERTEX_POINT('',#7367);
#7367 = CARTESIAN_POINT('',(390.,-150.,140.));
#7368 = LINE('',#7369,#7370);
#7369 = CARTESIAN_POINT('',(390.,-150.,120.));
#7370 = VECTOR('',#7371,1.);
#7371 = DIRECTION('',(0.,0.,1.));
#7372 = ORIENTED_EDGE('',*,*,#7373,.T.);
#7373 = EDGE_CURVE('',#7366,#7374,#7376,.T.);
#7374 = VERTEX_POINT('',#7375);
#7375 = CARTESIAN_POINT('',(560.,-150.,140.));
#7376 = LINE('',#7377,#7378);
#7377 = CARTESIAN_POINT('',(390.,-150.,140.));
#7378 = VECTOR('',#7379,1.);
#7379 = DIRECTION('',(1.,0.,0.));
#7380 = ORIENTED_EDGE('',*,*,#7381,.F.);
#7381 = EDGE_CURVE('',#7382,#7374,#7384,.T.);
#7382 = VERTEX_POINT('',#7383);
#7383 = CARTESIAN_POINT('',(560.,-150.,120.));
#7384 = LINE('',#7385,#7386);
#7385 = CARTESIAN_POINT('',(560.,-150.,120.));
#7386 = VECTOR('',#7387,1.);
#7387 = DIRECTION('',(0.,0.,1.));
#7388 = ORIENTED_EDGE('',*,*,#7389,.F.);
#7389 = EDGE_CURVE('',#7364,#7382,#7390,.T.);
#7390 = LINE('',#7391,#7392);
#7391 = CARTESIAN_POINT('',(390.,-150.,120.));
#7392 = VECTOR('',#7393,1.);
#7393 = DIRECTION('',(1.,0.,0.));
#7394 = PLANE('',#7395);
#7395 = AXIS2_PLACEMENT_3D('',#7396,#7397,#7398);
#7396 = CARTESIAN_POINT('',(390.,-150.,120.));
#7397 = DIRECTION('',(0.,1.,0.));
#7398 = DIRECTION('',(1.,0.,0.));
#7399 = ADVANCED_FACE('',(#7400),#7425,.F.);
#7400 = FACE_BOUND('',#7401,.F.);
#7401 = EDGE_LOOP('',(#7402,#7403,#7411,#7419));
#7402 = ORIENTED_EDGE('',*,*,#7381,.T.);
#7403 = ORIENTED_EDGE('',*,*,#7404,.T.);
#7404 = EDGE_CURVE('',#7374,#7405,#7407,.T.);
#7405 = VERTEX_POINT('',#7406);
#7406 = CARTESIAN_POINT('',(560.,150.,140.));
#7407 = LINE('',#7408,#7409);
#7408 = CARTESIAN_POINT('',(560.,-150.,140.));
#7409 = VECTOR('',#7410,1.);
#7410 = DIRECTION('',(0.,1.,0.));
#7411 = ORIENTED_EDGE('',*,*,#7412,.F.);
#7412 = EDGE_CURVE('',#7413,#7405,#7415,.T.);
#7413 = VERTEX_POINT('',#7414);
#7414 = CARTESIAN_POINT('',(560.,150.,120.));
#7415 = LINE('',#7416,#7417);
#7416 = CARTESIAN_POINT('',(560.,150.,120.));
#7417 = VECTOR('',#7418,1.);
#7418 = DIRECTION('',(0.,0.,1.));
#7419 = ORIENTED_EDGE('',*,*,#7420,.F.);
#7420 = EDGE_CURVE('',#7382,#7413,#7421,.T.);
#7421 = LINE('',#7422,#7423);
#7422 = CARTESIAN_POINT('',(560.,-150.,120.));
#7423 = VECTOR('',#7424,1.);
#7424 = DIRECTION('',(0.,1.,0.));
#7425 = PLANE('',#7426);
#7426 = AXIS2_PLACEMENT_3D('',#7427,#7428,#7429);
#7427 = CARTESIAN_POINT('',(560.,-150.,120.));
#7428 = DIRECTION('',(-1.,0.,0.));
#7429 = DIRECTION('',(0.,1.,0.));
#7430 = ADVANCED_FACE('',(#7431),#7456,.F.);
#7431 = FACE_BOUND('',#7432,.F.);
#7432 = EDGE_LOOP('',(#7433,#7434,#7442,#7450));
#7433 = ORIENTED_EDGE('',*,*,#7412,.T.);
#7434 = ORIENTED_EDGE('',*,*,#7435,.T.);
#7435 = EDGE_CURVE('',#7405,#7436,#7438,.T.);
#7436 = VERTEX_POINT('',#7437);
#7437 = CARTESIAN_POINT('',(390.,150.,140.));
#7438 = LINE('',#7439,#7440);
#7439 = CARTESIAN_POINT('',(560.,150.,140.));
#7440 = VECTOR('',#7441,1.);
#7441 = DIRECTION('',(-1.,0.,0.));
#7442 = ORIENTED_EDGE('',*,*,#7443,.F.);
#7443 = EDGE_CURVE('',#7444,#7436,#7446,.T.);
#7444 = VERTEX_POINT('',#7445);
#7445 = CARTESIAN_POINT('',(390.,150.,120.));
#7446 = LINE('',#7447,#7448);
#7447 = CARTESIAN_POINT('',(390.,150.,120.));
#7448 = VECTOR('',#7449,1.);
#7449 = DIRECTION('',(0.,0.,1.));
#7450 = ORIENTED_EDGE('',*,*,#7451,.F.);
#7451 = EDGE_CURVE('',#7413,#7444,#7452,.T.);
#7452 = LINE('',#7453,#7454);
#7453 = CARTESIAN_POINT('',(560.,150.,120.));
#7454 = VECTOR('',#7455,1.);
#7455 = DIRECTION('',(-1.,0.,0.));
#7456 = PLANE('',#7457);
#7457 = AXIS2_PLACEMENT_3D('',#7458,#7459,#7460);
#7458 = CARTESIAN_POINT('',(560.,150.,120.));
#7459 = DIRECTION('',(0.,-1.,0.));
#7460 = DIRECTION('',(-1.,0.,0.));
#7461 = ADVANCED_FACE('',(#7462),#7478,.F.);
#7462 = FACE_BOUND('',#7463,.F.);
#7463 = EDGE_LOOP('',(#7464,#7465,#7471,#7472));
#7464 = ORIENTED_EDGE('',*,*,#7443,.T.);
#7465 = ORIENTED_EDGE('',*,*,#7466,.T.);
#7466 = EDGE_CURVE('',#7436,#7366,#7467,.T.);
#7467 = LINE('',#7468,#7469);
#7468 = CARTESIAN_POINT('',(390.,150.,140.));
#7469 = VECTOR('',#7470,1.);
#7470 = DIRECTION('',(0.,-1.,0.));
#7471 = ORIENTED_EDGE('',*,*,#7363,.F.);
#7472 = ORIENTED_EDGE('',*,*,#7473,.F.);
#7473 = EDGE_CURVE('',#7444,#7364,#7474,.T.);
#7474 = LINE('',#7475,#7476);
#7475 = CARTESIAN_POINT('',(390.,150.,120.));
#7476 = VECTOR('',#7477,1.);
#7477 = DIRECTION('',(0.,-1.,0.));
#7478 = PLANE('',#7479);
#7479 = AXIS2_PLACEMENT_3D('',#7480,#7481,#7482);
#7480 = CARTESIAN_POINT('',(390.,150.,120.));
#7481 = DIRECTION('',(1.,0.,-0.));
#7482 = DIRECTION('',(0.,-1.,0.));
#7483 = ADVANCED_FACE('',(#7484),#7490,.F.);
#7484 = FACE_BOUND('',#7485,.F.);
#7485 = EDGE_LOOP('',(#7486,#7487,#7488,#7489));
#7486 = ORIENTED_EDGE('',*,*,#7389,.T.);
#7487 = ORIENTED_EDGE('',*,*,#7420,.T.);
#7488 = ORIENTED_EDGE('',*,*,#7451,.T.);
#7489 = ORIENTED_EDGE('',*,*,#7473,.T.);
#7490 = PLANE('',#7491);
#7491 = AXIS2_PLACEMENT_3D('',#7492,#7493,#7494);
#7492 = CARTESIAN_POINT('',(475.,0.,120.));
#7493 = DIRECTION('',(0.,0.,1.));
#7494 = DIRECTION('',(1.,0.,-0.));
#7495 = ADVANCED_FACE('',(#7496),#7502,.T.);
#7496 = FACE_BOUND('',#7497,.T.);
#7497 = EDGE_LOOP('',(#7498,#7499,#7500,#7501));
#7498 = ORIENTED_EDGE('',*,*,#7373,.T.);
#7499 = ORIENTED_EDGE('',*,*,#7404,.T.);
#7500 = ORIENTED_EDGE('',*,*,#7435,.T.);
#7501 = ORIENTED_EDGE('',*,*,#7466,.T.);
#7502 = PLANE('',#7503);
#7503 = AXIS2_PLACEMENT_3D('',#7504,#7505,#7506);
#7504 = CARTESIAN_POINT('',(475.,0.,140.));
#7505 = DIRECTION('',(0.,0.,1.));
#7506 = DIRECTION('',(1.,0.,-0.));
#7507 = ( GEOMETRIC_REPRESENTATION_CONTEXT(3) 
GLOBAL_UNCERTAINTY_ASSIGNED_CONTEXT((#7511)) 
GLOBAL_UNIT_ASSIGNED_CONTEXT((#7508,#7509,#7510)) REPRESENTATION_CONTEXT
('Context #1','3D Context with UNIT and UNCERTAINTY') );
#7508 = ( LENGTH_UNIT() NAMED_UNIT(*) SI_UNIT(.MILLI.,.METRE.) );
#7509 = ( NAMED_UNIT(*) PLANE_ANGLE_UNIT() SI_UNIT($,.RADIAN.) );
#7510 = ( NAMED_UNIT(*) SI_UNIT($,.STERADIAN.) SOLID_ANGLE_UNIT() );
#7511 = UNCERTAINTY_MEASURE_WITH_UNIT(LENGTH_MEASURE(1.E-07),#7508,
  'distance_accuracy_value','confusion accuracy');
#7512 = CONTEXT_DEPENDENT_SHAPE_REPRESENTATION(#7513,#7515);
#7513 = ( REPRESENTATION_RELATIONSHIP('','',#7356,#10) 
REPRESENTATION_RELATIONSHIP_WITH_TRANSFORMATION(#7514) 
SHAPE_REPRESENTATION_RELATIONSHIP() );
#7514 = ITEM_DEFINED_TRANSFORMATION('','',#11,#171);
#7515 = PRODUCT_DEFINITION_SHAPE('Placement','Placement of an item',
  #7516);
#7516 = NEXT_ASSEMBLY_USAGE_OCCURRENCE('128',
  'TRI-MAIN-DECK-04 | Deck | nominal plywood 20 mm','',#5,#7351,$);
#7517 = PRODUCT_RELATED_PRODUCT_CATEGORY('part',$,(#7353));
#7518 = SHAPE_DEFINITION_REPRESENTATION(#7519,#7525);
#7519 = PRODUCT_DEFINITION_SHAPE('','',#7520);
#7520 = PRODUCT_DEFINITION('design','',#7521,#7524);
#7521 = PRODUCT_DEFINITION_FORMATION('','',#7522);
#7522 = PRODUCT('TRI-MAIN-DECK-05 | Deck | nominal plywood 20 mm',
  'TRI-MAIN-DECK-05 | Deck | nominal plywood 20 mm','',(#7523));
#7523 = PRODUCT_CONTEXT('',#2,'mechanical');
#7524 = PRODUCT_DEFINITION_CONTEXT('part definition',#2,'design');
#7525 = ADVANCED_BREP_SHAPE_REPRESENTATION('',(#11,#7526),#7676);
#7526 = MANIFOLD_SOLID_BREP('',#7527);
#7527 = CLOSED_SHELL('',(#7528,#7568,#7599,#7630,#7652,#7664));
#7528 = ADVANCED_FACE('',(#7529),#7563,.F.);
#7529 = FACE_BOUND('',#7530,.F.);
#7530 = EDGE_LOOP('',(#7531,#7541,#7549,#7557));
#7531 = ORIENTED_EDGE('',*,*,#7532,.T.);
#7532 = EDGE_CURVE('',#7533,#7535,#7537,.T.);
#7533 = VERTEX_POINT('',#7534);
#7534 = CARTESIAN_POINT('',(560.,-150.,120.));
#7535 = VERTEX_POINT('',#7536);
#7536 = CARTESIAN_POINT('',(560.,-150.,140.));
#7537 = LINE('',#7538,#7539);
#7538 = CARTESIAN_POINT('',(560.,-150.,120.));
#7539 = VECTOR('',#7540,1.);
#7540 = DIRECTION('',(0.,0.,1.));
#7541 = ORIENTED_EDGE('',*,*,#7542,.T.);
#7542 = EDGE_CURVE('',#7535,#7543,#7545,.T.);
#7543 = VERTEX_POINT('',#7544);
#7544 = CARTESIAN_POINT('',(730.,-94.44444444444,140.));
#7545 = LINE('',#7546,#7547);
#7546 = CARTESIAN_POINT('',(560.,-150.,140.));
#7547 = VECTOR('',#7548,1.);
#7548 = DIRECTION('',(0.950530606221,0.310630917066,0.));
#7549 = ORIENTED_EDGE('',*,*,#7550,.F.);
#7550 = EDGE_CURVE('',#7551,#7543,#7553,.T.);
#7551 = VERTEX_POINT('',#7552);
#7552 = CARTESIAN_POINT('',(730.,-94.44444444444,120.));
#7553 = LINE('',#7554,#7555);
#7554 = CARTESIAN_POINT('',(730.,-94.44444444444,120.));
#7555 = VECTOR('',#7556,1.);
#7556 = DIRECTION('',(0.,0.,1.));
#7557 = ORIENTED_EDGE('',*,*,#7558,.F.);
#7558 = EDGE_CURVE('',#7533,#7551,#7559,.T.);
#7559 = LINE('',#7560,#7561);
#7560 = CARTESIAN_POINT('',(560.,-150.,120.));
#7561 = VECTOR('',#7562,1.);
#7562 = DIRECTION('',(0.950530606221,0.310630917066,0.));
#7563 = PLANE('',#7564);
#7564 = AXIS2_PLACEMENT_3D('',#7565,#7566,#7567);
#7565 = CARTESIAN_POINT('',(560.,-150.,120.));
#7566 = DIRECTION('',(-0.310630917066,0.950530606221,0.));
#7567 = DIRECTION('',(0.950530606221,0.310630917066,0.));
#7568 = ADVANCED_FACE('',(#7569),#7594,.F.);
#7569 = FACE_BOUND('',#7570,.F.);
#7570 = EDGE_LOOP('',(#7571,#7572,#7580,#7588));
#7571 = ORIENTED_EDGE('',*,*,#7550,.T.);
#7572 = ORIENTED_EDGE('',*,*,#7573,.T.);
#7573 = EDGE_CURVE('',#7543,#7574,#7576,.T.);
#7574 = VERTEX_POINT('',#7575);
#7575 = CARTESIAN_POINT('',(730.,94.444444444444,140.));
#7576 = LINE('',#7577,#7578);
#7577 = CARTESIAN_POINT('',(730.,-94.44444444444,140.));
#7578 = VECTOR('',#7579,1.);
#7579 = DIRECTION('',(0.,1.,0.));
#7580 = ORIENTED_EDGE('',*,*,#7581,.F.);
#7581 = EDGE_CURVE('',#7582,#7574,#7584,.T.);
#7582 = VERTEX_POINT('',#7583);
#7583 = CARTESIAN_POINT('',(730.,94.444444444444,120.));
#7584 = LINE('',#7585,#7586);
#7585 = CARTESIAN_POINT('',(730.,94.444444444444,120.));
#7586 = VECTOR('',#7587,1.);
#7587 = DIRECTION('',(0.,0.,1.));
#7588 = ORIENTED_EDGE('',*,*,#7589,.F.);
#7589 = EDGE_CURVE('',#7551,#7582,#7590,.T.);
#7590 = LINE('',#7591,#7592);
#7591 = CARTESIAN_POINT('',(730.,-94.44444444444,120.));
#7592 = VECTOR('',#7593,1.);
#7593 = DIRECTION('',(0.,1.,0.));
#7594 = PLANE('',#7595);
#7595 = AXIS2_PLACEMENT_3D('',#7596,#7597,#7598);
#7596 = CARTESIAN_POINT('',(730.,-94.44444444444,120.));
#7597 = DIRECTION('',(-1.,0.,0.));
#7598 = DIRECTION('',(0.,1.,0.));
#7599 = ADVANCED_FACE('',(#7600),#7625,.F.);
#7600 = FACE_BOUND('',#7601,.F.);
#7601 = EDGE_LOOP('',(#7602,#7603,#7611,#7619));
#7602 = ORIENTED_EDGE('',*,*,#7581,.T.);
#7603 = ORIENTED_EDGE('',*,*,#7604,.T.);
#7604 = EDGE_CURVE('',#7574,#7605,#7607,.T.);
#7605 = VERTEX_POINT('',#7606);
#7606 = CARTESIAN_POINT('',(560.,150.,140.));
#7607 = LINE('',#7608,#7609);
#7608 = CARTESIAN_POINT('',(730.,94.444444444444,140.));
#7609 = VECTOR('',#7610,1.);
#7610 = DIRECTION('',(-0.950530606221,0.310630917066,0.));
#7611 = ORIENTED_EDGE('',*,*,#7612,.F.);
#7612 = EDGE_CURVE('',#7613,#7605,#7615,.T.);
#7613 = VERTEX_POINT('',#7614);
#7614 = CARTESIAN_POINT('',(560.,150.,120.));
#7615 = LINE('',#7616,#7617);
#7616 = CARTESIAN_POINT('',(560.,150.,120.));
#7617 = VECTOR('',#7618,1.);
#7618 = DIRECTION('',(0.,0.,1.));
#7619 = ORIENTED_EDGE('',*,*,#7620,.F.);
#7620 = EDGE_CURVE('',#7582,#7613,#7621,.T.);
#7621 = LINE('',#7622,#7623);
#7622 = CARTESIAN_POINT('',(730.,94.444444444444,120.));
#7623 = VECTOR('',#7624,1.);
#7624 = DIRECTION('',(-0.950530606221,0.310630917066,0.));
#7625 = PLANE('',#7626);
#7626 = AXIS2_PLACEMENT_3D('',#7627,#7628,#7629);
#7627 = CARTESIAN_POINT('',(730.,94.444444444444,120.));
#7628 = DIRECTION('',(-0.310630917066,-0.950530606221,0.));
#7629 = DIRECTION('',(-0.950530606221,0.310630917066,0.));
#7630 = ADVANCED_FACE('',(#7631),#7647,.F.);
#7631 = FACE_BOUND('',#7632,.F.);
#7632 = EDGE_LOOP('',(#7633,#7634,#7640,#7641));
#7633 = ORIENTED_EDGE('',*,*,#7612,.T.);
#7634 = ORIENTED_EDGE('',*,*,#7635,.T.);
#7635 = EDGE_CURVE('',#7605,#7535,#7636,.T.);
#7636 = LINE('',#7637,#7638);
#7637 = CARTESIAN_POINT('',(560.,150.,140.));
#7638 = VECTOR('',#7639,1.);
#7639 = DIRECTION('',(0.,-1.,0.));
#7640 = ORIENTED_EDGE('',*,*,#7532,.F.);
#7641 = ORIENTED_EDGE('',*,*,#7642,.F.);
#7642 = EDGE_CURVE('',#7613,#7533,#7643,.T.);
#7643 = LINE('',#7644,#7645);
#7644 = CARTESIAN_POINT('',(560.,150.,120.));
#7645 = VECTOR('',#7646,1.);
#7646 = DIRECTION('',(0.,-1.,0.));
#7647 = PLANE('',#7648);
#7648 = AXIS2_PLACEMENT_3D('',#7649,#7650,#7651);
#7649 = CARTESIAN_POINT('',(560.,150.,120.));
#7650 = DIRECTION('',(1.,0.,-0.));
#7651 = DIRECTION('',(0.,-1.,0.));
#7652 = ADVANCED_FACE('',(#7653),#7659,.F.);
#7653 = FACE_BOUND('',#7654,.F.);
#7654 = EDGE_LOOP('',(#7655,#7656,#7657,#7658));
#7655 = ORIENTED_EDGE('',*,*,#7558,.T.);
#7656 = ORIENTED_EDGE('',*,*,#7589,.T.);
#7657 = ORIENTED_EDGE('',*,*,#7620,.T.);
#7658 = ORIENTED_EDGE('',*,*,#7642,.T.);
#7659 = PLANE('',#7660);
#7660 = AXIS2_PLACEMENT_3D('',#7661,#7662,#7663);
#7661 = CARTESIAN_POINT('',(633.84405302439,4.29724574156E-15,120.));
#7662 = DIRECTION('',(0.,0.,1.));
#7663 = DIRECTION('',(1.,0.,-0.));
#7664 = ADVANCED_FACE('',(#7665),#7671,.T.);
#7665 = FACE_BOUND('',#7666,.T.);
#7666 = EDGE_LOOP('',(#7667,#7668,#7669,#7670));
#7667 = ORIENTED_EDGE('',*,*,#7542,.T.);
#7668 = ORIENTED_EDGE('',*,*,#7573,.T.);
#7669 = ORIENTED_EDGE('',*,*,#7604,.T.);
#7670 = ORIENTED_EDGE('',*,*,#7635,.T.);
#7671 = PLANE('',#7672);
#7672 = AXIS2_PLACEMENT_3D('',#7673,#7674,#7675);
#7673 = CARTESIAN_POINT('',(633.84405302439,4.29724574156E-15,140.));
#7674 = DIRECTION('',(0.,0.,1.));
#7675 = DIRECTION('',(1.,0.,-0.));
#7676 = ( GEOMETRIC_REPRESENTATION_CONTEXT(3) 
GLOBAL_UNCERTAINTY_ASSIGNED_CONTEXT((#7680)) 
GLOBAL_UNIT_ASSIGNED_CONTEXT((#7677,#7678,#7679)) REPRESENTATION_CONTEXT
('Context #1','3D Context with UNIT and UNCERTAINTY') );
#7677 = ( LENGTH_UNIT() NAMED_UNIT(*) SI_UNIT(.MILLI.,.METRE.) );
#7678 = ( NAMED_UNIT(*) PLANE_ANGLE_UNIT() SI_UNIT($,.RADIAN.) );
#7679 = ( NAMED_UNIT(*) SI_UNIT($,.STERADIAN.) SOLID_ANGLE_UNIT() );
#7680 = UNCERTAINTY_MEASURE_WITH_UNIT(LENGTH_MEASURE(1.E-07),#7677,
  'distance_accuracy_value','confusion accuracy');
#7681 = CONTEXT_DEPENDENT_SHAPE_REPRESENTATION(#7682,#7684);
#7682 = ( REPRESENTATION_RELATIONSHIP('','',#7525,#10) 
REPRESENTATION_RELATIONSHIP_WITH_TRANSFORMATION(#7683) 
SHAPE_REPRESENTATION_RELATIONSHIP() );
#7683 = ITEM_DEFINED_TRANSFORMATION('','',#11,#175);
#7684 = PRODUCT_DEFINITION_SHAPE('Placement','Placement of an item',
  #7685);
#7685 = NEXT_ASSEMBLY_USAGE_OCCURRENCE('129',
  'TRI-MAIN-DECK-05 | Deck | nominal plywood 20 mm','',#5,#7520,$);
#7686 = PRODUCT_RELATED_PRODUCT_CATEGORY('part',$,(#7522));
#7687 = SHAPE_DEFINITION_REPRESENTATION(#7688,#7694);
#7688 = PRODUCT_DEFINITION_SHAPE('','',#7689);
#7689 = PRODUCT_DEFINITION('design','',#7690,#7693);
#7690 = PRODUCT_DEFINITION_FORMATION('','',#7691);
#7691 = PRODUCT('TRI-MAIN-DECK-06 | Deck | nominal plywood 20 mm',
  'TRI-MAIN-DECK-06 | Deck | nominal plywood 20 mm','',(#7692));
#7692 = PRODUCT_CONTEXT('',#2,'mechanical');
#7693 = PRODUCT_DEFINITION_CONTEXT('part definition',#2,'design');
#7694 = ADVANCED_BREP_SHAPE_REPRESENTATION('',(#11,#7695),#7812);
#7695 = MANIFOLD_SOLID_BREP('',#7696);
#7696 = CLOSED_SHELL('',(#7697,#7737,#7768,#7790,#7801));
#7697 = ADVANCED_FACE('',(#7698),#7732,.F.);
#7698 = FACE_BOUND('',#7699,.F.);
#7699 = EDGE_LOOP('',(#7700,#7710,#7718,#7726));
#7700 = ORIENTED_EDGE('',*,*,#7701,.T.);
#7701 = EDGE_CURVE('',#7702,#7704,#7706,.T.);
#7702 = VERTEX_POINT('',#7703);
#7703 = CARTESIAN_POINT('',(730.,-94.44444444444,120.));
#7704 = VERTEX_POINT('',#7705);
#7705 = CARTESIAN_POINT('',(730.,-94.44444444444,140.));
#7706 = LINE('',#7707,#7708);
#7707 = CARTESIAN_POINT('',(730.,-94.44444444444,120.));
#7708 = VECTOR('',#7709,1.);
#7709 = DIRECTION('',(0.,0.,1.));
#7710 = ORIENTED_EDGE('',*,*,#7711,.T.);
#7711 = EDGE_CURVE('',#7704,#7712,#7714,.T.);
#7712 = VERTEX_POINT('',#7713);
#7713 = CARTESIAN_POINT('',(900.,0.,140.));
#7714 = LINE('',#7715,#7716);
#7715 = CARTESIAN_POINT('',(730.,-94.44444444444,140.));
#7716 = VECTOR('',#7717,1.);
#7717 = DIRECTION('',(0.874157276122,0.485642931179,0.));
#7718 = ORIENTED_EDGE('',*,*,#7719,.F.);
#7719 = EDGE_CURVE('',#7720,#7712,#7722,.T.);
#7720 = VERTEX_POINT('',#7721);
#7721 = CARTESIAN_POINT('',(900.,0.,120.));
#7722 = LINE('',#7723,#7724);
#7723 = CARTESIAN_POINT('',(900.,0.,120.));
#7724 = VECTOR('',#7725,1.);
#7725 = DIRECTION('',(0.,0.,1.));
#7726 = ORIENTED_EDGE('',*,*,#7727,.F.);
#7727 = EDGE_CURVE('',#7702,#7720,#7728,.T.);
#7728 = LINE('',#7729,#7730);
#7729 = CARTESIAN_POINT('',(730.,-94.44444444444,120.));
#7730 = VECTOR('',#7731,1.);
#7731 = DIRECTION('',(0.874157276122,0.485642931179,0.));
#7732 = PLANE('',#7733);
#7733 = AXIS2_PLACEMENT_3D('',#7734,#7735,#7736);
#7734 = CARTESIAN_POINT('',(730.,-94.44444444444,120.));
#7735 = DIRECTION('',(-0.485642931179,0.874157276122,0.));
#7736 = DIRECTION('',(0.874157276122,0.485642931179,0.));
#7737 = ADVANCED_FACE('',(#7738),#7763,.F.);
#7738 = FACE_BOUND('',#7739,.F.);
#7739 = EDGE_LOOP('',(#7740,#7741,#7749,#7757));
#7740 = ORIENTED_EDGE('',*,*,#7719,.T.);
#7741 = ORIENTED_EDGE('',*,*,#7742,.T.);
#7742 = EDGE_CURVE('',#7712,#7743,#7745,.T.);
#7743 = VERTEX_POINT('',#7744);
#7744 = CARTESIAN_POINT('',(730.,94.444444444444,140.));
#7745 = LINE('',#7746,#7747);
#7746 = CARTESIAN_POINT('',(900.,0.,140.));
#7747 = VECTOR('',#7748,1.);
#7748 = DIRECTION('',(-0.874157276122,0.485642931179,0.));
#7749 = ORIENTED_EDGE('',*,*,#7750,.F.);
#7750 = EDGE_CURVE('',#7751,#7743,#7753,.T.);
#7751 = VERTEX_POINT('',#7752);
#7752 = CARTESIAN_POINT('',(730.,94.444444444444,120.));
#7753 = LINE('',#7754,#7755);
#7754 = CARTESIAN_POINT('',(730.,94.444444444444,120.));
#7755 = VECTOR('',#7756,1.);
#7756 = DIRECTION('',(0.,0.,1.));
#7757 = ORIENTED_EDGE('',*,*,#7758,.F.);
#7758 = EDGE_CURVE('',#7720,#7751,#7759,.T.);
#7759 = LINE('',#7760,#7761);
#7760 = CARTESIAN_POINT('',(900.,0.,120.));
#7761 = VECTOR('',#7762,1.);
#7762 = DIRECTION('',(-0.874157276122,0.485642931179,0.));
#7763 = PLANE('',#7764);
#7764 = AXIS2_PLACEMENT_3D('',#7765,#7766,#7767);
#7765 = CARTESIAN_POINT('',(900.,0.,120.));
#7766 = DIRECTION('',(-0.485642931179,-0.874157276122,0.));
#7767 = DIRECTION('',(-0.874157276122,0.485642931179,0.));
#7768 = ADVANCED_FACE('',(#7769),#7785,.F.);
#7769 = FACE_BOUND('',#7770,.F.);
#7770 = EDGE_LOOP('',(#7771,#7772,#7778,#7779));
#7771 = ORIENTED_EDGE('',*,*,#7750,.T.);
#7772 = ORIENTED_EDGE('',*,*,#7773,.T.);
#7773 = EDGE_CURVE('',#7743,#7704,#7774,.T.);
#7774 = LINE('',#7775,#7776);
#7775 = CARTESIAN_POINT('',(730.,94.444444444444,140.));
#7776 = VECTOR('',#7777,1.);
#7777 = DIRECTION('',(0.,-1.,0.));
#7778 = ORIENTED_EDGE('',*,*,#7701,.F.);
#7779 = ORIENTED_EDGE('',*,*,#7780,.F.);
#7780 = EDGE_CURVE('',#7751,#7702,#7781,.T.);
#7781 = LINE('',#7782,#7783);
#7782 = CARTESIAN_POINT('',(730.,94.444444444444,120.));
#7783 = VECTOR('',#7784,1.);
#7784 = DIRECTION('',(0.,-1.,0.));
#7785 = PLANE('',#7786);
#7786 = AXIS2_PLACEMENT_3D('',#7787,#7788,#7789);
#7787 = CARTESIAN_POINT('',(730.,94.444444444444,120.));
#7788 = DIRECTION('',(1.,0.,-0.));
#7789 = DIRECTION('',(0.,-1.,0.));
#7790 = ADVANCED_FACE('',(#7791),#7796,.F.);
#7791 = FACE_BOUND('',#7792,.F.);
#7792 = EDGE_LOOP('',(#7793,#7794,#7795));
#7793 = ORIENTED_EDGE('',*,*,#7727,.T.);
#7794 = ORIENTED_EDGE('',*,*,#7758,.T.);
#7795 = ORIENTED_EDGE('',*,*,#7780,.T.);
#7796 = PLANE('',#7797);
#7797 = AXIS2_PLACEMENT_3D('',#7798,#7799,#7800);
#7798 = CARTESIAN_POINT('',(787.21428629729,0.,120.));
#7799 = DIRECTION('',(0.,0.,1.));
#7800 = DIRECTION('',(1.,0.,-0.));
#7801 = ADVANCED_FACE('',(#7802),#7807,.T.);
#7802 = FACE_BOUND('',#7803,.T.);
#7803 = EDGE_LOOP('',(#7804,#7805,#7806));
#7804 = ORIENTED_EDGE('',*,*,#7711,.T.);
#7805 = ORIENTED_EDGE('',*,*,#7742,.T.);
#7806 = ORIENTED_EDGE('',*,*,#7773,.T.);
#7807 = PLANE('',#7808);
#7808 = AXIS2_PLACEMENT_3D('',#7809,#7810,#7811);
#7809 = CARTESIAN_POINT('',(787.21428629729,0.,140.));
#7810 = DIRECTION('',(0.,0.,1.));
#7811 = DIRECTION('',(1.,0.,-0.));
#7812 = ( GEOMETRIC_REPRESENTATION_CONTEXT(3) 
GLOBAL_UNCERTAINTY_ASSIGNED_CONTEXT((#7816)) 
GLOBAL_UNIT_ASSIGNED_CONTEXT((#7813,#7814,#7815)) REPRESENTATION_CONTEXT
('Context #1','3D Context with UNIT and UNCERTAINTY') );
#7813 = ( LENGTH_UNIT() NAMED_UNIT(*) SI_UNIT(.MILLI.,.METRE.) );
#7814 = ( NAMED_UNIT(*) PLANE_ANGLE_UNIT() SI_UNIT($,.RADIAN.) );
#7815 = ( NAMED_UNIT(*) SI_UNIT($,.STERADIAN.) SOLID_ANGLE_UNIT() );
#7816 = UNCERTAINTY_MEASURE_WITH_UNIT(LENGTH_MEASURE(1.E-07),#7813,
  'distance_accuracy_value','confusion accuracy');
#7817 = CONTEXT_DEPENDENT_SHAPE_REPRESENTATION(#7818,#7820);
#7818 = ( REPRESENTATION_RELATIONSHIP('','',#7694,#10) 
REPRESENTATION_RELATIONSHIP_WITH_TRANSFORMATION(#7819) 
SHAPE_REPRESENTATION_RELATIONSHIP() );
#7819 = ITEM_DEFINED_TRANSFORMATION('','',#11,#179);
#7820 = PRODUCT_DEFINITION_SHAPE('Placement','Placement of an item',
  #7821);
#7821 = NEXT_ASSEMBLY_USAGE_OCCURRENCE('130',
  'TRI-MAIN-DECK-06 | Deck | nominal plywood 20 mm','',#5,#7689,$);
#7822 = PRODUCT_RELATED_PRODUCT_CATEGORY('part',$,(#7691));
#7823 = SHAPE_DEFINITION_REPRESENTATION(#7824,#7830);
#7824 = PRODUCT_DEFINITION_SHAPE('','',#7825);
#7825 = PRODUCT_DEFINITION('design','',#7826,#7829);
#7826 = PRODUCT_DEFINITION_FORMATION('','',#7827);
#7827 = PRODUCT(
  'TRI-AMA-PORT-BOTTOM-01 | BottomFlat | nominal plywood 20 mm',
  'TRI-AMA-PORT-BOTTOM-01 | BottomFlat | nominal plywood 20 mm','',(
    #7828));
#7828 = PRODUCT_CONTEXT('',#2,'mechanical');
#7829 = PRODUCT_DEFINITION_CONTEXT('part definition',#2,'design');
#7830 = ADVANCED_BREP_SHAPE_REPRESENTATION('',(#11,#7831),#7981);
#7831 = MANIFOLD_SOLID_BREP('',#7832);
#7832 = CLOSED_SHELL('',(#7833,#7873,#7904,#7935,#7957,#7969));
#7833 = ADVANCED_FACE('',(#7834),#7868,.F.);
#7834 = FACE_BOUND('',#7835,.F.);
#7835 = EDGE_LOOP('',(#7836,#7846,#7854,#7862));
#7836 = ORIENTED_EDGE('',*,*,#7837,.T.);
#7837 = EDGE_CURVE('',#7838,#7840,#7842,.T.);
#7838 = VERTEX_POINT('',#7839);
#7839 = CARTESIAN_POINT('',(0.,-250.,30.));
#7840 = VERTEX_POINT('',#7841);
#7841 = CARTESIAN_POINT('',(0.,-250.,50.));
#7842 = LINE('',#7843,#7844);
#7843 = CARTESIAN_POINT('',(0.,-250.,30.));
#7844 = VECTOR('',#7845,1.);
#7845 = DIRECTION('',(0.,0.,1.));
#7846 = ORIENTED_EDGE('',*,*,#7847,.T.);
#7847 = EDGE_CURVE('',#7840,#7848,#7850,.T.);
#7848 = VERTEX_POINT('',#7849);
#7849 = CARTESIAN_POINT('',(50.,-250.,50.));
#7850 = LINE('',#7851,#7852);
#7851 = CARTESIAN_POINT('',(0.,-250.,50.));
#7852 = VECTOR('',#7853,1.);
#7853 = DIRECTION('',(1.,0.,0.));
#7854 = ORIENTED_EDGE('',*,*,#7855,.F.);
#7855 = EDGE_CURVE('',#7856,#7848,#7858,.T.);
#7856 = VERTEX_POINT('',#7857);
#7857 = CARTESIAN_POINT('',(50.,-250.,30.));
#7858 = LINE('',#7859,#7860);
#7859 = CARTESIAN_POINT('',(50.,-250.,30.));
#7860 = VECTOR('',#7861,1.);
#7861 = DIRECTION('',(0.,0.,1.));
#7862 = ORIENTED_EDGE('',*,*,#7863,.F.);
#7863 = EDGE_CURVE('',#7838,#7856,#7864,.T.);
#7864 = LINE('',#7865,#7866);
#7865 = CARTESIAN_POINT('',(0.,-250.,30.));
#7866 = VECTOR('',#7867,1.);
#7867 = DIRECTION('',(1.,0.,0.));
#7868 = PLANE('',#7869);
#7869 = AXIS2_PLACEMENT_3D('',#7870,#7871,#7872);
#7870 = CARTESIAN_POINT('',(0.,-250.,30.));
#7871 = DIRECTION('',(0.,1.,0.));
#7872 = DIRECTION('',(1.,0.,0.));
#7873 = ADVANCED_FACE('',(#7874),#7899,.F.);
#7874 = FACE_BOUND('',#7875,.F.);
#7875 = EDGE_LOOP('',(#7876,#7877,#7885,#7893));
#7876 = ORIENTED_EDGE('',*,*,#7855,.T.);
#7877 = ORIENTED_EDGE('',*,*,#7878,.T.);
#7878 = EDGE_CURVE('',#7848,#7879,#7881,.T.);
#7879 = VERTEX_POINT('',#7880);
#7880 = CARTESIAN_POINT('',(50.,-200.,50.));
#7881 = LINE('',#7882,#7883);
#7882 = CARTESIAN_POINT('',(50.,-250.,50.));
#7883 = VECTOR('',#7884,1.);
#7884 = DIRECTION('',(0.,1.,0.));
#7885 = ORIENTED_EDGE('',*,*,#7886,.F.);
#7886 = EDGE_CURVE('',#7887,#7879,#7889,.T.);
#7887 = VERTEX_POINT('',#7888);
#7888 = CARTESIAN_POINT('',(50.,-200.,30.));
#7889 = LINE('',#7890,#7891);
#7890 = CARTESIAN_POINT('',(50.,-200.,30.));
#7891 = VECTOR('',#7892,1.);
#7892 = DIRECTION('',(0.,0.,1.));
#7893 = ORIENTED_EDGE('',*,*,#7894,.F.);
#7894 = EDGE_CURVE('',#7856,#7887,#7895,.T.);
#7895 = LINE('',#7896,#7897);
#7896 = CARTESIAN_POINT('',(50.,-250.,30.));
#7897 = VECTOR('',#7898,1.);
#7898 = DIRECTION('',(0.,1.,0.));
#7899 = PLANE('',#7900);
#7900 = AXIS2_PLACEMENT_3D('',#7901,#7902,#7903);
#7901 = CARTESIAN_POINT('',(50.,-250.,30.));
#7902 = DIRECTION('',(-1.,0.,0.));
#7903 = DIRECTION('',(0.,1.,0.));
#7904 = ADVANCED_FACE('',(#7905),#7930,.F.);
#7905 = FACE_BOUND('',#7906,.F.);
#7906 = EDGE_LOOP('',(#7907,#7908,#7916,#7924));
#7907 = ORIENTED_EDGE('',*,*,#7886,.T.);
#7908 = ORIENTED_EDGE('',*,*,#7909,.T.);
#7909 = EDGE_CURVE('',#7879,#7910,#7912,.T.);
#7910 = VERTEX_POINT('',#7911);
#7911 = CARTESIAN_POINT('',(0.,-200.,50.));
#7912 = LINE('',#7913,#7914);
#7913 = CARTESIAN_POINT('',(50.,-200.,50.));
#7914 = VECTOR('',#7915,1.);
#7915 = DIRECTION('',(-1.,0.,0.));
#7916 = ORIENTED_EDGE('',*,*,#7917,.F.);
#7917 = EDGE_CURVE('',#7918,#7910,#7920,.T.);
#7918 = VERTEX_POINT('',#7919);
#7919 = CARTESIAN_POINT('',(0.,-200.,30.));
#7920 = LINE('',#7921,#7922);
#7921 = CARTESIAN_POINT('',(0.,-200.,30.));
#7922 = VECTOR('',#7923,1.);
#7923 = DIRECTION('',(0.,0.,1.));
#7924 = ORIENTED_EDGE('',*,*,#7925,.F.);
#7925 = EDGE_CURVE('',#7887,#7918,#7926,.T.);
#7926 = LINE('',#7927,#7928);
#7927 = CARTESIAN_POINT('',(50.,-200.,30.));
#7928 = VECTOR('',#7929,1.);
#7929 = DIRECTION('',(-1.,0.,0.));
#7930 = PLANE('',#7931);
#7931 = AXIS2_PLACEMENT_3D('',#7932,#7933,#7934);
#7932 = CARTESIAN_POINT('',(50.,-200.,30.));
#7933 = DIRECTION('',(0.,-1.,0.));
#7934 = DIRECTION('',(-1.,0.,0.));
#7935 = ADVANCED_FACE('',(#7936),#7952,.F.);
#7936 = FACE_BOUND('',#7937,.F.);
#7937 = EDGE_LOOP('',(#7938,#7939,#7945,#7946));
#7938 = ORIENTED_EDGE('',*,*,#7917,.T.);
#7939 = ORIENTED_EDGE('',*,*,#7940,.T.);
#7940 = EDGE_CURVE('',#7910,#7840,#7941,.T.);
#7941 = LINE('',#7942,#7943);
#7942 = CARTESIAN_POINT('',(0.,-200.,50.));
#7943 = VECTOR('',#7944,1.);
#7944 = DIRECTION('',(0.,-1.,0.));
#7945 = ORIENTED_EDGE('',*,*,#7837,.F.);
#7946 = ORIENTED_EDGE('',*,*,#7947,.F.);
#7947 = EDGE_CURVE('',#7918,#7838,#7948,.T.);
#7948 = LINE('',#7949,#7950);
#7949 = CARTESIAN_POINT('',(0.,-200.,30.));
#7950 = VECTOR('',#7951,1.);
#7951 = DIRECTION('',(0.,-1.,0.));
#7952 = PLANE('',#7953);
#7953 = AXIS2_PLACEMENT_3D('',#7954,#7955,#7956);
#7954 = CARTESIAN_POINT('',(0.,-200.,30.));
#7955 = DIRECTION('',(1.,0.,-0.));
#7956 = DIRECTION('',(0.,-1.,0.));
#7957 = ADVANCED_FACE('',(#7958),#7964,.F.);
#7958 = FACE_BOUND('',#7959,.F.);
#7959 = EDGE_LOOP('',(#7960,#7961,#7962,#7963));
#7960 = ORIENTED_EDGE('',*,*,#7863,.T.);
#7961 = ORIENTED_EDGE('',*,*,#7894,.T.);
#7962 = ORIENTED_EDGE('',*,*,#7925,.T.);
#7963 = ORIENTED_EDGE('',*,*,#7947,.T.);
#7964 = PLANE('',#7965);
#7965 = AXIS2_PLACEMENT_3D('',#7966,#7967,#7968);
#7966 = CARTESIAN_POINT('',(25.,-225.,30.));
#7967 = DIRECTION('',(0.,0.,1.));
#7968 = DIRECTION('',(1.,0.,-0.));
#7969 = ADVANCED_FACE('',(#7970),#7976,.T.);
#7970 = FACE_BOUND('',#7971,.T.);
#7971 = EDGE_LOOP('',(#7972,#7973,#7974,#7975));
#7972 = ORIENTED_EDGE('',*,*,#7847,.T.);
#7973 = ORIENTED_EDGE('',*,*,#7878,.T.);
#7974 = ORIENTED_EDGE('',*,*,#7909,.T.);
#7975 = ORIENTED_EDGE('',*,*,#7940,.T.);
#7976 = PLANE('',#7977);
#7977 = AXIS2_PLACEMENT_3D('',#7978,#7979,#7980);
#7978 = CARTESIAN_POINT('',(25.,-225.,50.));
#7979 = DIRECTION('',(0.,0.,1.));
#7980 = DIRECTION('',(1.,0.,-0.));
#7981 = ( GEOMETRIC_REPRESENTATION_CONTEXT(3) 
GLOBAL_UNCERTAINTY_ASSIGNED_CONTEXT((#7985)) 
GLOBAL_UNIT_ASSIGNED_CONTEXT((#7982,#7983,#7984)) REPRESENTATION_CONTEXT
('Context #1','3D Context with UNIT and UNCERTAINTY') );
#7982 = ( LENGTH_UNIT() NAMED_UNIT(*) SI_UNIT(.MILLI.,.METRE.) );
#7983 = ( NAMED_UNIT(*) PLANE_ANGLE_UNIT() SI_UNIT($,.RADIAN.) );
#7984 = ( NAMED_UNIT(*) SI_UNIT($,.STERADIAN.) SOLID_ANGLE_UNIT() );
#7985 = UNCERTAINTY_MEASURE_WITH_UNIT(LENGTH_MEASURE(1.E-07),#7982,
  'distance_accuracy_value','confusion accuracy');
#7986 = CONTEXT_DEPENDENT_SHAPE_REPRESENTATION(#7987,#7989);
#7987 = ( REPRESENTATION_RELATIONSHIP('','',#7830,#10) 
REPRESENTATION_RELATIONSHIP_WITH_TRANSFORMATION(#7988) 
SHAPE_REPRESENTATION_RELATIONSHIP() );
#7988 = ITEM_DEFINED_TRANSFORMATION('','',#11,#183);
#7989 = PRODUCT_DEFINITION_SHAPE('Placement','Placement of an item',
  #7990);
#7990 = NEXT_ASSEMBLY_USAGE_OCCURRENCE('131',
  'TRI-AMA-PORT-BOTTOM-01 | BottomFlat | nominal plywood 20 mm','',#5,
  #7825,$);
#7991 = PRODUCT_RELATED_PRODUCT_CATEGORY('part',$,(#7827));
#7992 = SHAPE_DEFINITION_REPRESENTATION(#7993,#7999);
#7993 = PRODUCT_DEFINITION_SHAPE('','',#7994);
#7994 = PRODUCT_DEFINITION('design','',#7995,#7998);
#7995 = PRODUCT_DEFINITION_FORMATION('','',#7996);
#7996 = PRODUCT(
  'TRI-AMA-PORT-CHINE-PORT-01 | ChinePort | nominal plywood 20 mm',
  'TRI-AMA-PORT-CHINE-PORT-01 | ChinePort | nominal plywood 20 mm','',(
    #7997));
#7997 = PRODUCT_CONTEXT('',#2,'mechanical');
#7998 = PRODUCT_DEFINITION_CONTEXT('part definition',#2,'design');
#7999 = ADVANCED_BREP_SHAPE_REPRESENTATION('',(#11,#8000),#8150);
#8000 = MANIFOLD_SOLID_BREP('',#8001);
#8001 = CLOSED_SHELL('',(#8002,#8042,#8073,#8104,#8126,#8138));
#8002 = ADVANCED_FACE('',(#8003),#8037,.T.);
#8003 = FACE_BOUND('',#8004,.T.);
#8004 = EDGE_LOOP('',(#8005,#8015,#8023,#8031));
#8005 = ORIENTED_EDGE('',*,*,#8006,.T.);
#8006 = EDGE_CURVE('',#8007,#8009,#8011,.T.);
#8007 = VERTEX_POINT('',#8008);
#8008 = CARTESIAN_POINT('',(0.,-250.,30.));
#8009 = VERTEX_POINT('',#8010);
#8010 = CARTESIAN_POINT('',(0.,-244.8236190979,49.318516525781));
#8011 = LINE('',#8012,#8013);
#8012 = CARTESIAN_POINT('',(0.,-250.,30.));
#8013 = VECTOR('',#8014,1.);
#8014 = DIRECTION('',(-0.,0.258819045103,0.965925826289));
#8015 = ORIENTED_EDGE('',*,*,#8016,.T.);
#8016 = EDGE_CURVE('',#8009,#8017,#8019,.T.);
#8017 = VERTEX_POINT('',#8018);
#8018 = CARTESIAN_POINT('',(50.,-244.8236190979,49.318516525781));
#8019 = LINE('',#8020,#8021);
#8020 = CARTESIAN_POINT('',(0.,-244.8236190979,49.318516525781));
#8021 = VECTOR('',#8022,1.);
#8022 = DIRECTION('',(1.,0.,0.));
#8023 = ORIENTED_EDGE('',*,*,#8024,.F.);
#8024 = EDGE_CURVE('',#8025,#8017,#8027,.T.);
#8025 = VERTEX_POINT('',#8026);
#8026 = CARTESIAN_POINT('',(50.,-250.,30.));
#8027 = LINE('',#8028,#8029);
#8028 = CARTESIAN_POINT('',(50.,-250.,30.));
#8029 = VECTOR('',#8030,1.);
#8030 = DIRECTION('',(-0.,0.258819045103,0.965925826289));
#8031 = ORIENTED_EDGE('',*,*,#8032,.F.);
#8032 = EDGE_CURVE('',#8007,#8025,#8033,.T.);
#8033 = LINE('',#8034,#8035);
#8034 = CARTESIAN_POINT('',(0.,-250.,30.));
#8035 = VECTOR('',#8036,1.);
#8036 = DIRECTION('',(1.,0.,0.));
#8037 = PLANE('',#8038);
#8038 = AXIS2_PLACEMENT_3D('',#8039,#8040,#8041);
#8039 = CARTESIAN_POINT('',(0.,-250.,30.));
#8040 = DIRECTION('',(0.,0.965925826289,-0.258819045103));
#8041 = DIRECTION('',(1.,0.,0.));
#8042 = ADVANCED_FACE('',(#8043),#8068,.T.);
#8043 = FACE_BOUND('',#8044,.T.);
#8044 = EDGE_LOOP('',(#8045,#8046,#8054,#8062));
#8045 = ORIENTED_EDGE('',*,*,#8024,.T.);
#8046 = ORIENTED_EDGE('',*,*,#8047,.T.);
#8047 = EDGE_CURVE('',#8017,#8048,#8050,.T.);
#8048 = VERTEX_POINT('',#8049);
#8049 = CARTESIAN_POINT('',(50.,-269.8236190979,56.017246336559));
#8050 = LINE('',#8051,#8052);
#8051 = CARTESIAN_POINT('',(50.,-244.8236190979,49.318516525781));
#8052 = VECTOR('',#8053,1.);
#8053 = DIRECTION('',(0.,-0.965925826289,0.258819045103));
#8054 = ORIENTED_EDGE('',*,*,#8055,.F.);
#8055 = EDGE_CURVE('',#8056,#8048,#8058,.T.);
#8056 = VERTEX_POINT('',#8057);
#8057 = CARTESIAN_POINT('',(50.,-275.,36.698729810778));
#8058 = LINE('',#8059,#8060);
#8059 = CARTESIAN_POINT('',(50.,-275.,36.698729810778));
#8060 = VECTOR('',#8061,1.);
#8061 = DIRECTION('',(-0.,0.258819045103,0.965925826289));
#8062 = ORIENTED_EDGE('',*,*,#8063,.F.);
#8063 = EDGE_CURVE('',#8025,#8056,#8064,.T.);
#8064 = LINE('',#8065,#8066);
#8065 = CARTESIAN_POINT('',(50.,-250.,30.));
#8066 = VECTOR('',#8067,1.);
#8067 = DIRECTION('',(0.,-0.965925826289,0.258819045103));
#8068 = PLANE('',#8069);
#8069 = AXIS2_PLACEMENT_3D('',#8070,#8071,#8072);
#8070 = CARTESIAN_POINT('',(50.,-250.,30.));
#8071 = DIRECTION('',(1.,0.,0.));
#8072 = DIRECTION('',(0.,-0.965925826289,0.258819045103));
#8073 = ADVANCED_FACE('',(#8074),#8099,.T.);
#8074 = FACE_BOUND('',#8075,.T.);
#8075 = EDGE_LOOP('',(#8076,#8077,#8085,#8093));
#8076 = ORIENTED_EDGE('',*,*,#8055,.T.);
#8077 = ORIENTED_EDGE('',*,*,#8078,.T.);
#8078 = EDGE_CURVE('',#8048,#8079,#8081,.T.);
#8079 = VERTEX_POINT('',#8080);
#8080 = CARTESIAN_POINT('',(0.,-269.8236190979,56.017246336559));
#8081 = LINE('',#8082,#8083);
#8082 = CARTESIAN_POINT('',(50.,-269.8236190979,56.017246336559));
#8083 = VECTOR('',#8084,1.);
#8084 = DIRECTION('',(-1.,0.,0.));
#8085 = ORIENTED_EDGE('',*,*,#8086,.F.);
#8086 = EDGE_CURVE('',#8087,#8079,#8089,.T.);
#8087 = VERTEX_POINT('',#8088);
#8088 = CARTESIAN_POINT('',(0.,-275.,36.698729810778));
#8089 = LINE('',#8090,#8091);
#8090 = CARTESIAN_POINT('',(0.,-275.,36.698729810778));
#8091 = VECTOR('',#8092,1.);
#8092 = DIRECTION('',(-0.,0.258819045103,0.965925826289));
#8093 = ORIENTED_EDGE('',*,*,#8094,.F.);
#8094 = EDGE_CURVE('',#8056,#8087,#8095,.T.);
#8095 = LINE('',#8096,#8097);
#8096 = CARTESIAN_POINT('',(50.,-275.,36.698729810778));
#8097 = VECTOR('',#8098,1.);
#8098 = DIRECTION('',(-1.,0.,0.));
#8099 = PLANE('',#8100);
#8100 = AXIS2_PLACEMENT_3D('',#8101,#8102,#8103);
#8101 = CARTESIAN_POINT('',(50.,-275.,36.698729810778));
#8102 = DIRECTION('',(0.,-0.965925826289,0.258819045103));
#8103 = DIRECTION('',(-1.,0.,0.));
#8104 = ADVANCED_FACE('',(#8105),#8121,.T.);
#8105 = FACE_BOUND('',#8106,.T.);
#8106 = EDGE_LOOP('',(#8107,#8108,#8114,#8115));
#8107 = ORIENTED_EDGE('',*,*,#8086,.T.);
#8108 = ORIENTED_EDGE('',*,*,#8109,.T.);
#8109 = EDGE_CURVE('',#8079,#8009,#8110,.T.);
#8110 = LINE('',#8111,#8112);
#8111 = CARTESIAN_POINT('',(0.,-269.8236190979,56.017246336559));
#8112 = VECTOR('',#8113,1.);
#8113 = DIRECTION('',(0.,0.965925826289,-0.258819045103));
#8114 = ORIENTED_EDGE('',*,*,#8006,.F.);
#8115 = ORIENTED_EDGE('',*,*,#8116,.F.);
#8116 = EDGE_CURVE('',#8087,#8007,#8117,.T.);
#8117 = LINE('',#8118,#8119);
#8118 = CARTESIAN_POINT('',(0.,-275.,36.698729810778));
#8119 = VECTOR('',#8120,1.);
#8120 = DIRECTION('',(0.,0.965925826289,-0.258819045103));
#8121 = PLANE('',#8122);
#8122 = AXIS2_PLACEMENT_3D('',#8123,#8124,#8125);
#8123 = CARTESIAN_POINT('',(0.,-275.,36.698729810778));
#8124 = DIRECTION('',(-1.,0.,-0.));
#8125 = DIRECTION('',(0.,0.965925826289,-0.258819045103));
#8126 = ADVANCED_FACE('',(#8127),#8133,.T.);
#8127 = FACE_BOUND('',#8128,.T.);
#8128 = EDGE_LOOP('',(#8129,#8130,#8131,#8132));
#8129 = ORIENTED_EDGE('',*,*,#8032,.T.);
#8130 = ORIENTED_EDGE('',*,*,#8063,.T.);
#8131 = ORIENTED_EDGE('',*,*,#8094,.T.);
#8132 = ORIENTED_EDGE('',*,*,#8116,.T.);
#8133 = PLANE('',#8134);
#8134 = AXIS2_PLACEMENT_3D('',#8135,#8136,#8137);
#8135 = CARTESIAN_POINT('',(25.,-262.5,33.349364905389));
#8136 = DIRECTION('',(-0.,-0.258819045103,-0.965925826289));
#8137 = DIRECTION('',(0.,-0.965925826289,0.258819045103));
#8138 = ADVANCED_FACE('',(#8139),#8145,.F.);
#8139 = FACE_BOUND('',#8140,.F.);
#8140 = EDGE_LOOP('',(#8141,#8142,#8143,#8144));
#8141 = ORIENTED_EDGE('',*,*,#8016,.T.);
#8142 = ORIENTED_EDGE('',*,*,#8047,.T.);
#8143 = ORIENTED_EDGE('',*,*,#8078,.T.);
#8144 = ORIENTED_EDGE('',*,*,#8109,.T.);
#8145 = PLANE('',#8146);
#8146 = AXIS2_PLACEMENT_3D('',#8147,#8148,#8149);
#8147 = CARTESIAN_POINT('',(25.,-257.3236190979,52.66788143117));
#8148 = DIRECTION('',(-0.,-0.258819045103,-0.965925826289));
#8149 = DIRECTION('',(0.,-0.965925826289,0.258819045103));
#8150 = ( GEOMETRIC_REPRESENTATION_CONTEXT(3) 
GLOBAL_UNCERTAINTY_ASSIGNED_CONTEXT((#8154)) 
GLOBAL_UNIT_ASSIGNED_CONTEXT((#8151,#8152,#8153)) REPRESENTATION_CONTEXT
('Context #1','3D Context with UNIT and UNCERTAINTY') );
#8151 = ( LENGTH_UNIT() NAMED_UNIT(*) SI_UNIT(.MILLI.,.METRE.) );
#8152 = ( NAMED_UNIT(*) PLANE_ANGLE_UNIT() SI_UNIT($,.RADIAN.) );
#8153 = ( NAMED_UNIT(*) SI_UNIT($,.STERADIAN.) SOLID_ANGLE_UNIT() );
#8154 = UNCERTAINTY_MEASURE_WITH_UNIT(LENGTH_MEASURE(1.E-07),#8151,
  'distance_accuracy_value','confusion accuracy');
#8155 = CONTEXT_DEPENDENT_SHAPE_REPRESENTATION(#8156,#8158);
#8156 = ( REPRESENTATION_RELATIONSHIP('','',#7999,#10) 
REPRESENTATION_RELATIONSHIP_WITH_TRANSFORMATION(#8157) 
SHAPE_REPRESENTATION_RELATIONSHIP() );
#8157 = ITEM_DEFINED_TRANSFORMATION('','',#11,#187);
#8158 = PRODUCT_DEFINITION_SHAPE('Placement','Placement of an item',
  #8159);
#8159 = NEXT_ASSEMBLY_USAGE_OCCURRENCE('132',
  'TRI-AMA-PORT-CHINE-PORT-01 | ChinePort | nominal plywood 20 mm','',#5
  ,#7994,$);
#8160 = PRODUCT_RELATED_PRODUCT_CATEGORY('part',$,(#7996));
#8161 = SHAPE_DEFINITION_REPRESENTATION(#8162,#8168);
#8162 = PRODUCT_DEFINITION_SHAPE('','',#8163);
#8163 = PRODUCT_DEFINITION('design','',#8164,#8167);
#8164 = PRODUCT_DEFINITION_FORMATION('','',#8165);
#8165 = PRODUCT(
'TRI-AMA-PORT-CHINE-STARBOARD-01 | ChineStarboard | nominal plywood 20 
mm',
'TRI-AMA-PORT-CHINE-STARBOARD-01 | ChineStarboard | nominal plywood 20 
mm','',(#8166));
#8166 = PRODUCT_CONTEXT('',#2,'mechanical');
#8167 = PRODUCT_DEFINITION_CONTEXT('part definition',#2,'design');
#8168 = ADVANCED_BREP_SHAPE_REPRESENTATION('',(#11,#8169),#8319);
#8169 = MANIFOLD_SOLID_BREP('',#8170);
#8170 = CLOSED_SHELL('',(#8171,#8211,#8242,#8273,#8295,#8307));
#8171 = ADVANCED_FACE('',(#8172),#8206,.T.);
#8172 = FACE_BOUND('',#8173,.T.);
#8173 = EDGE_LOOP('',(#8174,#8184,#8192,#8200));
#8174 = ORIENTED_EDGE('',*,*,#8175,.T.);
#8175 = EDGE_CURVE('',#8176,#8178,#8180,.T.);
#8176 = VERTEX_POINT('',#8177);
#8177 = CARTESIAN_POINT('',(0.,-200.,30.));
#8178 = VERTEX_POINT('',#8179);
#8179 = CARTESIAN_POINT('',(0.,-205.176380902,49.318516525781));
#8180 = LINE('',#8181,#8182);
#8181 = CARTESIAN_POINT('',(0.,-200.,30.));
#8182 = VECTOR('',#8183,1.);
#8183 = DIRECTION('',(-0.,-0.258819045103,0.965925826289));
#8184 = ORIENTED_EDGE('',*,*,#8185,.T.);
#8185 = EDGE_CURVE('',#8178,#8186,#8188,.T.);
#8186 = VERTEX_POINT('',#8187);
#8187 = CARTESIAN_POINT('',(0.,-180.176380902,56.017246336559));
#8188 = LINE('',#8189,#8190);
#8189 = CARTESIAN_POINT('',(0.,-205.176380902,49.318516525781));
#8190 = VECTOR('',#8191,1.);
#8191 = DIRECTION('',(0.,0.965925826289,0.258819045103));
#8192 = ORIENTED_EDGE('',*,*,#8193,.F.);
#8193 = EDGE_CURVE('',#8194,#8186,#8196,.T.);
#8194 = VERTEX_POINT('',#8195);
#8195 = CARTESIAN_POINT('',(0.,-175.,36.698729810778));
#8196 = LINE('',#8197,#8198);
#8197 = CARTESIAN_POINT('',(0.,-175.,36.698729810778));
#8198 = VECTOR('',#8199,1.);
#8199 = DIRECTION('',(-0.,-0.258819045103,0.965925826289));
#8200 = ORIENTED_EDGE('',*,*,#8201,.F.);
#8201 = EDGE_CURVE('',#8176,#8194,#8202,.T.);
#8202 = LINE('',#8203,#8204);
#8203 = CARTESIAN_POINT('',(0.,-200.,30.));
#8204 = VECTOR('',#8205,1.);
#8205 = DIRECTION('',(0.,0.965925826289,0.258819045103));
#8206 = PLANE('',#8207);
#8207 = AXIS2_PLACEMENT_3D('',#8208,#8209,#8210);
#8208 = CARTESIAN_POINT('',(0.,-200.,30.));
#8209 = DIRECTION('',(-1.,0.,0.));
#8210 = DIRECTION('',(0.,0.965925826289,0.258819045103));
#8211 = ADVANCED_FACE('',(#8212),#8237,.T.);
#8212 = FACE_BOUND('',#8213,.T.);
#8213 = EDGE_LOOP('',(#8214,#8215,#8223,#8231));
#8214 = ORIENTED_EDGE('',*,*,#8193,.T.);
#8215 = ORIENTED_EDGE('',*,*,#8216,.T.);
#8216 = EDGE_CURVE('',#8186,#8217,#8219,.T.);
#8217 = VERTEX_POINT('',#8218);
#8218 = CARTESIAN_POINT('',(50.,-180.176380902,56.017246336559));
#8219 = LINE('',#8220,#8221);
#8220 = CARTESIAN_POINT('',(0.,-180.176380902,56.017246336559));
#8221 = VECTOR('',#8222,1.);
#8222 = DIRECTION('',(1.,0.,0.));
#8223 = ORIENTED_EDGE('',*,*,#8224,.F.);
#8224 = EDGE_CURVE('',#8225,#8217,#8227,.T.);
#8225 = VERTEX_POINT('',#8226);
#8226 = CARTESIAN_POINT('',(50.,-175.,36.698729810778));
#8227 = LINE('',#8228,#8229);
#8228 = CARTESIAN_POINT('',(50.,-175.,36.698729810778));
#8229 = VECTOR('',#8230,1.);
#8230 = DIRECTION('',(-0.,-0.258819045103,0.965925826289));
#8231 = ORIENTED_EDGE('',*,*,#8232,.F.);
#8232 = EDGE_CURVE('',#8194,#8225,#8233,.T.);
#8233 = LINE('',#8234,#8235);
#8234 = CARTESIAN_POINT('',(0.,-175.,36.698729810778));
#8235 = VECTOR('',#8236,1.);
#8236 = DIRECTION('',(1.,0.,0.));
#8237 = PLANE('',#8238);
#8238 = AXIS2_PLACEMENT_3D('',#8239,#8240,#8241);
#8239 = CARTESIAN_POINT('',(0.,-175.,36.698729810778));
#8240 = DIRECTION('',(-0.,0.965925826289,0.258819045103));
#8241 = DIRECTION('',(1.,0.,0.));
#8242 = ADVANCED_FACE('',(#8243),#8268,.T.);
#8243 = FACE_BOUND('',#8244,.T.);
#8244 = EDGE_LOOP('',(#8245,#8246,#8254,#8262));
#8245 = ORIENTED_EDGE('',*,*,#8224,.T.);
#8246 = ORIENTED_EDGE('',*,*,#8247,.T.);
#8247 = EDGE_CURVE('',#8217,#8248,#8250,.T.);
#8248 = VERTEX_POINT('',#8249);
#8249 = CARTESIAN_POINT('',(50.,-205.176380902,49.318516525781));
#8250 = LINE('',#8251,#8252);
#8251 = CARTESIAN_POINT('',(50.,-180.176380902,56.017246336559));
#8252 = VECTOR('',#8253,1.);
#8253 = DIRECTION('',(0.,-0.965925826289,-0.258819045103));
#8254 = ORIENTED_EDGE('',*,*,#8255,.F.);
#8255 = EDGE_CURVE('',#8256,#8248,#8258,.T.);
#8256 = VERTEX_POINT('',#8257);
#8257 = CARTESIAN_POINT('',(50.,-200.,30.));
#8258 = LINE('',#8259,#8260);
#8259 = CARTESIAN_POINT('',(50.,-200.,30.));
#8260 = VECTOR('',#8261,1.);
#8261 = DIRECTION('',(-0.,-0.258819045103,0.965925826289));
#8262 = ORIENTED_EDGE('',*,*,#8263,.F.);
#8263 = EDGE_CURVE('',#8225,#8256,#8264,.T.);
#8264 = LINE('',#8265,#8266);
#8265 = CARTESIAN_POINT('',(50.,-175.,36.698729810778));
#8266 = VECTOR('',#8267,1.);
#8267 = DIRECTION('',(0.,-0.965925826289,-0.258819045103));
#8268 = PLANE('',#8269);
#8269 = AXIS2_PLACEMENT_3D('',#8270,#8271,#8272);
#8270 = CARTESIAN_POINT('',(50.,-175.,36.698729810778));
#8271 = DIRECTION('',(1.,0.,0.));
#8272 = DIRECTION('',(0.,-0.965925826289,-0.258819045103));
#8273 = ADVANCED_FACE('',(#8274),#8290,.T.);
#8274 = FACE_BOUND('',#8275,.T.);
#8275 = EDGE_LOOP('',(#8276,#8277,#8283,#8284));
#8276 = ORIENTED_EDGE('',*,*,#8255,.T.);
#8277 = ORIENTED_EDGE('',*,*,#8278,.T.);
#8278 = EDGE_CURVE('',#8248,#8178,#8279,.T.);
#8279 = LINE('',#8280,#8281);
#8280 = CARTESIAN_POINT('',(50.,-205.176380902,49.318516525781));
#8281 = VECTOR('',#8282,1.);
#8282 = DIRECTION('',(-1.,0.,0.));
#8283 = ORIENTED_EDGE('',*,*,#8175,.F.);
#8284 = ORIENTED_EDGE('',*,*,#8285,.F.);
#8285 = EDGE_CURVE('',#8256,#8176,#8286,.T.);
#8286 = LINE('',#8287,#8288);
#8287 = CARTESIAN_POINT('',(50.,-200.,30.));
#8288 = VECTOR('',#8289,1.);
#8289 = DIRECTION('',(-1.,0.,0.));
#8290 = PLANE('',#8291);
#8291 = AXIS2_PLACEMENT_3D('',#8292,#8293,#8294);
#8292 = CARTESIAN_POINT('',(50.,-200.,30.));
#8293 = DIRECTION('',(-0.,-0.965925826289,-0.258819045103));
#8294 = DIRECTION('',(-1.,0.,0.));
#8295 = ADVANCED_FACE('',(#8296),#8302,.T.);
#8296 = FACE_BOUND('',#8297,.T.);
#8297 = EDGE_LOOP('',(#8298,#8299,#8300,#8301));
#8298 = ORIENTED_EDGE('',*,*,#8201,.T.);
#8299 = ORIENTED_EDGE('',*,*,#8232,.T.);
#8300 = ORIENTED_EDGE('',*,*,#8263,.T.);
#8301 = ORIENTED_EDGE('',*,*,#8285,.T.);
#8302 = PLANE('',#8303);
#8303 = AXIS2_PLACEMENT_3D('',#8304,#8305,#8306);
#8304 = CARTESIAN_POINT('',(25.,-187.5,33.349364905389));
#8305 = DIRECTION('',(-0.,0.258819045103,-0.965925826289));
#8306 = DIRECTION('',(0.,-0.965925826289,-0.258819045103));
#8307 = ADVANCED_FACE('',(#8308),#8314,.F.);
#8308 = FACE_BOUND('',#8309,.F.);
#8309 = EDGE_LOOP('',(#8310,#8311,#8312,#8313));
#8310 = ORIENTED_EDGE('',*,*,#8185,.T.);
#8311 = ORIENTED_EDGE('',*,*,#8216,.T.);
#8312 = ORIENTED_EDGE('',*,*,#8247,.T.);
#8313 = ORIENTED_EDGE('',*,*,#8278,.T.);
#8314 = PLANE('',#8315);
#8315 = AXIS2_PLACEMENT_3D('',#8316,#8317,#8318);
#8316 = CARTESIAN_POINT('',(25.,-192.676380902,52.66788143117));
#8317 = DIRECTION('',(-0.,0.258819045103,-0.965925826289));
#8318 = DIRECTION('',(0.,-0.965925826289,-0.258819045103));
#8319 = ( GEOMETRIC_REPRESENTATION_CONTEXT(3) 
GLOBAL_UNCERTAINTY_ASSIGNED_CONTEXT((#8323)) 
GLOBAL_UNIT_ASSIGNED_CONTEXT((#8320,#8321,#8322)) REPRESENTATION_CONTEXT
('Context #1','3D Context with UNIT and UNCERTAINTY') );
#8320 = ( LENGTH_UNIT() NAMED_UNIT(*) SI_UNIT(.MILLI.,.METRE.) );
#8321 = ( NAMED_UNIT(*) PLANE_ANGLE_UNIT() SI_UNIT($,.RADIAN.) );
#8322 = ( NAMED_UNIT(*) SI_UNIT($,.STERADIAN.) SOLID_ANGLE_UNIT() );
#8323 = UNCERTAINTY_MEASURE_WITH_UNIT(LENGTH_MEASURE(1.E-07),#8320,
  'distance_accuracy_value','confusion accuracy');
#8324 = CONTEXT_DEPENDENT_SHAPE_REPRESENTATION(#8325,#8327);
#8325 = ( REPRESENTATION_RELATIONSHIP('','',#8168,#10) 
REPRESENTATION_RELATIONSHIP_WITH_TRANSFORMATION(#8326) 
SHAPE_REPRESENTATION_RELATIONSHIP() );
#8326 = ITEM_DEFINED_TRANSFORMATION('','',#11,#191);
#8327 = PRODUCT_DEFINITION_SHAPE('Placement','Placement of an item',
  #8328);
#8328 = NEXT_ASSEMBLY_USAGE_OCCURRENCE('133',
'TRI-AMA-PORT-CHINE-STARBOARD-01 | ChineStarboard | nominal plywood 20 
mm','',#5,#8163,$);
#8329 = PRODUCT_RELATED_PRODUCT_CATEGORY('part',$,(#8165));
#8330 = SHAPE_DEFINITION_REPRESENTATION(#8331,#8337);
#8331 = PRODUCT_DEFINITION_SHAPE('','',#8332);
#8332 = PRODUCT_DEFINITION('design','',#8333,#8336);
#8333 = PRODUCT_DEFINITION_FORMATION('','',#8334);
#8334 = PRODUCT(
  'TRI-AMA-PORT-SIDE-PORT-01 | SidePort | nominal plywood 20 mm',
  'TRI-AMA-PORT-SIDE-PORT-01 | SidePort | nominal plywood 20 mm','',(
    #8335));
#8335 = PRODUCT_CONTEXT('',#2,'mechanical');
#8336 = PRODUCT_DEFINITION_CONTEXT('part definition',#2,'design');
#8337 = ADVANCED_BREP_SHAPE_REPRESENTATION('',(#11,#8338),#8488);
#8338 = MANIFOLD_SOLID_BREP('',#8339);
#8339 = CLOSED_SHELL('',(#8340,#8380,#8411,#8442,#8464,#8476));
#8340 = ADVANCED_FACE('',(#8341),#8375,.T.);
#8341 = FACE_BOUND('',#8342,.T.);
#8342 = EDGE_LOOP('',(#8343,#8353,#8361,#8369));
#8343 = ORIENTED_EDGE('',*,*,#8344,.T.);
#8344 = EDGE_CURVE('',#8345,#8347,#8349,.T.);
#8345 = VERTEX_POINT('',#8346);
#8346 = CARTESIAN_POINT('',(0.,-275.,36.698729810778));
#8347 = VERTEX_POINT('',#8348);
#8348 = CARTESIAN_POINT('',(0.,-255.,36.698729810778));
#8349 = LINE('',#8350,#8351);
#8350 = CARTESIAN_POINT('',(0.,-275.,36.698729810778));
#8351 = VECTOR('',#8352,1.);
#8352 = DIRECTION('',(-0.,1.,-0.));
#8353 = ORIENTED_EDGE('',*,*,#8354,.T.);
#8354 = EDGE_CURVE('',#8347,#8355,#8357,.T.);
#8355 = VERTEX_POINT('',#8356);
#8356 = CARTESIAN_POINT('',(50.,-255.,36.698729810778));
#8357 = LINE('',#8358,#8359);
#8358 = CARTESIAN_POINT('',(0.,-255.,36.698729810778));
#8359 = VECTOR('',#8360,1.);
#8360 = DIRECTION('',(1.,0.,0.));
#8361 = ORIENTED_EDGE('',*,*,#8362,.F.);
#8362 = EDGE_CURVE('',#8363,#8355,#8365,.T.);
#8363 = VERTEX_POINT('',#8364);
#8364 = CARTESIAN_POINT('',(50.,-275.,36.698729810778));
#8365 = LINE('',#8366,#8367);
#8366 = CARTESIAN_POINT('',(50.,-275.,36.698729810778));
#8367 = VECTOR('',#8368,1.);
#8368 = DIRECTION('',(-0.,1.,-0.));
#8369 = ORIENTED_EDGE('',*,*,#8370,.F.);
#8370 = EDGE_CURVE('',#8345,#8363,#8371,.T.);
#8371 = LINE('',#8372,#8373);
#8372 = CARTESIAN_POINT('',(0.,-275.,36.698729810778));
#8373 = VECTOR('',#8374,1.);
#8374 = DIRECTION('',(1.,0.,0.));
#8375 = PLANE('',#8376);
#8376 = AXIS2_PLACEMENT_3D('',#8377,#8378,#8379);
#8377 = CARTESIAN_POINT('',(0.,-275.,36.698729810778));
#8378 = DIRECTION('',(0.,0.,-1.));
#8379 = DIRECTION('',(1.,0.,0.));
#8380 = ADVANCED_FACE('',(#8381),#8406,.T.);
#8381 = FACE_BOUND('',#8382,.T.);
#8382 = EDGE_LOOP('',(#8383,#8384,#8392,#8400));
#8383 = ORIENTED_EDGE('',*,*,#8362,.T.);
#8384 = ORIENTED_EDGE('',*,*,#8385,.T.);
#8385 = EDGE_CURVE('',#8355,#8386,#8388,.T.);
#8386 = VERTEX_POINT('',#8387);
#8387 = CARTESIAN_POINT('',(50.,-255.,140.));
#8388 = LINE('',#8389,#8390);
#8389 = CARTESIAN_POINT('',(50.,-255.,36.698729810778));
#8390 = VECTOR('',#8391,1.);
#8391 = DIRECTION('',(0.,0.,1.));
#8392 = ORIENTED_EDGE('',*,*,#8393,.F.);
#8393 = EDGE_CURVE('',#8394,#8386,#8396,.T.);
#8394 = VERTEX_POINT('',#8395);
#8395 = CARTESIAN_POINT('',(50.,-275.,140.));
#8396 = LINE('',#8397,#8398);
#8397 = CARTESIAN_POINT('',(50.,-275.,140.));
#8398 = VECTOR('',#8399,1.);
#8399 = DIRECTION('',(-0.,1.,-0.));
#8400 = ORIENTED_EDGE('',*,*,#8401,.F.);
#8401 = EDGE_CURVE('',#8363,#8394,#8402,.T.);
#8402 = LINE('',#8403,#8404);
#8403 = CARTESIAN_POINT('',(50.,-275.,36.698729810778));
#8404 = VECTOR('',#8405,1.);
#8405 = DIRECTION('',(0.,0.,1.));
#8406 = PLANE('',#8407);
#8407 = AXIS2_PLACEMENT_3D('',#8408,#8409,#8410);
#8408 = CARTESIAN_POINT('',(50.,-275.,36.698729810778));
#8409 = DIRECTION('',(1.,0.,-0.));
#8410 = DIRECTION('',(0.,0.,1.));
#8411 = ADVANCED_FACE('',(#8412),#8437,.T.);
#8412 = FACE_BOUND('',#8413,.T.);
#8413 = EDGE_LOOP('',(#8414,#8415,#8423,#8431));
#8414 = ORIENTED_EDGE('',*,*,#8393,.T.);
#8415 = ORIENTED_EDGE('',*,*,#8416,.T.);
#8416 = EDGE_CURVE('',#8386,#8417,#8419,.T.);
#8417 = VERTEX_POINT('',#8418);
#8418 = CARTESIAN_POINT('',(0.,-255.,140.));
#8419 = LINE('',#8420,#8421);
#8420 = CARTESIAN_POINT('',(50.,-255.,140.));
#8421 = VECTOR('',#8422,1.);
#8422 = DIRECTION('',(-1.,0.,0.));
#8423 = ORIENTED_EDGE('',*,*,#8424,.F.);
#8424 = EDGE_CURVE('',#8425,#8417,#8427,.T.);
#8425 = VERTEX_POINT('',#8426);
#8426 = CARTESIAN_POINT('',(0.,-275.,140.));
#8427 = LINE('',#8428,#8429);
#8428 = CARTESIAN_POINT('',(0.,-275.,140.));
#8429 = VECTOR('',#8430,1.);
#8430 = DIRECTION('',(-0.,1.,-0.));
#8431 = ORIENTED_EDGE('',*,*,#8432,.F.);
#8432 = EDGE_CURVE('',#8394,#8425,#8433,.T.);
#8433 = LINE('',#8434,#8435);
#8434 = CARTESIAN_POINT('',(50.,-275.,140.));
#8435 = VECTOR('',#8436,1.);
#8436 = DIRECTION('',(-1.,0.,0.));
#8437 = PLANE('',#8438);
#8438 = AXIS2_PLACEMENT_3D('',#8439,#8440,#8441);
#8439 = CARTESIAN_POINT('',(50.,-275.,140.));
#8440 = DIRECTION('',(0.,0.,1.));
#8441 = DIRECTION('',(-1.,0.,0.));
#8442 = ADVANCED_FACE('',(#8443),#8459,.T.);
#8443 = FACE_BOUND('',#8444,.T.);
#8444 = EDGE_LOOP('',(#8445,#8446,#8452,#8453));
#8445 = ORIENTED_EDGE('',*,*,#8424,.T.);
#8446 = ORIENTED_EDGE('',*,*,#8447,.T.);
#8447 = EDGE_CURVE('',#8417,#8347,#8448,.T.);
#8448 = LINE('',#8449,#8450);
#8449 = CARTESIAN_POINT('',(0.,-255.,140.));
#8450 = VECTOR('',#8451,1.);
#8451 = DIRECTION('',(0.,0.,-1.));
#8452 = ORIENTED_EDGE('',*,*,#8344,.F.);
#8453 = ORIENTED_EDGE('',*,*,#8454,.F.);
#8454 = EDGE_CURVE('',#8425,#8345,#8455,.T.);
#8455 = LINE('',#8456,#8457);
#8456 = CARTESIAN_POINT('',(0.,-275.,140.));
#8457 = VECTOR('',#8458,1.);
#8458 = DIRECTION('',(0.,0.,-1.));
#8459 = PLANE('',#8460);
#8460 = AXIS2_PLACEMENT_3D('',#8461,#8462,#8463);
#8461 = CARTESIAN_POINT('',(0.,-275.,140.));
#8462 = DIRECTION('',(-1.,-0.,-0.));
#8463 = DIRECTION('',(0.,0.,-1.));
#8464 = ADVANCED_FACE('',(#8465),#8471,.T.);
#8465 = FACE_BOUND('',#8466,.T.);
#8466 = EDGE_LOOP('',(#8467,#8468,#8469,#8470));
#8467 = ORIENTED_EDGE('',*,*,#8370,.T.);
#8468 = ORIENTED_EDGE('',*,*,#8401,.T.);
#8469 = ORIENTED_EDGE('',*,*,#8432,.T.);
#8470 = ORIENTED_EDGE('',*,*,#8454,.T.);
#8471 = PLANE('',#8472);
#8472 = AXIS2_PLACEMENT_3D('',#8473,#8474,#8475);
#8473 = CARTESIAN_POINT('',(25.,-275.,88.349364905389));
#8474 = DIRECTION('',(-0.,-1.,-0.));
#8475 = DIRECTION('',(0.,0.,-1.));
#8476 = ADVANCED_FACE('',(#8477),#8483,.F.);
#8477 = FACE_BOUND('',#8478,.F.);
#8478 = EDGE_LOOP('',(#8479,#8480,#8481,#8482));
#8479 = ORIENTED_EDGE('',*,*,#8354,.T.);
#8480 = ORIENTED_EDGE('',*,*,#8385,.T.);
#8481 = ORIENTED_EDGE('',*,*,#8416,.T.);
#8482 = ORIENTED_EDGE('',*,*,#8447,.T.);
#8483 = PLANE('',#8484);
#8484 = AXIS2_PLACEMENT_3D('',#8485,#8486,#8487);
#8485 = CARTESIAN_POINT('',(25.,-255.,88.349364905389));
#8486 = DIRECTION('',(-0.,-1.,-0.));
#8487 = DIRECTION('',(0.,0.,-1.));
#8488 = ( GEOMETRIC_REPRESENTATION_CONTEXT(3) 
GLOBAL_UNCERTAINTY_ASSIGNED_CONTEXT((#8492)) 
GLOBAL_UNIT_ASSIGNED_CONTEXT((#8489,#8490,#8491)) REPRESENTATION_CONTEXT
('Context #1','3D Context with UNIT and UNCERTAINTY') );
#8489 = ( LENGTH_UNIT() NAMED_UNIT(*) SI_UNIT(.MILLI.,.METRE.) );
#8490 = ( NAMED_UNIT(*) PLANE_ANGLE_UNIT() SI_UNIT($,.RADIAN.) );
#8491 = ( NAMED_UNIT(*) SI_UNIT($,.STERADIAN.) SOLID_ANGLE_UNIT() );
#8492 = UNCERTAINTY_MEASURE_WITH_UNIT(LENGTH_MEASURE(1.E-07),#8489,
  'distance_accuracy_value','confusion accuracy');
#8493 = CONTEXT_DEPENDENT_SHAPE_REPRESENTATION(#8494,#8496);
#8494 = ( REPRESENTATION_RELATIONSHIP('','',#8337,#10) 
REPRESENTATION_RELATIONSHIP_WITH_TRANSFORMATION(#8495) 
SHAPE_REPRESENTATION_RELATIONSHIP() );
#8495 = ITEM_DEFINED_TRANSFORMATION('','',#11,#195);
#8496 = PRODUCT_DEFINITION_SHAPE('Placement','Placement of an item',
  #8497);
#8497 = NEXT_ASSEMBLY_USAGE_OCCURRENCE('134',
  'TRI-AMA-PORT-SIDE-PORT-01 | SidePort | nominal plywood 20 mm','',#5,
  #8332,$);
#8498 = PRODUCT_RELATED_PRODUCT_CATEGORY('part',$,(#8334));
#8499 = SHAPE_DEFINITION_REPRESENTATION(#8500,#8506);
#8500 = PRODUCT_DEFINITION_SHAPE('','',#8501);
#8501 = PRODUCT_DEFINITION('design','',#8502,#8505);
#8502 = PRODUCT_DEFINITION_FORMATION('','',#8503);
#8503 = PRODUCT(
'TRI-AMA-PORT-SIDE-STARBOARD-01 | SideStarboard | nominal plywood 20 mm'
  ,
'TRI-AMA-PORT-SIDE-STARBOARD-01 | SideStarboard | nominal plywood 20 mm'
  ,'',(#8504));
#8504 = PRODUCT_CONTEXT('',#2,'mechanical');
#8505 = PRODUCT_DEFINITION_CONTEXT('part definition',#2,'design');
#8506 = ADVANCED_BREP_SHAPE_REPRESENTATION('',(#11,#8507),#8657);
#8507 = MANIFOLD_SOLID_BREP('',#8508);
#8508 = CLOSED_SHELL('',(#8509,#8549,#8580,#8611,#8633,#8645));
#8509 = ADVANCED_FACE('',(#8510),#8544,.T.);
#8510 = FACE_BOUND('',#8511,.T.);
#8511 = EDGE_LOOP('',(#8512,#8522,#8530,#8538));
#8512 = ORIENTED_EDGE('',*,*,#8513,.T.);
#8513 = EDGE_CURVE('',#8514,#8516,#8518,.T.);
#8514 = VERTEX_POINT('',#8515);
#8515 = CARTESIAN_POINT('',(0.,-175.,36.698729810778));
#8516 = VERTEX_POINT('',#8517);
#8517 = CARTESIAN_POINT('',(0.,-195.,36.698729810778));
#8518 = LINE('',#8519,#8520);
#8519 = CARTESIAN_POINT('',(0.,-175.,36.698729810778));
#8520 = VECTOR('',#8521,1.);
#8521 = DIRECTION('',(-0.,-1.,-0.));
#8522 = ORIENTED_EDGE('',*,*,#8523,.T.);
#8523 = EDGE_CURVE('',#8516,#8524,#8526,.T.);
#8524 = VERTEX_POINT('',#8525);
#8525 = CARTESIAN_POINT('',(0.,-195.,140.));
#8526 = LINE('',#8527,#8528);
#8527 = CARTESIAN_POINT('',(0.,-195.,36.698729810778));
#8528 = VECTOR('',#8529,1.);
#8529 = DIRECTION('',(0.,0.,1.));
#8530 = ORIENTED_EDGE('',*,*,#8531,.F.);
#8531 = EDGE_CURVE('',#8532,#8524,#8534,.T.);
#8532 = VERTEX_POINT('',#8533);
#8533 = CARTESIAN_POINT('',(0.,-175.,140.));
#8534 = LINE('',#8535,#8536);
#8535 = CARTESIAN_POINT('',(0.,-175.,140.));
#8536 = VECTOR('',#8537,1.);
#8537 = DIRECTION('',(-0.,-1.,-0.));
#8538 = ORIENTED_EDGE('',*,*,#8539,.F.);
#8539 = EDGE_CURVE('',#8514,#8532,#8540,.T.);
#8540 = LINE('',#8541,#8542);
#8541 = CARTESIAN_POINT('',(0.,-175.,36.698729810778));
#8542 = VECTOR('',#8543,1.);
#8543 = DIRECTION('',(0.,0.,1.));
#8544 = PLANE('',#8545);
#8545 = AXIS2_PLACEMENT_3D('',#8546,#8547,#8548);
#8546 = CARTESIAN_POINT('',(0.,-175.,36.698729810778));
#8547 = DIRECTION('',(-1.,0.,0.));
#8548 = DIRECTION('',(0.,0.,1.));
#8549 = ADVANCED_FACE('',(#8550),#8575,.T.);
#8550 = FACE_BOUND('',#8551,.T.);
#8551 = EDGE_LOOP('',(#8552,#8553,#8561,#8569));
#8552 = ORIENTED_EDGE('',*,*,#8531,.T.);
#8553 = ORIENTED_EDGE('',*,*,#8554,.T.);
#8554 = EDGE_CURVE('',#8524,#8555,#8557,.T.);
#8555 = VERTEX_POINT('',#8556);
#8556 = CARTESIAN_POINT('',(50.,-195.,140.));
#8557 = LINE('',#8558,#8559);
#8558 = CARTESIAN_POINT('',(0.,-195.,140.));
#8559 = VECTOR('',#8560,1.);
#8560 = DIRECTION('',(1.,0.,0.));
#8561 = ORIENTED_EDGE('',*,*,#8562,.F.);
#8562 = EDGE_CURVE('',#8563,#8555,#8565,.T.);
#8563 = VERTEX_POINT('',#8564);
#8564 = CARTESIAN_POINT('',(50.,-175.,140.));
#8565 = LINE('',#8566,#8567);
#8566 = CARTESIAN_POINT('',(50.,-175.,140.));
#8567 = VECTOR('',#8568,1.);
#8568 = DIRECTION('',(-0.,-1.,-0.));
#8569 = ORIENTED_EDGE('',*,*,#8570,.F.);
#8570 = EDGE_CURVE('',#8532,#8563,#8571,.T.);
#8571 = LINE('',#8572,#8573);
#8572 = CARTESIAN_POINT('',(0.,-175.,140.));
#8573 = VECTOR('',#8574,1.);
#8574 = DIRECTION('',(1.,0.,0.));
#8575 = PLANE('',#8576);
#8576 = AXIS2_PLACEMENT_3D('',#8577,#8578,#8579);
#8577 = CARTESIAN_POINT('',(0.,-175.,140.));
#8578 = DIRECTION('',(0.,0.,1.));
#8579 = DIRECTION('',(1.,0.,-0.));
#8580 = ADVANCED_FACE('',(#8581),#8606,.T.);
#8581 = FACE_BOUND('',#8582,.T.);
#8582 = EDGE_LOOP('',(#8583,#8584,#8592,#8600));
#8583 = ORIENTED_EDGE('',*,*,#8562,.T.);
#8584 = ORIENTED_EDGE('',*,*,#8585,.T.);
#8585 = EDGE_CURVE('',#8555,#8586,#8588,.T.);
#8586 = VERTEX_POINT('',#8587);
#8587 = CARTESIAN_POINT('',(50.,-195.,36.698729810778));
#8588 = LINE('',#8589,#8590);
#8589 = CARTESIAN_POINT('',(50.,-195.,140.));
#8590 = VECTOR('',#8591,1.);
#8591 = DIRECTION('',(0.,0.,-1.));
#8592 = ORIENTED_EDGE('',*,*,#8593,.F.);
#8593 = EDGE_CURVE('',#8594,#8586,#8596,.T.);
#8594 = VERTEX_POINT('',#8595);
#8595 = CARTESIAN_POINT('',(50.,-175.,36.698729810778));
#8596 = LINE('',#8597,#8598);
#8597 = CARTESIAN_POINT('',(50.,-175.,36.698729810778));
#8598 = VECTOR('',#8599,1.);
#8599 = DIRECTION('',(-0.,-1.,-0.));
#8600 = ORIENTED_EDGE('',*,*,#8601,.F.);
#8601 = EDGE_CURVE('',#8563,#8594,#8602,.T.);
#8602 = LINE('',#8603,#8604);
#8603 = CARTESIAN_POINT('',(50.,-175.,140.));
#8604 = VECTOR('',#8605,1.);
#8605 = DIRECTION('',(0.,0.,-1.));
#8606 = PLANE('',#8607);
#8607 = AXIS2_PLACEMENT_3D('',#8608,#8609,#8610);
#8608 = CARTESIAN_POINT('',(50.,-175.,140.));
#8609 = DIRECTION('',(1.,-0.,0.));
#8610 = DIRECTION('',(0.,0.,-1.));
#8611 = ADVANCED_FACE('',(#8612),#8628,.T.);
#8612 = FACE_BOUND('',#8613,.T.);
#8613 = EDGE_LOOP('',(#8614,#8615,#8621,#8622));
#8614 = ORIENTED_EDGE('',*,*,#8593,.T.);
#8615 = ORIENTED_EDGE('',*,*,#8616,.T.);
#8616 = EDGE_CURVE('',#8586,#8516,#8617,.T.);
#8617 = LINE('',#8618,#8619);
#8618 = CARTESIAN_POINT('',(50.,-195.,36.698729810778));
#8619 = VECTOR('',#8620,1.);
#8620 = DIRECTION('',(-1.,0.,0.));
#8621 = ORIENTED_EDGE('',*,*,#8513,.F.);
#8622 = ORIENTED_EDGE('',*,*,#8623,.F.);
#8623 = EDGE_CURVE('',#8594,#8514,#8624,.T.);
#8624 = LINE('',#8625,#8626);
#8625 = CARTESIAN_POINT('',(50.,-175.,36.698729810778));
#8626 = VECTOR('',#8627,1.);
#8627 = DIRECTION('',(-1.,0.,0.));
#8628 = PLANE('',#8629);
#8629 = AXIS2_PLACEMENT_3D('',#8630,#8631,#8632);
#8630 = CARTESIAN_POINT('',(50.,-175.,36.698729810778));
#8631 = DIRECTION('',(0.,0.,-1.));
#8632 = DIRECTION('',(-1.,0.,0.));
#8633 = ADVANCED_FACE('',(#8634),#8640,.T.);
#8634 = FACE_BOUND('',#8635,.T.);
#8635 = EDGE_LOOP('',(#8636,#8637,#8638,#8639));
#8636 = ORIENTED_EDGE('',*,*,#8539,.T.);
#8637 = ORIENTED_EDGE('',*,*,#8570,.T.);
#8638 = ORIENTED_EDGE('',*,*,#8601,.T.);
#8639 = ORIENTED_EDGE('',*,*,#8623,.T.);
#8640 = PLANE('',#8641);
#8641 = AXIS2_PLACEMENT_3D('',#8642,#8643,#8644);
#8642 = CARTESIAN_POINT('',(25.,-175.,88.349364905389));
#8643 = DIRECTION('',(0.,1.,0.));
#8644 = DIRECTION('',(0.,-0.,1.));
#8645 = ADVANCED_FACE('',(#8646),#8652,.F.);
#8646 = FACE_BOUND('',#8647,.F.);
#8647 = EDGE_LOOP('',(#8648,#8649,#8650,#8651));
#8648 = ORIENTED_EDGE('',*,*,#8523,.T.);
#8649 = ORIENTED_EDGE('',*,*,#8554,.T.);
#8650 = ORIENTED_EDGE('',*,*,#8585,.T.);
#8651 = ORIENTED_EDGE('',*,*,#8616,.T.);
#8652 = PLANE('',#8653);
#8653 = AXIS2_PLACEMENT_3D('',#8654,#8655,#8656);
#8654 = CARTESIAN_POINT('',(25.,-195.,88.349364905389));
#8655 = DIRECTION('',(0.,1.,0.));
#8656 = DIRECTION('',(0.,-0.,1.));
#8657 = ( GEOMETRIC_REPRESENTATION_CONTEXT(3) 
GLOBAL_UNCERTAINTY_ASSIGNED_CONTEXT((#8661)) 
GLOBAL_UNIT_ASSIGNED_CONTEXT((#8658,#8659,#8660)) REPRESENTATION_CONTEXT
('Context #1','3D Context with UNIT and UNCERTAINTY') );
#8658 = ( LENGTH_UNIT() NAMED_UNIT(*) SI_UNIT(.MILLI.,.METRE.) );
#8659 = ( NAMED_UNIT(*) PLANE_ANGLE_UNIT() SI_UNIT($,.RADIAN.) );
#8660 = ( NAMED_UNIT(*) SI_UNIT($,.STERADIAN.) SOLID_ANGLE_UNIT() );
#8661 = UNCERTAINTY_MEASURE_WITH_UNIT(LENGTH_MEASURE(1.E-07),#8658,
  'distance_accuracy_value','confusion accuracy');
#8662 = CONTEXT_DEPENDENT_SHAPE_REPRESENTATION(#8663,#8665);
#8663 = ( REPRESENTATION_RELATIONSHIP('','',#8506,#10) 
REPRESENTATION_RELATIONSHIP_WITH_TRANSFORMATION(#8664) 
SHAPE_REPRESENTATION_RELATIONSHIP() );
#8664 = ITEM_DEFINED_TRANSFORMATION('','',#11,#199);
#8665 = PRODUCT_DEFINITION_SHAPE('Placement','Placement of an item',
  #8666);
#8666 = NEXT_ASSEMBLY_USAGE_OCCURRENCE('135',
'TRI-AMA-PORT-SIDE-STARBOARD-01 | SideStarboard | nominal plywood 20 mm'
  ,'',#5,#8501,$);
#8667 = PRODUCT_RELATED_PRODUCT_CATEGORY('part',$,(#8503));
#8668 = SHAPE_DEFINITION_REPRESENTATION(#8669,#8675);
#8669 = PRODUCT_DEFINITION_SHAPE('','',#8670);
#8670 = PRODUCT_DEFINITION('design','',#8671,#8674);
#8671 = PRODUCT_DEFINITION_FORMATION('','',#8672);
#8672 = PRODUCT(
  'TRI-AMA-PORT-BOTTOM-02 | BottomFlat | nominal plywood 20 mm',
  'TRI-AMA-PORT-BOTTOM-02 | BottomFlat | nominal plywood 20 mm','',(
    #8673));
#8673 = PRODUCT_CONTEXT('',#2,'mechanical');
#8674 = PRODUCT_DEFINITION_CONTEXT('part definition',#2,'design');
#8675 = ADVANCED_BREP_SHAPE_REPRESENTATION('',(#11,#8676),#8826);
#8676 = MANIFOLD_SOLID_BREP('',#8677);
#8677 = CLOSED_SHELL('',(#8678,#8718,#8749,#8780,#8802,#8814));
#8678 = ADVANCED_FACE('',(#8679),#8713,.F.);
#8679 = FACE_BOUND('',#8680,.F.);
#8680 = EDGE_LOOP('',(#8681,#8691,#8699,#8707));
#8681 = ORIENTED_EDGE('',*,*,#8682,.T.);
#8682 = EDGE_CURVE('',#8683,#8685,#8687,.T.);
#8683 = VERTEX_POINT('',#8684);
#8684 = CARTESIAN_POINT('',(50.,-250.,30.));
#8685 = VERTEX_POINT('',#8686);
#8686 = CARTESIAN_POINT('',(50.,-250.,50.));
#8687 = LINE('',#8688,#8689);
#8688 = CARTESIAN_POINT('',(50.,-250.,30.));
#8689 = VECTOR('',#8690,1.);
#8690 = DIRECTION('',(0.,0.,1.));
#8691 = ORIENTED_EDGE('',*,*,#8692,.T.);
#8692 = EDGE_CURVE('',#8685,#8693,#8695,.T.);
#8693 = VERTEX_POINT('',#8694);
#8694 = CARTESIAN_POINT('',(220.,-250.,50.));
#8695 = LINE('',#8696,#8697);
#8696 = CARTESIAN_POINT('',(50.,-250.,50.));
#8697 = VECTOR('',#8698,1.);
#8698 = DIRECTION('',(1.,0.,0.));
#8699 = ORIENTED_EDGE('',*,*,#8700,.F.);
#8700 = EDGE_CURVE('',#8701,#8693,#8703,.T.);
#8701 = VERTEX_POINT('',#8702);
#8702 = CARTESIAN_POINT('',(220.,-250.,30.));
#8703 = LINE('',#8704,#8705);
#8704 = CARTESIAN_POINT('',(220.,-250.,30.));
#8705 = VECTOR('',#8706,1.);
#8706 = DIRECTION('',(0.,0.,1.));
#8707 = ORIENTED_EDGE('',*,*,#8708,.F.);
#8708 = EDGE_CURVE('',#8683,#8701,#8709,.T.);
#8709 = LINE('',#8710,#8711);
#8710 = CARTESIAN_POINT('',(50.,-250.,30.));
#8711 = VECTOR('',#8712,1.);
#8712 = DIRECTION('',(1.,0.,0.));
#8713 = PLANE('',#8714);
#8714 = AXIS2_PLACEMENT_3D('',#8715,#8716,#8717);
#8715 = CARTESIAN_POINT('',(50.,-250.,30.));
#8716 = DIRECTION('',(0.,1.,0.));
#8717 = DIRECTION('',(1.,0.,0.));
#8718 = ADVANCED_FACE('',(#8719),#8744,.F.);
#8719 = FACE_BOUND('',#8720,.F.);
#8720 = EDGE_LOOP('',(#8721,#8722,#8730,#8738));
#8721 = ORIENTED_EDGE('',*,*,#8700,.T.);
#8722 = ORIENTED_EDGE('',*,*,#8723,.T.);
#8723 = EDGE_CURVE('',#8693,#8724,#8726,.T.);
#8724 = VERTEX_POINT('',#8725);
#8725 = CARTESIAN_POINT('',(220.,-200.,50.));
#8726 = LINE('',#8727,#8728);
#8727 = CARTESIAN_POINT('',(220.,-250.,50.));
#8728 = VECTOR('',#8729,1.);
#8729 = DIRECTION('',(0.,1.,0.));
#8730 = ORIENTED_EDGE('',*,*,#8731,.F.);
#8731 = EDGE_CURVE('',#8732,#8724,#8734,.T.);
#8732 = VERTEX_POINT('',#8733);
#8733 = CARTESIAN_POINT('',(220.,-200.,30.));
#8734 = LINE('',#8735,#8736);
#8735 = CARTESIAN_POINT('',(220.,-200.,30.));
#8736 = VECTOR('',#8737,1.);
#8737 = DIRECTION('',(0.,0.,1.));
#8738 = ORIENTED_EDGE('',*,*,#8739,.F.);
#8739 = EDGE_CURVE('',#8701,#8732,#8740,.T.);
#8740 = LINE('',#8741,#8742);
#8741 = CARTESIAN_POINT('',(220.,-250.,30.));
#8742 = VECTOR('',#8743,1.);
#8743 = DIRECTION('',(0.,1.,0.));
#8744 = PLANE('',#8745);
#8745 = AXIS2_PLACEMENT_3D('',#8746,#8747,#8748);
#8746 = CARTESIAN_POINT('',(220.,-250.,30.));
#8747 = DIRECTION('',(-1.,0.,0.));
#8748 = DIRECTION('',(0.,1.,0.));
#8749 = ADVANCED_FACE('',(#8750),#8775,.F.);
#8750 = FACE_BOUND('',#8751,.F.);
#8751 = EDGE_LOOP('',(#8752,#8753,#8761,#8769));
#8752 = ORIENTED_EDGE('',*,*,#8731,.T.);
#8753 = ORIENTED_EDGE('',*,*,#8754,.T.);
#8754 = EDGE_CURVE('',#8724,#8755,#8757,.T.);
#8755 = VERTEX_POINT('',#8756);
#8756 = CARTESIAN_POINT('',(50.,-200.,50.));
#8757 = LINE('',#8758,#8759);
#8758 = CARTESIAN_POINT('',(220.,-200.,50.));
#8759 = VECTOR('',#8760,1.);
#8760 = DIRECTION('',(-1.,0.,0.));
#8761 = ORIENTED_EDGE('',*,*,#8762,.F.);
#8762 = EDGE_CURVE('',#8763,#8755,#8765,.T.);
#8763 = VERTEX_POINT('',#8764);
#8764 = CARTESIAN_POINT('',(50.,-200.,30.));
#8765 = LINE('',#8766,#8767);
#8766 = CARTESIAN_POINT('',(50.,-200.,30.));
#8767 = VECTOR('',#8768,1.);
#8768 = DIRECTION('',(0.,0.,1.));
#8769 = ORIENTED_EDGE('',*,*,#8770,.F.);
#8770 = EDGE_CURVE('',#8732,#8763,#8771,.T.);
#8771 = LINE('',#8772,#8773);
#8772 = CARTESIAN_POINT('',(220.,-200.,30.));
#8773 = VECTOR('',#8774,1.);
#8774 = DIRECTION('',(-1.,0.,0.));
#8775 = PLANE('',#8776);
#8776 = AXIS2_PLACEMENT_3D('',#8777,#8778,#8779);
#8777 = CARTESIAN_POINT('',(220.,-200.,30.));
#8778 = DIRECTION('',(0.,-1.,0.));
#8779 = DIRECTION('',(-1.,0.,0.));
#8780 = ADVANCED_FACE('',(#8781),#8797,.F.);
#8781 = FACE_BOUND('',#8782,.F.);
#8782 = EDGE_LOOP('',(#8783,#8784,#8790,#8791));
#8783 = ORIENTED_EDGE('',*,*,#8762,.T.);
#8784 = ORIENTED_EDGE('',*,*,#8785,.T.);
#8785 = EDGE_CURVE('',#8755,#8685,#8786,.T.);
#8786 = LINE('',#8787,#8788);
#8787 = CARTESIAN_POINT('',(50.,-200.,50.));
#8788 = VECTOR('',#8789,1.);
#8789 = DIRECTION('',(0.,-1.,0.));
#8790 = ORIENTED_EDGE('',*,*,#8682,.F.);
#8791 = ORIENTED_EDGE('',*,*,#8792,.F.);
#8792 = EDGE_CURVE('',#8763,#8683,#8793,.T.);
#8793 = LINE('',#8794,#8795);
#8794 = CARTESIAN_POINT('',(50.,-200.,30.));
#8795 = VECTOR('',#8796,1.);
#8796 = DIRECTION('',(0.,-1.,0.));
#8797 = PLANE('',#8798);
#8798 = AXIS2_PLACEMENT_3D('',#8799,#8800,#8801);
#8799 = CARTESIAN_POINT('',(50.,-200.,30.));
#8800 = DIRECTION('',(1.,0.,-0.));
#8801 = DIRECTION('',(0.,-1.,0.));
#8802 = ADVANCED_FACE('',(#8803),#8809,.F.);
#8803 = FACE_BOUND('',#8804,.F.);
#8804 = EDGE_LOOP('',(#8805,#8806,#8807,#8808));
#8805 = ORIENTED_EDGE('',*,*,#8708,.T.);
#8806 = ORIENTED_EDGE('',*,*,#8739,.T.);
#8807 = ORIENTED_EDGE('',*,*,#8770,.T.);
#8808 = ORIENTED_EDGE('',*,*,#8792,.T.);
#8809 = PLANE('',#8810);
#8810 = AXIS2_PLACEMENT_3D('',#8811,#8812,#8813);
#8811 = CARTESIAN_POINT('',(135.,-225.,30.));
#8812 = DIRECTION('',(0.,0.,1.));
#8813 = DIRECTION('',(1.,0.,-0.));
#8814 = ADVANCED_FACE('',(#8815),#8821,.T.);
#8815 = FACE_BOUND('',#8816,.T.);
#8816 = EDGE_LOOP('',(#8817,#8818,#8819,#8820));
#8817 = ORIENTED_EDGE('',*,*,#8692,.T.);
#8818 = ORIENTED_EDGE('',*,*,#8723,.T.);
#8819 = ORIENTED_EDGE('',*,*,#8754,.T.);
#8820 = ORIENTED_EDGE('',*,*,#8785,.T.);
#8821 = PLANE('',#8822);
#8822 = AXIS2_PLACEMENT_3D('',#8823,#8824,#8825);
#8823 = CARTESIAN_POINT('',(135.,-225.,50.));
#8824 = DIRECTION('',(0.,0.,1.));
#8825 = DIRECTION('',(1.,0.,-0.));
#8826 = ( GEOMETRIC_REPRESENTATION_CONTEXT(3) 
GLOBAL_UNCERTAINTY_ASSIGNED_CONTEXT((#8830)) 
GLOBAL_UNIT_ASSIGNED_CONTEXT((#8827,#8828,#8829)) REPRESENTATION_CONTEXT
('Context #1','3D Context with UNIT and UNCERTAINTY') );
#8827 = ( LENGTH_UNIT() NAMED_UNIT(*) SI_UNIT(.MILLI.,.METRE.) );
#8828 = ( NAMED_UNIT(*) PLANE_ANGLE_UNIT() SI_UNIT($,.RADIAN.) );
#8829 = ( NAMED_UNIT(*) SI_UNIT($,.STERADIAN.) SOLID_ANGLE_UNIT() );
#8830 = UNCERTAINTY_MEASURE_WITH_UNIT(LENGTH_MEASURE(1.E-07),#8827,
  'distance_accuracy_value','confusion accuracy');
#8831 = CONTEXT_DEPENDENT_SHAPE_REPRESENTATION(#8832,#8834);
#8832 = ( REPRESENTATION_RELATIONSHIP('','',#8675,#10) 
REPRESENTATION_RELATIONSHIP_WITH_TRANSFORMATION(#8833) 
SHAPE_REPRESENTATION_RELATIONSHIP() );
#8833 = ITEM_DEFINED_TRANSFORMATION('','',#11,#203);
#8834 = PRODUCT_DEFINITION_SHAPE('Placement','Placement of an item',
  #8835);
#8835 = NEXT_ASSEMBLY_USAGE_OCCURRENCE('136',
  'TRI-AMA-PORT-BOTTOM-02 | BottomFlat | nominal plywood 20 mm','',#5,
  #8670,$);
#8836 = PRODUCT_RELATED_PRODUCT_CATEGORY('part',$,(#8672));
#8837 = SHAPE_DEFINITION_REPRESENTATION(#8838,#8844);
#8838 = PRODUCT_DEFINITION_SHAPE('','',#8839);
#8839 = PRODUCT_DEFINITION('design','',#8840,#8843);
#8840 = PRODUCT_DEFINITION_FORMATION('','',#8841);
#8841 = PRODUCT(
  'TRI-AMA-PORT-CHINE-PORT-02 | ChinePort | nominal plywood 20 mm',
  'TRI-AMA-PORT-CHINE-PORT-02 | ChinePort | nominal plywood 20 mm','',(
    #8842));
#8842 = PRODUCT_CONTEXT('',#2,'mechanical');
#8843 = PRODUCT_DEFINITION_CONTEXT('part definition',#2,'design');
#8844 = ADVANCED_BREP_SHAPE_REPRESENTATION('',(#11,#8845),#8995);
#8845 = MANIFOLD_SOLID_BREP('',#8846);
#8846 = CLOSED_SHELL('',(#8847,#8887,#8918,#8949,#8971,#8983));
#8847 = ADVANCED_FACE('',(#8848),#8882,.T.);
#8848 = FACE_BOUND('',#8849,.T.);
#8849 = EDGE_LOOP('',(#8850,#8860,#8868,#8876));
#8850 = ORIENTED_EDGE('',*,*,#8851,.T.);
#8851 = EDGE_CURVE('',#8852,#8854,#8856,.T.);
#8852 = VERTEX_POINT('',#8853);
#8853 = CARTESIAN_POINT('',(50.,-250.,30.));
#8854 = VERTEX_POINT('',#8855);
#8855 = CARTESIAN_POINT('',(50.,-244.8236190979,49.318516525781));
#8856 = LINE('',#8857,#8858);
#8857 = CARTESIAN_POINT('',(50.,-250.,30.));
#8858 = VECTOR('',#8859,1.);
#8859 = DIRECTION('',(-0.,0.258819045103,0.965925826289));
#8860 = ORIENTED_EDGE('',*,*,#8861,.T.);
#8861 = EDGE_CURVE('',#8854,#8862,#8864,.T.);
#8862 = VERTEX_POINT('',#8863);
#8863 = CARTESIAN_POINT('',(220.,-244.8236190979,49.318516525781));
#8864 = LINE('',#8865,#8866);
#8865 = CARTESIAN_POINT('',(50.,-244.8236190979,49.318516525781));
#8866 = VECTOR('',#8867,1.);
#8867 = DIRECTION('',(1.,0.,0.));
#8868 = ORIENTED_EDGE('',*,*,#8869,.F.);
#8869 = EDGE_CURVE('',#8870,#8862,#8872,.T.);
#8870 = VERTEX_POINT('',#8871);
#8871 = CARTESIAN_POINT('',(220.,-250.,30.));
#8872 = LINE('',#8873,#8874);
#8873 = CARTESIAN_POINT('',(220.,-250.,30.));
#8874 = VECTOR('',#8875,1.);
#8875 = DIRECTION('',(-0.,0.258819045103,0.965925826289));
#8876 = ORIENTED_EDGE('',*,*,#8877,.F.);
#8877 = EDGE_CURVE('',#8852,#8870,#8878,.T.);
#8878 = LINE('',#8879,#8880);
#8879 = CARTESIAN_POINT('',(50.,-250.,30.));
#8880 = VECTOR('',#8881,1.);
#8881 = DIRECTION('',(1.,0.,0.));
#8882 = PLANE('',#8883);
#8883 = AXIS2_PLACEMENT_3D('',#8884,#8885,#8886);
#8884 = CARTESIAN_POINT('',(50.,-250.,30.));
#8885 = DIRECTION('',(0.,0.965925826289,-0.258819045103));
#8886 = DIRECTION('',(1.,0.,0.));
#8887 = ADVANCED_FACE('',(#8888),#8913,.T.);
#8888 = FACE_BOUND('',#8889,.T.);
#8889 = EDGE_LOOP('',(#8890,#8891,#8899,#8907));
#8890 = ORIENTED_EDGE('',*,*,#8869,.T.);
#8891 = ORIENTED_EDGE('',*,*,#8892,.T.);
#8892 = EDGE_CURVE('',#8862,#8893,#8895,.T.);
#8893 = VERTEX_POINT('',#8894);
#8894 = CARTESIAN_POINT('',(220.,-269.8236190979,56.017246336559));
#8895 = LINE('',#8896,#8897);
#8896 = CARTESIAN_POINT('',(220.,-244.8236190979,49.318516525781));
#8897 = VECTOR('',#8898,1.);
#8898 = DIRECTION('',(0.,-0.965925826289,0.258819045103));
#8899 = ORIENTED_EDGE('',*,*,#8900,.F.);
#8900 = EDGE_CURVE('',#8901,#8893,#8903,.T.);
#8901 = VERTEX_POINT('',#8902);
#8902 = CARTESIAN_POINT('',(220.,-275.,36.698729810778));
#8903 = LINE('',#8904,#8905);
#8904 = CARTESIAN_POINT('',(220.,-275.,36.698729810778));
#8905 = VECTOR('',#8906,1.);
#8906 = DIRECTION('',(-0.,0.258819045103,0.965925826289));
#8907 = ORIENTED_EDGE('',*,*,#8908,.F.);
#8908 = EDGE_CURVE('',#8870,#8901,#8909,.T.);
#8909 = LINE('',#8910,#8911);
#8910 = CARTESIAN_POINT('',(220.,-250.,30.));
#8911 = VECTOR('',#8912,1.);
#8912 = DIRECTION('',(0.,-0.965925826289,0.258819045103));
#8913 = PLANE('',#8914);
#8914 = AXIS2_PLACEMENT_3D('',#8915,#8916,#8917);
#8915 = CARTESIAN_POINT('',(220.,-250.,30.));
#8916 = DIRECTION('',(1.,0.,0.));
#8917 = DIRECTION('',(0.,-0.965925826289,0.258819045103));
#8918 = ADVANCED_FACE('',(#8919),#8944,.T.);
#8919 = FACE_BOUND('',#8920,.T.);
#8920 = EDGE_LOOP('',(#8921,#8922,#8930,#8938));
#8921 = ORIENTED_EDGE('',*,*,#8900,.T.);
#8922 = ORIENTED_EDGE('',*,*,#8923,.T.);
#8923 = EDGE_CURVE('',#8893,#8924,#8926,.T.);
#8924 = VERTEX_POINT('',#8925);
#8925 = CARTESIAN_POINT('',(50.,-269.8236190979,56.017246336559));
#8926 = LINE('',#8927,#8928);
#8927 = CARTESIAN_POINT('',(220.,-269.8236190979,56.017246336559));
#8928 = VECTOR('',#8929,1.);
#8929 = DIRECTION('',(-1.,0.,0.));
#8930 = ORIENTED_EDGE('',*,*,#8931,.F.);
#8931 = EDGE_CURVE('',#8932,#8924,#8934,.T.);
#8932 = VERTEX_POINT('',#8933);
#8933 = CARTESIAN_POINT('',(50.,-275.,36.698729810778));
#8934 = LINE('',#8935,#8936);
#8935 = CARTESIAN_POINT('',(50.,-275.,36.698729810778));
#8936 = VECTOR('',#8937,1.);
#8937 = DIRECTION('',(-0.,0.258819045103,0.965925826289));
#8938 = ORIENTED_EDGE('',*,*,#8939,.F.);
#8939 = EDGE_CURVE('',#8901,#8932,#8940,.T.);
#8940 = LINE('',#8941,#8942);
#8941 = CARTESIAN_POINT('',(220.,-275.,36.698729810778));
#8942 = VECTOR('',#8943,1.);
#8943 = DIRECTION('',(-1.,0.,0.));
#8944 = PLANE('',#8945);
#8945 = AXIS2_PLACEMENT_3D('',#8946,#8947,#8948);
#8946 = CARTESIAN_POINT('',(220.,-275.,36.698729810778));
#8947 = DIRECTION('',(0.,-0.965925826289,0.258819045103));
#8948 = DIRECTION('',(-1.,0.,0.));
#8949 = ADVANCED_FACE('',(#8950),#8966,.T.);
#8950 = FACE_BOUND('',#8951,.T.);
#8951 = EDGE_LOOP('',(#8952,#8953,#8959,#8960));
#8952 = ORIENTED_EDGE('',*,*,#8931,.T.);
#8953 = ORIENTED_EDGE('',*,*,#8954,.T.);
#8954 = EDGE_CURVE('',#8924,#8854,#8955,.T.);
#8955 = LINE('',#8956,#8957);
#8956 = CARTESIAN_POINT('',(50.,-269.8236190979,56.017246336559));
#8957 = VECTOR('',#8958,1.);
#8958 = DIRECTION('',(0.,0.965925826289,-0.258819045103));
#8959 = ORIENTED_EDGE('',*,*,#8851,.F.);
#8960 = ORIENTED_EDGE('',*,*,#8961,.F.);
#8961 = EDGE_CURVE('',#8932,#8852,#8962,.T.);
#8962 = LINE('',#8963,#8964);
#8963 = CARTESIAN_POINT('',(50.,-275.,36.698729810778));
#8964 = VECTOR('',#8965,1.);
#8965 = DIRECTION('',(0.,0.965925826289,-0.258819045103));
#8966 = PLANE('',#8967);
#8967 = AXIS2_PLACEMENT_3D('',#8968,#8969,#8970);
#8968 = CARTESIAN_POINT('',(50.,-275.,36.698729810778));
#8969 = DIRECTION('',(-1.,0.,-0.));
#8970 = DIRECTION('',(0.,0.965925826289,-0.258819045103));
#8971 = ADVANCED_FACE('',(#8972),#8978,.T.);
#8972 = FACE_BOUND('',#8973,.T.);
#8973 = EDGE_LOOP('',(#8974,#8975,#8976,#8977));
#8974 = ORIENTED_EDGE('',*,*,#8877,.T.);
#8975 = ORIENTED_EDGE('',*,*,#8908,.T.);
#8976 = ORIENTED_EDGE('',*,*,#8939,.T.);
#8977 = ORIENTED_EDGE('',*,*,#8961,.T.);
#8978 = PLANE('',#8979);
#8979 = AXIS2_PLACEMENT_3D('',#8980,#8981,#8982);
#8980 = CARTESIAN_POINT('',(135.,-262.5,33.349364905389));
#8981 = DIRECTION('',(-0.,-0.258819045103,-0.965925826289));
#8982 = DIRECTION('',(0.,-0.965925826289,0.258819045103));
#8983 = ADVANCED_FACE('',(#8984),#8990,.F.);
#8984 = FACE_BOUND('',#8985,.F.);
#8985 = EDGE_LOOP('',(#8986,#8987,#8988,#8989));
#8986 = ORIENTED_EDGE('',*,*,#8861,.T.);
#8987 = ORIENTED_EDGE('',*,*,#8892,.T.);
#8988 = ORIENTED_EDGE('',*,*,#8923,.T.);
#8989 = ORIENTED_EDGE('',*,*,#8954,.T.);
#8990 = PLANE('',#8991);
#8991 = AXIS2_PLACEMENT_3D('',#8992,#8993,#8994);
#8992 = CARTESIAN_POINT('',(135.,-257.3236190979,52.66788143117));
#8993 = DIRECTION('',(-0.,-0.258819045103,-0.965925826289));
#8994 = DIRECTION('',(0.,-0.965925826289,0.258819045103));
#8995 = ( GEOMETRIC_REPRESENTATION_CONTEXT(3) 
GLOBAL_UNCERTAINTY_ASSIGNED_CONTEXT((#8999)) 
GLOBAL_UNIT_ASSIGNED_CONTEXT((#8996,#8997,#8998)) REPRESENTATION_CONTEXT
('Context #1','3D Context with UNIT and UNCERTAINTY') );
#8996 = ( LENGTH_UNIT() NAMED_UNIT(*) SI_UNIT(.MILLI.,.METRE.) );
#8997 = ( NAMED_UNIT(*) PLANE_ANGLE_UNIT() SI_UNIT($,.RADIAN.) );
#8998 = ( NAMED_UNIT(*) SI_UNIT($,.STERADIAN.) SOLID_ANGLE_UNIT() );
#8999 = UNCERTAINTY_MEASURE_WITH_UNIT(LENGTH_MEASURE(1.E-07),#8996,
  'distance_accuracy_value','confusion accuracy');
#9000 = CONTEXT_DEPENDENT_SHAPE_REPRESENTATION(#9001,#9003);
#9001 = ( REPRESENTATION_RELATIONSHIP('','',#8844,#10) 
REPRESENTATION_RELATIONSHIP_WITH_TRANSFORMATION(#9002) 
SHAPE_REPRESENTATION_RELATIONSHIP() );
#9002 = ITEM_DEFINED_TRANSFORMATION('','',#11,#207);
#9003 = PRODUCT_DEFINITION_SHAPE('Placement','Placement of an item',
  #9004);
#9004 = NEXT_ASSEMBLY_USAGE_OCCURRENCE('137',
  'TRI-AMA-PORT-CHINE-PORT-02 | ChinePort | nominal plywood 20 mm','',#5
  ,#8839,$);
#9005 = PRODUCT_RELATED_PRODUCT_CATEGORY('part',$,(#8841));
#9006 = SHAPE_DEFINITION_REPRESENTATION(#9007,#9013);
#9007 = PRODUCT_DEFINITION_SHAPE('','',#9008);
#9008 = PRODUCT_DEFINITION('design','',#9009,#9012);
#9009 = PRODUCT_DEFINITION_FORMATION('','',#9010);
#9010 = PRODUCT(
'TRI-AMA-PORT-CHINE-STARBOARD-02 | ChineStarboard | nominal plywood 20 
mm',
'TRI-AMA-PORT-CHINE-STARBOARD-02 | ChineStarboard | nominal plywood 20 
mm','',(#9011));
#9011 = PRODUCT_CONTEXT('',#2,'mechanical');
#9012 = PRODUCT_DEFINITION_CONTEXT('part definition',#2,'design');
#9013 = ADVANCED_BREP_SHAPE_REPRESENTATION('',(#11,#9014),#9164);
#9014 = MANIFOLD_SOLID_BREP('',#9015);
#9015 = CLOSED_SHELL('',(#9016,#9056,#9087,#9118,#9140,#9152));
#9016 = ADVANCED_FACE('',(#9017),#9051,.T.);
#9017 = FACE_BOUND('',#9018,.T.);
#9018 = EDGE_LOOP('',(#9019,#9029,#9037,#9045));
#9019 = ORIENTED_EDGE('',*,*,#9020,.T.);
#9020 = EDGE_CURVE('',#9021,#9023,#9025,.T.);
#9021 = VERTEX_POINT('',#9022);
#9022 = CARTESIAN_POINT('',(50.,-200.,30.));
#9023 = VERTEX_POINT('',#9024);
#9024 = CARTESIAN_POINT('',(50.,-205.176380902,49.318516525781));
#9025 = LINE('',#9026,#9027);
#9026 = CARTESIAN_POINT('',(50.,-200.,30.));
#9027 = VECTOR('',#9028,1.);
#9028 = DIRECTION('',(-0.,-0.258819045103,0.965925826289));
#9029 = ORIENTED_EDGE('',*,*,#9030,.T.);
#9030 = EDGE_CURVE('',#9023,#9031,#9033,.T.);
#9031 = VERTEX_POINT('',#9032);
#9032 = CARTESIAN_POINT('',(50.,-180.176380902,56.017246336559));
#9033 = LINE('',#9034,#9035);
#9034 = CARTESIAN_POINT('',(50.,-205.176380902,49.318516525781));
#9035 = VECTOR('',#9036,1.);
#9036 = DIRECTION('',(0.,0.965925826289,0.258819045103));
#9037 = ORIENTED_EDGE('',*,*,#9038,.F.);
#9038 = EDGE_CURVE('',#9039,#9031,#9041,.T.);
#9039 = VERTEX_POINT('',#9040);
#9040 = CARTESIAN_POINT('',(50.,-175.,36.698729810778));
#9041 = LINE('',#9042,#9043);
#9042 = CARTESIAN_POINT('',(50.,-175.,36.698729810778));
#9043 = VECTOR('',#9044,1.);
#9044 = DIRECTION('',(-0.,-0.258819045103,0.965925826289));
#9045 = ORIENTED_EDGE('',*,*,#9046,.F.);
#9046 = EDGE_CURVE('',#9021,#9039,#9047,.T.);
#9047 = LINE('',#9048,#9049);
#9048 = CARTESIAN_POINT('',(50.,-200.,30.));
#9049 = VECTOR('',#9050,1.);
#9050 = DIRECTION('',(0.,0.965925826289,0.258819045103));
#9051 = PLANE('',#9052);
#9052 = AXIS2_PLACEMENT_3D('',#9053,#9054,#9055);
#9053 = CARTESIAN_POINT('',(50.,-200.,30.));
#9054 = DIRECTION('',(-1.,0.,0.));
#9055 = DIRECTION('',(0.,0.965925826289,0.258819045103));
#9056 = ADVANCED_FACE('',(#9057),#9082,.T.);
#9057 = FACE_BOUND('',#9058,.T.);
#9058 = EDGE_LOOP('',(#9059,#9060,#9068,#9076));
#9059 = ORIENTED_EDGE('',*,*,#9038,.T.);
#9060 = ORIENTED_EDGE('',*,*,#9061,.T.);
#9061 = EDGE_CURVE('',#9031,#9062,#9064,.T.);
#9062 = VERTEX_POINT('',#9063);
#9063 = CARTESIAN_POINT('',(220.,-180.176380902,56.017246336559));
#9064 = LINE('',#9065,#9066);
#9065 = CARTESIAN_POINT('',(50.,-180.176380902,56.017246336559));
#9066 = VECTOR('',#9067,1.);
#9067 = DIRECTION('',(1.,0.,0.));
#9068 = ORIENTED_EDGE('',*,*,#9069,.F.);
#9069 = EDGE_CURVE('',#9070,#9062,#9072,.T.);
#9070 = VERTEX_POINT('',#9071);
#9071 = CARTESIAN_POINT('',(220.,-175.,36.698729810778));
#9072 = LINE('',#9073,#9074);
#9073 = CARTESIAN_POINT('',(220.,-175.,36.698729810778));
#9074 = VECTOR('',#9075,1.);
#9075 = DIRECTION('',(-0.,-0.258819045103,0.965925826289));
#9076 = ORIENTED_EDGE('',*,*,#9077,.F.);
#9077 = EDGE_CURVE('',#9039,#9070,#9078,.T.);
#9078 = LINE('',#9079,#9080);
#9079 = CARTESIAN_POINT('',(50.,-175.,36.698729810778));
#9080 = VECTOR('',#9081,1.);
#9081 = DIRECTION('',(1.,0.,0.));
#9082 = PLANE('',#9083);
#9083 = AXIS2_PLACEMENT_3D('',#9084,#9085,#9086);
#9084 = CARTESIAN_POINT('',(50.,-175.,36.698729810778));
#9085 = DIRECTION('',(-0.,0.965925826289,0.258819045103));
#9086 = DIRECTION('',(1.,0.,0.));
#9087 = ADVANCED_FACE('',(#9088),#9113,.T.);
#9088 = FACE_BOUND('',#9089,.T.);
#9089 = EDGE_LOOP('',(#9090,#9091,#9099,#9107));
#9090 = ORIENTED_EDGE('',*,*,#9069,.T.);
#9091 = ORIENTED_EDGE('',*,*,#9092,.T.);
#9092 = EDGE_CURVE('',#9062,#9093,#9095,.T.);
#9093 = VERTEX_POINT('',#9094);
#9094 = CARTESIAN_POINT('',(220.,-205.176380902,49.318516525781));
#9095 = LINE('',#9096,#9097);
#9096 = CARTESIAN_POINT('',(220.,-180.176380902,56.017246336559));
#9097 = VECTOR('',#9098,1.);
#9098 = DIRECTION('',(0.,-0.965925826289,-0.258819045103));
#9099 = ORIENTED_EDGE('',*,*,#9100,.F.);
#9100 = EDGE_CURVE('',#9101,#9093,#9103,.T.);
#9101 = VERTEX_POINT('',#9102);
#9102 = CARTESIAN_POINT('',(220.,-200.,30.));
#9103 = LINE('',#9104,#9105);
#9104 = CARTESIAN_POINT('',(220.,-200.,30.));
#9105 = VECTOR('',#9106,1.);
#9106 = DIRECTION('',(-0.,-0.258819045103,0.965925826289));
#9107 = ORIENTED_EDGE('',*,*,#9108,.F.);
#9108 = EDGE_CURVE('',#9070,#9101,#9109,.T.);
#9109 = LINE('',#9110,#9111);
#9110 = CARTESIAN_POINT('',(220.,-175.,36.698729810778));
#9111 = VECTOR('',#9112,1.);
#9112 = DIRECTION('',(0.,-0.965925826289,-0.258819045103));
#9113 = PLANE('',#9114);
#9114 = AXIS2_PLACEMENT_3D('',#9115,#9116,#9117);
#9115 = CARTESIAN_POINT('',(220.,-175.,36.698729810778));
#9116 = DIRECTION('',(1.,0.,0.));
#9117 = DIRECTION('',(0.,-0.965925826289,-0.258819045103));
#9118 = ADVANCED_FACE('',(#9119),#9135,.T.);
#9119 = FACE_BOUND('',#9120,.T.);
#9120 = EDGE_LOOP('',(#9121,#9122,#9128,#9129));
#9121 = ORIENTED_EDGE('',*,*,#9100,.T.);
#9122 = ORIENTED_EDGE('',*,*,#9123,.T.);
#9123 = EDGE_CURVE('',#9093,#9023,#9124,.T.);
#9124 = LINE('',#9125,#9126);
#9125 = CARTESIAN_POINT('',(220.,-205.176380902,49.318516525781));
#9126 = VECTOR('',#9127,1.);
#9127 = DIRECTION('',(-1.,0.,0.));
#9128 = ORIENTED_EDGE('',*,*,#9020,.F.);
#9129 = ORIENTED_EDGE('',*,*,#9130,.F.);
#9130 = EDGE_CURVE('',#9101,#9021,#9131,.T.);
#9131 = LINE('',#9132,#9133);
#9132 = CARTESIAN_POINT('',(220.,-200.,30.));
#9133 = VECTOR('',#9134,1.);
#9134 = DIRECTION('',(-1.,0.,0.));
#9135 = PLANE('',#9136);
#9136 = AXIS2_PLACEMENT_3D('',#9137,#9138,#9139);
#9137 = CARTESIAN_POINT('',(220.,-200.,30.));
#9138 = DIRECTION('',(-0.,-0.965925826289,-0.258819045103));
#9139 = DIRECTION('',(-1.,0.,0.));
#9140 = ADVANCED_FACE('',(#9141),#9147,.T.);
#9141 = FACE_BOUND('',#9142,.T.);
#9142 = EDGE_LOOP('',(#9143,#9144,#9145,#9146));
#9143 = ORIENTED_EDGE('',*,*,#9046,.T.);
#9144 = ORIENTED_EDGE('',*,*,#9077,.T.);
#9145 = ORIENTED_EDGE('',*,*,#9108,.T.);
#9146 = ORIENTED_EDGE('',*,*,#9130,.T.);
#9147 = PLANE('',#9148);
#9148 = AXIS2_PLACEMENT_3D('',#9149,#9150,#9151);
#9149 = CARTESIAN_POINT('',(135.,-187.5,33.349364905389));
#9150 = DIRECTION('',(-0.,0.258819045103,-0.965925826289));
#9151 = DIRECTION('',(0.,-0.965925826289,-0.258819045103));
#9152 = ADVANCED_FACE('',(#9153),#9159,.F.);
#9153 = FACE_BOUND('',#9154,.F.);
#9154 = EDGE_LOOP('',(#9155,#9156,#9157,#9158));
#9155 = ORIENTED_EDGE('',*,*,#9030,.T.);
#9156 = ORIENTED_EDGE('',*,*,#9061,.T.);
#9157 = ORIENTED_EDGE('',*,*,#9092,.T.);
#9158 = ORIENTED_EDGE('',*,*,#9123,.T.);
#9159 = PLANE('',#9160);
#9160 = AXIS2_PLACEMENT_3D('',#9161,#9162,#9163);
#9161 = CARTESIAN_POINT('',(135.,-192.676380902,52.66788143117));
#9162 = DIRECTION('',(-0.,0.258819045103,-0.965925826289));
#9163 = DIRECTION('',(0.,-0.965925826289,-0.258819045103));
#9164 = ( GEOMETRIC_REPRESENTATION_CONTEXT(3) 
GLOBAL_UNCERTAINTY_ASSIGNED_CONTEXT((#9168)) 
GLOBAL_UNIT_ASSIGNED_CONTEXT((#9165,#9166,#9167)) REPRESENTATION_CONTEXT
('Context #1','3D Context with UNIT and UNCERTAINTY') );
#9165 = ( LENGTH_UNIT() NAMED_UNIT(*) SI_UNIT(.MILLI.,.METRE.) );
#9166 = ( NAMED_UNIT(*) PLANE_ANGLE_UNIT() SI_UNIT($,.RADIAN.) );
#9167 = ( NAMED_UNIT(*) SI_UNIT($,.STERADIAN.) SOLID_ANGLE_UNIT() );
#9168 = UNCERTAINTY_MEASURE_WITH_UNIT(LENGTH_MEASURE(1.E-07),#9165,
  'distance_accuracy_value','confusion accuracy');
#9169 = CONTEXT_DEPENDENT_SHAPE_REPRESENTATION(#9170,#9172);
#9170 = ( REPRESENTATION_RELATIONSHIP('','',#9013,#10) 
REPRESENTATION_RELATIONSHIP_WITH_TRANSFORMATION(#9171) 
SHAPE_REPRESENTATION_RELATIONSHIP() );
#9171 = ITEM_DEFINED_TRANSFORMATION('','',#11,#211);
#9172 = PRODUCT_DEFINITION_SHAPE('Placement','Placement of an item',
  #9173);
#9173 = NEXT_ASSEMBLY_USAGE_OCCURRENCE('138',
'TRI-AMA-PORT-CHINE-STARBOARD-02 | ChineStarboard | nominal plywood 20 
mm','',#5,#9008,$);
#9174 = PRODUCT_RELATED_PRODUCT_CATEGORY('part',$,(#9010));
#9175 = SHAPE_DEFINITION_REPRESENTATION(#9176,#9182);
#9176 = PRODUCT_DEFINITION_SHAPE('','',#9177);
#9177 = PRODUCT_DEFINITION('design','',#9178,#9181);
#9178 = PRODUCT_DEFINITION_FORMATION('','',#9179);
#9179 = PRODUCT(
  'TRI-AMA-PORT-SIDE-PORT-02 | SidePort | nominal plywood 20 mm',
  'TRI-AMA-PORT-SIDE-PORT-02 | SidePort | nominal plywood 20 mm','',(
    #9180));
#9180 = PRODUCT_CONTEXT('',#2,'mechanical');
#9181 = PRODUCT_DEFINITION_CONTEXT('part definition',#2,'design');
#9182 = ADVANCED_BREP_SHAPE_REPRESENTATION('',(#11,#9183),#9333);
#9183 = MANIFOLD_SOLID_BREP('',#9184);
#9184 = CLOSED_SHELL('',(#9185,#9225,#9256,#9287,#9309,#9321));
#9185 = ADVANCED_FACE('',(#9186),#9220,.T.);
#9186 = FACE_BOUND('',#9187,.T.);
#9187 = EDGE_LOOP('',(#9188,#9198,#9206,#9214));
#9188 = ORIENTED_EDGE('',*,*,#9189,.T.);
#9189 = EDGE_CURVE('',#9190,#9192,#9194,.T.);
#9190 = VERTEX_POINT('',#9191);
#9191 = CARTESIAN_POINT('',(50.,-275.,36.698729810778));
#9192 = VERTEX_POINT('',#9193);
#9193 = CARTESIAN_POINT('',(50.,-255.,36.698729810778));
#9194 = LINE('',#9195,#9196);
#9195 = CARTESIAN_POINT('',(50.,-275.,36.698729810778));
#9196 = VECTOR('',#9197,1.);
#9197 = DIRECTION('',(-0.,1.,-0.));
#9198 = ORIENTED_EDGE('',*,*,#9199,.T.);
#9199 = EDGE_CURVE('',#9192,#9200,#9202,.T.);
#9200 = VERTEX_POINT('',#9201);
#9201 = CARTESIAN_POINT('',(220.,-255.,36.698729810778));
#9202 = LINE('',#9203,#9204);
#9203 = CARTESIAN_POINT('',(50.,-255.,36.698729810778));
#9204 = VECTOR('',#9205,1.);
#9205 = DIRECTION('',(1.,0.,0.));
#9206 = ORIENTED_EDGE('',*,*,#9207,.F.);
#9207 = EDGE_CURVE('',#9208,#9200,#9210,.T.);
#9208 = VERTEX_POINT('',#9209);
#9209 = CARTESIAN_POINT('',(220.,-275.,36.698729810778));
#9210 = LINE('',#9211,#9212);
#9211 = CARTESIAN_POINT('',(220.,-275.,36.698729810778));
#9212 = VECTOR('',#9213,1.);
#9213 = DIRECTION('',(-0.,1.,-0.));
#9214 = ORIENTED_EDGE('',*,*,#9215,.F.);
#9215 = EDGE_CURVE('',#9190,#9208,#9216,.T.);
#9216 = LINE('',#9217,#9218);
#9217 = CARTESIAN_POINT('',(50.,-275.,36.698729810778));
#9218 = VECTOR('',#9219,1.);
#9219 = DIRECTION('',(1.,0.,0.));
#9220 = PLANE('',#9221);
#9221 = AXIS2_PLACEMENT_3D('',#9222,#9223,#9224);
#9222 = CARTESIAN_POINT('',(50.,-275.,36.698729810778));
#9223 = DIRECTION('',(0.,0.,-1.));
#9224 = DIRECTION('',(1.,0.,0.));
#9225 = ADVANCED_FACE('',(#9226),#9251,.T.);
#9226 = FACE_BOUND('',#9227,.T.);
#9227 = EDGE_LOOP('',(#9228,#9229,#9237,#9245));
#9228 = ORIENTED_EDGE('',*,*,#9207,.T.);
#9229 = ORIENTED_EDGE('',*,*,#9230,.T.);
#9230 = EDGE_CURVE('',#9200,#9231,#9233,.T.);
#9231 = VERTEX_POINT('',#9232);
#9232 = CARTESIAN_POINT('',(220.,-255.,140.));
#9233 = LINE('',#9234,#9235);
#9234 = CARTESIAN_POINT('',(220.,-255.,36.698729810778));
#9235 = VECTOR('',#9236,1.);
#9236 = DIRECTION('',(0.,0.,1.));
#9237 = ORIENTED_EDGE('',*,*,#9238,.F.);
#9238 = EDGE_CURVE('',#9239,#9231,#9241,.T.);
#9239 = VERTEX_POINT('',#9240);
#9240 = CARTESIAN_POINT('',(220.,-275.,140.));
#9241 = LINE('',#9242,#9243);
#9242 = CARTESIAN_POINT('',(220.,-275.,140.));
#9243 = VECTOR('',#9244,1.);
#9244 = DIRECTION('',(-0.,1.,-0.));
#9245 = ORIENTED_EDGE('',*,*,#9246,.F.);
#9246 = EDGE_CURVE('',#9208,#9239,#9247,.T.);
#9247 = LINE('',#9248,#9249);
#9248 = CARTESIAN_POINT('',(220.,-275.,36.698729810778));
#9249 = VECTOR('',#9250,1.);
#9250 = DIRECTION('',(0.,0.,1.));
#9251 = PLANE('',#9252);
#9252 = AXIS2_PLACEMENT_3D('',#9253,#9254,#9255);
#9253 = CARTESIAN_POINT('',(220.,-275.,36.698729810778));
#9254 = DIRECTION('',(1.,0.,-0.));
#9255 = DIRECTION('',(0.,0.,1.));
#9256 = ADVANCED_FACE('',(#9257),#9282,.T.);
#9257 = FACE_BOUND('',#9258,.T.);
#9258 = EDGE_LOOP('',(#9259,#9260,#9268,#9276));
#9259 = ORIENTED_EDGE('',*,*,#9238,.T.);
#9260 = ORIENTED_EDGE('',*,*,#9261,.T.);
#9261 = EDGE_CURVE('',#9231,#9262,#9264,.T.);
#9262 = VERTEX_POINT('',#9263);
#9263 = CARTESIAN_POINT('',(50.,-255.,140.));
#9264 = LINE('',#9265,#9266);
#9265 = CARTESIAN_POINT('',(220.,-255.,140.));
#9266 = VECTOR('',#9267,1.);
#9267 = DIRECTION('',(-1.,0.,0.));
#9268 = ORIENTED_EDGE('',*,*,#9269,.F.);
#9269 = EDGE_CURVE('',#9270,#9262,#9272,.T.);
#9270 = VERTEX_POINT('',#9271);
#9271 = CARTESIAN_POINT('',(50.,-275.,140.));
#9272 = LINE('',#9273,#9274);
#9273 = CARTESIAN_POINT('',(50.,-275.,140.));
#9274 = VECTOR('',#9275,1.);
#9275 = DIRECTION('',(-0.,1.,-0.));
#9276 = ORIENTED_EDGE('',*,*,#9277,.F.);
#9277 = EDGE_CURVE('',#9239,#9270,#9278,.T.);
#9278 = LINE('',#9279,#9280);
#9279 = CARTESIAN_POINT('',(220.,-275.,140.));
#9280 = VECTOR('',#9281,1.);
#9281 = DIRECTION('',(-1.,0.,0.));
#9282 = PLANE('',#9283);
#9283 = AXIS2_PLACEMENT_3D('',#9284,#9285,#9286);
#9284 = CARTESIAN_POINT('',(220.,-275.,140.));
#9285 = DIRECTION('',(0.,0.,1.));
#9286 = DIRECTION('',(-1.,0.,0.));
#9287 = ADVANCED_FACE('',(#9288),#9304,.T.);
#9288 = FACE_BOUND('',#9289,.T.);
#9289 = EDGE_LOOP('',(#9290,#9291,#9297,#9298));
#9290 = ORIENTED_EDGE('',*,*,#9269,.T.);
#9291 = ORIENTED_EDGE('',*,*,#9292,.T.);
#9292 = EDGE_CURVE('',#9262,#9192,#9293,.T.);
#9293 = LINE('',#9294,#9295);
#9294 = CARTESIAN_POINT('',(50.,-255.,140.));
#9295 = VECTOR('',#9296,1.);
#9296 = DIRECTION('',(0.,0.,-1.));
#9297 = ORIENTED_EDGE('',*,*,#9189,.F.);
#9298 = ORIENTED_EDGE('',*,*,#9299,.F.);
#9299 = EDGE_CURVE('',#9270,#9190,#9300,.T.);
#9300 = LINE('',#9301,#9302);
#9301 = CARTESIAN_POINT('',(50.,-275.,140.));
#9302 = VECTOR('',#9303,1.);
#9303 = DIRECTION('',(0.,0.,-1.));
#9304 = PLANE('',#9305);
#9305 = AXIS2_PLACEMENT_3D('',#9306,#9307,#9308);
#9306 = CARTESIAN_POINT('',(50.,-275.,140.));
#9307 = DIRECTION('',(-1.,-0.,-0.));
#9308 = DIRECTION('',(0.,0.,-1.));
#9309 = ADVANCED_FACE('',(#9310),#9316,.T.);
#9310 = FACE_BOUND('',#9311,.T.);
#9311 = EDGE_LOOP('',(#9312,#9313,#9314,#9315));
#9312 = ORIENTED_EDGE('',*,*,#9215,.T.);
#9313 = ORIENTED_EDGE('',*,*,#9246,.T.);
#9314 = ORIENTED_EDGE('',*,*,#9277,.T.);
#9315 = ORIENTED_EDGE('',*,*,#9299,.T.);
#9316 = PLANE('',#9317);
#9317 = AXIS2_PLACEMENT_3D('',#9318,#9319,#9320);
#9318 = CARTESIAN_POINT('',(135.,-275.,88.349364905389));
#9319 = DIRECTION('',(-0.,-1.,-0.));
#9320 = DIRECTION('',(0.,0.,-1.));
#9321 = ADVANCED_FACE('',(#9322),#9328,.F.);
#9322 = FACE_BOUND('',#9323,.F.);
#9323 = EDGE_LOOP('',(#9324,#9325,#9326,#9327));
#9324 = ORIENTED_EDGE('',*,*,#9199,.T.);
#9325 = ORIENTED_EDGE('',*,*,#9230,.T.);
#9326 = ORIENTED_EDGE('',*,*,#9261,.T.);
#9327 = ORIENTED_EDGE('',*,*,#9292,.T.);
#9328 = PLANE('',#9329);
#9329 = AXIS2_PLACEMENT_3D('',#9330,#9331,#9332);
#9330 = CARTESIAN_POINT('',(135.,-255.,88.349364905389));
#9331 = DIRECTION('',(-0.,-1.,-0.));
#9332 = DIRECTION('',(0.,0.,-1.));
#9333 = ( GEOMETRIC_REPRESENTATION_CONTEXT(3) 
GLOBAL_UNCERTAINTY_ASSIGNED_CONTEXT((#9337)) 
GLOBAL_UNIT_ASSIGNED_CONTEXT((#9334,#9335,#9336)) REPRESENTATION_CONTEXT
('Context #1','3D Context with UNIT and UNCERTAINTY') );
#9334 = ( LENGTH_UNIT() NAMED_UNIT(*) SI_UNIT(.MILLI.,.METRE.) );
#9335 = ( NAMED_UNIT(*) PLANE_ANGLE_UNIT() SI_UNIT($,.RADIAN.) );
#9336 = ( NAMED_UNIT(*) SI_UNIT($,.STERADIAN.) SOLID_ANGLE_UNIT() );
#9337 = UNCERTAINTY_MEASURE_WITH_UNIT(LENGTH_MEASURE(1.E-07),#9334,
  'distance_accuracy_value','confusion accuracy');
#9338 = CONTEXT_DEPENDENT_SHAPE_REPRESENTATION(#9339,#9341);
#9339 = ( REPRESENTATION_RELATIONSHIP('','',#9182,#10) 
REPRESENTATION_RELATIONSHIP_WITH_TRANSFORMATION(#9340) 
SHAPE_REPRESENTATION_RELATIONSHIP() );
#9340 = ITEM_DEFINED_TRANSFORMATION('','',#11,#215);
#9341 = PRODUCT_DEFINITION_SHAPE('Placement','Placement of an item',
  #9342);
#9342 = NEXT_ASSEMBLY_USAGE_OCCURRENCE('139',
  'TRI-AMA-PORT-SIDE-PORT-02 | SidePort | nominal plywood 20 mm','',#5,
  #9177,$);
#9343 = PRODUCT_RELATED_PRODUCT_CATEGORY('part',$,(#9179));
#9344 = SHAPE_DEFINITION_REPRESENTATION(#9345,#9351);
#9345 = PRODUCT_DEFINITION_SHAPE('','',#9346);
#9346 = PRODUCT_DEFINITION('design','',#9347,#9350);
#9347 = PRODUCT_DEFINITION_FORMATION('','',#9348);
#9348 = PRODUCT(
'TRI-AMA-PORT-SIDE-STARBOARD-02 | SideStarboard | nominal plywood 20 mm'
  ,
'TRI-AMA-PORT-SIDE-STARBOARD-02 | SideStarboard | nominal plywood 20 mm'
  ,'',(#9349));
#9349 = PRODUCT_CONTEXT('',#2,'mechanical');
#9350 = PRODUCT_DEFINITION_CONTEXT('part definition',#2,'design');
#9351 = ADVANCED_BREP_SHAPE_REPRESENTATION('',(#11,#9352),#9502);
#9352 = MANIFOLD_SOLID_BREP('',#9353);
#9353 = CLOSED_SHELL('',(#9354,#9394,#9425,#9456,#9478,#9490));
#9354 = ADVANCED_FACE('',(#9355),#9389,.T.);
#9355 = FACE_BOUND('',#9356,.T.);
#9356 = EDGE_LOOP('',(#9357,#9367,#9375,#9383));
#9357 = ORIENTED_EDGE('',*,*,#9358,.T.);
#9358 = EDGE_CURVE('',#9359,#9361,#9363,.T.);
#9359 = VERTEX_POINT('',#9360);
#9360 = CARTESIAN_POINT('',(50.,-175.,36.698729810778));
#9361 = VERTEX_POINT('',#9362);
#9362 = CARTESIAN_POINT('',(50.,-195.,36.698729810778));
#9363 = LINE('',#9364,#9365);
#9364 = CARTESIAN_POINT('',(50.,-175.,36.698729810778));
#9365 = VECTOR('',#9366,1.);
#9366 = DIRECTION('',(-0.,-1.,-0.));
#9367 = ORIENTED_EDGE('',*,*,#9368,.T.);
#9368 = EDGE_CURVE('',#9361,#9369,#9371,.T.);
#9369 = VERTEX_POINT('',#9370);
#9370 = CARTESIAN_POINT('',(50.,-195.,140.));
#9371 = LINE('',#9372,#9373);
#9372 = CARTESIAN_POINT('',(50.,-195.,36.698729810778));
#9373 = VECTOR('',#9374,1.);
#9374 = DIRECTION('',(0.,0.,1.));
#9375 = ORIENTED_EDGE('',*,*,#9376,.F.);
#9376 = EDGE_CURVE('',#9377,#9369,#9379,.T.);
#9377 = VERTEX_POINT('',#9378);
#9378 = CARTESIAN_POINT('',(50.,-175.,140.));
#9379 = LINE('',#9380,#9381);
#9380 = CARTESIAN_POINT('',(50.,-175.,140.));
#9381 = VECTOR('',#9382,1.);
#9382 = DIRECTION('',(-0.,-1.,-0.));
#9383 = ORIENTED_EDGE('',*,*,#9384,.F.);
#9384 = EDGE_CURVE('',#9359,#9377,#9385,.T.);
#9385 = LINE('',#9386,#9387);
#9386 = CARTESIAN_POINT('',(50.,-175.,36.698729810778));
#9387 = VECTOR('',#9388,1.);
#9388 = DIRECTION('',(0.,0.,1.));
#9389 = PLANE('',#9390);
#9390 = AXIS2_PLACEMENT_3D('',#9391,#9392,#9393);
#9391 = CARTESIAN_POINT('',(50.,-175.,36.698729810778));
#9392 = DIRECTION('',(-1.,0.,0.));
#9393 = DIRECTION('',(0.,0.,1.));
#9394 = ADVANCED_FACE('',(#9395),#9420,.T.);
#9395 = FACE_BOUND('',#9396,.T.);
#9396 = EDGE_LOOP('',(#9397,#9398,#9406,#9414));
#9397 = ORIENTED_EDGE('',*,*,#9376,.T.);
#9398 = ORIENTED_EDGE('',*,*,#9399,.T.);
#9399 = EDGE_CURVE('',#9369,#9400,#9402,.T.);
#9400 = VERTEX_POINT('',#9401);
#9401 = CARTESIAN_POINT('',(220.,-195.,140.));
#9402 = LINE('',#9403,#9404);
#9403 = CARTESIAN_POINT('',(50.,-195.,140.));
#9404 = VECTOR('',#9405,1.);
#9405 = DIRECTION('',(1.,0.,0.));
#9406 = ORIENTED_EDGE('',*,*,#9407,.F.);
#9407 = EDGE_CURVE('',#9408,#9400,#9410,.T.);
#9408 = VERTEX_POINT('',#9409);
#9409 = CARTESIAN_POINT('',(220.,-175.,140.));
#9410 = LINE('',#9411,#9412);
#9411 = CARTESIAN_POINT('',(220.,-175.,140.));
#9412 = VECTOR('',#9413,1.);
#9413 = DIRECTION('',(-0.,-1.,-0.));
#9414 = ORIENTED_EDGE('',*,*,#9415,.F.);
#9415 = EDGE_CURVE('',#9377,#9408,#9416,.T.);
#9416 = LINE('',#9417,#9418);
#9417 = CARTESIAN_POINT('',(50.,-175.,140.));
#9418 = VECTOR('',#9419,1.);
#9419 = DIRECTION('',(1.,0.,0.));
#9420 = PLANE('',#9421);
#9421 = AXIS2_PLACEMENT_3D('',#9422,#9423,#9424);
#9422 = CARTESIAN_POINT('',(50.,-175.,140.));
#9423 = DIRECTION('',(0.,0.,1.));
#9424 = DIRECTION('',(1.,0.,-0.));
#9425 = ADVANCED_FACE('',(#9426),#9451,.T.);
#9426 = FACE_BOUND('',#9427,.T.);
#9427 = EDGE_LOOP('',(#9428,#9429,#9437,#9445));
#9428 = ORIENTED_EDGE('',*,*,#9407,.T.);
#9429 = ORIENTED_EDGE('',*,*,#9430,.T.);
#9430 = EDGE_CURVE('',#9400,#9431,#9433,.T.);
#9431 = VERTEX_POINT('',#9432);
#9432 = CARTESIAN_POINT('',(220.,-195.,36.698729810778));
#9433 = LINE('',#9434,#9435);
#9434 = CARTESIAN_POINT('',(220.,-195.,140.));
#9435 = VECTOR('',#9436,1.);
#9436 = DIRECTION('',(0.,0.,-1.));
#9437 = ORIENTED_EDGE('',*,*,#9438,.F.);
#9438 = EDGE_CURVE('',#9439,#9431,#9441,.T.);
#9439 = VERTEX_POINT('',#9440);
#9440 = CARTESIAN_POINT('',(220.,-175.,36.698729810778));
#9441 = LINE('',#9442,#9443);
#9442 = CARTESIAN_POINT('',(220.,-175.,36.698729810778));
#9443 = VECTOR('',#9444,1.);
#9444 = DIRECTION('',(-0.,-1.,-0.));
#9445 = ORIENTED_EDGE('',*,*,#9446,.F.);
#9446 = EDGE_CURVE('',#9408,#9439,#9447,.T.);
#9447 = LINE('',#9448,#9449);
#9448 = CARTESIAN_POINT('',(220.,-175.,140.));
#9449 = VECTOR('',#9450,1.);
#9450 = DIRECTION('',(0.,0.,-1.));
#9451 = PLANE('',#9452);
#9452 = AXIS2_PLACEMENT_3D('',#9453,#9454,#9455);
#9453 = CARTESIAN_POINT('',(220.,-175.,140.));
#9454 = DIRECTION('',(1.,-0.,0.));
#9455 = DIRECTION('',(0.,0.,-1.));
#9456 = ADVANCED_FACE('',(#9457),#9473,.T.);
#9457 = FACE_BOUND('',#9458,.T.);
#9458 = EDGE_LOOP('',(#9459,#9460,#9466,#9467));
#9459 = ORIENTED_EDGE('',*,*,#9438,.T.);
#9460 = ORIENTED_EDGE('',*,*,#9461,.T.);
#9461 = EDGE_CURVE('',#9431,#9361,#9462,.T.);
#9462 = LINE('',#9463,#9464);
#9463 = CARTESIAN_POINT('',(220.,-195.,36.698729810778));
#9464 = VECTOR('',#9465,1.);
#9465 = DIRECTION('',(-1.,0.,0.));
#9466 = ORIENTED_EDGE('',*,*,#9358,.F.);
#9467 = ORIENTED_EDGE('',*,*,#9468,.F.);
#9468 = EDGE_CURVE('',#9439,#9359,#9469,.T.);
#9469 = LINE('',#9470,#9471);
#9470 = CARTESIAN_POINT('',(220.,-175.,36.698729810778));
#9471 = VECTOR('',#9472,1.);
#9472 = DIRECTION('',(-1.,0.,0.));
#9473 = PLANE('',#9474);
#9474 = AXIS2_PLACEMENT_3D('',#9475,#9476,#9477);
#9475 = CARTESIAN_POINT('',(220.,-175.,36.698729810778));
#9476 = DIRECTION('',(0.,0.,-1.));
#9477 = DIRECTION('',(-1.,0.,0.));
#9478 = ADVANCED_FACE('',(#9479),#9485,.T.);
#9479 = FACE_BOUND('',#9480,.T.);
#9480 = EDGE_LOOP('',(#9481,#9482,#9483,#9484));
#9481 = ORIENTED_EDGE('',*,*,#9384,.T.);
#9482 = ORIENTED_EDGE('',*,*,#9415,.T.);
#9483 = ORIENTED_EDGE('',*,*,#9446,.T.);
#9484 = ORIENTED_EDGE('',*,*,#9468,.T.);
#9485 = PLANE('',#9486);
#9486 = AXIS2_PLACEMENT_3D('',#9487,#9488,#9489);
#9487 = CARTESIAN_POINT('',(135.,-175.,88.349364905389));
#9488 = DIRECTION('',(0.,1.,0.));
#9489 = DIRECTION('',(0.,-0.,1.));
#9490 = ADVANCED_FACE('',(#9491),#9497,.F.);
#9491 = FACE_BOUND('',#9492,.F.);
#9492 = EDGE_LOOP('',(#9493,#9494,#9495,#9496));
#9493 = ORIENTED_EDGE('',*,*,#9368,.T.);
#9494 = ORIENTED_EDGE('',*,*,#9399,.T.);
#9495 = ORIENTED_EDGE('',*,*,#9430,.T.);
#9496 = ORIENTED_EDGE('',*,*,#9461,.T.);
#9497 = PLANE('',#9498);
#9498 = AXIS2_PLACEMENT_3D('',#9499,#9500,#9501);
#9499 = CARTESIAN_POINT('',(135.,-195.,88.349364905389));
#9500 = DIRECTION('',(0.,1.,0.));
#9501 = DIRECTION('',(0.,-0.,1.));
#9502 = ( GEOMETRIC_REPRESENTATION_CONTEXT(3) 
GLOBAL_UNCERTAINTY_ASSIGNED_CONTEXT((#9506)) 
GLOBAL_UNIT_ASSIGNED_CONTEXT((#9503,#9504,#9505)) REPRESENTATION_CONTEXT
('Context #1','3D Context with UNIT and UNCERTAINTY') );
#9503 = ( LENGTH_UNIT() NAMED_UNIT(*) SI_UNIT(.MILLI.,.METRE.) );
#9504 = ( NAMED_UNIT(*) PLANE_ANGLE_UNIT() SI_UNIT($,.RADIAN.) );
#9505 = ( NAMED_UNIT(*) SI_UNIT($,.STERADIAN.) SOLID_ANGLE_UNIT() );
#9506 = UNCERTAINTY_MEASURE_WITH_UNIT(LENGTH_MEASURE(1.E-07),#9503,
  'distance_accuracy_value','confusion accuracy');
#9507 = CONTEXT_DEPENDENT_SHAPE_REPRESENTATION(#9508,#9510);
#9508 = ( REPRESENTATION_RELATIONSHIP('','',#9351,#10) 
REPRESENTATION_RELATIONSHIP_WITH_TRANSFORMATION(#9509) 
SHAPE_REPRESENTATION_RELATIONSHIP() );
#9509 = ITEM_DEFINED_TRANSFORMATION('','',#11,#219);
#9510 = PRODUCT_DEFINITION_SHAPE('Placement','Placement of an item',
  #9511);
#9511 = NEXT_ASSEMBLY_USAGE_OCCURRENCE('140',
'TRI-AMA-PORT-SIDE-STARBOARD-02 | SideStarboard | nominal plywood 20 mm'
  ,'',#5,#9346,$);
#9512 = PRODUCT_RELATED_PRODUCT_CATEGORY('part',$,(#9348));
#9513 = SHAPE_DEFINITION_REPRESENTATION(#9514,#9520);
#9514 = PRODUCT_DEFINITION_SHAPE('','',#9515);
#9515 = PRODUCT_DEFINITION('design','',#9516,#9519);
#9516 = PRODUCT_DEFINITION_FORMATION('','',#9517);
#9517 = PRODUCT(
  'TRI-AMA-PORT-BOTTOM-03 | BottomFlat | nominal plywood 20 mm',
  'TRI-AMA-PORT-BOTTOM-03 | BottomFlat | nominal plywood 20 mm','',(
    #9518));
#9518 = PRODUCT_CONTEXT('',#2,'mechanical');
#9519 = PRODUCT_DEFINITION_CONTEXT('part definition',#2,'design');
#9520 = ADVANCED_BREP_SHAPE_REPRESENTATION('',(#11,#9521),#9671);
#9521 = MANIFOLD_SOLID_BREP('',#9522);
#9522 = CLOSED_SHELL('',(#9523,#9563,#9594,#9625,#9647,#9659));
#9523 = ADVANCED_FACE('',(#9524),#9558,.F.);
#9524 = FACE_BOUND('',#9525,.F.);
#9525 = EDGE_LOOP('',(#9526,#9536,#9544,#9552));
#9526 = ORIENTED_EDGE('',*,*,#9527,.T.);
#9527 = EDGE_CURVE('',#9528,#9530,#9532,.T.);
#9528 = VERTEX_POINT('',#9529);
#9529 = CARTESIAN_POINT('',(220.,-250.,30.));
#9530 = VERTEX_POINT('',#9531);
#9531 = CARTESIAN_POINT('',(220.,-250.,50.));
#9532 = LINE('',#9533,#9534);
#9533 = CARTESIAN_POINT('',(220.,-250.,30.));
#9534 = VECTOR('',#9535,1.);
#9535 = DIRECTION('',(0.,0.,1.));
#9536 = ORIENTED_EDGE('',*,*,#9537,.T.);
#9537 = EDGE_CURVE('',#9530,#9538,#9540,.T.);
#9538 = VERTEX_POINT('',#9539);
#9539 = CARTESIAN_POINT('',(390.,-250.,50.));
#9540 = LINE('',#9541,#9542);
#9541 = CARTESIAN_POINT('',(220.,-250.,50.));
#9542 = VECTOR('',#9543,1.);
#9543 = DIRECTION('',(1.,0.,0.));
#9544 = ORIENTED_EDGE('',*,*,#9545,.F.);
#9545 = EDGE_CURVE('',#9546,#9538,#9548,.T.);
#9546 = VERTEX_POINT('',#9547);
#9547 = CARTESIAN_POINT('',(390.,-250.,30.));
#9548 = LINE('',#9549,#9550);
#9549 = CARTESIAN_POINT('',(390.,-250.,30.));
#9550 = VECTOR('',#9551,1.);
#9551 = DIRECTION('',(0.,0.,1.));
#9552 = ORIENTED_EDGE('',*,*,#9553,.F.);
#9553 = EDGE_CURVE('',#9528,#9546,#9554,.T.);
#9554 = LINE('',#9555,#9556);
#9555 = CARTESIAN_POINT('',(220.,-250.,30.));
#9556 = VECTOR('',#9557,1.);
#9557 = DIRECTION('',(1.,0.,0.));
#9558 = PLANE('',#9559);
#9559 = AXIS2_PLACEMENT_3D('',#9560,#9561,#9562);
#9560 = CARTESIAN_POINT('',(220.,-250.,30.));
#9561 = DIRECTION('',(0.,1.,0.));
#9562 = DIRECTION('',(1.,0.,0.));
#9563 = ADVANCED_FACE('',(#9564),#9589,.F.);
#9564 = FACE_BOUND('',#9565,.F.);
#9565 = EDGE_LOOP('',(#9566,#9567,#9575,#9583));
#9566 = ORIENTED_EDGE('',*,*,#9545,.T.);
#9567 = ORIENTED_EDGE('',*,*,#9568,.T.);
#9568 = EDGE_CURVE('',#9538,#9569,#9571,.T.);
#9569 = VERTEX_POINT('',#9570);
#9570 = CARTESIAN_POINT('',(390.,-200.,50.));
#9571 = LINE('',#9572,#9573);
#9572 = CARTESIAN_POINT('',(390.,-250.,50.));
#9573 = VECTOR('',#9574,1.);
#9574 = DIRECTION('',(0.,1.,0.));
#9575 = ORIENTED_EDGE('',*,*,#9576,.F.);
#9576 = EDGE_CURVE('',#9577,#9569,#9579,.T.);
#9577 = VERTEX_POINT('',#9578);
#9578 = CARTESIAN_POINT('',(390.,-200.,30.));
#9579 = LINE('',#9580,#9581);
#9580 = CARTESIAN_POINT('',(390.,-200.,30.));
#9581 = VECTOR('',#9582,1.);
#9582 = DIRECTION('',(0.,0.,1.));
#9583 = ORIENTED_EDGE('',*,*,#9584,.F.);
#9584 = EDGE_CURVE('',#9546,#9577,#9585,.T.);
#9585 = LINE('',#9586,#9587);
#9586 = CARTESIAN_POINT('',(390.,-250.,30.));
#9587 = VECTOR('',#9588,1.);
#9588 = DIRECTION('',(0.,1.,0.));
#9589 = PLANE('',#9590);
#9590 = AXIS2_PLACEMENT_3D('',#9591,#9592,#9593);
#9591 = CARTESIAN_POINT('',(390.,-250.,30.));
#9592 = DIRECTION('',(-1.,0.,0.));
#9593 = DIRECTION('',(0.,1.,0.));
#9594 = ADVANCED_FACE('',(#9595),#9620,.F.);
#9595 = FACE_BOUND('',#9596,.F.);
#9596 = EDGE_LOOP('',(#9597,#9598,#9606,#9614));
#9597 = ORIENTED_EDGE('',*,*,#9576,.T.);
#9598 = ORIENTED_EDGE('',*,*,#9599,.T.);
#9599 = EDGE_CURVE('',#9569,#9600,#9602,.T.);
#9600 = VERTEX_POINT('',#9601);
#9601 = CARTESIAN_POINT('',(220.,-200.,50.));
#9602 = LINE('',#9603,#9604);
#9603 = CARTESIAN_POINT('',(390.,-200.,50.));
#9604 = VECTOR('',#9605,1.);
#9605 = DIRECTION('',(-1.,0.,0.));
#9606 = ORIENTED_EDGE('',*,*,#9607,.F.);
#9607 = EDGE_CURVE('',#9608,#9600,#9610,.T.);
#9608 = VERTEX_POINT('',#9609);
#9609 = CARTESIAN_POINT('',(220.,-200.,30.));
#9610 = LINE('',#9611,#9612);
#9611 = CARTESIAN_POINT('',(220.,-200.,30.));
#9612 = VECTOR('',#9613,1.);
#9613 = DIRECTION('',(0.,0.,1.));
#9614 = ORIENTED_EDGE('',*,*,#9615,.F.);
#9615 = EDGE_CURVE('',#9577,#9608,#9616,.T.);
#9616 = LINE('',#9617,#9618);
#9617 = CARTESIAN_POINT('',(390.,-200.,30.));
#9618 = VECTOR('',#9619,1.);
#9619 = DIRECTION('',(-1.,0.,0.));
#9620 = PLANE('',#9621);
#9621 = AXIS2_PLACEMENT_3D('',#9622,#9623,#9624);
#9622 = CARTESIAN_POINT('',(390.,-200.,30.));
#9623 = DIRECTION('',(0.,-1.,0.));
#9624 = DIRECTION('',(-1.,0.,0.));
#9625 = ADVANCED_FACE('',(#9626),#9642,.F.);
#9626 = FACE_BOUND('',#9627,.F.);
#9627 = EDGE_LOOP('',(#9628,#9629,#9635,#9636));
#9628 = ORIENTED_EDGE('',*,*,#9607,.T.);
#9629 = ORIENTED_EDGE('',*,*,#9630,.T.);
#9630 = EDGE_CURVE('',#9600,#9530,#9631,.T.);
#9631 = LINE('',#9632,#9633);
#9632 = CARTESIAN_POINT('',(220.,-200.,50.));
#9633 = VECTOR('',#9634,1.);
#9634 = DIRECTION('',(0.,-1.,0.));
#9635 = ORIENTED_EDGE('',*,*,#9527,.F.);
#9636 = ORIENTED_EDGE('',*,*,#9637,.F.);
#9637 = EDGE_CURVE('',#9608,#9528,#9638,.T.);
#9638 = LINE('',#9639,#9640);
#9639 = CARTESIAN_POINT('',(220.,-200.,30.));
#9640 = VECTOR('',#9641,1.);
#9641 = DIRECTION('',(0.,-1.,0.));
#9642 = PLANE('',#9643);
#9643 = AXIS2_PLACEMENT_3D('',#9644,#9645,#9646);
#9644 = CARTESIAN_POINT('',(220.,-200.,30.));
#9645 = DIRECTION('',(1.,0.,-0.));
#9646 = DIRECTION('',(0.,-1.,0.));
#9647 = ADVANCED_FACE('',(#9648),#9654,.F.);
#9648 = FACE_BOUND('',#9649,.F.);
#9649 = EDGE_LOOP('',(#9650,#9651,#9652,#9653));
#9650 = ORIENTED_EDGE('',*,*,#9553,.T.);
#9651 = ORIENTED_EDGE('',*,*,#9584,.T.);
#9652 = ORIENTED_EDGE('',*,*,#9615,.T.);
#9653 = ORIENTED_EDGE('',*,*,#9637,.T.);
#9654 = PLANE('',#9655);
#9655 = AXIS2_PLACEMENT_3D('',#9656,#9657,#9658);
#9656 = CARTESIAN_POINT('',(305.,-225.,30.));
#9657 = DIRECTION('',(0.,0.,1.));
#9658 = DIRECTION('',(1.,0.,-0.));
#9659 = ADVANCED_FACE('',(#9660),#9666,.T.);
#9660 = FACE_BOUND('',#9661,.T.);
#9661 = EDGE_LOOP('',(#9662,#9663,#9664,#9665));
#9662 = ORIENTED_EDGE('',*,*,#9537,.T.);
#9663 = ORIENTED_EDGE('',*,*,#9568,.T.);
#9664 = ORIENTED_EDGE('',*,*,#9599,.T.);
#9665 = ORIENTED_EDGE('',*,*,#9630,.T.);
#9666 = PLANE('',#9667);
#9667 = AXIS2_PLACEMENT_3D('',#9668,#9669,#9670);
#9668 = CARTESIAN_POINT('',(305.,-225.,50.));
#9669 = DIRECTION('',(0.,0.,1.));
#9670 = DIRECTION('',(1.,0.,-0.));
#9671 = ( GEOMETRIC_REPRESENTATION_CONTEXT(3) 
GLOBAL_UNCERTAINTY_ASSIGNED_CONTEXT((#9675)) 
GLOBAL_UNIT_ASSIGNED_CONTEXT((#9672,#9673,#9674)) REPRESENTATION_CONTEXT
('Context #1','3D Context with UNIT and UNCERTAINTY') );
#9672 = ( LENGTH_UNIT() NAMED_UNIT(*) SI_UNIT(.MILLI.,.METRE.) );
#9673 = ( NAMED_UNIT(*) PLANE_ANGLE_UNIT() SI_UNIT($,.RADIAN.) );
#9674 = ( NAMED_UNIT(*) SI_UNIT($,.STERADIAN.) SOLID_ANGLE_UNIT() );
#9675 = UNCERTAINTY_MEASURE_WITH_UNIT(LENGTH_MEASURE(1.E-07),#9672,
  'distance_accuracy_value','confusion accuracy');
#9676 = CONTEXT_DEPENDENT_SHAPE_REPRESENTATION(#9677,#9679);
#9677 = ( REPRESENTATION_RELATIONSHIP('','',#9520,#10) 
REPRESENTATION_RELATIONSHIP_WITH_TRANSFORMATION(#9678) 
SHAPE_REPRESENTATION_RELATIONSHIP() );
#9678 = ITEM_DEFINED_TRANSFORMATION('','',#11,#223);
#9679 = PRODUCT_DEFINITION_SHAPE('Placement','Placement of an item',
  #9680);
#9680 = NEXT_ASSEMBLY_USAGE_OCCURRENCE('141',
  'TRI-AMA-PORT-BOTTOM-03 | BottomFlat | nominal plywood 20 mm','',#5,
  #9515,$);
#9681 = PRODUCT_RELATED_PRODUCT_CATEGORY('part',$,(#9517));
#9682 = SHAPE_DEFINITION_REPRESENTATION(#9683,#9689);
#9683 = PRODUCT_DEFINITION_SHAPE('','',#9684);
#9684 = PRODUCT_DEFINITION('design','',#9685,#9688);
#9685 = PRODUCT_DEFINITION_FORMATION('','',#9686);
#9686 = PRODUCT(
  'TRI-AMA-PORT-CHINE-PORT-03 | ChinePort | nominal plywood 20 mm',
  'TRI-AMA-PORT-CHINE-PORT-03 | ChinePort | nominal plywood 20 mm','',(
    #9687));
#9687 = PRODUCT_CONTEXT('',#2,'mechanical');
#9688 = PRODUCT_DEFINITION_CONTEXT('part definition',#2,'design');
#9689 = ADVANCED_BREP_SHAPE_REPRESENTATION('',(#11,#9690),#9840);
#9690 = MANIFOLD_SOLID_BREP('',#9691);
#9691 = CLOSED_SHELL('',(#9692,#9732,#9763,#9794,#9816,#9828));
#9692 = ADVANCED_FACE('',(#9693),#9727,.T.);
#9693 = FACE_BOUND('',#9694,.T.);
#9694 = EDGE_LOOP('',(#9695,#9705,#9713,#9721));
#9695 = ORIENTED_EDGE('',*,*,#9696,.T.);
#9696 = EDGE_CURVE('',#9697,#9699,#9701,.T.);
#9697 = VERTEX_POINT('',#9698);
#9698 = CARTESIAN_POINT('',(220.,-250.,30.));
#9699 = VERTEX_POINT('',#9700);
#9700 = CARTESIAN_POINT('',(220.,-244.8236190979,49.318516525781));
#9701 = LINE('',#9702,#9703);
#9702 = CARTESIAN_POINT('',(220.,-250.,30.));
#9703 = VECTOR('',#9704,1.);
#9704 = DIRECTION('',(-0.,0.258819045103,0.965925826289));
#9705 = ORIENTED_EDGE('',*,*,#9706,.T.);
#9706 = EDGE_CURVE('',#9699,#9707,#9709,.T.);
#9707 = VERTEX_POINT('',#9708);
#9708 = CARTESIAN_POINT('',(390.,-244.8236190979,49.318516525781));
#9709 = LINE('',#9710,#9711);
#9710 = CARTESIAN_POINT('',(220.,-244.8236190979,49.318516525781));
#9711 = VECTOR('',#9712,1.);
#9712 = DIRECTION('',(1.,0.,0.));
#9713 = ORIENTED_EDGE('',*,*,#9714,.F.);
#9714 = EDGE_CURVE('',#9715,#9707,#9717,.T.);
#9715 = VERTEX_POINT('',#9716);
#9716 = CARTESIAN_POINT('',(390.,-250.,30.));
#9717 = LINE('',#9718,#9719);
#9718 = CARTESIAN_POINT('',(390.,-250.,30.));
#9719 = VECTOR('',#9720,1.);
#9720 = DIRECTION('',(-0.,0.258819045103,0.965925826289));
#9721 = ORIENTED_EDGE('',*,*,#9722,.F.);
#9722 = EDGE_CURVE('',#9697,#9715,#9723,.T.);
#9723 = LINE('',#9724,#9725);
#9724 = CARTESIAN_POINT('',(220.,-250.,30.));
#9725 = VECTOR('',#9726,1.);
#9726 = DIRECTION('',(1.,0.,0.));
#9727 = PLANE('',#9728);
#9728 = AXIS2_PLACEMENT_3D('',#9729,#9730,#9731);
#9729 = CARTESIAN_POINT('',(220.,-250.,30.));
#9730 = DIRECTION('',(0.,0.965925826289,-0.258819045103));
#9731 = DIRECTION('',(1.,0.,0.));
#9732 = ADVANCED_FACE('',(#9733),#9758,.T.);
#9733 = FACE_BOUND('',#9734,.T.);
#9734 = EDGE_LOOP('',(#9735,#9736,#9744,#9752));
#9735 = ORIENTED_EDGE('',*,*,#9714,.T.);
#9736 = ORIENTED_EDGE('',*,*,#9737,.T.);
#9737 = EDGE_CURVE('',#9707,#9738,#9740,.T.);
#9738 = VERTEX_POINT('',#9739);
#9739 = CARTESIAN_POINT('',(390.,-269.8236190979,56.017246336559));
#9740 = LINE('',#9741,#9742);
#9741 = CARTESIAN_POINT('',(390.,-244.8236190979,49.318516525781));
#9742 = VECTOR('',#9743,1.);
#9743 = DIRECTION('',(0.,-0.965925826289,0.258819045103));
#9744 = ORIENTED_EDGE('',*,*,#9745,.F.);
#9745 = EDGE_CURVE('',#9746,#9738,#9748,.T.);
#9746 = VERTEX_POINT('',#9747);
#9747 = CARTESIAN_POINT('',(390.,-275.,36.698729810778));
#9748 = LINE('',#9749,#9750);
#9749 = CARTESIAN_POINT('',(390.,-275.,36.698729810778));
#9750 = VECTOR('',#9751,1.);
#9751 = DIRECTION('',(-0.,0.258819045103,0.965925826289));
#9752 = ORIENTED_EDGE('',*,*,#9753,.F.);
#9753 = EDGE_CURVE('',#9715,#9746,#9754,.T.);
#9754 = LINE('',#9755,#9756);
#9755 = CARTESIAN_POINT('',(390.,-250.,30.));
#9756 = VECTOR('',#9757,1.);
#9757 = DIRECTION('',(0.,-0.965925826289,0.258819045103));
#9758 = PLANE('',#9759);
#9759 = AXIS2_PLACEMENT_3D('',#9760,#9761,#9762);
#9760 = CARTESIAN_POINT('',(390.,-250.,30.));
#9761 = DIRECTION('',(1.,0.,0.));
#9762 = DIRECTION('',(0.,-0.965925826289,0.258819045103));
#9763 = ADVANCED_FACE('',(#9764),#9789,.T.);
#9764 = FACE_BOUND('',#9765,.T.);
#9765 = EDGE_LOOP('',(#9766,#9767,#9775,#9783));
#9766 = ORIENTED_EDGE('',*,*,#9745,.T.);
#9767 = ORIENTED_EDGE('',*,*,#9768,.T.);
#9768 = EDGE_CURVE('',#9738,#9769,#9771,.T.);
#9769 = VERTEX_POINT('',#9770);
#9770 = CARTESIAN_POINT('',(220.,-269.8236190979,56.017246336559));
#9771 = LINE('',#9772,#9773);
#9772 = CARTESIAN_POINT('',(390.,-269.8236190979,56.017246336559));
#9773 = VECTOR('',#9774,1.);
#9774 = DIRECTION('',(-1.,0.,0.));
#9775 = ORIENTED_EDGE('',*,*,#9776,.F.);
#9776 = EDGE_CURVE('',#9777,#9769,#9779,.T.);
#9777 = VERTEX_POINT('',#9778);
#9778 = CARTESIAN_POINT('',(220.,-275.,36.698729810778));
#9779 = LINE('',#9780,#9781);
#9780 = CARTESIAN_POINT('',(220.,-275.,36.698729810778));
#9781 = VECTOR('',#9782,1.);
#9782 = DIRECTION('',(-0.,0.258819045103,0.965925826289));
#9783 = ORIENTED_EDGE('',*,*,#9784,.F.);
#9784 = EDGE_CURVE('',#9746,#9777,#9785,.T.);
#9785 = LINE('',#9786,#9787);
#9786 = CARTESIAN_POINT('',(390.,-275.,36.698729810778));
#9787 = VECTOR('',#9788,1.);
#9788 = DIRECTION('',(-1.,0.,0.));
#9789 = PLANE('',#9790);
#9790 = AXIS2_PLACEMENT_3D('',#9791,#9792,#9793);
#9791 = CARTESIAN_POINT('',(390.,-275.,36.698729810778));
#9792 = DIRECTION('',(0.,-0.965925826289,0.258819045103));
#9793 = DIRECTION('',(-1.,0.,0.));
#9794 = ADVANCED_FACE('',(#9795),#9811,.T.);
#9795 = FACE_BOUND('',#9796,.T.);
#9796 = EDGE_LOOP('',(#9797,#9798,#9804,#9805));
#9797 = ORIENTED_EDGE('',*,*,#9776,.T.);
#9798 = ORIENTED_EDGE('',*,*,#9799,.T.);
#9799 = EDGE_CURVE('',#9769,#9699,#9800,.T.);
#9800 = LINE('',#9801,#9802);
#9801 = CARTESIAN_POINT('',(220.,-269.8236190979,56.017246336559));
#9802 = VECTOR('',#9803,1.);
#9803 = DIRECTION('',(0.,0.965925826289,-0.258819045103));
#9804 = ORIENTED_EDGE('',*,*,#9696,.F.);
#9805 = ORIENTED_EDGE('',*,*,#9806,.F.);
#9806 = EDGE_CURVE('',#9777,#9697,#9807,.T.);
#9807 = LINE('',#9808,#9809);
#9808 = CARTESIAN_POINT('',(220.,-275.,36.698729810778));
#9809 = VECTOR('',#9810,1.);
#9810 = DIRECTION('',(0.,0.965925826289,-0.258819045103));
#9811 = PLANE('',#9812);
#9812 = AXIS2_PLACEMENT_3D('',#9813,#9814,#9815);
#9813 = CARTESIAN_POINT('',(220.,-275.,36.698729810778));
#9814 = DIRECTION('',(-1.,0.,-0.));
#9815 = DIRECTION('',(0.,0.965925826289,-0.258819045103));
#9816 = ADVANCED_FACE('',(#9817),#9823,.T.);
#9817 = FACE_BOUND('',#9818,.T.);
#9818 = EDGE_LOOP('',(#9819,#9820,#9821,#9822));
#9819 = ORIENTED_EDGE('',*,*,#9722,.T.);
#9820 = ORIENTED_EDGE('',*,*,#9753,.T.);
#9821 = ORIENTED_EDGE('',*,*,#9784,.T.);
#9822 = ORIENTED_EDGE('',*,*,#9806,.T.);
#9823 = PLANE('',#9824);
#9824 = AXIS2_PLACEMENT_3D('',#9825,#9826,#9827);
#9825 = CARTESIAN_POINT('',(305.,-262.5,33.349364905389));
#9826 = DIRECTION('',(-0.,-0.258819045103,-0.965925826289));
#9827 = DIRECTION('',(0.,-0.965925826289,0.258819045103));
#9828 = ADVANCED_FACE('',(#9829),#9835,.F.);
#9829 = FACE_BOUND('',#9830,.F.);
#9830 = EDGE_LOOP('',(#9831,#9832,#9833,#9834));
#9831 = ORIENTED_EDGE('',*,*,#9706,.T.);
#9832 = ORIENTED_EDGE('',*,*,#9737,.T.);
#9833 = ORIENTED_EDGE('',*,*,#9768,.T.);
#9834 = ORIENTED_EDGE('',*,*,#9799,.T.);
#9835 = PLANE('',#9836);
#9836 = AXIS2_PLACEMENT_3D('',#9837,#9838,#9839);
#9837 = CARTESIAN_POINT('',(305.,-257.3236190979,52.66788143117));
#9838 = DIRECTION('',(-0.,-0.258819045103,-0.965925826289));
#9839 = DIRECTION('',(0.,-0.965925826289,0.258819045103));
#9840 = ( GEOMETRIC_REPRESENTATION_CONTEXT(3) 
GLOBAL_UNCERTAINTY_ASSIGNED_CONTEXT((#9844)) 
GLOBAL_UNIT_ASSIGNED_CONTEXT((#9841,#9842,#9843)) REPRESENTATION_CONTEXT
('Context #1','3D Context with UNIT and UNCERTAINTY') );
#9841 = ( LENGTH_UNIT() NAMED_UNIT(*) SI_UNIT(.MILLI.,.METRE.) );
#9842 = ( NAMED_UNIT(*) PLANE_ANGLE_UNIT() SI_UNIT($,.RADIAN.) );
#9843 = ( NAMED_UNIT(*) SI_UNIT($,.STERADIAN.) SOLID_ANGLE_UNIT() );
#9844 = UNCERTAINTY_MEASURE_WITH_UNIT(LENGTH_MEASURE(1.E-07),#9841,
  'distance_accuracy_value','confusion accuracy');
#9845 = CONTEXT_DEPENDENT_SHAPE_REPRESENTATION(#9846,#9848);
#9846 = ( REPRESENTATION_RELATIONSHIP('','',#9689,#10) 
REPRESENTATION_RELATIONSHIP_WITH_TRANSFORMATION(#9847) 
SHAPE_REPRESENTATION_RELATIONSHIP() );
#9847 = ITEM_DEFINED_TRANSFORMATION('','',#11,#227);
#9848 = PRODUCT_DEFINITION_SHAPE('Placement','Placement of an item',
  #9849);
#9849 = NEXT_ASSEMBLY_USAGE_OCCURRENCE('142',
  'TRI-AMA-PORT-CHINE-PORT-03 | ChinePort | nominal plywood 20 mm','',#5
  ,#9684,$);
#9850 = PRODUCT_RELATED_PRODUCT_CATEGORY('part',$,(#9686));
#9851 = SHAPE_DEFINITION_REPRESENTATION(#9852,#9858);
#9852 = PRODUCT_DEFINITION_SHAPE('','',#9853);
#9853 = PRODUCT_DEFINITION('design','',#9854,#9857);
#9854 = PRODUCT_DEFINITION_FORMATION('','',#9855);
#9855 = PRODUCT(
'TRI-AMA-PORT-CHINE-STARBOARD-03 | ChineStarboard | nominal plywood 20 
mm',
'TRI-AMA-PORT-CHINE-STARBOARD-03 | ChineStarboard | nominal plywood 20 
mm','',(#9856));
#9856 = PRODUCT_CONTEXT('',#2,'mechanical');
#9857 = PRODUCT_DEFINITION_CONTEXT('part definition',#2,'design');
#9858 = ADVANCED_BREP_SHAPE_REPRESENTATION('',(#11,#9859),#10009);
#9859 = MANIFOLD_SOLID_BREP('',#9860);
#9860 = CLOSED_SHELL('',(#9861,#9901,#9932,#9963,#9985,#9997));
#9861 = ADVANCED_FACE('',(#9862),#9896,.T.);
#9862 = FACE_BOUND('',#9863,.T.);
#9863 = EDGE_LOOP('',(#9864,#9874,#9882,#9890));
#9864 = ORIENTED_EDGE('',*,*,#9865,.T.);
#9865 = EDGE_CURVE('',#9866,#9868,#9870,.T.);
#9866 = VERTEX_POINT('',#9867);
#9867 = CARTESIAN_POINT('',(220.,-200.,30.));
#9868 = VERTEX_POINT('',#9869);
#9869 = CARTESIAN_POINT('',(220.,-205.176380902,49.318516525781));
#9870 = LINE('',#9871,#9872);
#9871 = CARTESIAN_POINT('',(220.,-200.,30.));
#9872 = VECTOR('',#9873,1.);
#9873 = DIRECTION('',(-0.,-0.258819045103,0.965925826289));
#9874 = ORIENTED_EDGE('',*,*,#9875,.T.);
#9875 = EDGE_CURVE('',#9868,#9876,#9878,.T.);
#9876 = VERTEX_POINT('',#9877);
#9877 = CARTESIAN_POINT('',(220.,-180.176380902,56.017246336559));
#9878 = LINE('',#9879,#9880);
#9879 = CARTESIAN_POINT('',(220.,-205.176380902,49.318516525781));
#9880 = VECTOR('',#9881,1.);
#9881 = DIRECTION('',(0.,0.965925826289,0.258819045103));
#9882 = ORIENTED_EDGE('',*,*,#9883,.F.);
#9883 = EDGE_CURVE('',#9884,#9876,#9886,.T.);
#9884 = VERTEX_POINT('',#9885);
#9885 = CARTESIAN_POINT('',(220.,-175.,36.698729810778));
#9886 = LINE('',#9887,#9888);
#9887 = CARTESIAN_POINT('',(220.,-175.,36.698729810778));
#9888 = VECTOR('',#9889,1.);
#9889 = DIRECTION('',(-0.,-0.258819045103,0.965925826289));
#9890 = ORIENTED_EDGE('',*,*,#9891,.F.);
#9891 = EDGE_CURVE('',#9866,#9884,#9892,.T.);
#9892 = LINE('',#9893,#9894);
#9893 = CARTESIAN_POINT('',(220.,-200.,30.));
#9894 = VECTOR('',#9895,1.);
#9895 = DIRECTION('',(0.,0.965925826289,0.258819045103));
#9896 = PLANE('',#9897);
#9897 = AXIS2_PLACEMENT_3D('',#9898,#9899,#9900);
#9898 = CARTESIAN_POINT('',(220.,-200.,30.));
#9899 = DIRECTION('',(-1.,0.,0.));
#9900 = DIRECTION('',(0.,0.965925826289,0.258819045103));
#9901 = ADVANCED_FACE('',(#9902),#9927,.T.);
#9902 = FACE_BOUND('',#9903,.T.);
#9903 = EDGE_LOOP('',(#9904,#9905,#9913,#9921));
#9904 = ORIENTED_EDGE('',*,*,#9883,.T.);
#9905 = ORIENTED_EDGE('',*,*,#9906,.T.);
#9906 = EDGE_CURVE('',#9876,#9907,#9909,.T.);
#9907 = VERTEX_POINT('',#9908);
#9908 = CARTESIAN_POINT('',(390.,-180.176380902,56.017246336559));
#9909 = LINE('',#9910,#9911);
#9910 = CARTESIAN_POINT('',(220.,-180.176380902,56.017246336559));
#9911 = VECTOR('',#9912,1.);
#9912 = DIRECTION('',(1.,0.,0.));
#9913 = ORIENTED_EDGE('',*,*,#9914,.F.);
#9914 = EDGE_CURVE('',#9915,#9907,#9917,.T.);
#9915 = VERTEX_POINT('',#9916);
#9916 = CARTESIAN_POINT('',(390.,-175.,36.698729810778));
#9917 = LINE('',#9918,#9919);
#9918 = CARTESIAN_POINT('',(390.,-175.,36.698729810778));
#9919 = VECTOR('',#9920,1.);
#9920 = DIRECTION('',(-0.,-0.258819045103,0.965925826289));
#9921 = ORIENTED_EDGE('',*,*,#9922,.F.);
#9922 = EDGE_CURVE('',#9884,#9915,#9923,.T.);
#9923 = LINE('',#9924,#9925);
#9924 = CARTESIAN_POINT('',(220.,-175.,36.698729810778));
#9925 = VECTOR('',#9926,1.);
#9926 = DIRECTION('',(1.,0.,0.));
#9927 = PLANE('',#9928);
#9928 = AXIS2_PLACEMENT_3D('',#9929,#9930,#9931);
#9929 = CARTESIAN_POINT('',(220.,-175.,36.698729810778));
#9930 = DIRECTION('',(-0.,0.965925826289,0.258819045103));
#9931 = DIRECTION('',(1.,0.,0.));
#9932 = ADVANCED_FACE('',(#9933),#9958,.T.);
#9933 = FACE_BOUND('',#9934,.T.);
#9934 = EDGE_LOOP('',(#9935,#9936,#9944,#9952));
#9935 = ORIENTED_EDGE('',*,*,#9914,.T.);
#9936 = ORIENTED_EDGE('',*,*,#9937,.T.);
#9937 = EDGE_CURVE('',#9907,#9938,#9940,.T.);
#9938 = VERTEX_POINT('',#9939);
#9939 = CARTESIAN_POINT('',(390.,-205.176380902,49.318516525781));
#9940 = LINE('',#9941,#9942);
#9941 = CARTESIAN_POINT('',(390.,-180.176380902,56.017246336559));
#9942 = VECTOR('',#9943,1.);
#9943 = DIRECTION('',(0.,-0.965925826289,-0.258819045103));
#9944 = ORIENTED_EDGE('',*,*,#9945,.F.);
#9945 = EDGE_CURVE('',#9946,#9938,#9948,.T.);
#9946 = VERTEX_POINT('',#9947);
#9947 = CARTESIAN_POINT('',(390.,-200.,30.));
#9948 = LINE('',#9949,#9950);
#9949 = CARTESIAN_POINT('',(390.,-200.,30.));
#9950 = VECTOR('',#9951,1.);
#9951 = DIRECTION('',(-0.,-0.258819045103,0.965925826289));
#9952 = ORIENTED_EDGE('',*,*,#9953,.F.);
#9953 = EDGE_CURVE('',#9915,#9946,#9954,.T.);
#9954 = LINE('',#9955,#9956);
#9955 = CARTESIAN_POINT('',(390.,-175.,36.698729810778));
#9956 = VECTOR('',#9957,1.);
#9957 = DIRECTION('',(0.,-0.965925826289,-0.258819045103));
#9958 = PLANE('',#9959);
#9959 = AXIS2_PLACEMENT_3D('',#9960,#9961,#9962);
#9960 = CARTESIAN_POINT('',(390.,-175.,36.698729810778));
#9961 = DIRECTION('',(1.,0.,0.));
#9962 = DIRECTION('',(0.,-0.965925826289,-0.258819045103));
#9963 = ADVANCED_FACE('',(#9964),#9980,.T.);
#9964 = FACE_BOUND('',#9965,.T.);
#9965 = EDGE_LOOP('',(#9966,#9967,#9973,#9974));
#9966 = ORIENTED_EDGE('',*,*,#9945,.T.);
#9967 = ORIENTED_EDGE('',*,*,#9968,.T.);
#9968 = EDGE_CURVE('',#9938,#9868,#9969,.T.);
#9969 = LINE('',#9970,#9971);
#9970 = CARTESIAN_POINT('',(390.,-205.176380902,49.318516525781));
#9971 = VECTOR('',#9972,1.);
#9972 = DIRECTION('',(-1.,0.,0.));
#9973 = ORIENTED_EDGE('',*,*,#9865,.F.);
#9974 = ORIENTED_EDGE('',*,*,#9975,.F.);
#9975 = EDGE_CURVE('',#9946,#9866,#9976,.T.);
#9976 = LINE('',#9977,#9978);
#9977 = CARTESIAN_POINT('',(390.,-200.,30.));
#9978 = VECTOR('',#9979,1.);
#9979 = DIRECTION('',(-1.,0.,0.));
#9980 = PLANE('',#9981);
#9981 = AXIS2_PLACEMENT_3D('',#9982,#9983,#9984);
#9982 = CARTESIAN_POINT('',(390.,-200.,30.));
#9983 = DIRECTION('',(-0.,-0.965925826289,-0.258819045103));
#9984 = DIRECTION('',(-1.,0.,0.));
#9985 = ADVANCED_FACE('',(#9986),#9992,.T.);
#9986 = FACE_BOUND('',#9987,.T.);
#9987 = EDGE_LOOP('',(#9988,#9989,#9990,#9991));
#9988 = ORIENTED_EDGE('',*,*,#9891,.T.);
#9989 = ORIENTED_EDGE('',*,*,#9922,.T.);
#9990 = ORIENTED_EDGE('',*,*,#9953,.T.);
#9991 = ORIENTED_EDGE('',*,*,#9975,.T.);
#9992 = PLANE('',#9993);
#9993 = AXIS2_PLACEMENT_3D('',#9994,#9995,#9996);
#9994 = CARTESIAN_POINT('',(305.,-187.5,33.349364905389));
#9995 = DIRECTION('',(-0.,0.258819045103,-0.965925826289));
#9996 = DIRECTION('',(0.,-0.965925826289,-0.258819045103));
#9997 = ADVANCED_FACE('',(#9998),#10004,.F.);
#9998 = FACE_BOUND('',#9999,.F.);
#9999 = EDGE_LOOP('',(#10000,#10001,#10002,#10003));
#10000 = ORIENTED_EDGE('',*,*,#9875,.T.);
#10001 = ORIENTED_EDGE('',*,*,#9906,.T.);
#10002 = ORIENTED_EDGE('',*,*,#9937,.T.);
#10003 = ORIENTED_EDGE('',*,*,#9968,.T.);
#10004 = PLANE('',#10005);
#10005 = AXIS2_PLACEMENT_3D('',#10006,#10007,#10008);
#10006 = CARTESIAN_POINT('',(305.,-192.676380902,52.66788143117));
#10007 = DIRECTION('',(-0.,0.258819045103,-0.965925826289));
#10008 = DIRECTION('',(0.,-0.965925826289,-0.258819045103));
#10009 = ( GEOMETRIC_REPRESENTATION_CONTEXT(3) 
GLOBAL_UNCERTAINTY_ASSIGNED_CONTEXT((#10013)) 
GLOBAL_UNIT_ASSIGNED_CONTEXT((#10010,#10011,#10012)) 
REPRESENTATION_CONTEXT('Context #1',
  '3D Context with UNIT and UNCERTAINTY') );
#10010 = ( LENGTH_UNIT() NAMED_UNIT(*) SI_UNIT(.MILLI.,.METRE.) );
#10011 = ( NAMED_UNIT(*) PLANE_ANGLE_UNIT() SI_UNIT($,.RADIAN.) );
#10012 = ( NAMED_UNIT(*) SI_UNIT($,.STERADIAN.) SOLID_ANGLE_UNIT() );
#10013 = UNCERTAINTY_MEASURE_WITH_UNIT(LENGTH_MEASURE(1.E-07),#10010,
  'distance_accuracy_value','confusion accuracy');
#10014 = CONTEXT_DEPENDENT_SHAPE_REPRESENTATION(#10015,#10017);
#10015 = ( REPRESENTATION_RELATIONSHIP('','',#9858,#10) 
REPRESENTATION_RELATIONSHIP_WITH_TRANSFORMATION(#10016) 
SHAPE_REPRESENTATION_RELATIONSHIP() );
#10016 = ITEM_DEFINED_TRANSFORMATION('','',#11,#231);
#10017 = PRODUCT_DEFINITION_SHAPE('Placement','Placement of an item',
  #10018);
#10018 = NEXT_ASSEMBLY_USAGE_OCCURRENCE('143',
'TRI-AMA-PORT-CHINE-STARBOARD-03 | ChineStarboard | nominal plywood 20 
mm','',#5,#9853,$);
#10019 = PRODUCT_RELATED_PRODUCT_CATEGORY('part',$,(#9855));
#10020 = SHAPE_DEFINITION_REPRESENTATION(#10021,#10027);
#10021 = PRODUCT_DEFINITION_SHAPE('','',#10022);
#10022 = PRODUCT_DEFINITION('design','',#10023,#10026);
#10023 = PRODUCT_DEFINITION_FORMATION('','',#10024);
#10024 = PRODUCT(
  'TRI-AMA-PORT-SIDE-PORT-03 | SidePort | nominal plywood 20 mm',
  'TRI-AMA-PORT-SIDE-PORT-03 | SidePort | nominal plywood 20 mm','',(
    #10025));
#10025 = PRODUCT_CONTEXT('',#2,'mechanical');
#10026 = PRODUCT_DEFINITION_CONTEXT('part definition',#2,'design');
#10027 = ADVANCED_BREP_SHAPE_REPRESENTATION('',(#11,#10028),#10178);
#10028 = MANIFOLD_SOLID_BREP('',#10029);
#10029 = CLOSED_SHELL('',(#10030,#10070,#10101,#10132,#10154,#10166));
#10030 = ADVANCED_FACE('',(#10031),#10065,.T.);
#10031 = FACE_BOUND('',#10032,.T.);
#10032 = EDGE_LOOP('',(#10033,#10043,#10051,#10059));
#10033 = ORIENTED_EDGE('',*,*,#10034,.T.);
#10034 = EDGE_CURVE('',#10035,#10037,#10039,.T.);
#10035 = VERTEX_POINT('',#10036);
#10036 = CARTESIAN_POINT('',(220.,-275.,36.698729810778));
#10037 = VERTEX_POINT('',#10038);
#10038 = CARTESIAN_POINT('',(220.,-255.,36.698729810778));
#10039 = LINE('',#10040,#10041);
#10040 = CARTESIAN_POINT('',(220.,-275.,36.698729810778));
#10041 = VECTOR('',#10042,1.);
#10042 = DIRECTION('',(-0.,1.,-0.));
#10043 = ORIENTED_EDGE('',*,*,#10044,.T.);
#10044 = EDGE_CURVE('',#10037,#10045,#10047,.T.);
#10045 = VERTEX_POINT('',#10046);
#10046 = CARTESIAN_POINT('',(390.,-255.,36.698729810778));
#10047 = LINE('',#10048,#10049);
#10048 = CARTESIAN_POINT('',(220.,-255.,36.698729810778));
#10049 = VECTOR('',#10050,1.);
#10050 = DIRECTION('',(1.,0.,0.));
#10051 = ORIENTED_EDGE('',*,*,#10052,.F.);
#10052 = EDGE_CURVE('',#10053,#10045,#10055,.T.);
#10053 = VERTEX_POINT('',#10054);
#10054 = CARTESIAN_POINT('',(390.,-275.,36.698729810778));
#10055 = LINE('',#10056,#10057);
#10056 = CARTESIAN_POINT('',(390.,-275.,36.698729810778));
#10057 = VECTOR('',#10058,1.);
#10058 = DIRECTION('',(-0.,1.,-0.));
#10059 = ORIENTED_EDGE('',*,*,#10060,.F.);
#10060 = EDGE_CURVE('',#10035,#10053,#10061,.T.);
#10061 = LINE('',#10062,#10063);
#10062 = CARTESIAN_POINT('',(220.,-275.,36.698729810778));
#10063 = VECTOR('',#10064,1.);
#10064 = DIRECTION('',(1.,0.,0.));
#10065 = PLANE('',#10066);
#10066 = AXIS2_PLACEMENT_3D('',#10067,#10068,#10069);
#10067 = CARTESIAN_POINT('',(220.,-275.,36.698729810778));
#10068 = DIRECTION('',(0.,0.,-1.));
#10069 = DIRECTION('',(1.,0.,0.));
#10070 = ADVANCED_FACE('',(#10071),#10096,.T.);
#10071 = FACE_BOUND('',#10072,.T.);
#10072 = EDGE_LOOP('',(#10073,#10074,#10082,#10090));
#10073 = ORIENTED_EDGE('',*,*,#10052,.T.);
#10074 = ORIENTED_EDGE('',*,*,#10075,.T.);
#10075 = EDGE_CURVE('',#10045,#10076,#10078,.T.);
#10076 = VERTEX_POINT('',#10077);
#10077 = CARTESIAN_POINT('',(390.,-255.,140.));
#10078 = LINE('',#10079,#10080);
#10079 = CARTESIAN_POINT('',(390.,-255.,36.698729810778));
#10080 = VECTOR('',#10081,1.);
#10081 = DIRECTION('',(0.,0.,1.));
#10082 = ORIENTED_EDGE('',*,*,#10083,.F.);
#10083 = EDGE_CURVE('',#10084,#10076,#10086,.T.);
#10084 = VERTEX_POINT('',#10085);
#10085 = CARTESIAN_POINT('',(390.,-275.,140.));
#10086 = LINE('',#10087,#10088);
#10087 = CARTESIAN_POINT('',(390.,-275.,140.));
#10088 = VECTOR('',#10089,1.);
#10089 = DIRECTION('',(-0.,1.,-0.));
#10090 = ORIENTED_EDGE('',*,*,#10091,.F.);
#10091 = EDGE_CURVE('',#10053,#10084,#10092,.T.);
#10092 = LINE('',#10093,#10094);
#10093 = CARTESIAN_POINT('',(390.,-275.,36.698729810778));
#10094 = VECTOR('',#10095,1.);
#10095 = DIRECTION('',(0.,0.,1.));
#10096 = PLANE('',#10097);
#10097 = AXIS2_PLACEMENT_3D('',#10098,#10099,#10100);
#10098 = CARTESIAN_POINT('',(390.,-275.,36.698729810778));
#10099 = DIRECTION('',(1.,0.,-0.));
#10100 = DIRECTION('',(0.,0.,1.));
#10101 = ADVANCED_FACE('',(#10102),#10127,.T.);
#10102 = FACE_BOUND('',#10103,.T.);
#10103 = EDGE_LOOP('',(#10104,#10105,#10113,#10121));
#10104 = ORIENTED_EDGE('',*,*,#10083,.T.);
#10105 = ORIENTED_EDGE('',*,*,#10106,.T.);
#10106 = EDGE_CURVE('',#10076,#10107,#10109,.T.);
#10107 = VERTEX_POINT('',#10108);
#10108 = CARTESIAN_POINT('',(220.,-255.,140.));
#10109 = LINE('',#10110,#10111);
#10110 = CARTESIAN_POINT('',(390.,-255.,140.));
#10111 = VECTOR('',#10112,1.);
#10112 = DIRECTION('',(-1.,0.,0.));
#10113 = ORIENTED_EDGE('',*,*,#10114,.F.);
#10114 = EDGE_CURVE('',#10115,#10107,#10117,.T.);
#10115 = VERTEX_POINT('',#10116);
#10116 = CARTESIAN_POINT('',(220.,-275.,140.));
#10117 = LINE('',#10118,#10119);
#10118 = CARTESIAN_POINT('',(220.,-275.,140.));
#10119 = VECTOR('',#10120,1.);
#10120 = DIRECTION('',(-0.,1.,-0.));
#10121 = ORIENTED_EDGE('',*,*,#10122,.F.);
#10122 = EDGE_CURVE('',#10084,#10115,#10123,.T.);
#10123 = LINE('',#10124,#10125);
#10124 = CARTESIAN_POINT('',(390.,-275.,140.));
#10125 = VECTOR('',#10126,1.);
#10126 = DIRECTION('',(-1.,0.,0.));
#10127 = PLANE('',#10128);
#10128 = AXIS2_PLACEMENT_3D('',#10129,#10130,#10131);
#10129 = CARTESIAN_POINT('',(390.,-275.,140.));
#10130 = DIRECTION('',(0.,0.,1.));
#10131 = DIRECTION('',(-1.,0.,0.));
#10132 = ADVANCED_FACE('',(#10133),#10149,.T.);
#10133 = FACE_BOUND('',#10134,.T.);
#10134 = EDGE_LOOP('',(#10135,#10136,#10142,#10143));
#10135 = ORIENTED_EDGE('',*,*,#10114,.T.);
#10136 = ORIENTED_EDGE('',*,*,#10137,.T.);
#10137 = EDGE_CURVE('',#10107,#10037,#10138,.T.);
#10138 = LINE('',#10139,#10140);
#10139 = CARTESIAN_POINT('',(220.,-255.,140.));
#10140 = VECTOR('',#10141,1.);
#10141 = DIRECTION('',(0.,0.,-1.));
#10142 = ORIENTED_EDGE('',*,*,#10034,.F.);
#10143 = ORIENTED_EDGE('',*,*,#10144,.F.);
#10144 = EDGE_CURVE('',#10115,#10035,#10145,.T.);
#10145 = LINE('',#10146,#10147);
#10146 = CARTESIAN_POINT('',(220.,-275.,140.));
#10147 = VECTOR('',#10148,1.);
#10148 = DIRECTION('',(0.,0.,-1.));
#10149 = PLANE('',#10150);
#10150 = AXIS2_PLACEMENT_3D('',#10151,#10152,#10153);
#10151 = CARTESIAN_POINT('',(220.,-275.,140.));
#10152 = DIRECTION('',(-1.,-0.,-0.));
#10153 = DIRECTION('',(0.,0.,-1.));
#10154 = ADVANCED_FACE('',(#10155),#10161,.T.);
#10155 = FACE_BOUND('',#10156,.T.);
#10156 = EDGE_LOOP('',(#10157,#10158,#10159,#10160));
#10157 = ORIENTED_EDGE('',*,*,#10060,.T.);
#10158 = ORIENTED_EDGE('',*,*,#10091,.T.);
#10159 = ORIENTED_EDGE('',*,*,#10122,.T.);
#10160 = ORIENTED_EDGE('',*,*,#10144,.T.);
#10161 = PLANE('',#10162);
#10162 = AXIS2_PLACEMENT_3D('',#10163,#10164,#10165);
#10163 = CARTESIAN_POINT('',(305.,-275.,88.349364905389));
#10164 = DIRECTION('',(-0.,-1.,-0.));
#10165 = DIRECTION('',(0.,0.,-1.));
#10166 = ADVANCED_FACE('',(#10167),#10173,.F.);
#10167 = FACE_BOUND('',#10168,.F.);
#10168 = EDGE_LOOP('',(#10169,#10170,#10171,#10172));
#10169 = ORIENTED_EDGE('',*,*,#10044,.T.);
#10170 = ORIENTED_EDGE('',*,*,#10075,.T.);
#10171 = ORIENTED_EDGE('',*,*,#10106,.T.);
#10172 = ORIENTED_EDGE('',*,*,#10137,.T.);
#10173 = PLANE('',#10174);
#10174 = AXIS2_PLACEMENT_3D('',#10175,#10176,#10177);
#10175 = CARTESIAN_POINT('',(305.,-255.,88.349364905389));
#10176 = DIRECTION('',(-0.,-1.,-0.));
#10177 = DIRECTION('',(0.,0.,-1.));
#10178 = ( GEOMETRIC_REPRESENTATION_CONTEXT(3) 
GLOBAL_UNCERTAINTY_ASSIGNED_CONTEXT((#10182)) 
GLOBAL_UNIT_ASSIGNED_CONTEXT((#10179,#10180,#10181)) 
REPRESENTATION_CONTEXT('Context #1',
  '3D Context with UNIT and UNCERTAINTY') );
#10179 = ( LENGTH_UNIT() NAMED_UNIT(*) SI_UNIT(.MILLI.,.METRE.) );
#10180 = ( NAMED_UNIT(*) PLANE_ANGLE_UNIT() SI_UNIT($,.RADIAN.) );
#10181 = ( NAMED_UNIT(*) SI_UNIT($,.STERADIAN.) SOLID_ANGLE_UNIT() );
#10182 = UNCERTAINTY_MEASURE_WITH_UNIT(LENGTH_MEASURE(1.E-07),#10179,
  'distance_accuracy_value','confusion accuracy');
#10183 = CONTEXT_DEPENDENT_SHAPE_REPRESENTATION(#10184,#10186);
#10184 = ( REPRESENTATION_RELATIONSHIP('','',#10027,#10) 
REPRESENTATION_RELATIONSHIP_WITH_TRANSFORMATION(#10185) 
SHAPE_REPRESENTATION_RELATIONSHIP() );
#10185 = ITEM_DEFINED_TRANSFORMATION('','',#11,#235);
#10186 = PRODUCT_DEFINITION_SHAPE('Placement','Placement of an item',
  #10187);
#10187 = NEXT_ASSEMBLY_USAGE_OCCURRENCE('144',
  'TRI-AMA-PORT-SIDE-PORT-03 | SidePort | nominal plywood 20 mm','',#5,
  #10022,$);
#10188 = PRODUCT_RELATED_PRODUCT_CATEGORY('part',$,(#10024));
#10189 = SHAPE_DEFINITION_REPRESENTATION(#10190,#10196);
#10190 = PRODUCT_DEFINITION_SHAPE('','',#10191);
#10191 = PRODUCT_DEFINITION('design','',#10192,#10195);
#10192 = PRODUCT_DEFINITION_FORMATION('','',#10193);
#10193 = PRODUCT(
'TRI-AMA-PORT-SIDE-STARBOARD-03 | SideStarboard | nominal plywood 20 mm'
  ,
'TRI-AMA-PORT-SIDE-STARBOARD-03 | SideStarboard | nominal plywood 20 mm'
  ,'',(#10194));
#10194 = PRODUCT_CONTEXT('',#2,'mechanical');
#10195 = PRODUCT_DEFINITION_CONTEXT('part definition',#2,'design');
#10196 = ADVANCED_BREP_SHAPE_REPRESENTATION('',(#11,#10197),#10347);
#10197 = MANIFOLD_SOLID_BREP('',#10198);
#10198 = CLOSED_SHELL('',(#10199,#10239,#10270,#10301,#10323,#10335));
#10199 = ADVANCED_FACE('',(#10200),#10234,.T.);
#10200 = FACE_BOUND('',#10201,.T.);
#10201 = EDGE_LOOP('',(#10202,#10212,#10220,#10228));
#10202 = ORIENTED_EDGE('',*,*,#10203,.T.);
#10203 = EDGE_CURVE('',#10204,#10206,#10208,.T.);
#10204 = VERTEX_POINT('',#10205);
#10205 = CARTESIAN_POINT('',(220.,-175.,36.698729810778));
#10206 = VERTEX_POINT('',#10207);
#10207 = CARTESIAN_POINT('',(220.,-195.,36.698729810778));
#10208 = LINE('',#10209,#10210);
#10209 = CARTESIAN_POINT('',(220.,-175.,36.698729810778));
#10210 = VECTOR('',#10211,1.);
#10211 = DIRECTION('',(-0.,-1.,-0.));
#10212 = ORIENTED_EDGE('',*,*,#10213,.T.);
#10213 = EDGE_CURVE('',#10206,#10214,#10216,.T.);
#10214 = VERTEX_POINT('',#10215);
#10215 = CARTESIAN_POINT('',(220.,-195.,140.));
#10216 = LINE('',#10217,#10218);
#10217 = CARTESIAN_POINT('',(220.,-195.,36.698729810778));
#10218 = VECTOR('',#10219,1.);
#10219 = DIRECTION('',(0.,0.,1.));
#10220 = ORIENTED_EDGE('',*,*,#10221,.F.);
#10221 = EDGE_CURVE('',#10222,#10214,#10224,.T.);
#10222 = VERTEX_POINT('',#10223);
#10223 = CARTESIAN_POINT('',(220.,-175.,140.));
#10224 = LINE('',#10225,#10226);
#10225 = CARTESIAN_POINT('',(220.,-175.,140.));
#10226 = VECTOR('',#10227,1.);
#10227 = DIRECTION('',(-0.,-1.,-0.));
#10228 = ORIENTED_EDGE('',*,*,#10229,.F.);
#10229 = EDGE_CURVE('',#10204,#10222,#10230,.T.);
#10230 = LINE('',#10231,#10232);
#10231 = CARTESIAN_POINT('',(220.,-175.,36.698729810778));
#10232 = VECTOR('',#10233,1.);
#10233 = DIRECTION('',(0.,0.,1.));
#10234 = PLANE('',#10235);
#10235 = AXIS2_PLACEMENT_3D('',#10236,#10237,#10238);
#10236 = CARTESIAN_POINT('',(220.,-175.,36.698729810778));
#10237 = DIRECTION('',(-1.,0.,0.));
#10238 = DIRECTION('',(0.,0.,1.));
#10239 = ADVANCED_FACE('',(#10240),#10265,.T.);
#10240 = FACE_BOUND('',#10241,.T.);
#10241 = EDGE_LOOP('',(#10242,#10243,#10251,#10259));
#10242 = ORIENTED_EDGE('',*,*,#10221,.T.);
#10243 = ORIENTED_EDGE('',*,*,#10244,.T.);
#10244 = EDGE_CURVE('',#10214,#10245,#10247,.T.);
#10245 = VERTEX_POINT('',#10246);
#10246 = CARTESIAN_POINT('',(390.,-195.,140.));
#10247 = LINE('',#10248,#10249);
#10248 = CARTESIAN_POINT('',(220.,-195.,140.));
#10249 = VECTOR('',#10250,1.);
#10250 = DIRECTION('',(1.,0.,0.));
#10251 = ORIENTED_EDGE('',*,*,#10252,.F.);
#10252 = EDGE_CURVE('',#10253,#10245,#10255,.T.);
#10253 = VERTEX_POINT('',#10254);
#10254 = CARTESIAN_POINT('',(390.,-175.,140.));
#10255 = LINE('',#10256,#10257);
#10256 = CARTESIAN_POINT('',(390.,-175.,140.));
#10257 = VECTOR('',#10258,1.);
#10258 = DIRECTION('',(-0.,-1.,-0.));
#10259 = ORIENTED_EDGE('',*,*,#10260,.F.);
#10260 = EDGE_CURVE('',#10222,#10253,#10261,.T.);
#10261 = LINE('',#10262,#10263);
#10262 = CARTESIAN_POINT('',(220.,-175.,140.));
#10263 = VECTOR('',#10264,1.);
#10264 = DIRECTION('',(1.,0.,0.));
#10265 = PLANE('',#10266);
#10266 = AXIS2_PLACEMENT_3D('',#10267,#10268,#10269);
#10267 = CARTESIAN_POINT('',(220.,-175.,140.));
#10268 = DIRECTION('',(0.,0.,1.));
#10269 = DIRECTION('',(1.,0.,-0.));
#10270 = ADVANCED_FACE('',(#10271),#10296,.T.);
#10271 = FACE_BOUND('',#10272,.T.);
#10272 = EDGE_LOOP('',(#10273,#10274,#10282,#10290));
#10273 = ORIENTED_EDGE('',*,*,#10252,.T.);
#10274 = ORIENTED_EDGE('',*,*,#10275,.T.);
#10275 = EDGE_CURVE('',#10245,#10276,#10278,.T.);
#10276 = VERTEX_POINT('',#10277);
#10277 = CARTESIAN_POINT('',(390.,-195.,36.698729810778));
#10278 = LINE('',#10279,#10280);
#10279 = CARTESIAN_POINT('',(390.,-195.,140.));
#10280 = VECTOR('',#10281,1.);
#10281 = DIRECTION('',(0.,0.,-1.));
#10282 = ORIENTED_EDGE('',*,*,#10283,.F.);
#10283 = EDGE_CURVE('',#10284,#10276,#10286,.T.);
#10284 = VERTEX_POINT('',#10285);
#10285 = CARTESIAN_POINT('',(390.,-175.,36.698729810778));
#10286 = LINE('',#10287,#10288);
#10287 = CARTESIAN_POINT('',(390.,-175.,36.698729810778));
#10288 = VECTOR('',#10289,1.);
#10289 = DIRECTION('',(-0.,-1.,-0.));
#10290 = ORIENTED_EDGE('',*,*,#10291,.F.);
#10291 = EDGE_CURVE('',#10253,#10284,#10292,.T.);
#10292 = LINE('',#10293,#10294);
#10293 = CARTESIAN_POINT('',(390.,-175.,140.));
#10294 = VECTOR('',#10295,1.);
#10295 = DIRECTION('',(0.,0.,-1.));
#10296 = PLANE('',#10297);
#10297 = AXIS2_PLACEMENT_3D('',#10298,#10299,#10300);
#10298 = CARTESIAN_POINT('',(390.,-175.,140.));
#10299 = DIRECTION('',(1.,-0.,0.));
#10300 = DIRECTION('',(0.,0.,-1.));
#10301 = ADVANCED_FACE('',(#10302),#10318,.T.);
#10302 = FACE_BOUND('',#10303,.T.);
#10303 = EDGE_LOOP('',(#10304,#10305,#10311,#10312));
#10304 = ORIENTED_EDGE('',*,*,#10283,.T.);
#10305 = ORIENTED_EDGE('',*,*,#10306,.T.);
#10306 = EDGE_CURVE('',#10276,#10206,#10307,.T.);
#10307 = LINE('',#10308,#10309);
#10308 = CARTESIAN_POINT('',(390.,-195.,36.698729810778));
#10309 = VECTOR('',#10310,1.);
#10310 = DIRECTION('',(-1.,0.,0.));
#10311 = ORIENTED_EDGE('',*,*,#10203,.F.);
#10312 = ORIENTED_EDGE('',*,*,#10313,.F.);
#10313 = EDGE_CURVE('',#10284,#10204,#10314,.T.);
#10314 = LINE('',#10315,#10316);
#10315 = CARTESIAN_POINT('',(390.,-175.,36.698729810778));
#10316 = VECTOR('',#10317,1.);
#10317 = DIRECTION('',(-1.,0.,0.));
#10318 = PLANE('',#10319);
#10319 = AXIS2_PLACEMENT_3D('',#10320,#10321,#10322);
#10320 = CARTESIAN_POINT('',(390.,-175.,36.698729810778));
#10321 = DIRECTION('',(0.,0.,-1.));
#10322 = DIRECTION('',(-1.,0.,0.));
#10323 = ADVANCED_FACE('',(#10324),#10330,.T.);
#10324 = FACE_BOUND('',#10325,.T.);
#10325 = EDGE_LOOP('',(#10326,#10327,#10328,#10329));
#10326 = ORIENTED_EDGE('',*,*,#10229,.T.);
#10327 = ORIENTED_EDGE('',*,*,#10260,.T.);
#10328 = ORIENTED_EDGE('',*,*,#10291,.T.);
#10329 = ORIENTED_EDGE('',*,*,#10313,.T.);
#10330 = PLANE('',#10331);
#10331 = AXIS2_PLACEMENT_3D('',#10332,#10333,#10334);
#10332 = CARTESIAN_POINT('',(305.,-175.,88.349364905389));
#10333 = DIRECTION('',(0.,1.,0.));
#10334 = DIRECTION('',(0.,-0.,1.));
#10335 = ADVANCED_FACE('',(#10336),#10342,.F.);
#10336 = FACE_BOUND('',#10337,.F.);
#10337 = EDGE_LOOP('',(#10338,#10339,#10340,#10341));
#10338 = ORIENTED_EDGE('',*,*,#10213,.T.);
#10339 = ORIENTED_EDGE('',*,*,#10244,.T.);
#10340 = ORIENTED_EDGE('',*,*,#10275,.T.);
#10341 = ORIENTED_EDGE('',*,*,#10306,.T.);
#10342 = PLANE('',#10343);
#10343 = AXIS2_PLACEMENT_3D('',#10344,#10345,#10346);
#10344 = CARTESIAN_POINT('',(305.,-195.,88.349364905389));
#10345 = DIRECTION('',(0.,1.,0.));
#10346 = DIRECTION('',(0.,-0.,1.));
#10347 = ( GEOMETRIC_REPRESENTATION_CONTEXT(3) 
GLOBAL_UNCERTAINTY_ASSIGNED_CONTEXT((#10351)) 
GLOBAL_UNIT_ASSIGNED_CONTEXT((#10348,#10349,#10350)) 
REPRESENTATION_CONTEXT('Context #1',
  '3D Context with UNIT and UNCERTAINTY') );
#10348 = ( LENGTH_UNIT() NAMED_UNIT(*) SI_UNIT(.MILLI.,.METRE.) );
#10349 = ( NAMED_UNIT(*) PLANE_ANGLE_UNIT() SI_UNIT($,.RADIAN.) );
#10350 = ( NAMED_UNIT(*) SI_UNIT($,.STERADIAN.) SOLID_ANGLE_UNIT() );
#10351 = UNCERTAINTY_MEASURE_WITH_UNIT(LENGTH_MEASURE(1.E-07),#10348,
  'distance_accuracy_value','confusion accuracy');
#10352 = CONTEXT_DEPENDENT_SHAPE_REPRESENTATION(#10353,#10355);
#10353 = ( REPRESENTATION_RELATIONSHIP('','',#10196,#10) 
REPRESENTATION_RELATIONSHIP_WITH_TRANSFORMATION(#10354) 
SHAPE_REPRESENTATION_RELATIONSHIP() );
#10354 = ITEM_DEFINED_TRANSFORMATION('','',#11,#239);
#10355 = PRODUCT_DEFINITION_SHAPE('Placement','Placement of an item',
  #10356);
#10356 = NEXT_ASSEMBLY_USAGE_OCCURRENCE('145',
'TRI-AMA-PORT-SIDE-STARBOARD-03 | SideStarboard | nominal plywood 20 mm'
  ,'',#5,#10191,$);
#10357 = PRODUCT_RELATED_PRODUCT_CATEGORY('part',$,(#10193));
#10358 = SHAPE_DEFINITION_REPRESENTATION(#10359,#10365);
#10359 = PRODUCT_DEFINITION_SHAPE('','',#10360);
#10360 = PRODUCT_DEFINITION('design','',#10361,#10364);
#10361 = PRODUCT_DEFINITION_FORMATION('','',#10362);
#10362 = PRODUCT(
  'TRI-AMA-PORT-BOTTOM-04 | BottomFlat | nominal plywood 20 mm',
  'TRI-AMA-PORT-BOTTOM-04 | BottomFlat | nominal plywood 20 mm','',(
    #10363));
#10363 = PRODUCT_CONTEXT('',#2,'mechanical');
#10364 = PRODUCT_DEFINITION_CONTEXT('part definition',#2,'design');
#10365 = ADVANCED_BREP_SHAPE_REPRESENTATION('',(#11,#10366),#10483);
#10366 = MANIFOLD_SOLID_BREP('',#10367);
#10367 = CLOSED_SHELL('',(#10368,#10408,#10439,#10461,#10472));
#10368 = ADVANCED_FACE('',(#10369),#10403,.F.);
#10369 = FACE_BOUND('',#10370,.F.);
#10370 = EDGE_LOOP('',(#10371,#10381,#10389,#10397));
#10371 = ORIENTED_EDGE('',*,*,#10372,.T.);
#10372 = EDGE_CURVE('',#10373,#10375,#10377,.T.);
#10373 = VERTEX_POINT('',#10374);
#10374 = CARTESIAN_POINT('',(390.,-250.,30.));
#10375 = VERTEX_POINT('',#10376);
#10376 = CARTESIAN_POINT('',(390.,-250.,50.));
#10377 = LINE('',#10378,#10379);
#10378 = CARTESIAN_POINT('',(390.,-250.,30.));
#10379 = VECTOR('',#10380,1.);
#10380 = DIRECTION('',(0.,0.,1.));
#10381 = ORIENTED_EDGE('',*,*,#10382,.T.);
#10382 = EDGE_CURVE('',#10375,#10383,#10385,.T.);
#10383 = VERTEX_POINT('',#10384);
#10384 = CARTESIAN_POINT('',(560.,-225.,50.));
#10385 = LINE('',#10386,#10387);
#10386 = CARTESIAN_POINT('',(390.,-250.,50.));
#10387 = VECTOR('',#10388,1.);
#10388 = DIRECTION('',(0.989359135365,0.145493990495,0.));
#10389 = ORIENTED_EDGE('',*,*,#10390,.F.);
#10390 = EDGE_CURVE('',#10391,#10383,#10393,.T.);
#10391 = VERTEX_POINT('',#10392);
#10392 = CARTESIAN_POINT('',(560.,-225.,30.));
#10393 = LINE('',#10394,#10395);
#10394 = CARTESIAN_POINT('',(560.,-225.,30.));
#10395 = VECTOR('',#10396,1.);
#10396 = DIRECTION('',(0.,0.,1.));
#10397 = ORIENTED_EDGE('',*,*,#10398,.F.);
#10398 = EDGE_CURVE('',#10373,#10391,#10399,.T.);
#10399 = LINE('',#10400,#10401);
#10400 = CARTESIAN_POINT('',(390.,-250.,30.));
#10401 = VECTOR('',#10402,1.);
#10402 = DIRECTION('',(0.989359135365,0.145493990495,0.));
#10403 = PLANE('',#10404);
#10404 = AXIS2_PLACEMENT_3D('',#10405,#10406,#10407);
#10405 = CARTESIAN_POINT('',(390.,-250.,30.));
#10406 = DIRECTION('',(-0.145493990495,0.989359135365,0.));
#10407 = DIRECTION('',(0.989359135365,0.145493990495,0.));
#10408 = ADVANCED_FACE('',(#10409),#10434,.F.);
#10409 = FACE_BOUND('',#10410,.F.);
#10410 = EDGE_LOOP('',(#10411,#10412,#10420,#10428));
#10411 = ORIENTED_EDGE('',*,*,#10390,.T.);
#10412 = ORIENTED_EDGE('',*,*,#10413,.T.);
#10413 = EDGE_CURVE('',#10383,#10414,#10416,.T.);
#10414 = VERTEX_POINT('',#10415);
#10415 = CARTESIAN_POINT('',(390.,-200.,50.));
#10416 = LINE('',#10417,#10418);
#10417 = CARTESIAN_POINT('',(560.,-225.,50.));
#10418 = VECTOR('',#10419,1.);
#10419 = DIRECTION('',(-0.989359135365,0.145493990495,0.));
#10420 = ORIENTED_EDGE('',*,*,#10421,.F.);
#10421 = EDGE_CURVE('',#10422,#10414,#10424,.T.);
#10422 = VERTEX_POINT('',#10423);
#10423 = CARTESIAN_POINT('',(390.,-200.,30.));
#10424 = LINE('',#10425,#10426);
#10425 = CARTESIAN_POINT('',(390.,-200.,30.));
#10426 = VECTOR('',#10427,1.);
#10427 = DIRECTION('',(0.,0.,1.));
#10428 = ORIENTED_EDGE('',*,*,#10429,.F.);
#10429 = EDGE_CURVE('',#10391,#10422,#10430,.T.);
#10430 = LINE('',#10431,#10432);
#10431 = CARTESIAN_POINT('',(560.,-225.,30.));
#10432 = VECTOR('',#10433,1.);
#10433 = DIRECTION('',(-0.989359135365,0.145493990495,0.));
#10434 = PLANE('',#10435);
#10435 = AXIS2_PLACEMENT_3D('',#10436,#10437,#10438);
#10436 = CARTESIAN_POINT('',(560.,-225.,30.));
#10437 = DIRECTION('',(-0.145493990495,-0.989359135365,0.));
#10438 = DIRECTION('',(-0.989359135365,0.145493990495,0.));
#10439 = ADVANCED_FACE('',(#10440),#10456,.F.);
#10440 = FACE_BOUND('',#10441,.F.);
#10441 = EDGE_LOOP('',(#10442,#10443,#10449,#10450));
#10442 = ORIENTED_EDGE('',*,*,#10421,.T.);
#10443 = ORIENTED_EDGE('',*,*,#10444,.T.);
#10444 = EDGE_CURVE('',#10414,#10375,#10445,.T.);
#10445 = LINE('',#10446,#10447);
#10446 = CARTESIAN_POINT('',(390.,-200.,50.));
#10447 = VECTOR('',#10448,1.);
#10448 = DIRECTION('',(0.,-1.,0.));
#10449 = ORIENTED_EDGE('',*,*,#10372,.F.);
#10450 = ORIENTED_EDGE('',*,*,#10451,.F.);
#10451 = EDGE_CURVE('',#10422,#10373,#10452,.T.);
#10452 = LINE('',#10453,#10454);
#10453 = CARTESIAN_POINT('',(390.,-200.,30.));
#10454 = VECTOR('',#10455,1.);
#10455 = DIRECTION('',(0.,-1.,0.));
#10456 = PLANE('',#10457);
#10457 = AXIS2_PLACEMENT_3D('',#10458,#10459,#10460);
#10458 = CARTESIAN_POINT('',(390.,-200.,30.));
#10459 = DIRECTION('',(1.,0.,-0.));
#10460 = DIRECTION('',(0.,-1.,0.));
#10461 = ADVANCED_FACE('',(#10462),#10467,.F.);
#10462 = FACE_BOUND('',#10463,.F.);
#10463 = EDGE_LOOP('',(#10464,#10465,#10466));
#10464 = ORIENTED_EDGE('',*,*,#10398,.T.);
#10465 = ORIENTED_EDGE('',*,*,#10429,.T.);
#10466 = ORIENTED_EDGE('',*,*,#10451,.T.);
#10467 = PLANE('',#10468);
#10468 = AXIS2_PLACEMENT_3D('',#10469,#10470,#10471);
#10469 = CARTESIAN_POINT('',(464.20379391364,-225.,30.));
#10470 = DIRECTION('',(0.,0.,1.));
#10471 = DIRECTION('',(1.,0.,-0.));
#10472 = ADVANCED_FACE('',(#10473),#10478,.T.);
#10473 = FACE_BOUND('',#10474,.T.);
#10474 = EDGE_LOOP('',(#10475,#10476,#10477));
#10475 = ORIENTED_EDGE('',*,*,#10382,.T.);
#10476 = ORIENTED_EDGE('',*,*,#10413,.T.);
#10477 = ORIENTED_EDGE('',*,*,#10444,.T.);
#10478 = PLANE('',#10479);
#10479 = AXIS2_PLACEMENT_3D('',#10480,#10481,#10482);
#10480 = CARTESIAN_POINT('',(464.20379391364,-225.,50.));
#10481 = DIRECTION('',(0.,0.,1.));
#10482 = DIRECTION('',(1.,0.,-0.));
#10483 = ( GEOMETRIC_REPRESENTATION_CONTEXT(3) 
GLOBAL_UNCERTAINTY_ASSIGNED_CONTEXT((#10487)) 
GLOBAL_UNIT_ASSIGNED_CONTEXT((#10484,#10485,#10486)) 
REPRESENTATION_CONTEXT('Context #1',
  '3D Context with UNIT and UNCERTAINTY') );
#10484 = ( LENGTH_UNIT() NAMED_UNIT(*) SI_UNIT(.MILLI.,.METRE.) );
#10485 = ( NAMED_UNIT(*) PLANE_ANGLE_UNIT() SI_UNIT($,.RADIAN.) );
#10486 = ( NAMED_UNIT(*) SI_UNIT($,.STERADIAN.) SOLID_ANGLE_UNIT() );
#10487 = UNCERTAINTY_MEASURE_WITH_UNIT(LENGTH_MEASURE(1.E-07),#10484,
  'distance_accuracy_value','confusion accuracy');
#10488 = CONTEXT_DEPENDENT_SHAPE_REPRESENTATION(#10489,#10491);
#10489 = ( REPRESENTATION_RELATIONSHIP('','',#10365,#10) 
REPRESENTATION_RELATIONSHIP_WITH_TRANSFORMATION(#10490) 
SHAPE_REPRESENTATION_RELATIONSHIP() );
#10490 = ITEM_DEFINED_TRANSFORMATION('','',#11,#243);
#10491 = PRODUCT_DEFINITION_SHAPE('Placement','Placement of an item',
  #10492);
#10492 = NEXT_ASSEMBLY_USAGE_OCCURRENCE('146',
  'TRI-AMA-PORT-BOTTOM-04 | BottomFlat | nominal plywood 20 mm','',#5,
  #10360,$);
#10493 = PRODUCT_RELATED_PRODUCT_CATEGORY('part',$,(#10362));
#10494 = SHAPE_DEFINITION_REPRESENTATION(#10495,#10501);
#10495 = PRODUCT_DEFINITION_SHAPE('','',#10496);
#10496 = PRODUCT_DEFINITION('design','',#10497,#10500);
#10497 = PRODUCT_DEFINITION_FORMATION('','',#10498);
#10498 = PRODUCT(
  'TRI-AMA-PORT-CHINE-PORT-04 | ChinePort | nominal plywood 20 mm',
  'TRI-AMA-PORT-CHINE-PORT-04 | ChinePort | nominal plywood 20 mm','',(
    #10499));
#10499 = PRODUCT_CONTEXT('',#2,'mechanical');
#10500 = PRODUCT_DEFINITION_CONTEXT('part definition',#2,'design');
#10501 = ADVANCED_BREP_SHAPE_REPRESENTATION('',(#11,#10502),#10652);
#10502 = MANIFOLD_SOLID_BREP('',#10503);
#10503 = CLOSED_SHELL('',(#10504,#10544,#10575,#10606,#10628,#10640));
#10504 = ADVANCED_FACE('',(#10505),#10539,.T.);
#10505 = FACE_BOUND('',#10506,.T.);
#10506 = EDGE_LOOP('',(#10507,#10517,#10525,#10533));
#10507 = ORIENTED_EDGE('',*,*,#10508,.T.);
#10508 = EDGE_CURVE('',#10509,#10511,#10513,.T.);
#10509 = VERTEX_POINT('',#10510);
#10510 = CARTESIAN_POINT('',(390.,-250.,30.));
#10511 = VERTEX_POINT('',#10512);
#10512 = CARTESIAN_POINT('',(389.23931830992,-244.8273645074,
    49.304538467105));
#10513 = LINE('',#10514,#10515);
#10514 = CARTESIAN_POINT('',(390.,-250.,30.));
#10515 = VECTOR('',#10516,1.);
#10516 = DIRECTION('',(-3.80340845038E-02,0.258631774626,0.965226923355)
  );
#10517 = ORIENTED_EDGE('',*,*,#10518,.T.);
#10518 = EDGE_CURVE('',#10511,#10519,#10521,.T.);
#10519 = VERTEX_POINT('',#10520);
#10520 = CARTESIAN_POINT('',(559.23931830992,-219.8273645074,
    49.304538467105));
#10521 = LINE('',#10522,#10523);
#10522 = CARTESIAN_POINT('',(389.23931830992,-244.8273645074,
    49.304538467105));
#10523 = VECTOR('',#10524,1.);
#10524 = DIRECTION('',(0.989359135365,0.145493990495,0.));
#10525 = ORIENTED_EDGE('',*,*,#10526,.F.);
#10526 = EDGE_CURVE('',#10527,#10519,#10529,.T.);
#10527 = VERTEX_POINT('',#10528);
#10528 = CARTESIAN_POINT('',(560.,-225.,30.));
#10529 = LINE('',#10530,#10531);
#10530 = CARTESIAN_POINT('',(560.,-225.,30.));
#10531 = VECTOR('',#10532,1.);
#10532 = DIRECTION('',(-3.80340845038E-02,0.258631774626,0.965226923355)
  );
#10533 = ORIENTED_EDGE('',*,*,#10534,.F.);
#10534 = EDGE_CURVE('',#10509,#10527,#10535,.T.);
#10535 = LINE('',#10536,#10537);
#10536 = CARTESIAN_POINT('',(390.,-250.,30.));
#10537 = VECTOR('',#10538,1.);
#10538 = DIRECTION('',(0.989359135365,0.145493990495,0.));
#10539 = PLANE('',#10540);
#10540 = AXIS2_PLACEMENT_3D('',#10541,#10542,#10543);
#10541 = CARTESIAN_POINT('',(390.,-250.,30.));
#10542 = DIRECTION('',(-0.140434716812,0.954956074322,-0.261413439651));
#10543 = DIRECTION('',(0.989359135365,0.145493990495,-6.938893903907E-18
    ));
#10544 = ADVANCED_FACE('',(#10545),#10570,.T.);
#10545 = FACE_BOUND('',#10546,.T.);
#10546 = EDGE_LOOP('',(#10547,#10548,#10556,#10564));
#10547 = ORIENTED_EDGE('',*,*,#10526,.T.);
#10548 = ORIENTED_EDGE('',*,*,#10549,.T.);
#10549 = EDGE_CURVE('',#10519,#10550,#10552,.T.);
#10550 = VERTEX_POINT('',#10551);
#10551 = CARTESIAN_POINT('',(559.23931830992,-230.9384756185,
    52.28175171634));
#10552 = LINE('',#10553,#10554);
#10553 = CARTESIAN_POINT('',(559.23931830992,-219.8273645074,
    49.304538467105));
#10554 = VECTOR('',#10555,1.);
#10555 = DIRECTION('',(0.,-0.965925826289,0.258819045103));
#10556 = ORIENTED_EDGE('',*,*,#10557,.F.);
#10557 = EDGE_CURVE('',#10558,#10550,#10560,.T.);
#10558 = VERTEX_POINT('',#10559);
#10559 = CARTESIAN_POINT('',(560.,-236.1111111111,32.977213249235));
#10560 = LINE('',#10561,#10562);
#10561 = CARTESIAN_POINT('',(560.,-236.1111111111,32.977213249235));
#10562 = VECTOR('',#10563,1.);
#10563 = DIRECTION('',(-3.80340845038E-02,0.258631774626,0.965226923355)
  );
#10564 = ORIENTED_EDGE('',*,*,#10565,.F.);
#10565 = EDGE_CURVE('',#10527,#10558,#10566,.T.);
#10566 = LINE('',#10567,#10568);
#10567 = CARTESIAN_POINT('',(560.,-225.,30.));
#10568 = VECTOR('',#10569,1.);
#10569 = DIRECTION('',(0.,-0.965925826289,0.258819045103));
#10570 = PLANE('',#10571);
#10571 = AXIS2_PLACEMENT_3D('',#10572,#10573,#10574);
#10572 = CARTESIAN_POINT('',(560.,-225.,30.));
#10573 = DIRECTION('',(0.99927644244,9.843945432621E-03,
    3.673810450148E-02));
#10574 = DIRECTION('',(1.734723475977E-18,-0.965925826289,0.258819045103
    ));
#10575 = ADVANCED_FACE('',(#10576),#10601,.T.);
#10576 = FACE_BOUND('',#10577,.T.);
#10577 = EDGE_LOOP('',(#10578,#10579,#10587,#10595));
#10578 = ORIENTED_EDGE('',*,*,#10557,.T.);
#10579 = ORIENTED_EDGE('',*,*,#10580,.T.);
#10580 = EDGE_CURVE('',#10550,#10581,#10583,.T.);
#10581 = VERTEX_POINT('',#10582);
#10582 = CARTESIAN_POINT('',(389.23931830992,-269.8273645074,
    56.003268277883));
#10583 = LINE('',#10584,#10585);
#10584 = CARTESIAN_POINT('',(559.23931830992,-230.9384756185,
    52.28175171634));
#10585 = VECTOR('',#10586,1.);
#10586 = DIRECTION('',(-0.974597059281,-0.222947039705,2.13351711585E-02
    ));
#10587 = ORIENTED_EDGE('',*,*,#10588,.F.);
#10588 = EDGE_CURVE('',#10589,#10581,#10591,.T.);
#10589 = VERTEX_POINT('',#10590);
#10590 = CARTESIAN_POINT('',(390.,-275.,36.698729810778));
#10591 = LINE('',#10592,#10593);
#10592 = CARTESIAN_POINT('',(390.,-275.,36.698729810778));
#10593 = VECTOR('',#10594,1.);
#10594 = DIRECTION('',(-3.80340845038E-02,0.258631774626,0.965226923355)
  );
#10595 = ORIENTED_EDGE('',*,*,#10596,.F.);
#10596 = EDGE_CURVE('',#10558,#10589,#10597,.T.);
#10597 = LINE('',#10598,#10599);
#10598 = CARTESIAN_POINT('',(560.,-236.1111111111,32.977213249235));
#10599 = VECTOR('',#10600,1.);
#10600 = DIRECTION('',(-0.974597059281,-0.222947039705,2.13351711585E-02
    ));
#10601 = PLANE('',#10602);
#10602 = AXIS2_PLACEMENT_3D('',#10603,#10604,#10605);
#10603 = CARTESIAN_POINT('',(560.,-236.1111111111,32.977213249235));
#10604 = DIRECTION('',(0.220712438384,-0.939895857338,0.260541353535));
#10605 = DIRECTION('',(-0.974597059281,-0.222947039705,2.13351711585E-02
    ));
#10606 = ADVANCED_FACE('',(#10607),#10623,.T.);
#10607 = FACE_BOUND('',#10608,.T.);
#10608 = EDGE_LOOP('',(#10609,#10610,#10616,#10617));
#10609 = ORIENTED_EDGE('',*,*,#10588,.T.);
#10610 = ORIENTED_EDGE('',*,*,#10611,.T.);
#10611 = EDGE_CURVE('',#10581,#10511,#10612,.T.);
#10612 = LINE('',#10613,#10614);
#10613 = CARTESIAN_POINT('',(389.23931830992,-269.8273645074,
    56.003268277883));
#10614 = VECTOR('',#10615,1.);
#10615 = DIRECTION('',(0.,0.965925826289,-0.258819045103));
#10616 = ORIENTED_EDGE('',*,*,#10508,.F.);
#10617 = ORIENTED_EDGE('',*,*,#10618,.F.);
#10618 = EDGE_CURVE('',#10589,#10509,#10619,.T.);
#10619 = LINE('',#10620,#10621);
#10620 = CARTESIAN_POINT('',(390.,-275.,36.698729810778));
#10621 = VECTOR('',#10622,1.);
#10622 = DIRECTION('',(0.,0.965925826289,-0.258819045103));
#10623 = PLANE('',#10624);
#10624 = AXIS2_PLACEMENT_3D('',#10625,#10626,#10627);
#10625 = CARTESIAN_POINT('',(390.,-275.,36.698729810778));
#10626 = DIRECTION('',(-0.99927644244,-9.843945432621E-03,
    -3.673810450148E-02));
#10627 = DIRECTION('',(-1.734723475977E-18,0.965925826289,
    -0.258819045103));
#10628 = ADVANCED_FACE('',(#10629),#10635,.T.);
#10629 = FACE_BOUND('',#10630,.T.);
#10630 = EDGE_LOOP('',(#10631,#10632,#10633,#10634));
#10631 = ORIENTED_EDGE('',*,*,#10534,.T.);
#10632 = ORIENTED_EDGE('',*,*,#10565,.T.);
#10633 = ORIENTED_EDGE('',*,*,#10596,.T.);
#10634 = ORIENTED_EDGE('',*,*,#10618,.T.);
#10635 = PLANE('',#10636);
#10636 = AXIS2_PLACEMENT_3D('',#10637,#10638,#10639);
#10637 = CARTESIAN_POINT('',(471.8142349383,-247.1876549055,
    32.470266488567));
#10638 = DIRECTION('',(3.80340845038E-02,-0.258631774626,-0.965226923355
    ));
#10639 = DIRECTION('',(0.,-0.965925826289,0.258819045103));
#10640 = ADVANCED_FACE('',(#10641),#10647,.F.);
#10641 = FACE_BOUND('',#10642,.F.);
#10642 = EDGE_LOOP('',(#10643,#10644,#10645,#10646));
#10643 = ORIENTED_EDGE('',*,*,#10518,.T.);
#10644 = ORIENTED_EDGE('',*,*,#10549,.T.);
#10645 = ORIENTED_EDGE('',*,*,#10580,.T.);
#10646 = ORIENTED_EDGE('',*,*,#10611,.T.);
#10647 = PLANE('',#10648);
#10648 = AXIS2_PLACEMENT_3D('',#10649,#10650,#10651);
#10649 = CARTESIAN_POINT('',(471.05355324822,-242.015019413,
    51.774804955672));
#10650 = DIRECTION('',(3.80340845038E-02,-0.258631774626,-0.965226923355
    ));
#10651 = DIRECTION('',(0.,-0.965925826289,0.258819045103));
#10652 = ( GEOMETRIC_REPRESENTATION_CONTEXT(3) 
GLOBAL_UNCERTAINTY_ASSIGNED_CONTEXT((#10656)) 
GLOBAL_UNIT_ASSIGNED_CONTEXT((#10653,#10654,#10655)) 
REPRESENTATION_CONTEXT('Context #1',
  '3D Context with UNIT and UNCERTAINTY') );
#10653 = ( LENGTH_UNIT() NAMED_UNIT(*) SI_UNIT(.MILLI.,.METRE.) );
#10654 = ( NAMED_UNIT(*) PLANE_ANGLE_UNIT() SI_UNIT($,.RADIAN.) );
#10655 = ( NAMED_UNIT(*) SI_UNIT($,.STERADIAN.) SOLID_ANGLE_UNIT() );
#10656 = UNCERTAINTY_MEASURE_WITH_UNIT(LENGTH_MEASURE(1.E-07),#10653,
  'distance_accuracy_value','confusion accuracy');
#10657 = CONTEXT_DEPENDENT_SHAPE_REPRESENTATION(#10658,#10660);
#10658 = ( REPRESENTATION_RELATIONSHIP('','',#10501,#10) 
REPRESENTATION_RELATIONSHIP_WITH_TRANSFORMATION(#10659) 
SHAPE_REPRESENTATION_RELATIONSHIP() );
#10659 = ITEM_DEFINED_TRANSFORMATION('','',#11,#247);
#10660 = PRODUCT_DEFINITION_SHAPE('Placement','Placement of an item',
  #10661);
#10661 = NEXT_ASSEMBLY_USAGE_OCCURRENCE('147',
  'TRI-AMA-PORT-CHINE-PORT-04 | ChinePort | nominal plywood 20 mm','',#5
  ,#10496,$);
#10662 = PRODUCT_RELATED_PRODUCT_CATEGORY('part',$,(#10498));
#10663 = SHAPE_DEFINITION_REPRESENTATION(#10664,#10670);
#10664 = PRODUCT_DEFINITION_SHAPE('','',#10665);
#10665 = PRODUCT_DEFINITION('design','',#10666,#10669);
#10666 = PRODUCT_DEFINITION_FORMATION('','',#10667);
#10667 = PRODUCT(
'TRI-AMA-PORT-CHINE-STARBOARD-04 | ChineStarboard | nominal plywood 20 
mm',
'TRI-AMA-PORT-CHINE-STARBOARD-04 | ChineStarboard | nominal plywood 20 
mm','',(#10668));
#10668 = PRODUCT_CONTEXT('',#2,'mechanical');
#10669 = PRODUCT_DEFINITION_CONTEXT('part definition',#2,'design');
#10670 = ADVANCED_BREP_SHAPE_REPRESENTATION('',(#11,#10671),#10821);
#10671 = MANIFOLD_SOLID_BREP('',#10672);
#10672 = CLOSED_SHELL('',(#10673,#10713,#10744,#10775,#10797,#10809));
#10673 = ADVANCED_FACE('',(#10674),#10708,.T.);
#10674 = FACE_BOUND('',#10675,.T.);
#10675 = EDGE_LOOP('',(#10676,#10686,#10694,#10702));
#10676 = ORIENTED_EDGE('',*,*,#10677,.T.);
#10677 = EDGE_CURVE('',#10678,#10680,#10682,.T.);
#10678 = VERTEX_POINT('',#10679);
#10679 = CARTESIAN_POINT('',(390.,-200.,30.));
#10680 = VERTEX_POINT('',#10681);
#10681 = CARTESIAN_POINT('',(389.23931830992,-205.1726354925,
    49.304538467105));
#10682 = LINE('',#10683,#10684);
#10683 = CARTESIAN_POINT('',(390.,-200.,30.));
#10684 = VECTOR('',#10685,1.);
#10685 = DIRECTION('',(-3.80340845038E-02,-0.258631774626,0.965226923355
    ));
#10686 = ORIENTED_EDGE('',*,*,#10687,.T.);
#10687 = EDGE_CURVE('',#10680,#10688,#10690,.T.);
#10688 = VERTEX_POINT('',#10689);
#10689 = CARTESIAN_POINT('',(389.23931830992,-180.1726354925,
    56.003268277883));
#10690 = LINE('',#10691,#10692);
#10691 = CARTESIAN_POINT('',(389.23931830992,-205.1726354925,
    49.304538467105));
#10692 = VECTOR('',#10693,1.);
#10693 = DIRECTION('',(0.,0.965925826289,0.258819045103));
#10694 = ORIENTED_EDGE('',*,*,#10695,.F.);
#10695 = EDGE_CURVE('',#10696,#10688,#10698,.T.);
#10696 = VERTEX_POINT('',#10697);
#10697 = CARTESIAN_POINT('',(390.,-175.,36.698729810778));
#10698 = LINE('',#10699,#10700);
#10699 = CARTESIAN_POINT('',(390.,-175.,36.698729810778));
#10700 = VECTOR('',#10701,1.);
#10701 = DIRECTION('',(-3.80340845038E-02,-0.258631774626,0.965226923355
    ));
#10702 = ORIENTED_EDGE('',*,*,#10703,.F.);
#10703 = EDGE_CURVE('',#10678,#10696,#10704,.T.);
#10704 = LINE('',#10705,#10706);
#10705 = CARTESIAN_POINT('',(390.,-200.,30.));
#10706 = VECTOR('',#10707,1.);
#10707 = DIRECTION('',(0.,0.965925826289,0.258819045103));
#10708 = PLANE('',#10709);
#10709 = AXIS2_PLACEMENT_3D('',#10710,#10711,#10712);
#10710 = CARTESIAN_POINT('',(390.,-200.,30.));
#10711 = DIRECTION('',(-0.99927644244,9.843945432621E-03,
    -3.673810450148E-02));
#10712 = DIRECTION('',(-1.734723475977E-18,0.965925826289,0.258819045103
    ));
#10713 = ADVANCED_FACE('',(#10714),#10739,.T.);
#10714 = FACE_BOUND('',#10715,.T.);
#10715 = EDGE_LOOP('',(#10716,#10717,#10725,#10733));
#10716 = ORIENTED_EDGE('',*,*,#10695,.T.);
#10717 = ORIENTED_EDGE('',*,*,#10718,.T.);
#10718 = EDGE_CURVE('',#10688,#10719,#10721,.T.);
#10719 = VERTEX_POINT('',#10720);
#10720 = CARTESIAN_POINT('',(559.23931830992,-219.0615243814,
    52.28175171634));
#10721 = LINE('',#10722,#10723);
#10722 = CARTESIAN_POINT('',(389.23931830992,-180.1726354925,
    56.003268277883));
#10723 = VECTOR('',#10724,1.);
#10724 = DIRECTION('',(0.974597059281,-0.222947039705,-2.13351711585E-02
    ));
#10725 = ORIENTED_EDGE('',*,*,#10726,.F.);
#10726 = EDGE_CURVE('',#10727,#10719,#10729,.T.);
#10727 = VERTEX_POINT('',#10728);
#10728 = CARTESIAN_POINT('',(560.,-213.8888888888,32.977213249235));
#10729 = LINE('',#10730,#10731);
#10730 = CARTESIAN_POINT('',(560.,-213.8888888888,32.977213249235));
#10731 = VECTOR('',#10732,1.);
#10732 = DIRECTION('',(-3.80340845038E-02,-0.258631774626,0.965226923355
    ));
#10733 = ORIENTED_EDGE('',*,*,#10734,.F.);
#10734 = EDGE_CURVE('',#10696,#10727,#10735,.T.);
#10735 = LINE('',#10736,#10737);
#10736 = CARTESIAN_POINT('',(390.,-175.,36.698729810778));
#10737 = VECTOR('',#10738,1.);
#10738 = DIRECTION('',(0.974597059281,-0.222947039705,-2.13351711585E-02
    ));
#10739 = PLANE('',#10740);
#10740 = AXIS2_PLACEMENT_3D('',#10741,#10742,#10743);
#10741 = CARTESIAN_POINT('',(390.,-175.,36.698729810778));
#10742 = DIRECTION('',(0.220712438384,0.939895857338,0.260541353535));
#10743 = DIRECTION('',(0.974597059281,-0.222947039705,-2.13351711585E-02
    ));
#10744 = ADVANCED_FACE('',(#10745),#10770,.T.);
#10745 = FACE_BOUND('',#10746,.T.);
#10746 = EDGE_LOOP('',(#10747,#10748,#10756,#10764));
#10747 = ORIENTED_EDGE('',*,*,#10726,.T.);
#10748 = ORIENTED_EDGE('',*,*,#10749,.T.);
#10749 = EDGE_CURVE('',#10719,#10750,#10752,.T.);
#10750 = VERTEX_POINT('',#10751);
#10751 = CARTESIAN_POINT('',(559.23931830992,-230.1726354925,
    49.304538467105));
#10752 = LINE('',#10753,#10754);
#10753 = CARTESIAN_POINT('',(559.23931830992,-219.0615243814,
    52.28175171634));
#10754 = VECTOR('',#10755,1.);
#10755 = DIRECTION('',(0.,-0.965925826289,-0.258819045103));
#10756 = ORIENTED_EDGE('',*,*,#10757,.F.);
#10757 = EDGE_CURVE('',#10758,#10750,#10760,.T.);
#10758 = VERTEX_POINT('',#10759);
#10759 = CARTESIAN_POINT('',(560.,-225.,30.));
#10760 = LINE('',#10761,#10762);
#10761 = CARTESIAN_POINT('',(560.,-225.,30.));
#10762 = VECTOR('',#10763,1.);
#10763 = DIRECTION('',(-3.80340845038E-02,-0.258631774626,0.965226923355
    ));
#10764 = ORIENTED_EDGE('',*,*,#10765,.F.);
#10765 = EDGE_CURVE('',#10727,#10758,#10766,.T.);
#10766 = LINE('',#10767,#10768);
#10767 = CARTESIAN_POINT('',(560.,-213.8888888888,32.977213249235));
#10768 = VECTOR('',#10769,1.);
#10769 = DIRECTION('',(0.,-0.965925826289,-0.258819045103));
#10770 = PLANE('',#10771);
#10771 = AXIS2_PLACEMENT_3D('',#10772,#10773,#10774);
#10772 = CARTESIAN_POINT('',(560.,-213.8888888888,32.977213249235));
#10773 = DIRECTION('',(0.99927644244,-9.843945432621E-03,
    3.673810450148E-02));
#10774 = DIRECTION('',(0.,-0.965925826289,-0.258819045103));
#10775 = ADVANCED_FACE('',(#10776),#10792,.T.);
#10776 = FACE_BOUND('',#10777,.T.);
#10777 = EDGE_LOOP('',(#10778,#10779,#10785,#10786));
#10778 = ORIENTED_EDGE('',*,*,#10757,.T.);
#10779 = ORIENTED_EDGE('',*,*,#10780,.T.);
#10780 = EDGE_CURVE('',#10750,#10680,#10781,.T.);
#10781 = LINE('',#10782,#10783);
#10782 = CARTESIAN_POINT('',(559.23931830992,-230.1726354925,
    49.304538467105));
#10783 = VECTOR('',#10784,1.);
#10784 = DIRECTION('',(-0.989359135365,0.145493990495,0.));
#10785 = ORIENTED_EDGE('',*,*,#10677,.F.);
#10786 = ORIENTED_EDGE('',*,*,#10787,.F.);
#10787 = EDGE_CURVE('',#10758,#10678,#10788,.T.);
#10788 = LINE('',#10789,#10790);
#10789 = CARTESIAN_POINT('',(560.,-225.,30.));
#10790 = VECTOR('',#10791,1.);
#10791 = DIRECTION('',(-0.989359135365,0.145493990495,0.));
#10792 = PLANE('',#10793);
#10793 = AXIS2_PLACEMENT_3D('',#10794,#10795,#10796);
#10794 = CARTESIAN_POINT('',(560.,-225.,30.));
#10795 = DIRECTION('',(-0.140434716812,-0.954956074322,-0.261413439651)
  );
#10796 = DIRECTION('',(-0.989359135365,0.145493990495,6.938893903907E-18
    ));
#10797 = ADVANCED_FACE('',(#10798),#10804,.T.);
#10798 = FACE_BOUND('',#10799,.T.);
#10799 = EDGE_LOOP('',(#10800,#10801,#10802,#10803));
#10800 = ORIENTED_EDGE('',*,*,#10703,.T.);
#10801 = ORIENTED_EDGE('',*,*,#10734,.T.);
#10802 = ORIENTED_EDGE('',*,*,#10765,.T.);
#10803 = ORIENTED_EDGE('',*,*,#10787,.T.);
#10804 = PLANE('',#10805);
#10805 = AXIS2_PLACEMENT_3D('',#10806,#10807,#10808);
#10806 = CARTESIAN_POINT('',(471.8142349383,-202.8123450944,
    32.470266488567));
#10807 = DIRECTION('',(3.80340845038E-02,0.258631774626,-0.965226923355)
  );
#10808 = DIRECTION('',(-1.734723475977E-18,-0.965925826289,
    -0.258819045103));
#10809 = ADVANCED_FACE('',(#10810),#10816,.F.);
#10810 = FACE_BOUND('',#10811,.F.);
#10811 = EDGE_LOOP('',(#10812,#10813,#10814,#10815));
#10812 = ORIENTED_EDGE('',*,*,#10687,.T.);
#10813 = ORIENTED_EDGE('',*,*,#10718,.T.);
#10814 = ORIENTED_EDGE('',*,*,#10749,.T.);
#10815 = ORIENTED_EDGE('',*,*,#10780,.T.);
#10816 = PLANE('',#10817);
#10817 = AXIS2_PLACEMENT_3D('',#10818,#10819,#10820);
#10818 = CARTESIAN_POINT('',(471.05355324822,-207.9849805869,
    51.774804955672));
#10819 = DIRECTION('',(3.80340845038E-02,0.258631774626,-0.965226923355)
  );
#10820 = DIRECTION('',(-1.734723475977E-18,-0.965925826289,
    -0.258819045103));
#10821 = ( GEOMETRIC_REPRESENTATION_CONTEXT(3) 
GLOBAL_UNCERTAINTY_ASSIGNED_CONTEXT((#10825)) 
GLOBAL_UNIT_ASSIGNED_CONTEXT((#10822,#10823,#10824)) 
REPRESENTATION_CONTEXT('Context #1',
  '3D Context with UNIT and UNCERTAINTY') );
#10822 = ( LENGTH_UNIT() NAMED_UNIT(*) SI_UNIT(.MILLI.,.METRE.) );
#10823 = ( NAMED_UNIT(*) PLANE_ANGLE_UNIT() SI_UNIT($,.RADIAN.) );
#10824 = ( NAMED_UNIT(*) SI_UNIT($,.STERADIAN.) SOLID_ANGLE_UNIT() );
#10825 = UNCERTAINTY_MEASURE_WITH_UNIT(LENGTH_MEASURE(1.E-07),#10822,
  'distance_accuracy_value','confusion accuracy');
#10826 = CONTEXT_DEPENDENT_SHAPE_REPRESENTATION(#10827,#10829);
#10827 = ( REPRESENTATION_RELATIONSHIP('','',#10670,#10) 
REPRESENTATION_RELATIONSHIP_WITH_TRANSFORMATION(#10828) 
SHAPE_REPRESENTATION_RELATIONSHIP() );
#10828 = ITEM_DEFINED_TRANSFORMATION('','',#11,#251);
#10829 = PRODUCT_DEFINITION_SHAPE('Placement','Placement of an item',
  #10830);
#10830 = NEXT_ASSEMBLY_USAGE_OCCURRENCE('148',
'TRI-AMA-PORT-CHINE-STARBOARD-04 | ChineStarboard | nominal plywood 20 
mm','',#5,#10665,$);
#10831 = PRODUCT_RELATED_PRODUCT_CATEGORY('part',$,(#10667));
#10832 = SHAPE_DEFINITION_REPRESENTATION(#10833,#10839);
#10833 = PRODUCT_DEFINITION_SHAPE('','',#10834);
#10834 = PRODUCT_DEFINITION('design','',#10835,#10838);
#10835 = PRODUCT_DEFINITION_FORMATION('','',#10836);
#10836 = PRODUCT(
  'TRI-AMA-PORT-SIDE-PORT-04 | SidePort | nominal plywood 20 mm',
  'TRI-AMA-PORT-SIDE-PORT-04 | SidePort | nominal plywood 20 mm','',(
    #10837));
#10837 = PRODUCT_CONTEXT('',#2,'mechanical');
#10838 = PRODUCT_DEFINITION_CONTEXT('part definition',#2,'design');
#10839 = ADVANCED_BREP_SHAPE_REPRESENTATION('',(#11,#10840),#10990);
#10840 = MANIFOLD_SOLID_BREP('',#10841);
#10841 = CLOSED_SHELL('',(#10842,#10882,#10913,#10944,#10966,#10978));
#10842 = ADVANCED_FACE('',(#10843),#10877,.T.);
#10843 = FACE_BOUND('',#10844,.T.);
#10844 = EDGE_LOOP('',(#10845,#10855,#10863,#10871));
#10845 = ORIENTED_EDGE('',*,*,#10846,.T.);
#10846 = EDGE_CURVE('',#10847,#10849,#10851,.T.);
#10847 = VERTEX_POINT('',#10848);
#10848 = CARTESIAN_POINT('',(390.,-275.,36.698729810778));
#10849 = VERTEX_POINT('',#10850);
#10850 = CARTESIAN_POINT('',(385.54004402774,-255.5036210355,
    36.698729810778));
#10851 = LINE('',#10852,#10853);
#10852 = CARTESIAN_POINT('',(390.,-275.,36.698729810778));
#10853 = VECTOR('',#10854,1.);
#10854 = DIRECTION('',(-0.222997798613,0.974818948223,-0.));
#10855 = ORIENTED_EDGE('',*,*,#10856,.T.);
#10856 = EDGE_CURVE('',#10849,#10857,#10859,.T.);
#10857 = VERTEX_POINT('',#10858);
#10858 = CARTESIAN_POINT('',(555.54004402774,-216.6147321466,
    32.977213249235));
#10859 = LINE('',#10860,#10861);
#10860 = CARTESIAN_POINT('',(385.54004402774,-255.5036210355,
    36.698729810778));
#10861 = VECTOR('',#10862,1.);
#10862 = DIRECTION('',(0.974597059281,0.222947039705,-2.13351711585E-02)
  );
#10863 = ORIENTED_EDGE('',*,*,#10864,.F.);
#10864 = EDGE_CURVE('',#10865,#10857,#10867,.T.);
#10865 = VERTEX_POINT('',#10866);
#10866 = CARTESIAN_POINT('',(560.,-236.1111111111,32.977213249235));
#10867 = LINE('',#10868,#10869);
#10868 = CARTESIAN_POINT('',(560.,-236.1111111111,32.977213249235));
#10869 = VECTOR('',#10870,1.);
#10870 = DIRECTION('',(-0.222997798613,0.974818948223,-0.));
#10871 = ORIENTED_EDGE('',*,*,#10872,.F.);
#10872 = EDGE_CURVE('',#10847,#10865,#10873,.T.);
#10873 = LINE('',#10874,#10875);
#10874 = CARTESIAN_POINT('',(390.,-275.,36.698729810778));
#10875 = VECTOR('',#10876,1.);
#10876 = DIRECTION('',(0.974597059281,0.222947039705,-2.13351711585E-02)
  );
#10877 = PLANE('',#10878);
#10878 = AXIS2_PLACEMENT_3D('',#10879,#10880,#10881);
#10879 = CARTESIAN_POINT('',(390.,-275.,36.698729810778));
#10880 = DIRECTION('',(-2.079792910887E-02,-4.757696201377E-03,
    -0.99977237933));
#10881 = DIRECTION('',(0.974597059281,0.222947039705,-2.13351711585E-02)
  );
#10882 = ADVANCED_FACE('',(#10883),#10908,.T.);
#10883 = FACE_BOUND('',#10884,.T.);
#10884 = EDGE_LOOP('',(#10885,#10886,#10894,#10902));
#10885 = ORIENTED_EDGE('',*,*,#10864,.T.);
#10886 = ORIENTED_EDGE('',*,*,#10887,.T.);
#10887 = EDGE_CURVE('',#10857,#10888,#10890,.T.);
#10888 = VERTEX_POINT('',#10889);
#10889 = CARTESIAN_POINT('',(555.54004402774,-216.6147321466,140.));
#10890 = LINE('',#10891,#10892);
#10891 = CARTESIAN_POINT('',(555.54004402774,-216.6147321466,
    32.977213249235));
#10892 = VECTOR('',#10893,1.);
#10893 = DIRECTION('',(0.,0.,1.));
#10894 = ORIENTED_EDGE('',*,*,#10895,.F.);
#10895 = EDGE_CURVE('',#10896,#10888,#10898,.T.);
#10896 = VERTEX_POINT('',#10897);
#10897 = CARTESIAN_POINT('',(560.,-236.1111111111,140.));
#10898 = LINE('',#10899,#10900);
#10899 = CARTESIAN_POINT('',(560.,-236.1111111111,140.));
#10900 = VECTOR('',#10901,1.);
#10901 = DIRECTION('',(-0.222997798613,0.974818948223,-0.));
#10902 = ORIENTED_EDGE('',*,*,#10903,.F.);
#10903 = EDGE_CURVE('',#10865,#10896,#10904,.T.);
#10904 = LINE('',#10905,#10906);
#10905 = CARTESIAN_POINT('',(560.,-236.1111111111,32.977213249235));
#10906 = VECTOR('',#10907,1.);
#10907 = DIRECTION('',(0.,0.,1.));
#10908 = PLANE('',#10909);
#10909 = AXIS2_PLACEMENT_3D('',#10910,#10911,#10912);
#10910 = CARTESIAN_POINT('',(560.,-236.1111111111,32.977213249235));
#10911 = DIRECTION('',(0.974818948223,0.222997798613,-0.));
#10912 = DIRECTION('',(0.,0.,1.));
#10913 = ADVANCED_FACE('',(#10914),#10939,.T.);
#10914 = FACE_BOUND('',#10915,.T.);
#10915 = EDGE_LOOP('',(#10916,#10917,#10925,#10933));
#10916 = ORIENTED_EDGE('',*,*,#10895,.T.);
#10917 = ORIENTED_EDGE('',*,*,#10918,.T.);
#10918 = EDGE_CURVE('',#10888,#10919,#10921,.T.);
#10919 = VERTEX_POINT('',#10920);
#10920 = CARTESIAN_POINT('',(385.54004402774,-255.5036210355,140.));
#10921 = LINE('',#10922,#10923);
#10922 = CARTESIAN_POINT('',(555.54004402774,-216.6147321466,140.));
#10923 = VECTOR('',#10924,1.);
#10924 = DIRECTION('',(-0.974818948223,-0.222997798613,0.));
#10925 = ORIENTED_EDGE('',*,*,#10926,.F.);
#10926 = EDGE_CURVE('',#10927,#10919,#10929,.T.);
#10927 = VERTEX_POINT('',#10928);
#10928 = CARTESIAN_POINT('',(390.,-275.,140.));
#10929 = LINE('',#10930,#10931);
#10930 = CARTESIAN_POINT('',(390.,-275.,140.));
#10931 = VECTOR('',#10932,1.);
#10932 = DIRECTION('',(-0.222997798613,0.974818948223,-0.));
#10933 = ORIENTED_EDGE('',*,*,#10934,.F.);
#10934 = EDGE_CURVE('',#10896,#10927,#10935,.T.);
#10935 = LINE('',#10936,#10937);
#10936 = CARTESIAN_POINT('',(560.,-236.1111111111,140.));
#10937 = VECTOR('',#10938,1.);
#10938 = DIRECTION('',(-0.974818948223,-0.222997798613,0.));
#10939 = PLANE('',#10940);
#10940 = AXIS2_PLACEMENT_3D('',#10941,#10942,#10943);
#10941 = CARTESIAN_POINT('',(560.,-236.1111111111,140.));
#10942 = DIRECTION('',(0.,0.,1.));
#10943 = DIRECTION('',(-0.974818948223,-0.222997798613,0.));
#10944 = ADVANCED_FACE('',(#10945),#10961,.T.);
#10945 = FACE_BOUND('',#10946,.T.);
#10946 = EDGE_LOOP('',(#10947,#10948,#10954,#10955));
#10947 = ORIENTED_EDGE('',*,*,#10926,.T.);
#10948 = ORIENTED_EDGE('',*,*,#10949,.T.);
#10949 = EDGE_CURVE('',#10919,#10849,#10950,.T.);
#10950 = LINE('',#10951,#10952);
#10951 = CARTESIAN_POINT('',(385.54004402774,-255.5036210355,140.));
#10952 = VECTOR('',#10953,1.);
#10953 = DIRECTION('',(0.,0.,-1.));
#10954 = ORIENTED_EDGE('',*,*,#10846,.F.);
#10955 = ORIENTED_EDGE('',*,*,#10956,.F.);
#10956 = EDGE_CURVE('',#10927,#10847,#10957,.T.);
#10957 = LINE('',#10958,#10959);
#10958 = CARTESIAN_POINT('',(390.,-275.,140.));
#10959 = VECTOR('',#10960,1.);
#10960 = DIRECTION('',(0.,0.,-1.));
#10961 = PLANE('',#10962);
#10962 = AXIS2_PLACEMENT_3D('',#10963,#10964,#10965);
#10963 = CARTESIAN_POINT('',(390.,-275.,140.));
#10964 = DIRECTION('',(-0.974818948223,-0.222997798613,-0.));
#10965 = DIRECTION('',(0.,0.,-1.));
#10966 = ADVANCED_FACE('',(#10967),#10973,.T.);
#10967 = FACE_BOUND('',#10968,.T.);
#10968 = EDGE_LOOP('',(#10969,#10970,#10971,#10972));
#10969 = ORIENTED_EDGE('',*,*,#10872,.T.);
#10970 = ORIENTED_EDGE('',*,*,#10903,.T.);
#10971 = ORIENTED_EDGE('',*,*,#10934,.T.);
#10972 = ORIENTED_EDGE('',*,*,#10956,.T.);
#10973 = PLANE('',#10974);
#10974 = AXIS2_PLACEMENT_3D('',#10975,#10976,#10977);
#10975 = CARTESIAN_POINT('',(475.56573531431,-255.4261389803,
    87.409059736217));
#10976 = DIRECTION('',(0.222997798613,-0.974818948223,-0.));
#10977 = DIRECTION('',(-0.974818948223,-0.222997798613,0.));
#10978 = ADVANCED_FACE('',(#10979),#10985,.F.);
#10979 = FACE_BOUND('',#10980,.F.);
#10980 = EDGE_LOOP('',(#10981,#10982,#10983,#10984));
#10981 = ORIENTED_EDGE('',*,*,#10856,.T.);
#10982 = ORIENTED_EDGE('',*,*,#10887,.T.);
#10983 = ORIENTED_EDGE('',*,*,#10918,.T.);
#10984 = ORIENTED_EDGE('',*,*,#10949,.T.);
#10985 = PLANE('',#10986);
#10986 = AXIS2_PLACEMENT_3D('',#10987,#10988,#10989);
#10987 = CARTESIAN_POINT('',(471.10577934205,-235.9297600159,
    87.409059736217));
#10988 = DIRECTION('',(0.222997798613,-0.974818948223,-0.));
#10989 = DIRECTION('',(-0.974818948223,-0.222997798613,0.));
#10990 = ( GEOMETRIC_REPRESENTATION_CONTEXT(3) 
GLOBAL_UNCERTAINTY_ASSIGNED_CONTEXT((#10994)) 
GLOBAL_UNIT_ASSIGNED_CONTEXT((#10991,#10992,#10993)) 
REPRESENTATION_CONTEXT('Context #1',
  '3D Context with UNIT and UNCERTAINTY') );
#10991 = ( LENGTH_UNIT() NAMED_UNIT(*) SI_UNIT(.MILLI.,.METRE.) );
#10992 = ( NAMED_UNIT(*) PLANE_ANGLE_UNIT() SI_UNIT($,.RADIAN.) );
#10993 = ( NAMED_UNIT(*) SI_UNIT($,.STERADIAN.) SOLID_ANGLE_UNIT() );
#10994 = UNCERTAINTY_MEASURE_WITH_UNIT(LENGTH_MEASURE(1.E-07),#10991,
  'distance_accuracy_value','confusion accuracy');
#10995 = CONTEXT_DEPENDENT_SHAPE_REPRESENTATION(#10996,#10998);
#10996 = ( REPRESENTATION_RELATIONSHIP('','',#10839,#10) 
REPRESENTATION_RELATIONSHIP_WITH_TRANSFORMATION(#10997) 
SHAPE_REPRESENTATION_RELATIONSHIP() );
#10997 = ITEM_DEFINED_TRANSFORMATION('','',#11,#255);
#10998 = PRODUCT_DEFINITION_SHAPE('Placement','Placement of an item',
  #10999);
#10999 = NEXT_ASSEMBLY_USAGE_OCCURRENCE('149',
  'TRI-AMA-PORT-SIDE-PORT-04 | SidePort | nominal plywood 20 mm','',#5,
  #10834,$);
#11000 = PRODUCT_RELATED_PRODUCT_CATEGORY('part',$,(#10836));
#11001 = SHAPE_DEFINITION_REPRESENTATION(#11002,#11008);
#11002 = PRODUCT_DEFINITION_SHAPE('','',#11003);
#11003 = PRODUCT_DEFINITION('design','',#11004,#11007);
#11004 = PRODUCT_DEFINITION_FORMATION('','',#11005);
#11005 = PRODUCT(
'TRI-AMA-PORT-SIDE-STARBOARD-04 | SideStarboard | nominal plywood 20 mm'
  ,
'TRI-AMA-PORT-SIDE-STARBOARD-04 | SideStarboard | nominal plywood 20 mm'
  ,'',(#11006));
#11006 = PRODUCT_CONTEXT('',#2,'mechanical');
#11007 = PRODUCT_DEFINITION_CONTEXT('part definition',#2,'design');
#11008 = ADVANCED_BREP_SHAPE_REPRESENTATION('',(#11,#11009),#11159);
#11009 = MANIFOLD_SOLID_BREP('',#11010);
#11010 = CLOSED_SHELL('',(#11011,#11051,#11082,#11113,#11135,#11147));
#11011 = ADVANCED_FACE('',(#11012),#11046,.T.);
#11012 = FACE_BOUND('',#11013,.T.);
#11013 = EDGE_LOOP('',(#11014,#11024,#11032,#11040));
#11014 = ORIENTED_EDGE('',*,*,#11015,.T.);
#11015 = EDGE_CURVE('',#11016,#11018,#11020,.T.);
#11016 = VERTEX_POINT('',#11017);
#11017 = CARTESIAN_POINT('',(390.,-175.,36.698729810778));
#11018 = VERTEX_POINT('',#11019);
#11019 = CARTESIAN_POINT('',(385.54004402774,-194.4963789644,
    36.698729810778));
#11020 = LINE('',#11021,#11022);
#11021 = CARTESIAN_POINT('',(390.,-175.,36.698729810778));
#11022 = VECTOR('',#11023,1.);
#11023 = DIRECTION('',(-0.222997798613,-0.974818948223,0.));
#11024 = ORIENTED_EDGE('',*,*,#11025,.T.);
#11025 = EDGE_CURVE('',#11018,#11026,#11028,.T.);
#11026 = VERTEX_POINT('',#11027);
#11027 = CARTESIAN_POINT('',(385.54004402774,-194.4963789644,140.));
#11028 = LINE('',#11029,#11030);
#11029 = CARTESIAN_POINT('',(385.54004402774,-194.4963789644,
    36.698729810778));
#11030 = VECTOR('',#11031,1.);
#11031 = DIRECTION('',(0.,0.,1.));
#11032 = ORIENTED_EDGE('',*,*,#11033,.F.);
#11033 = EDGE_CURVE('',#11034,#11026,#11036,.T.);
#11034 = VERTEX_POINT('',#11035);
#11035 = CARTESIAN_POINT('',(390.,-175.,140.));
#11036 = LINE('',#11037,#11038);
#11037 = CARTESIAN_POINT('',(390.,-175.,140.));
#11038 = VECTOR('',#11039,1.);
#11039 = DIRECTION('',(-0.222997798613,-0.974818948223,0.));
#11040 = ORIENTED_EDGE('',*,*,#11041,.F.);
#11041 = EDGE_CURVE('',#11016,#11034,#11042,.T.);
#11042 = LINE('',#11043,#11044);
#11043 = CARTESIAN_POINT('',(390.,-175.,36.698729810778));
#11044 = VECTOR('',#11045,1.);
#11045 = DIRECTION('',(0.,0.,1.));
#11046 = PLANE('',#11047);
#11047 = AXIS2_PLACEMENT_3D('',#11048,#11049,#11050);
#11048 = CARTESIAN_POINT('',(390.,-175.,36.698729810778));
#11049 = DIRECTION('',(-0.974818948223,0.222997798613,0.));
#11050 = DIRECTION('',(0.,0.,1.));
#11051 = ADVANCED_FACE('',(#11052),#11077,.T.);
#11052 = FACE_BOUND('',#11053,.T.);
#11053 = EDGE_LOOP('',(#11054,#11055,#11063,#11071));
#11054 = ORIENTED_EDGE('',*,*,#11033,.T.);
#11055 = ORIENTED_EDGE('',*,*,#11056,.T.);
#11056 = EDGE_CURVE('',#11026,#11057,#11059,.T.);
#11057 = VERTEX_POINT('',#11058);
#11058 = CARTESIAN_POINT('',(555.54004402774,-233.3852678533,140.));
#11059 = LINE('',#11060,#11061);
#11060 = CARTESIAN_POINT('',(385.54004402774,-194.4963789644,140.));
#11061 = VECTOR('',#11062,1.);
#11062 = DIRECTION('',(0.974818948223,-0.222997798613,0.));
#11063 = ORIENTED_EDGE('',*,*,#11064,.F.);
#11064 = EDGE_CURVE('',#11065,#11057,#11067,.T.);
#11065 = VERTEX_POINT('',#11066);
#11066 = CARTESIAN_POINT('',(560.,-213.8888888888,140.));
#11067 = LINE('',#11068,#11069);
#11068 = CARTESIAN_POINT('',(560.,-213.8888888888,140.));
#11069 = VECTOR('',#11070,1.);
#11070 = DIRECTION('',(-0.222997798613,-0.974818948223,0.));
#11071 = ORIENTED_EDGE('',*,*,#11072,.F.);
#11072 = EDGE_CURVE('',#11034,#11065,#11073,.T.);
#11073 = LINE('',#11074,#11075);
#11074 = CARTESIAN_POINT('',(390.,-175.,140.));
#11075 = VECTOR('',#11076,1.);
#11076 = DIRECTION('',(0.974818948223,-0.222997798613,0.));
#11077 = PLANE('',#11078);
#11078 = AXIS2_PLACEMENT_3D('',#11079,#11080,#11081);
#11079 = CARTESIAN_POINT('',(390.,-175.,140.));
#11080 = DIRECTION('',(0.,0.,1.));
#11081 = DIRECTION('',(0.974818948223,-0.222997798613,0.));
#11082 = ADVANCED_FACE('',(#11083),#11108,.T.);
#11083 = FACE_BOUND('',#11084,.T.);
#11084 = EDGE_LOOP('',(#11085,#11086,#11094,#11102));
#11085 = ORIENTED_EDGE('',*,*,#11064,.T.);
#11086 = ORIENTED_EDGE('',*,*,#11087,.T.);
#11087 = EDGE_CURVE('',#11057,#11088,#11090,.T.);
#11088 = VERTEX_POINT('',#11089);
#11089 = CARTESIAN_POINT('',(555.54004402774,-233.3852678533,
    32.977213249235));
#11090 = LINE('',#11091,#11092);
#11091 = CARTESIAN_POINT('',(555.54004402774,-233.3852678533,140.));
#11092 = VECTOR('',#11093,1.);
#11093 = DIRECTION('',(0.,0.,-1.));
#11094 = ORIENTED_EDGE('',*,*,#11095,.F.);
#11095 = EDGE_CURVE('',#11096,#11088,#11098,.T.);
#11096 = VERTEX_POINT('',#11097);
#11097 = CARTESIAN_POINT('',(560.,-213.8888888888,32.977213249235));
#11098 = LINE('',#11099,#11100);
#11099 = CARTESIAN_POINT('',(560.,-213.8888888888,32.977213249235));
#11100 = VECTOR('',#11101,1.);
#11101 = DIRECTION('',(-0.222997798613,-0.974818948223,0.));
#11102 = ORIENTED_EDGE('',*,*,#11103,.F.);
#11103 = EDGE_CURVE('',#11065,#11096,#11104,.T.);
#11104 = LINE('',#11105,#11106);
#11105 = CARTESIAN_POINT('',(560.,-213.8888888888,140.));
#11106 = VECTOR('',#11107,1.);
#11107 = DIRECTION('',(0.,0.,-1.));
#11108 = PLANE('',#11109);
#11109 = AXIS2_PLACEMENT_3D('',#11110,#11111,#11112);
#11110 = CARTESIAN_POINT('',(560.,-213.8888888888,140.));
#11111 = DIRECTION('',(0.974818948223,-0.222997798613,0.));
#11112 = DIRECTION('',(0.,0.,-1.));
#11113 = ADVANCED_FACE('',(#11114),#11130,.T.);
#11114 = FACE_BOUND('',#11115,.T.);
#11115 = EDGE_LOOP('',(#11116,#11117,#11123,#11124));
#11116 = ORIENTED_EDGE('',*,*,#11095,.T.);
#11117 = ORIENTED_EDGE('',*,*,#11118,.T.);
#11118 = EDGE_CURVE('',#11088,#11018,#11119,.T.);
#11119 = LINE('',#11120,#11121);
#11120 = CARTESIAN_POINT('',(555.54004402774,-233.3852678533,
    32.977213249235));
#11121 = VECTOR('',#11122,1.);
#11122 = DIRECTION('',(-0.974597059281,0.222947039705,2.13351711585E-02)
  );
#11123 = ORIENTED_EDGE('',*,*,#11015,.F.);
#11124 = ORIENTED_EDGE('',*,*,#11125,.F.);
#11125 = EDGE_CURVE('',#11096,#11016,#11126,.T.);
#11126 = LINE('',#11127,#11128);
#11127 = CARTESIAN_POINT('',(560.,-213.8888888888,32.977213249235));
#11128 = VECTOR('',#11129,1.);
#11129 = DIRECTION('',(-0.974597059281,0.222947039705,2.13351711585E-02)
  );
#11130 = PLANE('',#11131);
#11131 = AXIS2_PLACEMENT_3D('',#11132,#11133,#11134);
#11132 = CARTESIAN_POINT('',(560.,-213.8888888888,32.977213249235));
#11133 = DIRECTION('',(-2.079792910887E-02,4.757696201377E-03,
    -0.99977237933));
#11134 = DIRECTION('',(-0.974597059281,0.222947039705,2.13351711585E-02)
  );
#11135 = ADVANCED_FACE('',(#11136),#11142,.T.);
#11136 = FACE_BOUND('',#11137,.T.);
#11137 = EDGE_LOOP('',(#11138,#11139,#11140,#11141));
#11138 = ORIENTED_EDGE('',*,*,#11041,.T.);
#11139 = ORIENTED_EDGE('',*,*,#11072,.T.);
#11140 = ORIENTED_EDGE('',*,*,#11103,.T.);
#11141 = ORIENTED_EDGE('',*,*,#11125,.T.);
#11142 = PLANE('',#11143);
#11143 = AXIS2_PLACEMENT_3D('',#11144,#11145,#11146);
#11144 = CARTESIAN_POINT('',(475.56573531431,-194.5738610196,
    87.409059736217));
#11145 = DIRECTION('',(0.222997798613,0.974818948223,0.));
#11146 = DIRECTION('',(0.974818948223,-0.222997798613,0.));
#11147 = ADVANCED_FACE('',(#11148),#11154,.F.);
#11148 = FACE_BOUND('',#11149,.F.);
#11149 = EDGE_LOOP('',(#11150,#11151,#11152,#11153));
#11150 = ORIENTED_EDGE('',*,*,#11025,.T.);
#11151 = ORIENTED_EDGE('',*,*,#11056,.T.);
#11152 = ORIENTED_EDGE('',*,*,#11087,.T.);
#11153 = ORIENTED_EDGE('',*,*,#11118,.T.);
#11154 = PLANE('',#11155);
#11155 = AXIS2_PLACEMENT_3D('',#11156,#11157,#11158);
#11156 = CARTESIAN_POINT('',(471.10577934205,-214.070239984,
    87.409059736217));
#11157 = DIRECTION('',(0.222997798613,0.974818948223,0.));
#11158 = DIRECTION('',(0.974818948223,-0.222997798613,0.));
#11159 = ( GEOMETRIC_REPRESENTATION_CONTEXT(3) 
GLOBAL_UNCERTAINTY_ASSIGNED_CONTEXT((#11163)) 
GLOBAL_UNIT_ASSIGNED_CONTEXT((#11160,#11161,#11162)) 
REPRESENTATION_CONTEXT('Context #1',
  '3D Context with UNIT and UNCERTAINTY') );
#11160 = ( LENGTH_UNIT() NAMED_UNIT(*) SI_UNIT(.MILLI.,.METRE.) );
#11161 = ( NAMED_UNIT(*) PLANE_ANGLE_UNIT() SI_UNIT($,.RADIAN.) );
#11162 = ( NAMED_UNIT(*) SI_UNIT($,.STERADIAN.) SOLID_ANGLE_UNIT() );
#11163 = UNCERTAINTY_MEASURE_WITH_UNIT(LENGTH_MEASURE(1.E-07),#11160,
  'distance_accuracy_value','confusion accuracy');
#11164 = CONTEXT_DEPENDENT_SHAPE_REPRESENTATION(#11165,#11167);
#11165 = ( REPRESENTATION_RELATIONSHIP('','',#11008,#10) 
REPRESENTATION_RELATIONSHIP_WITH_TRANSFORMATION(#11166) 
SHAPE_REPRESENTATION_RELATIONSHIP() );
#11166 = ITEM_DEFINED_TRANSFORMATION('','',#11,#259);
#11167 = PRODUCT_DEFINITION_SHAPE('Placement','Placement of an item',
  #11168);
#11168 = NEXT_ASSEMBLY_USAGE_OCCURRENCE('150',
'TRI-AMA-PORT-SIDE-STARBOARD-04 | SideStarboard | nominal plywood 20 mm'
  ,'',#5,#11003,$);
#11169 = PRODUCT_RELATED_PRODUCT_CATEGORY('part',$,(#11005));
#11170 = SHAPE_DEFINITION_REPRESENTATION(#11171,#11177);
#11171 = PRODUCT_DEFINITION_SHAPE('','',#11172);
#11172 = PRODUCT_DEFINITION('design','',#11173,#11176);
#11173 = PRODUCT_DEFINITION_FORMATION('','',#11174);
#11174 = PRODUCT(
  'TRI-AMA-PORT-TRANSOM-01 | Transom | nominal plywood 20 mm',
  'TRI-AMA-PORT-TRANSOM-01 | Transom | nominal plywood 20 mm','',(#11175
    ));
#11175 = PRODUCT_CONTEXT('',#2,'mechanical');
#11176 = PRODUCT_DEFINITION_CONTEXT('part definition',#2,'design');
#11177 = ADVANCED_BREP_SHAPE_REPRESENTATION('',(#11,#11178),#11394);
#11178 = MANIFOLD_SOLID_BREP('',#11179);
#11179 = CLOSED_SHELL('',(#11180,#11220,#11251,#11282,#11313,#11344,
    #11366,#11380));
#11180 = ADVANCED_FACE('',(#11181),#11215,.F.);
#11181 = FACE_BOUND('',#11182,.F.);
#11182 = EDGE_LOOP('',(#11183,#11193,#11201,#11209));
#11183 = ORIENTED_EDGE('',*,*,#11184,.T.);
#11184 = EDGE_CURVE('',#11185,#11187,#11189,.T.);
#11185 = VERTEX_POINT('',#11186);
#11186 = CARTESIAN_POINT('',(0.,-250.,30.));
#11187 = VERTEX_POINT('',#11188);
#11188 = CARTESIAN_POINT('',(20.,-250.,30.));
#11189 = LINE('',#11190,#11191);
#11190 = CARTESIAN_POINT('',(0.,-250.,30.));
#11191 = VECTOR('',#11192,1.);
#11192 = DIRECTION('',(1.,0.,0.));
#11193 = ORIENTED_EDGE('',*,*,#11194,.T.);
#11194 = EDGE_CURVE('',#11187,#11195,#11197,.T.);
#11195 = VERTEX_POINT('',#11196);
#11196 = CARTESIAN_POINT('',(20.,-200.,30.));
#11197 = LINE('',#11198,#11199);
#11198 = CARTESIAN_POINT('',(20.,-250.,30.));
#11199 = VECTOR('',#11200,1.);
#11200 = DIRECTION('',(0.,1.,0.));
#11201 = ORIENTED_EDGE('',*,*,#11202,.F.);
#11202 = EDGE_CURVE('',#11203,#11195,#11205,.T.);
#11203 = VERTEX_POINT('',#11204);
#11204 = CARTESIAN_POINT('',(0.,-200.,30.));
#11205 = LINE('',#11206,#11207);
#11206 = CARTESIAN_POINT('',(0.,-200.,30.));
#11207 = VECTOR('',#11208,1.);
#11208 = DIRECTION('',(1.,0.,0.));
#11209 = ORIENTED_EDGE('',*,*,#11210,.F.);
#11210 = EDGE_CURVE('',#11185,#11203,#11211,.T.);
#11211 = LINE('',#11212,#11213);
#11212 = CARTESIAN_POINT('',(0.,-250.,30.));
#11213 = VECTOR('',#11214,1.);
#11214 = DIRECTION('',(0.,1.,0.));
#11215 = PLANE('',#11216);
#11216 = AXIS2_PLACEMENT_3D('',#11217,#11218,#11219);
#11217 = CARTESIAN_POINT('',(0.,-250.,30.));
#11218 = DIRECTION('',(0.,0.,1.));
#11219 = DIRECTION('',(0.,1.,0.));
#11220 = ADVANCED_FACE('',(#11221),#11246,.F.);
#11221 = FACE_BOUND('',#11222,.F.);
#11222 = EDGE_LOOP('',(#11223,#11224,#11232,#11240));
#11223 = ORIENTED_EDGE('',*,*,#11202,.T.);
#11224 = ORIENTED_EDGE('',*,*,#11225,.T.);
#11225 = EDGE_CURVE('',#11195,#11226,#11228,.T.);
#11226 = VERTEX_POINT('',#11227);
#11227 = CARTESIAN_POINT('',(20.,-175.,36.698729810778));
#11228 = LINE('',#11229,#11230);
#11229 = CARTESIAN_POINT('',(20.,-200.,30.));
#11230 = VECTOR('',#11231,1.);
#11231 = DIRECTION('',(0.,0.965925826289,0.258819045103));
#11232 = ORIENTED_EDGE('',*,*,#11233,.F.);
#11233 = EDGE_CURVE('',#11234,#11226,#11236,.T.);
#11234 = VERTEX_POINT('',#11235);
#11235 = CARTESIAN_POINT('',(0.,-175.,36.698729810778));
#11236 = LINE('',#11237,#11238);
#11237 = CARTESIAN_POINT('',(0.,-175.,36.698729810778));
#11238 = VECTOR('',#11239,1.);
#11239 = DIRECTION('',(1.,0.,0.));
#11240 = ORIENTED_EDGE('',*,*,#11241,.F.);
#11241 = EDGE_CURVE('',#11203,#11234,#11242,.T.);
#11242 = LINE('',#11243,#11244);
#11243 = CARTESIAN_POINT('',(0.,-200.,30.));
#11244 = VECTOR('',#11245,1.);
#11245 = DIRECTION('',(0.,0.965925826289,0.258819045103));
#11246 = PLANE('',#11247);
#11247 = AXIS2_PLACEMENT_3D('',#11248,#11249,#11250);
#11248 = CARTESIAN_POINT('',(0.,-200.,30.));
#11249 = DIRECTION('',(0.,-0.258819045103,0.965925826289));
#11250 = DIRECTION('',(0.,0.965925826289,0.258819045103));
#11251 = ADVANCED_FACE('',(#11252),#11277,.F.);
#11252 = FACE_BOUND('',#11253,.F.);
#11253 = EDGE_LOOP('',(#11254,#11255,#11263,#11271));
#11254 = ORIENTED_EDGE('',*,*,#11233,.T.);
#11255 = ORIENTED_EDGE('',*,*,#11256,.T.);
#11256 = EDGE_CURVE('',#11226,#11257,#11259,.T.);
#11257 = VERTEX_POINT('',#11258);
#11258 = CARTESIAN_POINT('',(20.,-175.,140.));
#11259 = LINE('',#11260,#11261);
#11260 = CARTESIAN_POINT('',(20.,-175.,36.698729810778));
#11261 = VECTOR('',#11262,1.);
#11262 = DIRECTION('',(0.,0.,1.));
#11263 = ORIENTED_EDGE('',*,*,#11264,.F.);
#11264 = EDGE_CURVE('',#11265,#11257,#11267,.T.);
#11265 = VERTEX_POINT('',#11266);
#11266 = CARTESIAN_POINT('',(0.,-175.,140.));
#11267 = LINE('',#11268,#11269);
#11268 = CARTESIAN_POINT('',(0.,-175.,140.));
#11269 = VECTOR('',#11270,1.);
#11270 = DIRECTION('',(1.,0.,0.));
#11271 = ORIENTED_EDGE('',*,*,#11272,.F.);
#11272 = EDGE_CURVE('',#11234,#11265,#11273,.T.);
#11273 = LINE('',#11274,#11275);
#11274 = CARTESIAN_POINT('',(0.,-175.,36.698729810778));
#11275 = VECTOR('',#11276,1.);
#11276 = DIRECTION('',(0.,0.,1.));
#11277 = PLANE('',#11278);
#11278 = AXIS2_PLACEMENT_3D('',#11279,#11280,#11281);
#11279 = CARTESIAN_POINT('',(0.,-175.,36.698729810778));
#11280 = DIRECTION('',(0.,-1.,0.));
#11281 = DIRECTION('',(0.,0.,1.));
#11282 = ADVANCED_FACE('',(#11283),#11308,.F.);
#11283 = FACE_BOUND('',#11284,.F.);
#11284 = EDGE_LOOP('',(#11285,#11286,#11294,#11302));
#11285 = ORIENTED_EDGE('',*,*,#11264,.T.);
#11286 = ORIENTED_EDGE('',*,*,#11287,.T.);
#11287 = EDGE_CURVE('',#11257,#11288,#11290,.T.);
#11288 = VERTEX_POINT('',#11289);
#11289 = CARTESIAN_POINT('',(20.,-275.,140.));
#11290 = LINE('',#11291,#11292);
#11291 = CARTESIAN_POINT('',(20.,-175.,140.));
#11292 = VECTOR('',#11293,1.);
#11293 = DIRECTION('',(0.,-1.,0.));
#11294 = ORIENTED_EDGE('',*,*,#11295,.F.);
#11295 = EDGE_CURVE('',#11296,#11288,#11298,.T.);
#11296 = VERTEX_POINT('',#11297);
#11297 = CARTESIAN_POINT('',(0.,-275.,140.));
#11298 = LINE('',#11299,#11300);
#11299 = CARTESIAN_POINT('',(0.,-275.,140.));
#11300 = VECTOR('',#11301,1.);
#11301 = DIRECTION('',(1.,0.,0.));
#11302 = ORIENTED_EDGE('',*,*,#11303,.F.);
#11303 = EDGE_CURVE('',#11265,#11296,#11304,.T.);
#11304 = LINE('',#11305,#11306);
#11305 = CARTESIAN_POINT('',(0.,-175.,140.));
#11306 = VECTOR('',#11307,1.);
#11307 = DIRECTION('',(0.,-1.,0.));
#11308 = PLANE('',#11309);
#11309 = AXIS2_PLACEMENT_3D('',#11310,#11311,#11312);
#11310 = CARTESIAN_POINT('',(0.,-175.,140.));
#11311 = DIRECTION('',(0.,0.,-1.));
#11312 = DIRECTION('',(0.,-1.,0.));
#11313 = ADVANCED_FACE('',(#11314),#11339,.F.);
#11314 = FACE_BOUND('',#11315,.F.);
#11315 = EDGE_LOOP('',(#11316,#11317,#11325,#11333));
#11316 = ORIENTED_EDGE('',*,*,#11295,.T.);
#11317 = ORIENTED_EDGE('',*,*,#11318,.T.);
#11318 = EDGE_CURVE('',#11288,#11319,#11321,.T.);
#11319 = VERTEX_POINT('',#11320);
#11320 = CARTESIAN_POINT('',(20.,-275.,36.698729810778));
#11321 = LINE('',#11322,#11323);
#11322 = CARTESIAN_POINT('',(20.,-275.,140.));
#11323 = VECTOR('',#11324,1.);
#11324 = DIRECTION('',(0.,0.,-1.));
#11325 = ORIENTED_EDGE('',*,*,#11326,.F.);
#11326 = EDGE_CURVE('',#11327,#11319,#11329,.T.);
#11327 = VERTEX_POINT('',#11328);
#11328 = CARTESIAN_POINT('',(0.,-275.,36.698729810778));
#11329 = LINE('',#11330,#11331);
#11330 = CARTESIAN_POINT('',(0.,-275.,36.698729810778));
#11331 = VECTOR('',#11332,1.);
#11332 = DIRECTION('',(1.,0.,0.));
#11333 = ORIENTED_EDGE('',*,*,#11334,.F.);
#11334 = EDGE_CURVE('',#11296,#11327,#11335,.T.);
#11335 = LINE('',#11336,#11337);
#11336 = CARTESIAN_POINT('',(0.,-275.,140.));
#11337 = VECTOR('',#11338,1.);
#11338 = DIRECTION('',(0.,0.,-1.));
#11339 = PLANE('',#11340);
#11340 = AXIS2_PLACEMENT_3D('',#11341,#11342,#11343);
#11341 = CARTESIAN_POINT('',(0.,-275.,140.));
#11342 = DIRECTION('',(-0.,1.,0.));
#11343 = DIRECTION('',(0.,0.,-1.));
#11344 = ADVANCED_FACE('',(#11345),#11361,.F.);
#11345 = FACE_BOUND('',#11346,.F.);
#11346 = EDGE_LOOP('',(#11347,#11348,#11354,#11355));
#11347 = ORIENTED_EDGE('',*,*,#11326,.T.);
#11348 = ORIENTED_EDGE('',*,*,#11349,.T.);
#11349 = EDGE_CURVE('',#11319,#11187,#11350,.T.);
#11350 = LINE('',#11351,#11352);
#11351 = CARTESIAN_POINT('',(20.,-275.,36.698729810778));
#11352 = VECTOR('',#11353,1.);
#11353 = DIRECTION('',(0.,0.965925826289,-0.258819045103));
#11354 = ORIENTED_EDGE('',*,*,#11184,.F.);
#11355 = ORIENTED_EDGE('',*,*,#11356,.F.);
#11356 = EDGE_CURVE('',#11327,#11185,#11357,.T.);
#11357 = LINE('',#11358,#11359);
#11358 = CARTESIAN_POINT('',(0.,-275.,36.698729810778));
#11359 = VECTOR('',#11360,1.);
#11360 = DIRECTION('',(0.,0.965925826289,-0.258819045103));
#11361 = PLANE('',#11362);
#11362 = AXIS2_PLACEMENT_3D('',#11363,#11364,#11365);
#11363 = CARTESIAN_POINT('',(0.,-275.,36.698729810778));
#11364 = DIRECTION('',(-0.,0.258819045103,0.965925826289));
#11365 = DIRECTION('',(0.,0.965925826289,-0.258819045103));
#11366 = ADVANCED_FACE('',(#11367),#11375,.F.);
#11367 = FACE_BOUND('',#11368,.F.);
#11368 = EDGE_LOOP('',(#11369,#11370,#11371,#11372,#11373,#11374));
#11369 = ORIENTED_EDGE('',*,*,#11210,.T.);
#11370 = ORIENTED_EDGE('',*,*,#11241,.T.);
#11371 = ORIENTED_EDGE('',*,*,#11272,.T.);
#11372 = ORIENTED_EDGE('',*,*,#11303,.T.);
#11373 = ORIENTED_EDGE('',*,*,#11334,.T.);
#11374 = ORIENTED_EDGE('',*,*,#11356,.T.);
#11375 = PLANE('',#11376);
#11376 = AXIS2_PLACEMENT_3D('',#11377,#11378,#11379);
#11377 = CARTESIAN_POINT('',(0.,-225.,86.881530367067));
#11378 = DIRECTION('',(1.,0.,0.));
#11379 = DIRECTION('',(-0.,0.,1.));
#11380 = ADVANCED_FACE('',(#11381),#11389,.T.);
#11381 = FACE_BOUND('',#11382,.T.);
#11382 = EDGE_LOOP('',(#11383,#11384,#11385,#11386,#11387,#11388));
#11383 = ORIENTED_EDGE('',*,*,#11194,.T.);
#11384 = ORIENTED_EDGE('',*,*,#11225,.T.);
#11385 = ORIENTED_EDGE('',*,*,#11256,.T.);
#11386 = ORIENTED_EDGE('',*,*,#11287,.T.);
#11387 = ORIENTED_EDGE('',*,*,#11318,.T.);
#11388 = ORIENTED_EDGE('',*,*,#11349,.T.);
#11389 = PLANE('',#11390);
#11390 = AXIS2_PLACEMENT_3D('',#11391,#11392,#11393);
#11391 = CARTESIAN_POINT('',(20.,-225.,86.881530367067));
#11392 = DIRECTION('',(1.,0.,0.));
#11393 = DIRECTION('',(-0.,0.,1.));
#11394 = ( GEOMETRIC_REPRESENTATION_CONTEXT(3) 
GLOBAL_UNCERTAINTY_ASSIGNED_CONTEXT((#11398)) 
GLOBAL_UNIT_ASSIGNED_CONTEXT((#11395,#11396,#11397)) 
REPRESENTATION_CONTEXT('Context #1',
  '3D Context with UNIT and UNCERTAINTY') );
#11395 = ( LENGTH_UNIT() NAMED_UNIT(*) SI_UNIT(.MILLI.,.METRE.) );
#11396 = ( NAMED_UNIT(*) PLANE_ANGLE_UNIT() SI_UNIT($,.RADIAN.) );
#11397 = ( NAMED_UNIT(*) SI_UNIT($,.STERADIAN.) SOLID_ANGLE_UNIT() );
#11398 = UNCERTAINTY_MEASURE_WITH_UNIT(LENGTH_MEASURE(1.E-07),#11395,
  'distance_accuracy_value','confusion accuracy');
#11399 = CONTEXT_DEPENDENT_SHAPE_REPRESENTATION(#11400,#11402);
#11400 = ( REPRESENTATION_RELATIONSHIP('','',#11177,#10) 
REPRESENTATION_RELATIONSHIP_WITH_TRANSFORMATION(#11401) 
SHAPE_REPRESENTATION_RELATIONSHIP() );
#11401 = ITEM_DEFINED_TRANSFORMATION('','',#11,#263);
#11402 = PRODUCT_DEFINITION_SHAPE('Placement','Placement of an item',
  #11403);
#11403 = NEXT_ASSEMBLY_USAGE_OCCURRENCE('151',
  'TRI-AMA-PORT-TRANSOM-01 | Transom | nominal plywood 20 mm','',#5,
  #11172,$);
#11404 = PRODUCT_RELATED_PRODUCT_CATEGORY('part',$,(#11174));
#11405 = SHAPE_DEFINITION_REPRESENTATION(#11406,#11412);
#11406 = PRODUCT_DEFINITION_SHAPE('','',#11407);
#11407 = PRODUCT_DEFINITION('design','',#11408,#11411);
#11408 = PRODUCT_DEFINITION_FORMATION('','',#11409);
#11409 = PRODUCT(
  'TRI-AMA-PORT-BULKHEAD-01 | Bulkhead | nominal plywood 20 mm',
  'TRI-AMA-PORT-BULKHEAD-01 | Bulkhead | nominal plywood 20 mm','',(
    #11410));
#11410 = PRODUCT_CONTEXT('',#2,'mechanical');
#11411 = PRODUCT_DEFINITION_CONTEXT('part definition',#2,'design');
#11412 = ADVANCED_BREP_SHAPE_REPRESENTATION('',(#11,#11413),#11629);
#11413 = MANIFOLD_SOLID_BREP('',#11414);
#11414 = CLOSED_SHELL('',(#11415,#11455,#11486,#11517,#11548,#11579,
    #11601,#11615));
#11415 = ADVANCED_FACE('',(#11416),#11450,.F.);
#11416 = FACE_BOUND('',#11417,.F.);
#11417 = EDGE_LOOP('',(#11418,#11428,#11436,#11444));
#11418 = ORIENTED_EDGE('',*,*,#11419,.T.);
#11419 = EDGE_CURVE('',#11420,#11422,#11424,.T.);
#11420 = VERTEX_POINT('',#11421);
#11421 = CARTESIAN_POINT('',(50.,-250.,30.));
#11422 = VERTEX_POINT('',#11423);
#11423 = CARTESIAN_POINT('',(70.,-250.,30.));
#11424 = LINE('',#11425,#11426);
#11425 = CARTESIAN_POINT('',(50.,-250.,30.));
#11426 = VECTOR('',#11427,1.);
#11427 = DIRECTION('',(1.,0.,0.));
#11428 = ORIENTED_EDGE('',*,*,#11429,.T.);
#11429 = EDGE_CURVE('',#11422,#11430,#11432,.T.);
#11430 = VERTEX_POINT('',#11431);
#11431 = CARTESIAN_POINT('',(70.,-200.,30.));
#11432 = LINE('',#11433,#11434);
#11433 = CARTESIAN_POINT('',(70.,-250.,30.));
#11434 = VECTOR('',#11435,1.);
#11435 = DIRECTION('',(0.,1.,0.));
#11436 = ORIENTED_EDGE('',*,*,#11437,.F.);
#11437 = EDGE_CURVE('',#11438,#11430,#11440,.T.);
#11438 = VERTEX_POINT('',#11439);
#11439 = CARTESIAN_POINT('',(50.,-200.,30.));
#11440 = LINE('',#11441,#11442);
#11441 = CARTESIAN_POINT('',(50.,-200.,30.));
#11442 = VECTOR('',#11443,1.);
#11443 = DIRECTION('',(1.,0.,0.));
#11444 = ORIENTED_EDGE('',*,*,#11445,.F.);
#11445 = EDGE_CURVE('',#11420,#11438,#11446,.T.);
#11446 = LINE('',#11447,#11448);
#11447 = CARTESIAN_POINT('',(50.,-250.,30.));
#11448 = VECTOR('',#11449,1.);
#11449 = DIRECTION('',(0.,1.,0.));
#11450 = PLANE('',#11451);
#11451 = AXIS2_PLACEMENT_3D('',#11452,#11453,#11454);
#11452 = CARTESIAN_POINT('',(50.,-250.,30.));
#11453 = DIRECTION('',(0.,0.,1.));
#11454 = DIRECTION('',(0.,1.,0.));
#11455 = ADVANCED_FACE('',(#11456),#11481,.F.);
#11456 = FACE_BOUND('',#11457,.F.);
#11457 = EDGE_LOOP('',(#11458,#11459,#11467,#11475));
#11458 = ORIENTED_EDGE('',*,*,#11437,.T.);
#11459 = ORIENTED_EDGE('',*,*,#11460,.T.);
#11460 = EDGE_CURVE('',#11430,#11461,#11463,.T.);
#11461 = VERTEX_POINT('',#11462);
#11462 = CARTESIAN_POINT('',(70.,-175.,36.698729810778));
#11463 = LINE('',#11464,#11465);
#11464 = CARTESIAN_POINT('',(70.,-200.,30.));
#11465 = VECTOR('',#11466,1.);
#11466 = DIRECTION('',(0.,0.965925826289,0.258819045103));
#11467 = ORIENTED_EDGE('',*,*,#11468,.F.);
#11468 = EDGE_CURVE('',#11469,#11461,#11471,.T.);
#11469 = VERTEX_POINT('',#11470);
#11470 = CARTESIAN_POINT('',(50.,-175.,36.698729810778));
#11471 = LINE('',#11472,#11473);
#11472 = CARTESIAN_POINT('',(50.,-175.,36.698729810778));
#11473 = VECTOR('',#11474,1.);
#11474 = DIRECTION('',(1.,0.,0.));
#11475 = ORIENTED_EDGE('',*,*,#11476,.F.);
#11476 = EDGE_CURVE('',#11438,#11469,#11477,.T.);
#11477 = LINE('',#11478,#11479);
#11478 = CARTESIAN_POINT('',(50.,-200.,30.));
#11479 = VECTOR('',#11480,1.);
#11480 = DIRECTION('',(0.,0.965925826289,0.258819045103));
#11481 = PLANE('',#11482);
#11482 = AXIS2_PLACEMENT_3D('',#11483,#11484,#11485);
#11483 = CARTESIAN_POINT('',(50.,-200.,30.));
#11484 = DIRECTION('',(0.,-0.258819045103,0.965925826289));
#11485 = DIRECTION('',(0.,0.965925826289,0.258819045103));
#11486 = ADVANCED_FACE('',(#11487),#11512,.F.);
#11487 = FACE_BOUND('',#11488,.F.);
#11488 = EDGE_LOOP('',(#11489,#11490,#11498,#11506));
#11489 = ORIENTED_EDGE('',*,*,#11468,.T.);
#11490 = ORIENTED_EDGE('',*,*,#11491,.T.);
#11491 = EDGE_CURVE('',#11461,#11492,#11494,.T.);
#11492 = VERTEX_POINT('',#11493);
#11493 = CARTESIAN_POINT('',(70.,-175.,120.));
#11494 = LINE('',#11495,#11496);
#11495 = CARTESIAN_POINT('',(70.,-175.,36.698729810778));
#11496 = VECTOR('',#11497,1.);
#11497 = DIRECTION('',(0.,0.,1.));
#11498 = ORIENTED_EDGE('',*,*,#11499,.F.);
#11499 = EDGE_CURVE('',#11500,#11492,#11502,.T.);
#11500 = VERTEX_POINT('',#11501);
#11501 = CARTESIAN_POINT('',(50.,-175.,120.));
#11502 = LINE('',#11503,#11504);
#11503 = CARTESIAN_POINT('',(50.,-175.,120.));
#11504 = VECTOR('',#11505,1.);
#11505 = DIRECTION('',(1.,0.,0.));
#11506 = ORIENTED_EDGE('',*,*,#11507,.F.);
#11507 = EDGE_CURVE('',#11469,#11500,#11508,.T.);
#11508 = LINE('',#11509,#11510);
#11509 = CARTESIAN_POINT('',(50.,-175.,36.698729810778));
#11510 = VECTOR('',#11511,1.);
#11511 = DIRECTION('',(0.,0.,1.));
#11512 = PLANE('',#11513);
#11513 = AXIS2_PLACEMENT_3D('',#11514,#11515,#11516);
#11514 = CARTESIAN_POINT('',(50.,-175.,36.698729810778));
#11515 = DIRECTION('',(0.,-1.,0.));
#11516 = DIRECTION('',(0.,0.,1.));
#11517 = ADVANCED_FACE('',(#11518),#11543,.F.);
#11518 = FACE_BOUND('',#11519,.F.);
#11519 = EDGE_LOOP('',(#11520,#11521,#11529,#11537));
#11520 = ORIENTED_EDGE('',*,*,#11499,.T.);
#11521 = ORIENTED_EDGE('',*,*,#11522,.T.);
#11522 = EDGE_CURVE('',#11492,#11523,#11525,.T.);
#11523 = VERTEX_POINT('',#11524);
#11524 = CARTESIAN_POINT('',(70.,-275.,120.));
#11525 = LINE('',#11526,#11527);
#11526 = CARTESIAN_POINT('',(70.,-175.,120.));
#11527 = VECTOR('',#11528,1.);
#11528 = DIRECTION('',(0.,-1.,0.));
#11529 = ORIENTED_EDGE('',*,*,#11530,.F.);
#11530 = EDGE_CURVE('',#11531,#11523,#11533,.T.);
#11531 = VERTEX_POINT('',#11532);
#11532 = CARTESIAN_POINT('',(50.,-275.,120.));
#11533 = LINE('',#11534,#11535);
#11534 = CARTESIAN_POINT('',(50.,-275.,120.));
#11535 = VECTOR('',#11536,1.);
#11536 = DIRECTION('',(1.,0.,0.));
#11537 = ORIENTED_EDGE('',*,*,#11538,.F.);
#11538 = EDGE_CURVE('',#11500,#11531,#11539,.T.);
#11539 = LINE('',#11540,#11541);
#11540 = CARTESIAN_POINT('',(50.,-175.,120.));
#11541 = VECTOR('',#11542,1.);
#11542 = DIRECTION('',(0.,-1.,0.));
#11543 = PLANE('',#11544);
#11544 = AXIS2_PLACEMENT_3D('',#11545,#11546,#11547);
#11545 = CARTESIAN_POINT('',(50.,-175.,120.));
#11546 = DIRECTION('',(0.,0.,-1.));
#11547 = DIRECTION('',(0.,-1.,0.));
#11548 = ADVANCED_FACE('',(#11549),#11574,.F.);
#11549 = FACE_BOUND('',#11550,.F.);
#11550 = EDGE_LOOP('',(#11551,#11552,#11560,#11568));
#11551 = ORIENTED_EDGE('',*,*,#11530,.T.);
#11552 = ORIENTED_EDGE('',*,*,#11553,.T.);
#11553 = EDGE_CURVE('',#11523,#11554,#11556,.T.);
#11554 = VERTEX_POINT('',#11555);
#11555 = CARTESIAN_POINT('',(70.,-275.,36.698729810778));
#11556 = LINE('',#11557,#11558);
#11557 = CARTESIAN_POINT('',(70.,-275.,120.));
#11558 = VECTOR('',#11559,1.);
#11559 = DIRECTION('',(0.,0.,-1.));
#11560 = ORIENTED_EDGE('',*,*,#11561,.F.);
#11561 = EDGE_CURVE('',#11562,#11554,#11564,.T.);
#11562 = VERTEX_POINT('',#11563);
#11563 = CARTESIAN_POINT('',(50.,-275.,36.698729810778));
#11564 = LINE('',#11565,#11566);
#11565 = CARTESIAN_POINT('',(50.,-275.,36.698729810778));
#11566 = VECTOR('',#11567,1.);
#11567 = DIRECTION('',(1.,0.,0.));
#11568 = ORIENTED_EDGE('',*,*,#11569,.F.);
#11569 = EDGE_CURVE('',#11531,#11562,#11570,.T.);
#11570 = LINE('',#11571,#11572);
#11571 = CARTESIAN_POINT('',(50.,-275.,120.));
#11572 = VECTOR('',#11573,1.);
#11573 = DIRECTION('',(0.,0.,-1.));
#11574 = PLANE('',#11575);
#11575 = AXIS2_PLACEMENT_3D('',#11576,#11577,#11578);
#11576 = CARTESIAN_POINT('',(50.,-275.,120.));
#11577 = DIRECTION('',(-0.,1.,0.));
#11578 = DIRECTION('',(0.,0.,-1.));
#11579 = ADVANCED_FACE('',(#11580),#11596,.F.);
#11580 = FACE_BOUND('',#11581,.F.);
#11581 = EDGE_LOOP('',(#11582,#11583,#11589,#11590));
#11582 = ORIENTED_EDGE('',*,*,#11561,.T.);
#11583 = ORIENTED_EDGE('',*,*,#11584,.T.);
#11584 = EDGE_CURVE('',#11554,#11422,#11585,.T.);
#11585 = LINE('',#11586,#11587);
#11586 = CARTESIAN_POINT('',(70.,-275.,36.698729810778));
#11587 = VECTOR('',#11588,1.);
#11588 = DIRECTION('',(0.,0.965925826289,-0.258819045103));
#11589 = ORIENTED_EDGE('',*,*,#11419,.F.);
#11590 = ORIENTED_EDGE('',*,*,#11591,.F.);
#11591 = EDGE_CURVE('',#11562,#11420,#11592,.T.);
#11592 = LINE('',#11593,#11594);
#11593 = CARTESIAN_POINT('',(50.,-275.,36.698729810778));
#11594 = VECTOR('',#11595,1.);
#11595 = DIRECTION('',(0.,0.965925826289,-0.258819045103));
#11596 = PLANE('',#11597);
#11597 = AXIS2_PLACEMENT_3D('',#11598,#11599,#11600);
#11598 = CARTESIAN_POINT('',(50.,-275.,36.698729810778));
#11599 = DIRECTION('',(-0.,0.258819045103,0.965925826289));
#11600 = DIRECTION('',(0.,0.965925826289,-0.258819045103));
#11601 = ADVANCED_FACE('',(#11602),#11610,.F.);
#11602 = FACE_BOUND('',#11603,.F.);
#11603 = EDGE_LOOP('',(#11604,#11605,#11606,#11607,#11608,#11609));
#11604 = ORIENTED_EDGE('',*,*,#11445,.T.);
#11605 = ORIENTED_EDGE('',*,*,#11476,.T.);
#11606 = ORIENTED_EDGE('',*,*,#11507,.T.);
#11607 = ORIENTED_EDGE('',*,*,#11538,.T.);
#11608 = ORIENTED_EDGE('',*,*,#11569,.T.);
#11609 = ORIENTED_EDGE('',*,*,#11591,.T.);
#11610 = PLANE('',#11611);
#11611 = AXIS2_PLACEMENT_3D('',#11612,#11613,#11614);
#11612 = CARTESIAN_POINT('',(50.,-225.,76.770023734079));
#11613 = DIRECTION('',(1.,0.,0.));
#11614 = DIRECTION('',(-0.,0.,1.));
#11615 = ADVANCED_FACE('',(#11616),#11624,.T.);
#11616 = FACE_BOUND('',#11617,.T.);
#11617 = EDGE_LOOP('',(#11618,#11619,#11620,#11621,#11622,#11623));
#11618 = ORIENTED_EDGE('',*,*,#11429,.T.);
#11619 = ORIENTED_EDGE('',*,*,#11460,.T.);
#11620 = ORIENTED_EDGE('',*,*,#11491,.T.);
#11621 = ORIENTED_EDGE('',*,*,#11522,.T.);
#11622 = ORIENTED_EDGE('',*,*,#11553,.T.);
#11623 = ORIENTED_EDGE('',*,*,#11584,.T.);
#11624 = PLANE('',#11625);
#11625 = AXIS2_PLACEMENT_3D('',#11626,#11627,#11628);
#11626 = CARTESIAN_POINT('',(70.,-225.,76.770023734079));
#11627 = DIRECTION('',(1.,0.,0.));
#11628 = DIRECTION('',(-0.,0.,1.));
#11629 = ( GEOMETRIC_REPRESENTATION_CONTEXT(3) 
GLOBAL_UNCERTAINTY_ASSIGNED_CONTEXT((#11633)) 
GLOBAL_UNIT_ASSIGNED_CONTEXT((#11630,#11631,#11632)) 
REPRESENTATION_CONTEXT('Context #1',
  '3D Context with UNIT and UNCERTAINTY') );
#11630 = ( LENGTH_UNIT() NAMED_UNIT(*) SI_UNIT(.MILLI.,.METRE.) );
#11631 = ( NAMED_UNIT(*) PLANE_ANGLE_UNIT() SI_UNIT($,.RADIAN.) );
#11632 = ( NAMED_UNIT(*) SI_UNIT($,.STERADIAN.) SOLID_ANGLE_UNIT() );
#11633 = UNCERTAINTY_MEASURE_WITH_UNIT(LENGTH_MEASURE(1.E-07),#11630,
  'distance_accuracy_value','confusion accuracy');
#11634 = CONTEXT_DEPENDENT_SHAPE_REPRESENTATION(#11635,#11637);
#11635 = ( REPRESENTATION_RELATIONSHIP('','',#11412,#10) 
REPRESENTATION_RELATIONSHIP_WITH_TRANSFORMATION(#11636) 
SHAPE_REPRESENTATION_RELATIONSHIP() );
#11636 = ITEM_DEFINED_TRANSFORMATION('','',#11,#267);
#11637 = PRODUCT_DEFINITION_SHAPE('Placement','Placement of an item',
  #11638);
#11638 = NEXT_ASSEMBLY_USAGE_OCCURRENCE('152',
  'TRI-AMA-PORT-BULKHEAD-01 | Bulkhead | nominal plywood 20 mm','',#5,
  #11407,$);
#11639 = PRODUCT_RELATED_PRODUCT_CATEGORY('part',$,(#11409));
#11640 = SHAPE_DEFINITION_REPRESENTATION(#11641,#11647);
#11641 = PRODUCT_DEFINITION_SHAPE('','',#11642);
#11642 = PRODUCT_DEFINITION('design','',#11643,#11646);
#11643 = PRODUCT_DEFINITION_FORMATION('','',#11644);
#11644 = PRODUCT(
  'TRI-AMA-PORT-BULKHEAD-02 | Bulkhead | nominal plywood 20 mm',
  'TRI-AMA-PORT-BULKHEAD-02 | Bulkhead | nominal plywood 20 mm','',(
    #11645));
#11645 = PRODUCT_CONTEXT('',#2,'mechanical');
#11646 = PRODUCT_DEFINITION_CONTEXT('part definition',#2,'design');
#11647 = ADVANCED_BREP_SHAPE_REPRESENTATION('',(#11,#11648),#11864);
#11648 = MANIFOLD_SOLID_BREP('',#11649);
#11649 = CLOSED_SHELL('',(#11650,#11690,#11721,#11752,#11783,#11814,
    #11836,#11850));
#11650 = ADVANCED_FACE('',(#11651),#11685,.F.);
#11651 = FACE_BOUND('',#11652,.F.);
#11652 = EDGE_LOOP('',(#11653,#11663,#11671,#11679));
#11653 = ORIENTED_EDGE('',*,*,#11654,.T.);
#11654 = EDGE_CURVE('',#11655,#11657,#11659,.T.);
#11655 = VERTEX_POINT('',#11656);
#11656 = CARTESIAN_POINT('',(220.,-250.,30.));
#11657 = VERTEX_POINT('',#11658);
#11658 = CARTESIAN_POINT('',(240.,-250.,30.));
#11659 = LINE('',#11660,#11661);
#11660 = CARTESIAN_POINT('',(220.,-250.,30.));
#11661 = VECTOR('',#11662,1.);
#11662 = DIRECTION('',(1.,0.,0.));
#11663 = ORIENTED_EDGE('',*,*,#11664,.T.);
#11664 = EDGE_CURVE('',#11657,#11665,#11667,.T.);
#11665 = VERTEX_POINT('',#11666);
#11666 = CARTESIAN_POINT('',(240.,-200.,30.));
#11667 = LINE('',#11668,#11669);
#11668 = CARTESIAN_POINT('',(240.,-250.,30.));
#11669 = VECTOR('',#11670,1.);
#11670 = DIRECTION('',(0.,1.,0.));
#11671 = ORIENTED_EDGE('',*,*,#11672,.F.);
#11672 = EDGE_CURVE('',#11673,#11665,#11675,.T.);
#11673 = VERTEX_POINT('',#11674);
#11674 = CARTESIAN_POINT('',(220.,-200.,30.));
#11675 = LINE('',#11676,#11677);
#11676 = CARTESIAN_POINT('',(220.,-200.,30.));
#11677 = VECTOR('',#11678,1.);
#11678 = DIRECTION('',(1.,0.,0.));
#11679 = ORIENTED_EDGE('',*,*,#11680,.F.);
#11680 = EDGE_CURVE('',#11655,#11673,#11681,.T.);
#11681 = LINE('',#11682,#11683);
#11682 = CARTESIAN_POINT('',(220.,-250.,30.));
#11683 = VECTOR('',#11684,1.);
#11684 = DIRECTION('',(0.,1.,0.));
#11685 = PLANE('',#11686);
#11686 = AXIS2_PLACEMENT_3D('',#11687,#11688,#11689);
#11687 = CARTESIAN_POINT('',(220.,-250.,30.));
#11688 = DIRECTION('',(0.,0.,1.));
#11689 = DIRECTION('',(0.,1.,0.));
#11690 = ADVANCED_FACE('',(#11691),#11716,.F.);
#11691 = FACE_BOUND('',#11692,.F.);
#11692 = EDGE_LOOP('',(#11693,#11694,#11702,#11710));
#11693 = ORIENTED_EDGE('',*,*,#11672,.T.);
#11694 = ORIENTED_EDGE('',*,*,#11695,.T.);
#11695 = EDGE_CURVE('',#11665,#11696,#11698,.T.);
#11696 = VERTEX_POINT('',#11697);
#11697 = CARTESIAN_POINT('',(240.,-175.,36.698729810778));
#11698 = LINE('',#11699,#11700);
#11699 = CARTESIAN_POINT('',(240.,-200.,30.));
#11700 = VECTOR('',#11701,1.);
#11701 = DIRECTION('',(0.,0.965925826289,0.258819045103));
#11702 = ORIENTED_EDGE('',*,*,#11703,.F.);
#11703 = EDGE_CURVE('',#11704,#11696,#11706,.T.);
#11704 = VERTEX_POINT('',#11705);
#11705 = CARTESIAN_POINT('',(220.,-175.,36.698729810778));
#11706 = LINE('',#11707,#11708);
#11707 = CARTESIAN_POINT('',(220.,-175.,36.698729810778));
#11708 = VECTOR('',#11709,1.);
#11709 = DIRECTION('',(1.,0.,0.));
#11710 = ORIENTED_EDGE('',*,*,#11711,.F.);
#11711 = EDGE_CURVE('',#11673,#11704,#11712,.T.);
#11712 = LINE('',#11713,#11714);
#11713 = CARTESIAN_POINT('',(220.,-200.,30.));
#11714 = VECTOR('',#11715,1.);
#11715 = DIRECTION('',(0.,0.965925826289,0.258819045103));
#11716 = PLANE('',#11717);
#11717 = AXIS2_PLACEMENT_3D('',#11718,#11719,#11720);
#11718 = CARTESIAN_POINT('',(220.,-200.,30.));
#11719 = DIRECTION('',(0.,-0.258819045103,0.965925826289));
#11720 = DIRECTION('',(0.,0.965925826289,0.258819045103));
#11721 = ADVANCED_FACE('',(#11722),#11747,.F.);
#11722 = FACE_BOUND('',#11723,.F.);
#11723 = EDGE_LOOP('',(#11724,#11725,#11733,#11741));
#11724 = ORIENTED_EDGE('',*,*,#11703,.T.);
#11725 = ORIENTED_EDGE('',*,*,#11726,.T.);
#11726 = EDGE_CURVE('',#11696,#11727,#11729,.T.);
#11727 = VERTEX_POINT('',#11728);
#11728 = CARTESIAN_POINT('',(240.,-175.,120.));
#11729 = LINE('',#11730,#11731);
#11730 = CARTESIAN_POINT('',(240.,-175.,36.698729810778));
#11731 = VECTOR('',#11732,1.);
#11732 = DIRECTION('',(0.,0.,1.));
#11733 = ORIENTED_EDGE('',*,*,#11734,.F.);
#11734 = EDGE_CURVE('',#11735,#11727,#11737,.T.);
#11735 = VERTEX_POINT('',#11736);
#11736 = CARTESIAN_POINT('',(220.,-175.,120.));
#11737 = LINE('',#11738,#11739);
#11738 = CARTESIAN_POINT('',(220.,-175.,120.));
#11739 = VECTOR('',#11740,1.);
#11740 = DIRECTION('',(1.,0.,0.));
#11741 = ORIENTED_EDGE('',*,*,#11742,.F.);
#11742 = EDGE_CURVE('',#11704,#11735,#11743,.T.);
#11743 = LINE('',#11744,#11745);
#11744 = CARTESIAN_POINT('',(220.,-175.,36.698729810778));
#11745 = VECTOR('',#11746,1.);
#11746 = DIRECTION('',(0.,0.,1.));
#11747 = PLANE('',#11748);
#11748 = AXIS2_PLACEMENT_3D('',#11749,#11750,#11751);
#11749 = CARTESIAN_POINT('',(220.,-175.,36.698729810778));
#11750 = DIRECTION('',(0.,-1.,0.));
#11751 = DIRECTION('',(0.,0.,1.));
#11752 = ADVANCED_FACE('',(#11753),#11778,.F.);
#11753 = FACE_BOUND('',#11754,.F.);
#11754 = EDGE_LOOP('',(#11755,#11756,#11764,#11772));
#11755 = ORIENTED_EDGE('',*,*,#11734,.T.);
#11756 = ORIENTED_EDGE('',*,*,#11757,.T.);
#11757 = EDGE_CURVE('',#11727,#11758,#11760,.T.);
#11758 = VERTEX_POINT('',#11759);
#11759 = CARTESIAN_POINT('',(240.,-275.,120.));
#11760 = LINE('',#11761,#11762);
#11761 = CARTESIAN_POINT('',(240.,-175.,120.));
#11762 = VECTOR('',#11763,1.);
#11763 = DIRECTION('',(0.,-1.,0.));
#11764 = ORIENTED_EDGE('',*,*,#11765,.F.);
#11765 = EDGE_CURVE('',#11766,#11758,#11768,.T.);
#11766 = VERTEX_POINT('',#11767);
#11767 = CARTESIAN_POINT('',(220.,-275.,120.));
#11768 = LINE('',#11769,#11770);
#11769 = CARTESIAN_POINT('',(220.,-275.,120.));
#11770 = VECTOR('',#11771,1.);
#11771 = DIRECTION('',(1.,0.,0.));
#11772 = ORIENTED_EDGE('',*,*,#11773,.F.);
#11773 = EDGE_CURVE('',#11735,#11766,#11774,.T.);
#11774 = LINE('',#11775,#11776);
#11775 = CARTESIAN_POINT('',(220.,-175.,120.));
#11776 = VECTOR('',#11777,1.);
#11777 = DIRECTION('',(0.,-1.,0.));
#11778 = PLANE('',#11779);
#11779 = AXIS2_PLACEMENT_3D('',#11780,#11781,#11782);
#11780 = CARTESIAN_POINT('',(220.,-175.,120.));
#11781 = DIRECTION('',(0.,0.,-1.));
#11782 = DIRECTION('',(0.,-1.,0.));
#11783 = ADVANCED_FACE('',(#11784),#11809,.F.);
#11784 = FACE_BOUND('',#11785,.F.);
#11785 = EDGE_LOOP('',(#11786,#11787,#11795,#11803));
#11786 = ORIENTED_EDGE('',*,*,#11765,.T.);
#11787 = ORIENTED_EDGE('',*,*,#11788,.T.);
#11788 = EDGE_CURVE('',#11758,#11789,#11791,.T.);
#11789 = VERTEX_POINT('',#11790);
#11790 = CARTESIAN_POINT('',(240.,-275.,36.698729810778));
#11791 = LINE('',#11792,#11793);
#11792 = CARTESIAN_POINT('',(240.,-275.,120.));
#11793 = VECTOR('',#11794,1.);
#11794 = DIRECTION('',(0.,0.,-1.));
#11795 = ORIENTED_EDGE('',*,*,#11796,.F.);
#11796 = EDGE_CURVE('',#11797,#11789,#11799,.T.);
#11797 = VERTEX_POINT('',#11798);
#11798 = CARTESIAN_POINT('',(220.,-275.,36.698729810778));
#11799 = LINE('',#11800,#11801);
#11800 = CARTESIAN_POINT('',(220.,-275.,36.698729810778));
#11801 = VECTOR('',#11802,1.);
#11802 = DIRECTION('',(1.,0.,0.));
#11803 = ORIENTED_EDGE('',*,*,#11804,.F.);
#11804 = EDGE_CURVE('',#11766,#11797,#11805,.T.);
#11805 = LINE('',#11806,#11807);
#11806 = CARTESIAN_POINT('',(220.,-275.,120.));
#11807 = VECTOR('',#11808,1.);
#11808 = DIRECTION('',(0.,0.,-1.));
#11809 = PLANE('',#11810);
#11810 = AXIS2_PLACEMENT_3D('',#11811,#11812,#11813);
#11811 = CARTESIAN_POINT('',(220.,-275.,120.));
#11812 = DIRECTION('',(-0.,1.,0.));
#11813 = DIRECTION('',(0.,0.,-1.));
#11814 = ADVANCED_FACE('',(#11815),#11831,.F.);
#11815 = FACE_BOUND('',#11816,.F.);
#11816 = EDGE_LOOP('',(#11817,#11818,#11824,#11825));
#11817 = ORIENTED_EDGE('',*,*,#11796,.T.);
#11818 = ORIENTED_EDGE('',*,*,#11819,.T.);
#11819 = EDGE_CURVE('',#11789,#11657,#11820,.T.);
#11820 = LINE('',#11821,#11822);
#11821 = CARTESIAN_POINT('',(240.,-275.,36.698729810778));
#11822 = VECTOR('',#11823,1.);
#11823 = DIRECTION('',(0.,0.965925826289,-0.258819045103));
#11824 = ORIENTED_EDGE('',*,*,#11654,.F.);
#11825 = ORIENTED_EDGE('',*,*,#11826,.F.);
#11826 = EDGE_CURVE('',#11797,#11655,#11827,.T.);
#11827 = LINE('',#11828,#11829);
#11828 = CARTESIAN_POINT('',(220.,-275.,36.698729810778));
#11829 = VECTOR('',#11830,1.);
#11830 = DIRECTION('',(0.,0.965925826289,-0.258819045103));
#11831 = PLANE('',#11832);
#11832 = AXIS2_PLACEMENT_3D('',#11833,#11834,#11835);
#11833 = CARTESIAN_POINT('',(220.,-275.,36.698729810778));
#11834 = DIRECTION('',(-0.,0.258819045103,0.965925826289));
#11835 = DIRECTION('',(0.,0.965925826289,-0.258819045103));
#11836 = ADVANCED_FACE('',(#11837),#11845,.F.);
#11837 = FACE_BOUND('',#11838,.F.);
#11838 = EDGE_LOOP('',(#11839,#11840,#11841,#11842,#11843,#11844));
#11839 = ORIENTED_EDGE('',*,*,#11680,.T.);
#11840 = ORIENTED_EDGE('',*,*,#11711,.T.);
#11841 = ORIENTED_EDGE('',*,*,#11742,.T.);
#11842 = ORIENTED_EDGE('',*,*,#11773,.T.);
#11843 = ORIENTED_EDGE('',*,*,#11804,.T.);
#11844 = ORIENTED_EDGE('',*,*,#11826,.T.);
#11845 = PLANE('',#11846);
#11846 = AXIS2_PLACEMENT_3D('',#11847,#11848,#11849);
#11847 = CARTESIAN_POINT('',(220.,-225.,76.770023734079));
#11848 = DIRECTION('',(1.,0.,0.));
#11849 = DIRECTION('',(-0.,0.,1.));
#11850 = ADVANCED_FACE('',(#11851),#11859,.T.);
#11851 = FACE_BOUND('',#11852,.T.);
#11852 = EDGE_LOOP('',(#11853,#11854,#11855,#11856,#11857,#11858));
#11853 = ORIENTED_EDGE('',*,*,#11664,.T.);
#11854 = ORIENTED_EDGE('',*,*,#11695,.T.);
#11855 = ORIENTED_EDGE('',*,*,#11726,.T.);
#11856 = ORIENTED_EDGE('',*,*,#11757,.T.);
#11857 = ORIENTED_EDGE('',*,*,#11788,.T.);
#11858 = ORIENTED_EDGE('',*,*,#11819,.T.);
#11859 = PLANE('',#11860);
#11860 = AXIS2_PLACEMENT_3D('',#11861,#11862,#11863);
#11861 = CARTESIAN_POINT('',(240.,-225.,76.770023734079));
#11862 = DIRECTION('',(1.,0.,0.));
#11863 = DIRECTION('',(-0.,0.,1.));
#11864 = ( GEOMETRIC_REPRESENTATION_CONTEXT(3) 
GLOBAL_UNCERTAINTY_ASSIGNED_CONTEXT((#11868)) 
GLOBAL_UNIT_ASSIGNED_CONTEXT((#11865,#11866,#11867)) 
REPRESENTATION_CONTEXT('Context #1',
  '3D Context with UNIT and UNCERTAINTY') );
#11865 = ( LENGTH_UNIT() NAMED_UNIT(*) SI_UNIT(.MILLI.,.METRE.) );
#11866 = ( NAMED_UNIT(*) PLANE_ANGLE_UNIT() SI_UNIT($,.RADIAN.) );
#11867 = ( NAMED_UNIT(*) SI_UNIT($,.STERADIAN.) SOLID_ANGLE_UNIT() );
#11868 = UNCERTAINTY_MEASURE_WITH_UNIT(LENGTH_MEASURE(1.E-07),#11865,
  'distance_accuracy_value','confusion accuracy');
#11869 = CONTEXT_DEPENDENT_SHAPE_REPRESENTATION(#11870,#11872);
#11870 = ( REPRESENTATION_RELATIONSHIP('','',#11647,#10) 
REPRESENTATION_RELATIONSHIP_WITH_TRANSFORMATION(#11871) 
SHAPE_REPRESENTATION_RELATIONSHIP() );
#11871 = ITEM_DEFINED_TRANSFORMATION('','',#11,#271);
#11872 = PRODUCT_DEFINITION_SHAPE('Placement','Placement of an item',
  #11873);
#11873 = NEXT_ASSEMBLY_USAGE_OCCURRENCE('153',
  'TRI-AMA-PORT-BULKHEAD-02 | Bulkhead | nominal plywood 20 mm','',#5,
  #11642,$);
#11874 = PRODUCT_RELATED_PRODUCT_CATEGORY('part',$,(#11644));
#11875 = SHAPE_DEFINITION_REPRESENTATION(#11876,#11882);
#11876 = PRODUCT_DEFINITION_SHAPE('','',#11877);
#11877 = PRODUCT_DEFINITION('design','',#11878,#11881);
#11878 = PRODUCT_DEFINITION_FORMATION('','',#11879);
#11879 = PRODUCT(
  'TRI-AMA-PORT-BULKHEAD-03 | Bulkhead | nominal plywood 20 mm',
  'TRI-AMA-PORT-BULKHEAD-03 | Bulkhead | nominal plywood 20 mm','',(
    #11880));
#11880 = PRODUCT_CONTEXT('',#2,'mechanical');
#11881 = PRODUCT_DEFINITION_CONTEXT('part definition',#2,'design');
#11882 = ADVANCED_BREP_SHAPE_REPRESENTATION('',(#11,#11883),#12099);
#11883 = MANIFOLD_SOLID_BREP('',#11884);
#11884 = CLOSED_SHELL('',(#11885,#11925,#11956,#11987,#12018,#12049,
    #12071,#12085));
#11885 = ADVANCED_FACE('',(#11886),#11920,.F.);
#11886 = FACE_BOUND('',#11887,.F.);
#11887 = EDGE_LOOP('',(#11888,#11898,#11906,#11914));
#11888 = ORIENTED_EDGE('',*,*,#11889,.T.);
#11889 = EDGE_CURVE('',#11890,#11892,#11894,.T.);
#11890 = VERTEX_POINT('',#11891);
#11891 = CARTESIAN_POINT('',(390.,-250.,30.));
#11892 = VERTEX_POINT('',#11893);
#11893 = CARTESIAN_POINT('',(410.,-250.,30.));
#11894 = LINE('',#11895,#11896);
#11895 = CARTESIAN_POINT('',(390.,-250.,30.));
#11896 = VECTOR('',#11897,1.);
#11897 = DIRECTION('',(1.,0.,0.));
#11898 = ORIENTED_EDGE('',*,*,#11899,.T.);
#11899 = EDGE_CURVE('',#11892,#11900,#11902,.T.);
#11900 = VERTEX_POINT('',#11901);
#11901 = CARTESIAN_POINT('',(410.,-200.,30.));
#11902 = LINE('',#11903,#11904);
#11903 = CARTESIAN_POINT('',(410.,-250.,30.));
#11904 = VECTOR('',#11905,1.);
#11905 = DIRECTION('',(0.,1.,0.));
#11906 = ORIENTED_EDGE('',*,*,#11907,.F.);
#11907 = EDGE_CURVE('',#11908,#11900,#11910,.T.);
#11908 = VERTEX_POINT('',#11909);
#11909 = CARTESIAN_POINT('',(390.,-200.,30.));
#11910 = LINE('',#11911,#11912);
#11911 = CARTESIAN_POINT('',(390.,-200.,30.));
#11912 = VECTOR('',#11913,1.);
#11913 = DIRECTION('',(1.,0.,0.));
#11914 = ORIENTED_EDGE('',*,*,#11915,.F.);
#11915 = EDGE_CURVE('',#11890,#11908,#11916,.T.);
#11916 = LINE('',#11917,#11918);
#11917 = CARTESIAN_POINT('',(390.,-250.,30.));
#11918 = VECTOR('',#11919,1.);
#11919 = DIRECTION('',(0.,1.,0.));
#11920 = PLANE('',#11921);
#11921 = AXIS2_PLACEMENT_3D('',#11922,#11923,#11924);
#11922 = CARTESIAN_POINT('',(390.,-250.,30.));
#11923 = DIRECTION('',(0.,0.,1.));
#11924 = DIRECTION('',(0.,1.,0.));
#11925 = ADVANCED_FACE('',(#11926),#11951,.F.);
#11926 = FACE_BOUND('',#11927,.F.);
#11927 = EDGE_LOOP('',(#11928,#11929,#11937,#11945));
#11928 = ORIENTED_EDGE('',*,*,#11907,.T.);
#11929 = ORIENTED_EDGE('',*,*,#11930,.T.);
#11930 = EDGE_CURVE('',#11900,#11931,#11933,.T.);
#11931 = VERTEX_POINT('',#11932);
#11932 = CARTESIAN_POINT('',(410.,-175.,36.698729810778));
#11933 = LINE('',#11934,#11935);
#11934 = CARTESIAN_POINT('',(410.,-200.,30.));
#11935 = VECTOR('',#11936,1.);
#11936 = DIRECTION('',(0.,0.965925826289,0.258819045103));
#11937 = ORIENTED_EDGE('',*,*,#11938,.F.);
#11938 = EDGE_CURVE('',#11939,#11931,#11941,.T.);
#11939 = VERTEX_POINT('',#11940);
#11940 = CARTESIAN_POINT('',(390.,-175.,36.698729810778));
#11941 = LINE('',#11942,#11943);
#11942 = CARTESIAN_POINT('',(390.,-175.,36.698729810778));
#11943 = VECTOR('',#11944,1.);
#11944 = DIRECTION('',(1.,0.,0.));
#11945 = ORIENTED_EDGE('',*,*,#11946,.F.);
#11946 = EDGE_CURVE('',#11908,#11939,#11947,.T.);
#11947 = LINE('',#11948,#11949);
#11948 = CARTESIAN_POINT('',(390.,-200.,30.));
#11949 = VECTOR('',#11950,1.);
#11950 = DIRECTION('',(0.,0.965925826289,0.258819045103));
#11951 = PLANE('',#11952);
#11952 = AXIS2_PLACEMENT_3D('',#11953,#11954,#11955);
#11953 = CARTESIAN_POINT('',(390.,-200.,30.));
#11954 = DIRECTION('',(0.,-0.258819045103,0.965925826289));
#11955 = DIRECTION('',(0.,0.965925826289,0.258819045103));
#11956 = ADVANCED_FACE('',(#11957),#11982,.F.);
#11957 = FACE_BOUND('',#11958,.F.);
#11958 = EDGE_LOOP('',(#11959,#11960,#11968,#11976));
#11959 = ORIENTED_EDGE('',*,*,#11938,.T.);
#11960 = ORIENTED_EDGE('',*,*,#11961,.T.);
#11961 = EDGE_CURVE('',#11931,#11962,#11964,.T.);
#11962 = VERTEX_POINT('',#11963);
#11963 = CARTESIAN_POINT('',(410.,-175.,120.));
#11964 = LINE('',#11965,#11966);
#11965 = CARTESIAN_POINT('',(410.,-175.,36.698729810778));
#11966 = VECTOR('',#11967,1.);
#11967 = DIRECTION('',(0.,0.,1.));
#11968 = ORIENTED_EDGE('',*,*,#11969,.F.);
#11969 = EDGE_CURVE('',#11970,#11962,#11972,.T.);
#11970 = VERTEX_POINT('',#11971);
#11971 = CARTESIAN_POINT('',(390.,-175.,120.));
#11972 = LINE('',#11973,#11974);
#11973 = CARTESIAN_POINT('',(390.,-175.,120.));
#11974 = VECTOR('',#11975,1.);
#11975 = DIRECTION('',(1.,0.,0.));
#11976 = ORIENTED_EDGE('',*,*,#11977,.F.);
#11977 = EDGE_CURVE('',#11939,#11970,#11978,.T.);
#11978 = LINE('',#11979,#11980);
#11979 = CARTESIAN_POINT('',(390.,-175.,36.698729810778));
#11980 = VECTOR('',#11981,1.);
#11981 = DIRECTION('',(0.,0.,1.));
#11982 = PLANE('',#11983);
#11983 = AXIS2_PLACEMENT_3D('',#11984,#11985,#11986);
#11984 = CARTESIAN_POINT('',(390.,-175.,36.698729810778));
#11985 = DIRECTION('',(0.,-1.,0.));
#11986 = DIRECTION('',(0.,0.,1.));
#11987 = ADVANCED_FACE('',(#11988),#12013,.F.);
#11988 = FACE_BOUND('',#11989,.F.);
#11989 = EDGE_LOOP('',(#11990,#11991,#11999,#12007));
#11990 = ORIENTED_EDGE('',*,*,#11969,.T.);
#11991 = ORIENTED_EDGE('',*,*,#11992,.T.);
#11992 = EDGE_CURVE('',#11962,#11993,#11995,.T.);
#11993 = VERTEX_POINT('',#11994);
#11994 = CARTESIAN_POINT('',(410.,-275.,120.));
#11995 = LINE('',#11996,#11997);
#11996 = CARTESIAN_POINT('',(410.,-175.,120.));
#11997 = VECTOR('',#11998,1.);
#11998 = DIRECTION('',(0.,-1.,0.));
#11999 = ORIENTED_EDGE('',*,*,#12000,.F.);
#12000 = EDGE_CURVE('',#12001,#11993,#12003,.T.);
#12001 = VERTEX_POINT('',#12002);
#12002 = CARTESIAN_POINT('',(390.,-275.,120.));
#12003 = LINE('',#12004,#12005);
#12004 = CARTESIAN_POINT('',(390.,-275.,120.));
#12005 = VECTOR('',#12006,1.);
#12006 = DIRECTION('',(1.,0.,0.));
#12007 = ORIENTED_EDGE('',*,*,#12008,.F.);
#12008 = EDGE_CURVE('',#11970,#12001,#12009,.T.);
#12009 = LINE('',#12010,#12011);
#12010 = CARTESIAN_POINT('',(390.,-175.,120.));
#12011 = VECTOR('',#12012,1.);
#12012 = DIRECTION('',(0.,-1.,0.));
#12013 = PLANE('',#12014);
#12014 = AXIS2_PLACEMENT_3D('',#12015,#12016,#12017);
#12015 = CARTESIAN_POINT('',(390.,-175.,120.));
#12016 = DIRECTION('',(0.,0.,-1.));
#12017 = DIRECTION('',(0.,-1.,0.));
#12018 = ADVANCED_FACE('',(#12019),#12044,.F.);
#12019 = FACE_BOUND('',#12020,.F.);
#12020 = EDGE_LOOP('',(#12021,#12022,#12030,#12038));
#12021 = ORIENTED_EDGE('',*,*,#12000,.T.);
#12022 = ORIENTED_EDGE('',*,*,#12023,.T.);
#12023 = EDGE_CURVE('',#11993,#12024,#12026,.T.);
#12024 = VERTEX_POINT('',#12025);
#12025 = CARTESIAN_POINT('',(410.,-275.,36.698729810778));
#12026 = LINE('',#12027,#12028);
#12027 = CARTESIAN_POINT('',(410.,-275.,120.));
#12028 = VECTOR('',#12029,1.);
#12029 = DIRECTION('',(0.,0.,-1.));
#12030 = ORIENTED_EDGE('',*,*,#12031,.F.);
#12031 = EDGE_CURVE('',#12032,#12024,#12034,.T.);
#12032 = VERTEX_POINT('',#12033);
#12033 = CARTESIAN_POINT('',(390.,-275.,36.698729810778));
#12034 = LINE('',#12035,#12036);
#12035 = CARTESIAN_POINT('',(390.,-275.,36.698729810778));
#12036 = VECTOR('',#12037,1.);
#12037 = DIRECTION('',(1.,0.,0.));
#12038 = ORIENTED_EDGE('',*,*,#12039,.F.);
#12039 = EDGE_CURVE('',#12001,#12032,#12040,.T.);
#12040 = LINE('',#12041,#12042);
#12041 = CARTESIAN_POINT('',(390.,-275.,120.));
#12042 = VECTOR('',#12043,1.);
#12043 = DIRECTION('',(0.,0.,-1.));
#12044 = PLANE('',#12045);
#12045 = AXIS2_PLACEMENT_3D('',#12046,#12047,#12048);
#12046 = CARTESIAN_POINT('',(390.,-275.,120.));
#12047 = DIRECTION('',(-0.,1.,0.));
#12048 = DIRECTION('',(0.,0.,-1.));
#12049 = ADVANCED_FACE('',(#12050),#12066,.F.);
#12050 = FACE_BOUND('',#12051,.F.);
#12051 = EDGE_LOOP('',(#12052,#12053,#12059,#12060));
#12052 = ORIENTED_EDGE('',*,*,#12031,.T.);
#12053 = ORIENTED_EDGE('',*,*,#12054,.T.);
#12054 = EDGE_CURVE('',#12024,#11892,#12055,.T.);
#12055 = LINE('',#12056,#12057);
#12056 = CARTESIAN_POINT('',(410.,-275.,36.698729810778));
#12057 = VECTOR('',#12058,1.);
#12058 = DIRECTION('',(0.,0.965925826289,-0.258819045103));
#12059 = ORIENTED_EDGE('',*,*,#11889,.F.);
#12060 = ORIENTED_EDGE('',*,*,#12061,.F.);
#12061 = EDGE_CURVE('',#12032,#11890,#12062,.T.);
#12062 = LINE('',#12063,#12064);
#12063 = CARTESIAN_POINT('',(390.,-275.,36.698729810778));
#12064 = VECTOR('',#12065,1.);
#12065 = DIRECTION('',(0.,0.965925826289,-0.258819045103));
#12066 = PLANE('',#12067);
#12067 = AXIS2_PLACEMENT_3D('',#12068,#12069,#12070);
#12068 = CARTESIAN_POINT('',(390.,-275.,36.698729810778));
#12069 = DIRECTION('',(-0.,0.258819045103,0.965925826289));
#12070 = DIRECTION('',(0.,0.965925826289,-0.258819045103));
#12071 = ADVANCED_FACE('',(#12072),#12080,.F.);
#12072 = FACE_BOUND('',#12073,.F.);
#12073 = EDGE_LOOP('',(#12074,#12075,#12076,#12077,#12078,#12079));
#12074 = ORIENTED_EDGE('',*,*,#11915,.T.);
#12075 = ORIENTED_EDGE('',*,*,#11946,.T.);
#12076 = ORIENTED_EDGE('',*,*,#11977,.T.);
#12077 = ORIENTED_EDGE('',*,*,#12008,.T.);
#12078 = ORIENTED_EDGE('',*,*,#12039,.T.);
#12079 = ORIENTED_EDGE('',*,*,#12061,.T.);
#12080 = PLANE('',#12081);
#12081 = AXIS2_PLACEMENT_3D('',#12082,#12083,#12084);
#12082 = CARTESIAN_POINT('',(390.,-225.,76.770023734079));
#12083 = DIRECTION('',(1.,0.,0.));
#12084 = DIRECTION('',(-0.,0.,1.));
#12085 = ADVANCED_FACE('',(#12086),#12094,.T.);
#12086 = FACE_BOUND('',#12087,.T.);
#12087 = EDGE_LOOP('',(#12088,#12089,#12090,#12091,#12092,#12093));
#12088 = ORIENTED_EDGE('',*,*,#11899,.T.);
#12089 = ORIENTED_EDGE('',*,*,#11930,.T.);
#12090 = ORIENTED_EDGE('',*,*,#11961,.T.);
#12091 = ORIENTED_EDGE('',*,*,#11992,.T.);
#12092 = ORIENTED_EDGE('',*,*,#12023,.T.);
#12093 = ORIENTED_EDGE('',*,*,#12054,.T.);
#12094 = PLANE('',#12095);
#12095 = AXIS2_PLACEMENT_3D('',#12096,#12097,#12098);
#12096 = CARTESIAN_POINT('',(410.,-225.,76.770023734079));
#12097 = DIRECTION('',(1.,0.,0.));
#12098 = DIRECTION('',(-0.,0.,1.));
#12099 = ( GEOMETRIC_REPRESENTATION_CONTEXT(3) 
GLOBAL_UNCERTAINTY_ASSIGNED_CONTEXT((#12103)) 
GLOBAL_UNIT_ASSIGNED_CONTEXT((#12100,#12101,#12102)) 
REPRESENTATION_CONTEXT('Context #1',
  '3D Context with UNIT and UNCERTAINTY') );
#12100 = ( LENGTH_UNIT() NAMED_UNIT(*) SI_UNIT(.MILLI.,.METRE.) );
#12101 = ( NAMED_UNIT(*) PLANE_ANGLE_UNIT() SI_UNIT($,.RADIAN.) );
#12102 = ( NAMED_UNIT(*) SI_UNIT($,.STERADIAN.) SOLID_ANGLE_UNIT() );
#12103 = UNCERTAINTY_MEASURE_WITH_UNIT(LENGTH_MEASURE(1.E-07),#12100,
  'distance_accuracy_value','confusion accuracy');
#12104 = CONTEXT_DEPENDENT_SHAPE_REPRESENTATION(#12105,#12107);
#12105 = ( REPRESENTATION_RELATIONSHIP('','',#11882,#10) 
REPRESENTATION_RELATIONSHIP_WITH_TRANSFORMATION(#12106) 
SHAPE_REPRESENTATION_RELATIONSHIP() );
#12106 = ITEM_DEFINED_TRANSFORMATION('','',#11,#275);
#12107 = PRODUCT_DEFINITION_SHAPE('Placement','Placement of an item',
  #12108);
#12108 = NEXT_ASSEMBLY_USAGE_OCCURRENCE('154',
  'TRI-AMA-PORT-BULKHEAD-03 | Bulkhead | nominal plywood 20 mm','',#5,
  #11877,$);
#12109 = PRODUCT_RELATED_PRODUCT_CATEGORY('part',$,(#11879));
#12110 = SHAPE_DEFINITION_REPRESENTATION(#12111,#12117);
#12111 = PRODUCT_DEFINITION_SHAPE('','',#12112);
#12112 = PRODUCT_DEFINITION('design','',#12113,#12116);
#12113 = PRODUCT_DEFINITION_FORMATION('','',#12114);
#12114 = PRODUCT(
  'TRI-AMA-PORT-BULKHEAD-04 | Bulkhead | nominal plywood 20 mm',
  'TRI-AMA-PORT-BULKHEAD-04 | Bulkhead | nominal plywood 20 mm','',(
    #12115));
#12115 = PRODUCT_CONTEXT('',#2,'mechanical');
#12116 = PRODUCT_DEFINITION_CONTEXT('part definition',#2,'design');
#12117 = ADVANCED_BREP_SHAPE_REPRESENTATION('',(#11,#12118),#12301);
#12118 = MANIFOLD_SOLID_BREP('',#12119);
#12119 = CLOSED_SHELL('',(#12120,#12160,#12191,#12222,#12253,#12275,
    #12288));
#12120 = ADVANCED_FACE('',(#12121),#12155,.F.);
#12121 = FACE_BOUND('',#12122,.F.);
#12122 = EDGE_LOOP('',(#12123,#12133,#12141,#12149));
#12123 = ORIENTED_EDGE('',*,*,#12124,.T.);
#12124 = EDGE_CURVE('',#12125,#12127,#12129,.T.);
#12125 = VERTEX_POINT('',#12126);
#12126 = CARTESIAN_POINT('',(560.,-225.,30.));
#12127 = VERTEX_POINT('',#12128);
#12128 = CARTESIAN_POINT('',(580.,-225.,30.));
#12129 = LINE('',#12130,#12131);
#12130 = CARTESIAN_POINT('',(560.,-225.,30.));
#12131 = VECTOR('',#12132,1.);
#12132 = DIRECTION('',(1.,0.,0.));
#12133 = ORIENTED_EDGE('',*,*,#12134,.T.);
#12134 = EDGE_CURVE('',#12127,#12135,#12137,.T.);
#12135 = VERTEX_POINT('',#12136);
#12136 = CARTESIAN_POINT('',(580.,-213.8888888888,32.977213249235));
#12137 = LINE('',#12138,#12139);
#12138 = CARTESIAN_POINT('',(580.,-225.,30.));
#12139 = VECTOR('',#12140,1.);
#12140 = DIRECTION('',(0.,0.965925826289,0.258819045103));
#12141 = ORIENTED_EDGE('',*,*,#12142,.F.);
#12142 = EDGE_CURVE('',#12143,#12135,#12145,.T.);
#12143 = VERTEX_POINT('',#12144);
#12144 = CARTESIAN_POINT('',(560.,-213.8888888888,32.977213249235));
#12145 = LINE('',#12146,#12147);
#12146 = CARTESIAN_POINT('',(560.,-213.8888888888,32.977213249235));
#12147 = VECTOR('',#12148,1.);
#12148 = DIRECTION('',(1.,0.,0.));
#12149 = ORIENTED_EDGE('',*,*,#12150,.F.);
#12150 = EDGE_CURVE('',#12125,#12143,#12151,.T.);
#12151 = LINE('',#12152,#12153);
#12152 = CARTESIAN_POINT('',(560.,-225.,30.));
#12153 = VECTOR('',#12154,1.);
#12154 = DIRECTION('',(0.,0.965925826289,0.258819045103));
#12155 = PLANE('',#12156);
#12156 = AXIS2_PLACEMENT_3D('',#12157,#12158,#12159);
#12157 = CARTESIAN_POINT('',(560.,-225.,30.));
#12158 = DIRECTION('',(0.,-0.258819045103,0.965925826289));
#12159 = DIRECTION('',(0.,0.965925826289,0.258819045103));
#12160 = ADVANCED_FACE('',(#12161),#12186,.F.);
#12161 = FACE_BOUND('',#12162,.F.);
#12162 = EDGE_LOOP('',(#12163,#12164,#12172,#12180));
#12163 = ORIENTED_EDGE('',*,*,#12142,.T.);
#12164 = ORIENTED_EDGE('',*,*,#12165,.T.);
#12165 = EDGE_CURVE('',#12135,#12166,#12168,.T.);
#12166 = VERTEX_POINT('',#12167);
#12167 = CARTESIAN_POINT('',(580.,-213.8888888888,120.));
#12168 = LINE('',#12169,#12170);
#12169 = CARTESIAN_POINT('',(580.,-213.8888888888,32.977213249235));
#12170 = VECTOR('',#12171,1.);
#12171 = DIRECTION('',(0.,0.,1.));
#12172 = ORIENTED_EDGE('',*,*,#12173,.F.);
#12173 = EDGE_CURVE('',#12174,#12166,#12176,.T.);
#12174 = VERTEX_POINT('',#12175);
#12175 = CARTESIAN_POINT('',(560.,-213.8888888888,120.));
#12176 = LINE('',#12177,#12178);
#12177 = CARTESIAN_POINT('',(560.,-213.8888888888,120.));
#12178 = VECTOR('',#12179,1.);
#12179 = DIRECTION('',(1.,0.,0.));
#12180 = ORIENTED_EDGE('',*,*,#12181,.F.);
#12181 = EDGE_CURVE('',#12143,#12174,#12182,.T.);
#12182 = LINE('',#12183,#12184);
#12183 = CARTESIAN_POINT('',(560.,-213.8888888888,32.977213249235));
#12184 = VECTOR('',#12185,1.);
#12185 = DIRECTION('',(0.,0.,1.));
#12186 = PLANE('',#12187);
#12187 = AXIS2_PLACEMENT_3D('',#12188,#12189,#12190);
#12188 = CARTESIAN_POINT('',(560.,-213.8888888888,32.977213249235));
#12189 = DIRECTION('',(0.,-1.,0.));
#12190 = DIRECTION('',(0.,0.,1.));
#12191 = ADVANCED_FACE('',(#12192),#12217,.F.);
#12192 = FACE_BOUND('',#12193,.F.);
#12193 = EDGE_LOOP('',(#12194,#12195,#12203,#12211));
#12194 = ORIENTED_EDGE('',*,*,#12173,.T.);
#12195 = ORIENTED_EDGE('',*,*,#12196,.T.);
#12196 = EDGE_CURVE('',#12166,#12197,#12199,.T.);
#12197 = VERTEX_POINT('',#12198);
#12198 = CARTESIAN_POINT('',(580.,-236.1111111111,120.));
#12199 = LINE('',#12200,#12201);
#12200 = CARTESIAN_POINT('',(580.,-213.8888888888,120.));
#12201 = VECTOR('',#12202,1.);
#12202 = DIRECTION('',(0.,-1.,0.));
#12203 = ORIENTED_EDGE('',*,*,#12204,.F.);
#12204 = EDGE_CURVE('',#12205,#12197,#12207,.T.);
#12205 = VERTEX_POINT('',#12206);
#12206 = CARTESIAN_POINT('',(560.,-236.1111111111,120.));
#12207 = LINE('',#12208,#12209);
#12208 = CARTESIAN_POINT('',(560.,-236.1111111111,120.));
#12209 = VECTOR('',#12210,1.);
#12210 = DIRECTION('',(1.,0.,0.));
#12211 = ORIENTED_EDGE('',*,*,#12212,.F.);
#12212 = EDGE_CURVE('',#12174,#12205,#12213,.T.);
#12213 = LINE('',#12214,#12215);
#12214 = CARTESIAN_POINT('',(560.,-213.8888888888,120.));
#12215 = VECTOR('',#12216,1.);
#12216 = DIRECTION('',(0.,-1.,0.));
#12217 = PLANE('',#12218);
#12218 = AXIS2_PLACEMENT_3D('',#12219,#12220,#12221);
#12219 = CARTESIAN_POINT('',(560.,-213.8888888888,120.));
#12220 = DIRECTION('',(0.,0.,-1.));
#12221 = DIRECTION('',(0.,-1.,0.));
#12222 = ADVANCED_FACE('',(#12223),#12248,.F.);
#12223 = FACE_BOUND('',#12224,.F.);
#12224 = EDGE_LOOP('',(#12225,#12226,#12234,#12242));
#12225 = ORIENTED_EDGE('',*,*,#12204,.T.);
#12226 = ORIENTED_EDGE('',*,*,#12227,.T.);
#12227 = EDGE_CURVE('',#12197,#12228,#12230,.T.);
#12228 = VERTEX_POINT('',#12229);
#12229 = CARTESIAN_POINT('',(580.,-236.1111111111,32.977213249235));
#12230 = LINE('',#12231,#12232);
#12231 = CARTESIAN_POINT('',(580.,-236.1111111111,120.));
#12232 = VECTOR('',#12233,1.);
#12233 = DIRECTION('',(0.,0.,-1.));
#12234 = ORIENTED_EDGE('',*,*,#12235,.F.);
#12235 = EDGE_CURVE('',#12236,#12228,#12238,.T.);
#12236 = VERTEX_POINT('',#12237);
#12237 = CARTESIAN_POINT('',(560.,-236.1111111111,32.977213249235));
#12238 = LINE('',#12239,#12240);
#12239 = CARTESIAN_POINT('',(560.,-236.1111111111,32.977213249235));
#12240 = VECTOR('',#12241,1.);
#12241 = DIRECTION('',(1.,0.,0.));
#12242 = ORIENTED_EDGE('',*,*,#12243,.F.);
#12243 = EDGE_CURVE('',#12205,#12236,#12244,.T.);
#12244 = LINE('',#12245,#12246);
#12245 = CARTESIAN_POINT('',(560.,-236.1111111111,120.));
#12246 = VECTOR('',#12247,1.);
#12247 = DIRECTION('',(0.,0.,-1.));
#12248 = PLANE('',#12249);
#12249 = AXIS2_PLACEMENT_3D('',#12250,#12251,#12252);
#12250 = CARTESIAN_POINT('',(560.,-236.1111111111,120.));
#12251 = DIRECTION('',(-0.,1.,0.));
#12252 = DIRECTION('',(0.,0.,-1.));
#12253 = ADVANCED_FACE('',(#12254),#12270,.F.);
#12254 = FACE_BOUND('',#12255,.F.);
#12255 = EDGE_LOOP('',(#12256,#12257,#12263,#12264));
#12256 = ORIENTED_EDGE('',*,*,#12235,.T.);
#12257 = ORIENTED_EDGE('',*,*,#12258,.T.);
#12258 = EDGE_CURVE('',#12228,#12127,#12259,.T.);
#12259 = LINE('',#12260,#12261);
#12260 = CARTESIAN_POINT('',(580.,-236.1111111111,32.977213249235));
#12261 = VECTOR('',#12262,1.);
#12262 = DIRECTION('',(0.,0.965925826289,-0.258819045103));
#12263 = ORIENTED_EDGE('',*,*,#12124,.F.);
#12264 = ORIENTED_EDGE('',*,*,#12265,.F.);
#12265 = EDGE_CURVE('',#12236,#12125,#12266,.T.);
#12266 = LINE('',#12267,#12268);
#12267 = CARTESIAN_POINT('',(560.,-236.1111111111,32.977213249235));
#12268 = VECTOR('',#12269,1.);
#12269 = DIRECTION('',(0.,0.965925826289,-0.258819045103));
#12270 = PLANE('',#12271);
#12271 = AXIS2_PLACEMENT_3D('',#12272,#12273,#12274);
#12272 = CARTESIAN_POINT('',(560.,-236.1111111111,32.977213249235));
#12273 = DIRECTION('',(-0.,0.258819045103,0.965925826289));
#12274 = DIRECTION('',(0.,0.965925826289,-0.258819045103));
#12275 = ADVANCED_FACE('',(#12276),#12283,.F.);
#12276 = FACE_BOUND('',#12277,.F.);
#12277 = EDGE_LOOP('',(#12278,#12279,#12280,#12281,#12282));
#12278 = ORIENTED_EDGE('',*,*,#12150,.T.);
#12279 = ORIENTED_EDGE('',*,*,#12181,.T.);
#12280 = ORIENTED_EDGE('',*,*,#12212,.T.);
#12281 = ORIENTED_EDGE('',*,*,#12243,.T.);
#12282 = ORIENTED_EDGE('',*,*,#12265,.T.);
#12283 = PLANE('',#12284);
#12284 = AXIS2_PLACEMENT_3D('',#12285,#12286,#12287);
#12285 = CARTESIAN_POINT('',(560.,-225.,76.176867209595));
#12286 = DIRECTION('',(1.,0.,0.));
#12287 = DIRECTION('',(-0.,0.,1.));
#12288 = ADVANCED_FACE('',(#12289),#12296,.T.);
#12289 = FACE_BOUND('',#12290,.T.);
#12290 = EDGE_LOOP('',(#12291,#12292,#12293,#12294,#12295));
#12291 = ORIENTED_EDGE('',*,*,#12134,.T.);
#12292 = ORIENTED_EDGE('',*,*,#12165,.T.);
#12293 = ORIENTED_EDGE('',*,*,#12196,.T.);
#12294 = ORIENTED_EDGE('',*,*,#12227,.T.);
#12295 = ORIENTED_EDGE('',*,*,#12258,.T.);
#12296 = PLANE('',#12297);
#12297 = AXIS2_PLACEMENT_3D('',#12298,#12299,#12300);
#12298 = CARTESIAN_POINT('',(580.,-225.,76.176867209595));
#12299 = DIRECTION('',(1.,0.,0.));
#12300 = DIRECTION('',(-0.,0.,1.));
#12301 = ( GEOMETRIC_REPRESENTATION_CONTEXT(3) 
GLOBAL_UNCERTAINTY_ASSIGNED_CONTEXT((#12305)) 
GLOBAL_UNIT_ASSIGNED_CONTEXT((#12302,#12303,#12304)) 
REPRESENTATION_CONTEXT('Context #1',
  '3D Context with UNIT and UNCERTAINTY') );
#12302 = ( LENGTH_UNIT() NAMED_UNIT(*) SI_UNIT(.MILLI.,.METRE.) );
#12303 = ( NAMED_UNIT(*) PLANE_ANGLE_UNIT() SI_UNIT($,.RADIAN.) );
#12304 = ( NAMED_UNIT(*) SI_UNIT($,.STERADIAN.) SOLID_ANGLE_UNIT() );
#12305 = UNCERTAINTY_MEASURE_WITH_UNIT(LENGTH_MEASURE(1.E-07),#12302,
  'distance_accuracy_value','confusion accuracy');
#12306 = CONTEXT_DEPENDENT_SHAPE_REPRESENTATION(#12307,#12309);
#12307 = ( REPRESENTATION_RELATIONSHIP('','',#12117,#10) 
REPRESENTATION_RELATIONSHIP_WITH_TRANSFORMATION(#12308) 
SHAPE_REPRESENTATION_RELATIONSHIP() );
#12308 = ITEM_DEFINED_TRANSFORMATION('','',#11,#279);
#12309 = PRODUCT_DEFINITION_SHAPE('Placement','Placement of an item',
  #12310);
#12310 = NEXT_ASSEMBLY_USAGE_OCCURRENCE('155',
  'TRI-AMA-PORT-BULKHEAD-04 | Bulkhead | nominal plywood 20 mm','',#5,
  #12112,$);
#12311 = PRODUCT_RELATED_PRODUCT_CATEGORY('part',$,(#12114));
#12312 = SHAPE_DEFINITION_REPRESENTATION(#12313,#12319);
#12313 = PRODUCT_DEFINITION_SHAPE('','',#12314);
#12314 = PRODUCT_DEFINITION('design','',#12315,#12318);
#12315 = PRODUCT_DEFINITION_FORMATION('','',#12316);
#12316 = PRODUCT('TRI-AMA-PORT-DECK-01 | Deck | nominal plywood 20 mm',
  'TRI-AMA-PORT-DECK-01 | Deck | nominal plywood 20 mm','',(#12317));
#12317 = PRODUCT_CONTEXT('',#2,'mechanical');
#12318 = PRODUCT_DEFINITION_CONTEXT('part definition',#2,'design');
#12319 = ADVANCED_BREP_SHAPE_REPRESENTATION('',(#11,#12320),#12470);
#12320 = MANIFOLD_SOLID_BREP('',#12321);
#12321 = CLOSED_SHELL('',(#12322,#12362,#12393,#12424,#12446,#12458));
#12322 = ADVANCED_FACE('',(#12323),#12357,.F.);
#12323 = FACE_BOUND('',#12324,.F.);
#12324 = EDGE_LOOP('',(#12325,#12335,#12343,#12351));
#12325 = ORIENTED_EDGE('',*,*,#12326,.T.);
#12326 = EDGE_CURVE('',#12327,#12329,#12331,.T.);
#12327 = VERTEX_POINT('',#12328);
#12328 = CARTESIAN_POINT('',(0.,-275.,120.));
#12329 = VERTEX_POINT('',#12330);
#12330 = CARTESIAN_POINT('',(0.,-275.,140.));
#12331 = LINE('',#12332,#12333);
#12332 = CARTESIAN_POINT('',(0.,-275.,120.));
#12333 = VECTOR('',#12334,1.);
#12334 = DIRECTION('',(0.,0.,1.));
#12335 = ORIENTED_EDGE('',*,*,#12336,.T.);
#12336 = EDGE_CURVE('',#12329,#12337,#12339,.T.);
#12337 = VERTEX_POINT('',#12338);
#12338 = CARTESIAN_POINT('',(50.,-275.,140.));
#12339 = LINE('',#12340,#12341);
#12340 = CARTESIAN_POINT('',(0.,-275.,140.));
#12341 = VECTOR('',#12342,1.);
#12342 = DIRECTION('',(1.,0.,0.));
#12343 = ORIENTED_EDGE('',*,*,#12344,.F.);
#12344 = EDGE_CURVE('',#12345,#12337,#12347,.T.);
#12345 = VERTEX_POINT('',#12346);
#12346 = CARTESIAN_POINT('',(50.,-275.,120.));
#12347 = LINE('',#12348,#12349);
#12348 = CARTESIAN_POINT('',(50.,-275.,120.));
#12349 = VECTOR('',#12350,1.);
#12350 = DIRECTION('',(0.,0.,1.));
#12351 = ORIENTED_EDGE('',*,*,#12352,.F.);
#12352 = EDGE_CURVE('',#12327,#12345,#12353,.T.);
#12353 = LINE('',#12354,#12355);
#12354 = CARTESIAN_POINT('',(0.,-275.,120.));
#12355 = VECTOR('',#12356,1.);
#12356 = DIRECTION('',(1.,0.,0.));
#12357 = PLANE('',#12358);
#12358 = AXIS2_PLACEMENT_3D('',#12359,#12360,#12361);
#12359 = CARTESIAN_POINT('',(0.,-275.,120.));
#12360 = DIRECTION('',(0.,1.,0.));
#12361 = DIRECTION('',(1.,0.,0.));
#12362 = ADVANCED_FACE('',(#12363),#12388,.F.);
#12363 = FACE_BOUND('',#12364,.F.);
#12364 = EDGE_LOOP('',(#12365,#12366,#12374,#12382));
#12365 = ORIENTED_EDGE('',*,*,#12344,.T.);
#12366 = ORIENTED_EDGE('',*,*,#12367,.T.);
#12367 = EDGE_CURVE('',#12337,#12368,#12370,.T.);
#12368 = VERTEX_POINT('',#12369);
#12369 = CARTESIAN_POINT('',(50.,-175.,140.));
#12370 = LINE('',#12371,#12372);
#12371 = CARTESIAN_POINT('',(50.,-275.,140.));
#12372 = VECTOR('',#12373,1.);
#12373 = DIRECTION('',(0.,1.,0.));
#12374 = ORIENTED_EDGE('',*,*,#12375,.F.);
#12375 = EDGE_CURVE('',#12376,#12368,#12378,.T.);
#12376 = VERTEX_POINT('',#12377);
#12377 = CARTESIAN_POINT('',(50.,-175.,120.));
#12378 = LINE('',#12379,#12380);
#12379 = CARTESIAN_POINT('',(50.,-175.,120.));
#12380 = VECTOR('',#12381,1.);
#12381 = DIRECTION('',(0.,0.,1.));
#12382 = ORIENTED_EDGE('',*,*,#12383,.F.);
#12383 = EDGE_CURVE('',#12345,#12376,#12384,.T.);
#12384 = LINE('',#12385,#12386);
#12385 = CARTESIAN_POINT('',(50.,-275.,120.));
#12386 = VECTOR('',#12387,1.);
#12387 = DIRECTION('',(0.,1.,0.));
#12388 = PLANE('',#12389);
#12389 = AXIS2_PLACEMENT_3D('',#12390,#12391,#12392);
#12390 = CARTESIAN_POINT('',(50.,-275.,120.));
#12391 = DIRECTION('',(-1.,0.,0.));
#12392 = DIRECTION('',(0.,1.,0.));
#12393 = ADVANCED_FACE('',(#12394),#12419,.F.);
#12394 = FACE_BOUND('',#12395,.F.);
#12395 = EDGE_LOOP('',(#12396,#12397,#12405,#12413));
#12396 = ORIENTED_EDGE('',*,*,#12375,.T.);
#12397 = ORIENTED_EDGE('',*,*,#12398,.T.);
#12398 = EDGE_CURVE('',#12368,#12399,#12401,.T.);
#12399 = VERTEX_POINT('',#12400);
#12400 = CARTESIAN_POINT('',(0.,-175.,140.));
#12401 = LINE('',#12402,#12403);
#12402 = CARTESIAN_POINT('',(50.,-175.,140.));
#12403 = VECTOR('',#12404,1.);
#12404 = DIRECTION('',(-1.,0.,0.));
#12405 = ORIENTED_EDGE('',*,*,#12406,.F.);
#12406 = EDGE_CURVE('',#12407,#12399,#12409,.T.);
#12407 = VERTEX_POINT('',#12408);
#12408 = CARTESIAN_POINT('',(0.,-175.,120.));
#12409 = LINE('',#12410,#12411);
#12410 = CARTESIAN_POINT('',(0.,-175.,120.));
#12411 = VECTOR('',#12412,1.);
#12412 = DIRECTION('',(0.,0.,1.));
#12413 = ORIENTED_EDGE('',*,*,#12414,.F.);
#12414 = EDGE_CURVE('',#12376,#12407,#12415,.T.);
#12415 = LINE('',#12416,#12417);
#12416 = CARTESIAN_POINT('',(50.,-175.,120.));
#12417 = VECTOR('',#12418,1.);
#12418 = DIRECTION('',(-1.,0.,0.));
#12419 = PLANE('',#12420);
#12420 = AXIS2_PLACEMENT_3D('',#12421,#12422,#12423);
#12421 = CARTESIAN_POINT('',(50.,-175.,120.));
#12422 = DIRECTION('',(0.,-1.,0.));
#12423 = DIRECTION('',(-1.,0.,0.));
#12424 = ADVANCED_FACE('',(#12425),#12441,.F.);
#12425 = FACE_BOUND('',#12426,.F.);
#12426 = EDGE_LOOP('',(#12427,#12428,#12434,#12435));
#12427 = ORIENTED_EDGE('',*,*,#12406,.T.);
#12428 = ORIENTED_EDGE('',*,*,#12429,.T.);
#12429 = EDGE_CURVE('',#12399,#12329,#12430,.T.);
#12430 = LINE('',#12431,#12432);
#12431 = CARTESIAN_POINT('',(0.,-175.,140.));
#12432 = VECTOR('',#12433,1.);
#12433 = DIRECTION('',(0.,-1.,0.));
#12434 = ORIENTED_EDGE('',*,*,#12326,.F.);
#12435 = ORIENTED_EDGE('',*,*,#12436,.F.);
#12436 = EDGE_CURVE('',#12407,#12327,#12437,.T.);
#12437 = LINE('',#12438,#12439);
#12438 = CARTESIAN_POINT('',(0.,-175.,120.));
#12439 = VECTOR('',#12440,1.);
#12440 = DIRECTION('',(0.,-1.,0.));
#12441 = PLANE('',#12442);
#12442 = AXIS2_PLACEMENT_3D('',#12443,#12444,#12445);
#12443 = CARTESIAN_POINT('',(0.,-175.,120.));
#12444 = DIRECTION('',(1.,0.,-0.));
#12445 = DIRECTION('',(0.,-1.,0.));
#12446 = ADVANCED_FACE('',(#12447),#12453,.F.);
#12447 = FACE_BOUND('',#12448,.F.);
#12448 = EDGE_LOOP('',(#12449,#12450,#12451,#12452));
#12449 = ORIENTED_EDGE('',*,*,#12352,.T.);
#12450 = ORIENTED_EDGE('',*,*,#12383,.T.);
#12451 = ORIENTED_EDGE('',*,*,#12414,.T.);
#12452 = ORIENTED_EDGE('',*,*,#12436,.T.);
#12453 = PLANE('',#12454);
#12454 = AXIS2_PLACEMENT_3D('',#12455,#12456,#12457);
#12455 = CARTESIAN_POINT('',(25.,-225.,120.));
#12456 = DIRECTION('',(0.,0.,1.));
#12457 = DIRECTION('',(1.,0.,-0.));
#12458 = ADVANCED_FACE('',(#12459),#12465,.T.);
#12459 = FACE_BOUND('',#12460,.T.);
#12460 = EDGE_LOOP('',(#12461,#12462,#12463,#12464));
#12461 = ORIENTED_EDGE('',*,*,#12336,.T.);
#12462 = ORIENTED_EDGE('',*,*,#12367,.T.);
#12463 = ORIENTED_EDGE('',*,*,#12398,.T.);
#12464 = ORIENTED_EDGE('',*,*,#12429,.T.);
#12465 = PLANE('',#12466);
#12466 = AXIS2_PLACEMENT_3D('',#12467,#12468,#12469);
#12467 = CARTESIAN_POINT('',(25.,-225.,140.));
#12468 = DIRECTION('',(0.,0.,1.));
#12469 = DIRECTION('',(1.,0.,-0.));
#12470 = ( GEOMETRIC_REPRESENTATION_CONTEXT(3) 
GLOBAL_UNCERTAINTY_ASSIGNED_CONTEXT((#12474)) 
GLOBAL_UNIT_ASSIGNED_CONTEXT((#12471,#12472,#12473)) 
REPRESENTATION_CONTEXT('Context #1',
  '3D Context with UNIT and UNCERTAINTY') );
#12471 = ( LENGTH_UNIT() NAMED_UNIT(*) SI_UNIT(.MILLI.,.METRE.) );
#12472 = ( NAMED_UNIT(*) PLANE_ANGLE_UNIT() SI_UNIT($,.RADIAN.) );
#12473 = ( NAMED_UNIT(*) SI_UNIT($,.STERADIAN.) SOLID_ANGLE_UNIT() );
#12474 = UNCERTAINTY_MEASURE_WITH_UNIT(LENGTH_MEASURE(1.E-07),#12471,
  'distance_accuracy_value','confusion accuracy');
#12475 = CONTEXT_DEPENDENT_SHAPE_REPRESENTATION(#12476,#12478);
#12476 = ( REPRESENTATION_RELATIONSHIP('','',#12319,#10) 
REPRESENTATION_RELATIONSHIP_WITH_TRANSFORMATION(#12477) 
SHAPE_REPRESENTATION_RELATIONSHIP() );
#12477 = ITEM_DEFINED_TRANSFORMATION('','',#11,#283);
#12478 = PRODUCT_DEFINITION_SHAPE('Placement','Placement of an item',
  #12479);
#12479 = NEXT_ASSEMBLY_USAGE_OCCURRENCE('156',
  'TRI-AMA-PORT-DECK-01 | Deck | nominal plywood 20 mm','',#5,#12314,$);
#12480 = PRODUCT_RELATED_PRODUCT_CATEGORY('part',$,(#12316));
#12481 = SHAPE_DEFINITION_REPRESENTATION(#12482,#12488);
#12482 = PRODUCT_DEFINITION_SHAPE('','',#12483);
#12483 = PRODUCT_DEFINITION('design','',#12484,#12487);
#12484 = PRODUCT_DEFINITION_FORMATION('','',#12485);
#12485 = PRODUCT('TRI-AMA-PORT-DECK-02 | Deck | nominal plywood 20 mm',
  'TRI-AMA-PORT-DECK-02 | Deck | nominal plywood 20 mm','',(#12486));
#12486 = PRODUCT_CONTEXT('',#2,'mechanical');
#12487 = PRODUCT_DEFINITION_CONTEXT('part definition',#2,'design');
#12488 = ADVANCED_BREP_SHAPE_REPRESENTATION('',(#11,#12489),#12639);
#12489 = MANIFOLD_SOLID_BREP('',#12490);
#12490 = CLOSED_SHELL('',(#12491,#12531,#12562,#12593,#12615,#12627));
#12491 = ADVANCED_FACE('',(#12492),#12526,.F.);
#12492 = FACE_BOUND('',#12493,.F.);
#12493 = EDGE_LOOP('',(#12494,#12504,#12512,#12520));
#12494 = ORIENTED_EDGE('',*,*,#12495,.T.);
#12495 = EDGE_CURVE('',#12496,#12498,#12500,.T.);
#12496 = VERTEX_POINT('',#12497);
#12497 = CARTESIAN_POINT('',(50.,-275.,120.));
#12498 = VERTEX_POINT('',#12499);
#12499 = CARTESIAN_POINT('',(50.,-275.,140.));
#12500 = LINE('',#12501,#12502);
#12501 = CARTESIAN_POINT('',(50.,-275.,120.));
#12502 = VECTOR('',#12503,1.);
#12503 = DIRECTION('',(0.,0.,1.));
#12504 = ORIENTED_EDGE('',*,*,#12505,.T.);
#12505 = EDGE_CURVE('',#12498,#12506,#12508,.T.);
#12506 = VERTEX_POINT('',#12507);
#12507 = CARTESIAN_POINT('',(220.,-275.,140.));
#12508 = LINE('',#12509,#12510);
#12509 = CARTESIAN_POINT('',(50.,-275.,140.));
#12510 = VECTOR('',#12511,1.);
#12511 = DIRECTION('',(1.,0.,0.));
#12512 = ORIENTED_EDGE('',*,*,#12513,.F.);
#12513 = EDGE_CURVE('',#12514,#12506,#12516,.T.);
#12514 = VERTEX_POINT('',#12515);
#12515 = CARTESIAN_POINT('',(220.,-275.,120.));
#12516 = LINE('',#12517,#12518);
#12517 = CARTESIAN_POINT('',(220.,-275.,120.));
#12518 = VECTOR('',#12519,1.);
#12519 = DIRECTION('',(0.,0.,1.));
#12520 = ORIENTED_EDGE('',*,*,#12521,.F.);
#12521 = EDGE_CURVE('',#12496,#12514,#12522,.T.);
#12522 = LINE('',#12523,#12524);
#12523 = CARTESIAN_POINT('',(50.,-275.,120.));
#12524 = VECTOR('',#12525,1.);
#12525 = DIRECTION('',(1.,0.,0.));
#12526 = PLANE('',#12527);
#12527 = AXIS2_PLACEMENT_3D('',#12528,#12529,#12530);
#12528 = CARTESIAN_POINT('',(50.,-275.,120.));
#12529 = DIRECTION('',(0.,1.,0.));
#12530 = DIRECTION('',(1.,0.,0.));
#12531 = ADVANCED_FACE('',(#12532),#12557,.F.);
#12532 = FACE_BOUND('',#12533,.F.);
#12533 = EDGE_LOOP('',(#12534,#12535,#12543,#12551));
#12534 = ORIENTED_EDGE('',*,*,#12513,.T.);
#12535 = ORIENTED_EDGE('',*,*,#12536,.T.);
#12536 = EDGE_CURVE('',#12506,#12537,#12539,.T.);
#12537 = VERTEX_POINT('',#12538);
#12538 = CARTESIAN_POINT('',(220.,-175.,140.));
#12539 = LINE('',#12540,#12541);
#12540 = CARTESIAN_POINT('',(220.,-275.,140.));
#12541 = VECTOR('',#12542,1.);
#12542 = DIRECTION('',(0.,1.,0.));
#12543 = ORIENTED_EDGE('',*,*,#12544,.F.);
#12544 = EDGE_CURVE('',#12545,#12537,#12547,.T.);
#12545 = VERTEX_POINT('',#12546);
#12546 = CARTESIAN_POINT('',(220.,-175.,120.));
#12547 = LINE('',#12548,#12549);
#12548 = CARTESIAN_POINT('',(220.,-175.,120.));
#12549 = VECTOR('',#12550,1.);
#12550 = DIRECTION('',(0.,0.,1.));
#12551 = ORIENTED_EDGE('',*,*,#12552,.F.);
#12552 = EDGE_CURVE('',#12514,#12545,#12553,.T.);
#12553 = LINE('',#12554,#12555);
#12554 = CARTESIAN_POINT('',(220.,-275.,120.));
#12555 = VECTOR('',#12556,1.);
#12556 = DIRECTION('',(0.,1.,0.));
#12557 = PLANE('',#12558);
#12558 = AXIS2_PLACEMENT_3D('',#12559,#12560,#12561);
#12559 = CARTESIAN_POINT('',(220.,-275.,120.));
#12560 = DIRECTION('',(-1.,0.,0.));
#12561 = DIRECTION('',(0.,1.,0.));
#12562 = ADVANCED_FACE('',(#12563),#12588,.F.);
#12563 = FACE_BOUND('',#12564,.F.);
#12564 = EDGE_LOOP('',(#12565,#12566,#12574,#12582));
#12565 = ORIENTED_EDGE('',*,*,#12544,.T.);
#12566 = ORIENTED_EDGE('',*,*,#12567,.T.);
#12567 = EDGE_CURVE('',#12537,#12568,#12570,.T.);
#12568 = VERTEX_POINT('',#12569);
#12569 = CARTESIAN_POINT('',(50.,-175.,140.));
#12570 = LINE('',#12571,#12572);
#12571 = CARTESIAN_POINT('',(220.,-175.,140.));
#12572 = VECTOR('',#12573,1.);
#12573 = DIRECTION('',(-1.,0.,0.));
#12574 = ORIENTED_EDGE('',*,*,#12575,.F.);
#12575 = EDGE_CURVE('',#12576,#12568,#12578,.T.);
#12576 = VERTEX_POINT('',#12577);
#12577 = CARTESIAN_POINT('',(50.,-175.,120.));
#12578 = LINE('',#12579,#12580);
#12579 = CARTESIAN_POINT('',(50.,-175.,120.));
#12580 = VECTOR('',#12581,1.);
#12581 = DIRECTION('',(0.,0.,1.));
#12582 = ORIENTED_EDGE('',*,*,#12583,.F.);
#12583 = EDGE_CURVE('',#12545,#12576,#12584,.T.);
#12584 = LINE('',#12585,#12586);
#12585 = CARTESIAN_POINT('',(220.,-175.,120.));
#12586 = VECTOR('',#12587,1.);
#12587 = DIRECTION('',(-1.,0.,0.));
#12588 = PLANE('',#12589);
#12589 = AXIS2_PLACEMENT_3D('',#12590,#12591,#12592);
#12590 = CARTESIAN_POINT('',(220.,-175.,120.));
#12591 = DIRECTION('',(0.,-1.,0.));
#12592 = DIRECTION('',(-1.,0.,0.));
#12593 = ADVANCED_FACE('',(#12594),#12610,.F.);
#12594 = FACE_BOUND('',#12595,.F.);
#12595 = EDGE_LOOP('',(#12596,#12597,#12603,#12604));
#12596 = ORIENTED_EDGE('',*,*,#12575,.T.);
#12597 = ORIENTED_EDGE('',*,*,#12598,.T.);
#12598 = EDGE_CURVE('',#12568,#12498,#12599,.T.);
#12599 = LINE('',#12600,#12601);
#12600 = CARTESIAN_POINT('',(50.,-175.,140.));
#12601 = VECTOR('',#12602,1.);
#12602 = DIRECTION('',(0.,-1.,0.));
#12603 = ORIENTED_EDGE('',*,*,#12495,.F.);
#12604 = ORIENTED_EDGE('',*,*,#12605,.F.);
#12605 = EDGE_CURVE('',#12576,#12496,#12606,.T.);
#12606 = LINE('',#12607,#12608);
#12607 = CARTESIAN_POINT('',(50.,-175.,120.));
#12608 = VECTOR('',#12609,1.);
#12609 = DIRECTION('',(0.,-1.,0.));
#12610 = PLANE('',#12611);
#12611 = AXIS2_PLACEMENT_3D('',#12612,#12613,#12614);
#12612 = CARTESIAN_POINT('',(50.,-175.,120.));
#12613 = DIRECTION('',(1.,0.,-0.));
#12614 = DIRECTION('',(0.,-1.,0.));
#12615 = ADVANCED_FACE('',(#12616),#12622,.F.);
#12616 = FACE_BOUND('',#12617,.F.);
#12617 = EDGE_LOOP('',(#12618,#12619,#12620,#12621));
#12618 = ORIENTED_EDGE('',*,*,#12521,.T.);
#12619 = ORIENTED_EDGE('',*,*,#12552,.T.);
#12620 = ORIENTED_EDGE('',*,*,#12583,.T.);
#12621 = ORIENTED_EDGE('',*,*,#12605,.T.);
#12622 = PLANE('',#12623);
#12623 = AXIS2_PLACEMENT_3D('',#12624,#12625,#12626);
#12624 = CARTESIAN_POINT('',(135.,-225.,120.));
#12625 = DIRECTION('',(0.,0.,1.));
#12626 = DIRECTION('',(1.,0.,-0.));
#12627 = ADVANCED_FACE('',(#12628),#12634,.T.);
#12628 = FACE_BOUND('',#12629,.T.);
#12629 = EDGE_LOOP('',(#12630,#12631,#12632,#12633));
#12630 = ORIENTED_EDGE('',*,*,#12505,.T.);
#12631 = ORIENTED_EDGE('',*,*,#12536,.T.);
#12632 = ORIENTED_EDGE('',*,*,#12567,.T.);
#12633 = ORIENTED_EDGE('',*,*,#12598,.T.);
#12634 = PLANE('',#12635);
#12635 = AXIS2_PLACEMENT_3D('',#12636,#12637,#12638);
#12636 = CARTESIAN_POINT('',(135.,-225.,140.));
#12637 = DIRECTION('',(0.,0.,1.));
#12638 = DIRECTION('',(1.,0.,-0.));
#12639 = ( GEOMETRIC_REPRESENTATION_CONTEXT(3) 
GLOBAL_UNCERTAINTY_ASSIGNED_CONTEXT((#12643)) 
GLOBAL_UNIT_ASSIGNED_CONTEXT((#12640,#12641,#12642)) 
REPRESENTATION_CONTEXT('Context #1',
  '3D Context with UNIT and UNCERTAINTY') );
#12640 = ( LENGTH_UNIT() NAMED_UNIT(*) SI_UNIT(.MILLI.,.METRE.) );
#12641 = ( NAMED_UNIT(*) PLANE_ANGLE_UNIT() SI_UNIT($,.RADIAN.) );
#12642 = ( NAMED_UNIT(*) SI_UNIT($,.STERADIAN.) SOLID_ANGLE_UNIT() );
#12643 = UNCERTAINTY_MEASURE_WITH_UNIT(LENGTH_MEASURE(1.E-07),#12640,
  'distance_accuracy_value','confusion accuracy');
#12644 = CONTEXT_DEPENDENT_SHAPE_REPRESENTATION(#12645,#12647);
#12645 = ( REPRESENTATION_RELATIONSHIP('','',#12488,#10) 
REPRESENTATION_RELATIONSHIP_WITH_TRANSFORMATION(#12646) 
SHAPE_REPRESENTATION_RELATIONSHIP() );
#12646 = ITEM_DEFINED_TRANSFORMATION('','',#11,#287);
#12647 = PRODUCT_DEFINITION_SHAPE('Placement','Placement of an item',
  #12648);
#12648 = NEXT_ASSEMBLY_USAGE_OCCURRENCE('157',
  'TRI-AMA-PORT-DECK-02 | Deck | nominal plywood 20 mm','',#5,#12483,$);
#12649 = PRODUCT_RELATED_PRODUCT_CATEGORY('part',$,(#12485));
#12650 = SHAPE_DEFINITION_REPRESENTATION(#12651,#12657);
#12651 = PRODUCT_DEFINITION_SHAPE('','',#12652);
#12652 = PRODUCT_DEFINITION('design','',#12653,#12656);
#12653 = PRODUCT_DEFINITION_FORMATION('','',#12654);
#12654 = PRODUCT('TRI-AMA-PORT-DECK-03 | Deck | nominal plywood 20 mm',
  'TRI-AMA-PORT-DECK-03 | Deck | nominal plywood 20 mm','',(#12655));
#12655 = PRODUCT_CONTEXT('',#2,'mechanical');
#12656 = PRODUCT_DEFINITION_CONTEXT('part definition',#2,'design');
#12657 = ADVANCED_BREP_SHAPE_REPRESENTATION('',(#11,#12658),#12808);
#12658 = MANIFOLD_SOLID_BREP('',#12659);
#12659 = CLOSED_SHELL('',(#12660,#12700,#12731,#12762,#12784,#12796));
#12660 = ADVANCED_FACE('',(#12661),#12695,.F.);
#12661 = FACE_BOUND('',#12662,.F.);
#12662 = EDGE_LOOP('',(#12663,#12673,#12681,#12689));
#12663 = ORIENTED_EDGE('',*,*,#12664,.T.);
#12664 = EDGE_CURVE('',#12665,#12667,#12669,.T.);
#12665 = VERTEX_POINT('',#12666);
#12666 = CARTESIAN_POINT('',(220.,-275.,120.));
#12667 = VERTEX_POINT('',#12668);
#12668 = CARTESIAN_POINT('',(220.,-275.,140.));
#12669 = LINE('',#12670,#12671);
#12670 = CARTESIAN_POINT('',(220.,-275.,120.));
#12671 = VECTOR('',#12672,1.);
#12672 = DIRECTION('',(0.,0.,1.));
#12673 = ORIENTED_EDGE('',*,*,#12674,.T.);
#12674 = EDGE_CURVE('',#12667,#12675,#12677,.T.);
#12675 = VERTEX_POINT('',#12676);
#12676 = CARTESIAN_POINT('',(390.,-275.,140.));
#12677 = LINE('',#12678,#12679);
#12678 = CARTESIAN_POINT('',(220.,-275.,140.));
#12679 = VECTOR('',#12680,1.);
#12680 = DIRECTION('',(1.,0.,0.));
#12681 = ORIENTED_EDGE('',*,*,#12682,.F.);
#12682 = EDGE_CURVE('',#12683,#12675,#12685,.T.);
#12683 = VERTEX_POINT('',#12684);
#12684 = CARTESIAN_POINT('',(390.,-275.,120.));
#12685 = LINE('',#12686,#12687);
#12686 = CARTESIAN_POINT('',(390.,-275.,120.));
#12687 = VECTOR('',#12688,1.);
#12688 = DIRECTION('',(0.,0.,1.));
#12689 = ORIENTED_EDGE('',*,*,#12690,.F.);
#12690 = EDGE_CURVE('',#12665,#12683,#12691,.T.);
#12691 = LINE('',#12692,#12693);
#12692 = CARTESIAN_POINT('',(220.,-275.,120.));
#12693 = VECTOR('',#12694,1.);
#12694 = DIRECTION('',(1.,0.,0.));
#12695 = PLANE('',#12696);
#12696 = AXIS2_PLACEMENT_3D('',#12697,#12698,#12699);
#12697 = CARTESIAN_POINT('',(220.,-275.,120.));
#12698 = DIRECTION('',(0.,1.,0.));
#12699 = DIRECTION('',(1.,0.,0.));
#12700 = ADVANCED_FACE('',(#12701),#12726,.F.);
#12701 = FACE_BOUND('',#12702,.F.);
#12702 = EDGE_LOOP('',(#12703,#12704,#12712,#12720));
#12703 = ORIENTED_EDGE('',*,*,#12682,.T.);
#12704 = ORIENTED_EDGE('',*,*,#12705,.T.);
#12705 = EDGE_CURVE('',#12675,#12706,#12708,.T.);
#12706 = VERTEX_POINT('',#12707);
#12707 = CARTESIAN_POINT('',(390.,-175.,140.));
#12708 = LINE('',#12709,#12710);
#12709 = CARTESIAN_POINT('',(390.,-275.,140.));
#12710 = VECTOR('',#12711,1.);
#12711 = DIRECTION('',(0.,1.,0.));
#12712 = ORIENTED_EDGE('',*,*,#12713,.F.);
#12713 = EDGE_CURVE('',#12714,#12706,#12716,.T.);
#12714 = VERTEX_POINT('',#12715);
#12715 = CARTESIAN_POINT('',(390.,-175.,120.));
#12716 = LINE('',#12717,#12718);
#12717 = CARTESIAN_POINT('',(390.,-175.,120.));
#12718 = VECTOR('',#12719,1.);
#12719 = DIRECTION('',(0.,0.,1.));
#12720 = ORIENTED_EDGE('',*,*,#12721,.F.);
#12721 = EDGE_CURVE('',#12683,#12714,#12722,.T.);
#12722 = LINE('',#12723,#12724);
#12723 = CARTESIAN_POINT('',(390.,-275.,120.));
#12724 = VECTOR('',#12725,1.);
#12725 = DIRECTION('',(0.,1.,0.));
#12726 = PLANE('',#12727);
#12727 = AXIS2_PLACEMENT_3D('',#12728,#12729,#12730);
#12728 = CARTESIAN_POINT('',(390.,-275.,120.));
#12729 = DIRECTION('',(-1.,0.,0.));
#12730 = DIRECTION('',(0.,1.,0.));
#12731 = ADVANCED_FACE('',(#12732),#12757,.F.);
#12732 = FACE_BOUND('',#12733,.F.);
#12733 = EDGE_LOOP('',(#12734,#12735,#12743,#12751));
#12734 = ORIENTED_EDGE('',*,*,#12713,.T.);
#12735 = ORIENTED_EDGE('',*,*,#12736,.T.);
#12736 = EDGE_CURVE('',#12706,#12737,#12739,.T.);
#12737 = VERTEX_POINT('',#12738);
#12738 = CARTESIAN_POINT('',(220.,-175.,140.));
#12739 = LINE('',#12740,#12741);
#12740 = CARTESIAN_POINT('',(390.,-175.,140.));
#12741 = VECTOR('',#12742,1.);
#12742 = DIRECTION('',(-1.,0.,0.));
#12743 = ORIENTED_EDGE('',*,*,#12744,.F.);
#12744 = EDGE_CURVE('',#12745,#12737,#12747,.T.);
#12745 = VERTEX_POINT('',#12746);
#12746 = CARTESIAN_POINT('',(220.,-175.,120.));
#12747 = LINE('',#12748,#12749);
#12748 = CARTESIAN_POINT('',(220.,-175.,120.));
#12749 = VECTOR('',#12750,1.);
#12750 = DIRECTION('',(0.,0.,1.));
#12751 = ORIENTED_EDGE('',*,*,#12752,.F.);
#12752 = EDGE_CURVE('',#12714,#12745,#12753,.T.);
#12753 = LINE('',#12754,#12755);
#12754 = CARTESIAN_POINT('',(390.,-175.,120.));
#12755 = VECTOR('',#12756,1.);
#12756 = DIRECTION('',(-1.,0.,0.));
#12757 = PLANE('',#12758);
#12758 = AXIS2_PLACEMENT_3D('',#12759,#12760,#12761);
#12759 = CARTESIAN_POINT('',(390.,-175.,120.));
#12760 = DIRECTION('',(0.,-1.,0.));
#12761 = DIRECTION('',(-1.,0.,0.));
#12762 = ADVANCED_FACE('',(#12763),#12779,.F.);
#12763 = FACE_BOUND('',#12764,.F.);
#12764 = EDGE_LOOP('',(#12765,#12766,#12772,#12773));
#12765 = ORIENTED_EDGE('',*,*,#12744,.T.);
#12766 = ORIENTED_EDGE('',*,*,#12767,.T.);
#12767 = EDGE_CURVE('',#12737,#12667,#12768,.T.);
#12768 = LINE('',#12769,#12770);
#12769 = CARTESIAN_POINT('',(220.,-175.,140.));
#12770 = VECTOR('',#12771,1.);
#12771 = DIRECTION('',(0.,-1.,0.));
#12772 = ORIENTED_EDGE('',*,*,#12664,.F.);
#12773 = ORIENTED_EDGE('',*,*,#12774,.F.);
#12774 = EDGE_CURVE('',#12745,#12665,#12775,.T.);
#12775 = LINE('',#12776,#12777);
#12776 = CARTESIAN_POINT('',(220.,-175.,120.));
#12777 = VECTOR('',#12778,1.);
#12778 = DIRECTION('',(0.,-1.,0.));
#12779 = PLANE('',#12780);
#12780 = AXIS2_PLACEMENT_3D('',#12781,#12782,#12783);
#12781 = CARTESIAN_POINT('',(220.,-175.,120.));
#12782 = DIRECTION('',(1.,0.,-0.));
#12783 = DIRECTION('',(0.,-1.,0.));
#12784 = ADVANCED_FACE('',(#12785),#12791,.F.);
#12785 = FACE_BOUND('',#12786,.F.);
#12786 = EDGE_LOOP('',(#12787,#12788,#12789,#12790));
#12787 = ORIENTED_EDGE('',*,*,#12690,.T.);
#12788 = ORIENTED_EDGE('',*,*,#12721,.T.);
#12789 = ORIENTED_EDGE('',*,*,#12752,.T.);
#12790 = ORIENTED_EDGE('',*,*,#12774,.T.);
#12791 = PLANE('',#12792);
#12792 = AXIS2_PLACEMENT_3D('',#12793,#12794,#12795);
#12793 = CARTESIAN_POINT('',(305.,-225.,120.));
#12794 = DIRECTION('',(0.,0.,1.));
#12795 = DIRECTION('',(1.,0.,-0.));
#12796 = ADVANCED_FACE('',(#12797),#12803,.T.);
#12797 = FACE_BOUND('',#12798,.T.);
#12798 = EDGE_LOOP('',(#12799,#12800,#12801,#12802));
#12799 = ORIENTED_EDGE('',*,*,#12674,.T.);
#12800 = ORIENTED_EDGE('',*,*,#12705,.T.);
#12801 = ORIENTED_EDGE('',*,*,#12736,.T.);
#12802 = ORIENTED_EDGE('',*,*,#12767,.T.);
#12803 = PLANE('',#12804);
#12804 = AXIS2_PLACEMENT_3D('',#12805,#12806,#12807);
#12805 = CARTESIAN_POINT('',(305.,-225.,140.));
#12806 = DIRECTION('',(0.,0.,1.));
#12807 = DIRECTION('',(1.,0.,-0.));
#12808 = ( GEOMETRIC_REPRESENTATION_CONTEXT(3) 
GLOBAL_UNCERTAINTY_ASSIGNED_CONTEXT((#12812)) 
GLOBAL_UNIT_ASSIGNED_CONTEXT((#12809,#12810,#12811)) 
REPRESENTATION_CONTEXT('Context #1',
  '3D Context with UNIT and UNCERTAINTY') );
#12809 = ( LENGTH_UNIT() NAMED_UNIT(*) SI_UNIT(.MILLI.,.METRE.) );
#12810 = ( NAMED_UNIT(*) PLANE_ANGLE_UNIT() SI_UNIT($,.RADIAN.) );
#12811 = ( NAMED_UNIT(*) SI_UNIT($,.STERADIAN.) SOLID_ANGLE_UNIT() );
#12812 = UNCERTAINTY_MEASURE_WITH_UNIT(LENGTH_MEASURE(1.E-07),#12809,
  'distance_accuracy_value','confusion accuracy');
#12813 = CONTEXT_DEPENDENT_SHAPE_REPRESENTATION(#12814,#12816);
#12814 = ( REPRESENTATION_RELATIONSHIP('','',#12657,#10) 
REPRESENTATION_RELATIONSHIP_WITH_TRANSFORMATION(#12815) 
SHAPE_REPRESENTATION_RELATIONSHIP() );
#12815 = ITEM_DEFINED_TRANSFORMATION('','',#11,#291);
#12816 = PRODUCT_DEFINITION_SHAPE('Placement','Placement of an item',
  #12817);
#12817 = NEXT_ASSEMBLY_USAGE_OCCURRENCE('158',
  'TRI-AMA-PORT-DECK-03 | Deck | nominal plywood 20 mm','',#5,#12652,$);
#12818 = PRODUCT_RELATED_PRODUCT_CATEGORY('part',$,(#12654));
#12819 = SHAPE_DEFINITION_REPRESENTATION(#12820,#12826);
#12820 = PRODUCT_DEFINITION_SHAPE('','',#12821);
#12821 = PRODUCT_DEFINITION('design','',#12822,#12825);
#12822 = PRODUCT_DEFINITION_FORMATION('','',#12823);
#12823 = PRODUCT('TRI-AMA-PORT-DECK-04 | Deck | nominal plywood 20 mm',
  'TRI-AMA-PORT-DECK-04 | Deck | nominal plywood 20 mm','',(#12824));
#12824 = PRODUCT_CONTEXT('',#2,'mechanical');
#12825 = PRODUCT_DEFINITION_CONTEXT('part definition',#2,'design');
#12826 = ADVANCED_BREP_SHAPE_REPRESENTATION('',(#11,#12827),#12977);
#12827 = MANIFOLD_SOLID_BREP('',#12828);
#12828 = CLOSED_SHELL('',(#12829,#12869,#12900,#12931,#12953,#12965));
#12829 = ADVANCED_FACE('',(#12830),#12864,.F.);
#12830 = FACE_BOUND('',#12831,.F.);
#12831 = EDGE_LOOP('',(#12832,#12842,#12850,#12858));
#12832 = ORIENTED_EDGE('',*,*,#12833,.T.);
#12833 = EDGE_CURVE('',#12834,#12836,#12838,.T.);
#12834 = VERTEX_POINT('',#12835);
#12835 = CARTESIAN_POINT('',(390.,-275.,120.));
#12836 = VERTEX_POINT('',#12837);
#12837 = CARTESIAN_POINT('',(390.,-275.,140.));
#12838 = LINE('',#12839,#12840);
#12839 = CARTESIAN_POINT('',(390.,-275.,120.));
#12840 = VECTOR('',#12841,1.);
#12841 = DIRECTION('',(0.,0.,1.));
#12842 = ORIENTED_EDGE('',*,*,#12843,.T.);
#12843 = EDGE_CURVE('',#12836,#12844,#12846,.T.);
#12844 = VERTEX_POINT('',#12845);
#12845 = CARTESIAN_POINT('',(560.,-236.1111111111,140.));
#12846 = LINE('',#12847,#12848);
#12847 = CARTESIAN_POINT('',(390.,-275.,140.));
#12848 = VECTOR('',#12849,1.);
#12849 = DIRECTION('',(0.974818948223,0.222997798613,0.));
#12850 = ORIENTED_EDGE('',*,*,#12851,.F.);
#12851 = EDGE_CURVE('',#12852,#12844,#12854,.T.);
#12852 = VERTEX_POINT('',#12853);
#12853 = CARTESIAN_POINT('',(560.,-236.1111111111,120.));
#12854 = LINE('',#12855,#12856);
#12855 = CARTESIAN_POINT('',(560.,-236.1111111111,120.));
#12856 = VECTOR('',#12857,1.);
#12857 = DIRECTION('',(0.,0.,1.));
#12858 = ORIENTED_EDGE('',*,*,#12859,.F.);
#12859 = EDGE_CURVE('',#12834,#12852,#12860,.T.);
#12860 = LINE('',#12861,#12862);
#12861 = CARTESIAN_POINT('',(390.,-275.,120.));
#12862 = VECTOR('',#12863,1.);
#12863 = DIRECTION('',(0.974818948223,0.222997798613,0.));
#12864 = PLANE('',#12865);
#12865 = AXIS2_PLACEMENT_3D('',#12866,#12867,#12868);
#12866 = CARTESIAN_POINT('',(390.,-275.,120.));
#12867 = DIRECTION('',(-0.222997798613,0.974818948223,0.));
#12868 = DIRECTION('',(0.974818948223,0.222997798613,0.));
#12869 = ADVANCED_FACE('',(#12870),#12895,.F.);
#12870 = FACE_BOUND('',#12871,.F.);
#12871 = EDGE_LOOP('',(#12872,#12873,#12881,#12889));
#12872 = ORIENTED_EDGE('',*,*,#12851,.T.);
#12873 = ORIENTED_EDGE('',*,*,#12874,.T.);
#12874 = EDGE_CURVE('',#12844,#12875,#12877,.T.);
#12875 = VERTEX_POINT('',#12876);
#12876 = CARTESIAN_POINT('',(560.,-213.8888888888,140.));
#12877 = LINE('',#12878,#12879);
#12878 = CARTESIAN_POINT('',(560.,-236.1111111111,140.));
#12879 = VECTOR('',#12880,1.);
#12880 = DIRECTION('',(0.,1.,0.));
#12881 = ORIENTED_EDGE('',*,*,#12882,.F.);
#12882 = EDGE_CURVE('',#12883,#12875,#12885,.T.);
#12883 = VERTEX_POINT('',#12884);
#12884 = CARTESIAN_POINT('',(560.,-213.8888888888,120.));
#12885 = LINE('',#12886,#12887);
#12886 = CARTESIAN_POINT('',(560.,-213.8888888888,120.));
#12887 = VECTOR('',#12888,1.);
#12888 = DIRECTION('',(0.,0.,1.));
#12889 = ORIENTED_EDGE('',*,*,#12890,.F.);
#12890 = EDGE_CURVE('',#12852,#12883,#12891,.T.);
#12891 = LINE('',#12892,#12893);
#12892 = CARTESIAN_POINT('',(560.,-236.1111111111,120.));
#12893 = VECTOR('',#12894,1.);
#12894 = DIRECTION('',(0.,1.,0.));
#12895 = PLANE('',#12896);
#12896 = AXIS2_PLACEMENT_3D('',#12897,#12898,#12899);
#12897 = CARTESIAN_POINT('',(560.,-236.1111111111,120.));
#12898 = DIRECTION('',(-1.,0.,0.));
#12899 = DIRECTION('',(0.,1.,0.));
#12900 = ADVANCED_FACE('',(#12901),#12926,.F.);
#12901 = FACE_BOUND('',#12902,.F.);
#12902 = EDGE_LOOP('',(#12903,#12904,#12912,#12920));
#12903 = ORIENTED_EDGE('',*,*,#12882,.T.);
#12904 = ORIENTED_EDGE('',*,*,#12905,.T.);
#12905 = EDGE_CURVE('',#12875,#12906,#12908,.T.);
#12906 = VERTEX_POINT('',#12907);
#12907 = CARTESIAN_POINT('',(390.,-175.,140.));
#12908 = LINE('',#12909,#12910);
#12909 = CARTESIAN_POINT('',(560.,-213.8888888888,140.));
#12910 = VECTOR('',#12911,1.);
#12911 = DIRECTION('',(-0.974818948223,0.222997798613,0.));
#12912 = ORIENTED_EDGE('',*,*,#12913,.F.);
#12913 = EDGE_CURVE('',#12914,#12906,#12916,.T.);
#12914 = VERTEX_POINT('',#12915);
#12915 = CARTESIAN_POINT('',(390.,-175.,120.));
#12916 = LINE('',#12917,#12918);
#12917 = CARTESIAN_POINT('',(390.,-175.,120.));
#12918 = VECTOR('',#12919,1.);
#12919 = DIRECTION('',(0.,0.,1.));
#12920 = ORIENTED_EDGE('',*,*,#12921,.F.);
#12921 = EDGE_CURVE('',#12883,#12914,#12922,.T.);
#12922 = LINE('',#12923,#12924);
#12923 = CARTESIAN_POINT('',(560.,-213.8888888888,120.));
#12924 = VECTOR('',#12925,1.);
#12925 = DIRECTION('',(-0.974818948223,0.222997798613,0.));
#12926 = PLANE('',#12927);
#12927 = AXIS2_PLACEMENT_3D('',#12928,#12929,#12930);
#12928 = CARTESIAN_POINT('',(560.,-213.8888888888,120.));
#12929 = DIRECTION('',(-0.222997798613,-0.974818948223,0.));
#12930 = DIRECTION('',(-0.974818948223,0.222997798613,0.));
#12931 = ADVANCED_FACE('',(#12932),#12948,.F.);
#12932 = FACE_BOUND('',#12933,.F.);
#12933 = EDGE_LOOP('',(#12934,#12935,#12941,#12942));
#12934 = ORIENTED_EDGE('',*,*,#12913,.T.);
#12935 = ORIENTED_EDGE('',*,*,#12936,.T.);
#12936 = EDGE_CURVE('',#12906,#12836,#12937,.T.);
#12937 = LINE('',#12938,#12939);
#12938 = CARTESIAN_POINT('',(390.,-175.,140.));
#12939 = VECTOR('',#12940,1.);
#12940 = DIRECTION('',(0.,-1.,0.));
#12941 = ORIENTED_EDGE('',*,*,#12833,.F.);
#12942 = ORIENTED_EDGE('',*,*,#12943,.F.);
#12943 = EDGE_CURVE('',#12914,#12834,#12944,.T.);
#12944 = LINE('',#12945,#12946);
#12945 = CARTESIAN_POINT('',(390.,-175.,120.));
#12946 = VECTOR('',#12947,1.);
#12947 = DIRECTION('',(0.,-1.,0.));
#12948 = PLANE('',#12949);
#12949 = AXIS2_PLACEMENT_3D('',#12950,#12951,#12952);
#12950 = CARTESIAN_POINT('',(390.,-175.,120.));
#12951 = DIRECTION('',(1.,0.,-0.));
#12952 = DIRECTION('',(0.,-1.,0.));
#12953 = ADVANCED_FACE('',(#12954),#12960,.F.);
#12954 = FACE_BOUND('',#12955,.F.);
#12955 = EDGE_LOOP('',(#12956,#12957,#12958,#12959));
#12956 = ORIENTED_EDGE('',*,*,#12859,.T.);
#12957 = ORIENTED_EDGE('',*,*,#12890,.T.);
#12958 = ORIENTED_EDGE('',*,*,#12921,.T.);
#12959 = ORIENTED_EDGE('',*,*,#12943,.T.);
#12960 = PLANE('',#12961);
#12961 = AXIS2_PLACEMENT_3D('',#12962,#12963,#12964);
#12962 = CARTESIAN_POINT('',(460.96381782878,-225.,120.));
#12963 = DIRECTION('',(0.,0.,1.));
#12964 = DIRECTION('',(1.,0.,-0.));
#12965 = ADVANCED_FACE('',(#12966),#12972,.T.);
#12966 = FACE_BOUND('',#12967,.T.);
#12967 = EDGE_LOOP('',(#12968,#12969,#12970,#12971));
#12968 = ORIENTED_EDGE('',*,*,#12843,.T.);
#12969 = ORIENTED_EDGE('',*,*,#12874,.T.);
#12970 = ORIENTED_EDGE('',*,*,#12905,.T.);
#12971 = ORIENTED_EDGE('',*,*,#12936,.T.);
#12972 = PLANE('',#12973);
#12973 = AXIS2_PLACEMENT_3D('',#12974,#12975,#12976);
#12974 = CARTESIAN_POINT('',(460.96381782878,-225.,140.));
#12975 = DIRECTION('',(0.,0.,1.));
#12976 = DIRECTION('',(1.,0.,-0.));
#12977 = ( GEOMETRIC_REPRESENTATION_CONTEXT(3) 
GLOBAL_UNCERTAINTY_ASSIGNED_CONTEXT((#12981)) 
GLOBAL_UNIT_ASSIGNED_CONTEXT((#12978,#12979,#12980)) 
REPRESENTATION_CONTEXT('Context #1',
  '3D Context with UNIT and UNCERTAINTY') );
#12978 = ( LENGTH_UNIT() NAMED_UNIT(*) SI_UNIT(.MILLI.,.METRE.) );
#12979 = ( NAMED_UNIT(*) PLANE_ANGLE_UNIT() SI_UNIT($,.RADIAN.) );
#12980 = ( NAMED_UNIT(*) SI_UNIT($,.STERADIAN.) SOLID_ANGLE_UNIT() );
#12981 = UNCERTAINTY_MEASURE_WITH_UNIT(LENGTH_MEASURE(1.E-07),#12978,
  'distance_accuracy_value','confusion accuracy');
#12982 = CONTEXT_DEPENDENT_SHAPE_REPRESENTATION(#12983,#12985);
#12983 = ( REPRESENTATION_RELATIONSHIP('','',#12826,#10) 
REPRESENTATION_RELATIONSHIP_WITH_TRANSFORMATION(#12984) 
SHAPE_REPRESENTATION_RELATIONSHIP() );
#12984 = ITEM_DEFINED_TRANSFORMATION('','',#11,#295);
#12985 = PRODUCT_DEFINITION_SHAPE('Placement','Placement of an item',
  #12986);
#12986 = NEXT_ASSEMBLY_USAGE_OCCURRENCE('159',
  'TRI-AMA-PORT-DECK-04 | Deck | nominal plywood 20 mm','',#5,#12821,$);
#12987 = PRODUCT_RELATED_PRODUCT_CATEGORY('part',$,(#12823));
#12988 = SHAPE_DEFINITION_REPRESENTATION(#12989,#12995);
#12989 = PRODUCT_DEFINITION_SHAPE('','',#12990);
#12990 = PRODUCT_DEFINITION('design','',#12991,#12994);
#12991 = PRODUCT_DEFINITION_FORMATION('','',#12992);
#12992 = PRODUCT('TRI-AMA-PORT-DECK-05 | Deck | nominal plywood 20 mm',
  'TRI-AMA-PORT-DECK-05 | Deck | nominal plywood 20 mm','',(#12993));
#12993 = PRODUCT_CONTEXT('',#2,'mechanical');
#12994 = PRODUCT_DEFINITION_CONTEXT('part definition',#2,'design');
#12995 = ADVANCED_BREP_SHAPE_REPRESENTATION('',(#11,#12996),#13113);
#12996 = MANIFOLD_SOLID_BREP('',#12997);
#12997 = CLOSED_SHELL('',(#12998,#13038,#13069,#13091,#13102));
#12998 = ADVANCED_FACE('',(#12999),#13033,.F.);
#12999 = FACE_BOUND('',#13000,.F.);
#13000 = EDGE_LOOP('',(#13001,#13011,#13019,#13027));
#13001 = ORIENTED_EDGE('',*,*,#13002,.T.);
#13002 = EDGE_CURVE('',#13003,#13005,#13007,.T.);
#13003 = VERTEX_POINT('',#13004);
#13004 = CARTESIAN_POINT('',(560.,-236.1111111111,120.));
#13005 = VERTEX_POINT('',#13006);
#13006 = CARTESIAN_POINT('',(560.,-236.1111111111,140.));
#13007 = LINE('',#13008,#13009);
#13008 = CARTESIAN_POINT('',(560.,-236.1111111111,120.));
#13009 = VECTOR('',#13010,1.);
#13010 = DIRECTION('',(0.,0.,1.));
#13011 = ORIENTED_EDGE('',*,*,#13012,.T.);
#13012 = EDGE_CURVE('',#13005,#13013,#13015,.T.);
#13013 = VERTEX_POINT('',#13014);
#13014 = CARTESIAN_POINT('',(600.,-225.,140.));
#13015 = LINE('',#13016,#13017);
#13016 = CARTESIAN_POINT('',(560.,-236.1111111111,140.));
#13017 = VECTOR('',#13018,1.);
#13018 = DIRECTION('',(0.96351790963,0.267643863786,0.));
#13019 = ORIENTED_EDGE('',*,*,#13020,.F.);
#13020 = EDGE_CURVE('',#13021,#13013,#13023,.T.);
#13021 = VERTEX_POINT('',#13022);
#13022 = CARTESIAN_POINT('',(600.,-225.,120.));
#13023 = LINE('',#13024,#13025);
#13024 = CARTESIAN_POINT('',(600.,-225.,120.));
#13025 = VECTOR('',#13026,1.);
#13026 = DIRECTION('',(0.,0.,1.));
#13027 = ORIENTED_EDGE('',*,*,#13028,.F.);
#13028 = EDGE_CURVE('',#13003,#13021,#13029,.T.);
#13029 = LINE('',#13030,#13031);
#13030 = CARTESIAN_POINT('',(560.,-236.1111111111,120.));
#13031 = VECTOR('',#13032,1.);
#13032 = DIRECTION('',(0.96351790963,0.267643863786,0.));
#13033 = PLANE('',#13034);
#13034 = AXIS2_PLACEMENT_3D('',#13035,#13036,#13037);
#13035 = CARTESIAN_POINT('',(560.,-236.1111111111,120.));
#13036 = DIRECTION('',(-0.267643863786,0.96351790963,0.));
#13037 = DIRECTION('',(0.96351790963,0.267643863786,0.));
#13038 = ADVANCED_FACE('',(#13039),#13064,.F.);
#13039 = FACE_BOUND('',#13040,.F.);
#13040 = EDGE_LOOP('',(#13041,#13042,#13050,#13058));
#13041 = ORIENTED_EDGE('',*,*,#13020,.T.);
#13042 = ORIENTED_EDGE('',*,*,#13043,.T.);
#13043 = EDGE_CURVE('',#13013,#13044,#13046,.T.);
#13044 = VERTEX_POINT('',#13045);
#13045 = CARTESIAN_POINT('',(560.,-213.8888888888,140.));
#13046 = LINE('',#13047,#13048);
#13047 = CARTESIAN_POINT('',(600.,-225.,140.));
#13048 = VECTOR('',#13049,1.);
#13049 = DIRECTION('',(-0.96351790963,0.267643863786,0.));
#13050 = ORIENTED_EDGE('',*,*,#13051,.F.);
#13051 = EDGE_CURVE('',#13052,#13044,#13054,.T.);
#13052 = VERTEX_POINT('',#13053);
#13053 = CARTESIAN_POINT('',(560.,-213.8888888888,120.));
#13054 = LINE('',#13055,#13056);
#13055 = CARTESIAN_POINT('',(560.,-213.8888888888,120.));
#13056 = VECTOR('',#13057,1.);
#13057 = DIRECTION('',(0.,0.,1.));
#13058 = ORIENTED_EDGE('',*,*,#13059,.F.);
#13059 = EDGE_CURVE('',#13021,#13052,#13060,.T.);
#13060 = LINE('',#13061,#13062);
#13061 = CARTESIAN_POINT('',(600.,-225.,120.));
#13062 = VECTOR('',#13063,1.);
#13063 = DIRECTION('',(-0.96351790963,0.267643863786,0.));
#13064 = PLANE('',#13065);
#13065 = AXIS2_PLACEMENT_3D('',#13066,#13067,#13068);
#13066 = CARTESIAN_POINT('',(600.,-225.,120.));
#13067 = DIRECTION('',(-0.267643863786,-0.96351790963,0.));
#13068 = DIRECTION('',(-0.96351790963,0.267643863786,0.));
#13069 = ADVANCED_FACE('',(#13070),#13086,.F.);
#13070 = FACE_BOUND('',#13071,.F.);
#13071 = EDGE_LOOP('',(#13072,#13073,#13079,#13080));
#13072 = ORIENTED_EDGE('',*,*,#13051,.T.);
#13073 = ORIENTED_EDGE('',*,*,#13074,.T.);
#13074 = EDGE_CURVE('',#13044,#13005,#13075,.T.);
#13075 = LINE('',#13076,#13077);
#13076 = CARTESIAN_POINT('',(560.,-213.8888888888,140.));
#13077 = VECTOR('',#13078,1.);
#13078 = DIRECTION('',(0.,-1.,0.));
#13079 = ORIENTED_EDGE('',*,*,#13002,.F.);
#13080 = ORIENTED_EDGE('',*,*,#13081,.F.);
#13081 = EDGE_CURVE('',#13052,#13003,#13082,.T.);
#13082 = LINE('',#13083,#13084);
#13083 = CARTESIAN_POINT('',(560.,-213.8888888888,120.));
#13084 = VECTOR('',#13085,1.);
#13085 = DIRECTION('',(0.,-1.,0.));
#13086 = PLANE('',#13087);
#13087 = AXIS2_PLACEMENT_3D('',#13088,#13089,#13090);
#13088 = CARTESIAN_POINT('',(560.,-213.8888888888,120.));
#13089 = DIRECTION('',(1.,0.,-0.));
#13090 = DIRECTION('',(0.,-1.,0.));
#13091 = ADVANCED_FACE('',(#13092),#13097,.F.);
#13092 = FACE_BOUND('',#13093,.F.);
#13093 = EDGE_LOOP('',(#13094,#13095,#13096));
#13094 = ORIENTED_EDGE('',*,*,#13028,.T.);
#13095 = ORIENTED_EDGE('',*,*,#13059,.T.);
#13096 = ORIENTED_EDGE('',*,*,#13081,.T.);
#13097 = PLANE('',#13098);
#13098 = AXIS2_PLACEMENT_3D('',#13099,#13100,#13101);
#13099 = CARTESIAN_POINT('',(575.77730194683,-225.,120.));
#13100 = DIRECTION('',(0.,0.,1.));
#13101 = DIRECTION('',(1.,0.,-0.));
#13102 = ADVANCED_FACE('',(#13103),#13108,.T.);
#13103 = FACE_BOUND('',#13104,.T.);
#13104 = EDGE_LOOP('',(#13105,#13106,#13107));
#13105 = ORIENTED_EDGE('',*,*,#13012,.T.);
#13106 = ORIENTED_EDGE('',*,*,#13043,.T.);
#13107 = ORIENTED_EDGE('',*,*,#13074,.T.);
#13108 = PLANE('',#13109);
#13109 = AXIS2_PLACEMENT_3D('',#13110,#13111,#13112);
#13110 = CARTESIAN_POINT('',(575.77730194683,-225.,140.));
#13111 = DIRECTION('',(0.,0.,1.));
#13112 = DIRECTION('',(1.,0.,-0.));
#13113 = ( GEOMETRIC_REPRESENTATION_CONTEXT(3) 
GLOBAL_UNCERTAINTY_ASSIGNED_CONTEXT((#13117)) 
GLOBAL_UNIT_ASSIGNED_CONTEXT((#13114,#13115,#13116)) 
REPRESENTATION_CONTEXT('Context #1',
  '3D Context with UNIT and UNCERTAINTY') );
#13114 = ( LENGTH_UNIT() NAMED_UNIT(*) SI_UNIT(.MILLI.,.METRE.) );
#13115 = ( NAMED_UNIT(*) PLANE_ANGLE_UNIT() SI_UNIT($,.RADIAN.) );
#13116 = ( NAMED_UNIT(*) SI_UNIT($,.STERADIAN.) SOLID_ANGLE_UNIT() );
#13117 = UNCERTAINTY_MEASURE_WITH_UNIT(LENGTH_MEASURE(1.E-07),#13114,
  'distance_accuracy_value','confusion accuracy');
#13118 = CONTEXT_DEPENDENT_SHAPE_REPRESENTATION(#13119,#13121);
#13119 = ( REPRESENTATION_RELATIONSHIP('','',#12995,#10) 
REPRESENTATION_RELATIONSHIP_WITH_TRANSFORMATION(#13120) 
SHAPE_REPRESENTATION_RELATIONSHIP() );
#13120 = ITEM_DEFINED_TRANSFORMATION('','',#11,#299);
#13121 = PRODUCT_DEFINITION_SHAPE('Placement','Placement of an item',
  #13122);
#13122 = NEXT_ASSEMBLY_USAGE_OCCURRENCE('160',
  'TRI-AMA-PORT-DECK-05 | Deck | nominal plywood 20 mm','',#5,#12990,$);
#13123 = PRODUCT_RELATED_PRODUCT_CATEGORY('part',$,(#12992));
#13124 = SHAPE_DEFINITION_REPRESENTATION(#13125,#13131);
#13125 = PRODUCT_DEFINITION_SHAPE('','',#13126);
#13126 = PRODUCT_DEFINITION('design','',#13127,#13130);
#13127 = PRODUCT_DEFINITION_FORMATION('','',#13128);
#13128 = PRODUCT(
  'TRI-AMA-STARBOARD-BOTTOM-01 | BottomFlat | nominal plywood 20 mm',
  'TRI-AMA-STARBOARD-BOTTOM-01 | BottomFlat | nominal plywood 20 mm','',
  (#13129));
#13129 = PRODUCT_CONTEXT('',#2,'mechanical');
#13130 = PRODUCT_DEFINITION_CONTEXT('part definition',#2,'design');
#13131 = ADVANCED_BREP_SHAPE_REPRESENTATION('',(#11,#13132),#13282);
#13132 = MANIFOLD_SOLID_BREP('',#13133);
#13133 = CLOSED_SHELL('',(#13134,#13174,#13205,#13236,#13258,#13270));
#13134 = ADVANCED_FACE('',(#13135),#13169,.F.);
#13135 = FACE_BOUND('',#13136,.F.);
#13136 = EDGE_LOOP('',(#13137,#13147,#13155,#13163));
#13137 = ORIENTED_EDGE('',*,*,#13138,.T.);
#13138 = EDGE_CURVE('',#13139,#13141,#13143,.T.);
#13139 = VERTEX_POINT('',#13140);
#13140 = CARTESIAN_POINT('',(0.,200.,30.));
#13141 = VERTEX_POINT('',#13142);
#13142 = CARTESIAN_POINT('',(0.,200.,50.));
#13143 = LINE('',#13144,#13145);
#13144 = CARTESIAN_POINT('',(0.,200.,30.));
#13145 = VECTOR('',#13146,1.);
#13146 = DIRECTION('',(0.,0.,1.));
#13147 = ORIENTED_EDGE('',*,*,#13148,.T.);
#13148 = EDGE_CURVE('',#13141,#13149,#13151,.T.);
#13149 = VERTEX_POINT('',#13150);
#13150 = CARTESIAN_POINT('',(50.,200.,50.));
#13151 = LINE('',#13152,#13153);
#13152 = CARTESIAN_POINT('',(0.,200.,50.));
#13153 = VECTOR('',#13154,1.);
#13154 = DIRECTION('',(1.,0.,0.));
#13155 = ORIENTED_EDGE('',*,*,#13156,.F.);
#13156 = EDGE_CURVE('',#13157,#13149,#13159,.T.);
#13157 = VERTEX_POINT('',#13158);
#13158 = CARTESIAN_POINT('',(50.,200.,30.));
#13159 = LINE('',#13160,#13161);
#13160 = CARTESIAN_POINT('',(50.,200.,30.));
#13161 = VECTOR('',#13162,1.);
#13162 = DIRECTION('',(0.,0.,1.));
#13163 = ORIENTED_EDGE('',*,*,#13164,.F.);
#13164 = EDGE_CURVE('',#13139,#13157,#13165,.T.);
#13165 = LINE('',#13166,#13167);
#13166 = CARTESIAN_POINT('',(0.,200.,30.));
#13167 = VECTOR('',#13168,1.);
#13168 = DIRECTION('',(1.,0.,0.));
#13169 = PLANE('',#13170);
#13170 = AXIS2_PLACEMENT_3D('',#13171,#13172,#13173);
#13171 = CARTESIAN_POINT('',(0.,200.,30.));
#13172 = DIRECTION('',(0.,1.,0.));
#13173 = DIRECTION('',(1.,0.,0.));
#13174 = ADVANCED_FACE('',(#13175),#13200,.F.);
#13175 = FACE_BOUND('',#13176,.F.);
#13176 = EDGE_LOOP('',(#13177,#13178,#13186,#13194));
#13177 = ORIENTED_EDGE('',*,*,#13156,.T.);
#13178 = ORIENTED_EDGE('',*,*,#13179,.T.);
#13179 = EDGE_CURVE('',#13149,#13180,#13182,.T.);
#13180 = VERTEX_POINT('',#13181);
#13181 = CARTESIAN_POINT('',(50.,250.,50.));
#13182 = LINE('',#13183,#13184);
#13183 = CARTESIAN_POINT('',(50.,200.,50.));
#13184 = VECTOR('',#13185,1.);
#13185 = DIRECTION('',(0.,1.,0.));
#13186 = ORIENTED_EDGE('',*,*,#13187,.F.);
#13187 = EDGE_CURVE('',#13188,#13180,#13190,.T.);
#13188 = VERTEX_POINT('',#13189);
#13189 = CARTESIAN_POINT('',(50.,250.,30.));
#13190 = LINE('',#13191,#13192);
#13191 = CARTESIAN_POINT('',(50.,250.,30.));
#13192 = VECTOR('',#13193,1.);
#13193 = DIRECTION('',(0.,0.,1.));
#13194 = ORIENTED_EDGE('',*,*,#13195,.F.);
#13195 = EDGE_CURVE('',#13157,#13188,#13196,.T.);
#13196 = LINE('',#13197,#13198);
#13197 = CARTESIAN_POINT('',(50.,200.,30.));
#13198 = VECTOR('',#13199,1.);
#13199 = DIRECTION('',(0.,1.,0.));
#13200 = PLANE('',#13201);
#13201 = AXIS2_PLACEMENT_3D('',#13202,#13203,#13204);
#13202 = CARTESIAN_POINT('',(50.,200.,30.));
#13203 = DIRECTION('',(-1.,0.,0.));
#13204 = DIRECTION('',(0.,1.,0.));
#13205 = ADVANCED_FACE('',(#13206),#13231,.F.);
#13206 = FACE_BOUND('',#13207,.F.);
#13207 = EDGE_LOOP('',(#13208,#13209,#13217,#13225));
#13208 = ORIENTED_EDGE('',*,*,#13187,.T.);
#13209 = ORIENTED_EDGE('',*,*,#13210,.T.);
#13210 = EDGE_CURVE('',#13180,#13211,#13213,.T.);
#13211 = VERTEX_POINT('',#13212);
#13212 = CARTESIAN_POINT('',(0.,250.,50.));
#13213 = LINE('',#13214,#13215);
#13214 = CARTESIAN_POINT('',(50.,250.,50.));
#13215 = VECTOR('',#13216,1.);
#13216 = DIRECTION('',(-1.,0.,0.));
#13217 = ORIENTED_EDGE('',*,*,#13218,.F.);
#13218 = EDGE_CURVE('',#13219,#13211,#13221,.T.);
#13219 = VERTEX_POINT('',#13220);
#13220 = CARTESIAN_POINT('',(0.,250.,30.));
#13221 = LINE('',#13222,#13223);
#13222 = CARTESIAN_POINT('',(0.,250.,30.));
#13223 = VECTOR('',#13224,1.);
#13224 = DIRECTION('',(0.,0.,1.));
#13225 = ORIENTED_EDGE('',*,*,#13226,.F.);
#13226 = EDGE_CURVE('',#13188,#13219,#13227,.T.);
#13227 = LINE('',#13228,#13229);
#13228 = CARTESIAN_POINT('',(50.,250.,30.));
#13229 = VECTOR('',#13230,1.);
#13230 = DIRECTION('',(-1.,0.,0.));
#13231 = PLANE('',#13232);
#13232 = AXIS2_PLACEMENT_3D('',#13233,#13234,#13235);
#13233 = CARTESIAN_POINT('',(50.,250.,30.));
#13234 = DIRECTION('',(0.,-1.,0.));
#13235 = DIRECTION('',(-1.,0.,0.));
#13236 = ADVANCED_FACE('',(#13237),#13253,.F.);
#13237 = FACE_BOUND('',#13238,.F.);
#13238 = EDGE_LOOP('',(#13239,#13240,#13246,#13247));
#13239 = ORIENTED_EDGE('',*,*,#13218,.T.);
#13240 = ORIENTED_EDGE('',*,*,#13241,.T.);
#13241 = EDGE_CURVE('',#13211,#13141,#13242,.T.);
#13242 = LINE('',#13243,#13244);
#13243 = CARTESIAN_POINT('',(0.,250.,50.));
#13244 = VECTOR('',#13245,1.);
#13245 = DIRECTION('',(0.,-1.,0.));
#13246 = ORIENTED_EDGE('',*,*,#13138,.F.);
#13247 = ORIENTED_EDGE('',*,*,#13248,.F.);
#13248 = EDGE_CURVE('',#13219,#13139,#13249,.T.);
#13249 = LINE('',#13250,#13251);
#13250 = CARTESIAN_POINT('',(0.,250.,30.));
#13251 = VECTOR('',#13252,1.);
#13252 = DIRECTION('',(0.,-1.,0.));
#13253 = PLANE('',#13254);
#13254 = AXIS2_PLACEMENT_3D('',#13255,#13256,#13257);
#13255 = CARTESIAN_POINT('',(0.,250.,30.));
#13256 = DIRECTION('',(1.,0.,-0.));
#13257 = DIRECTION('',(0.,-1.,0.));
#13258 = ADVANCED_FACE('',(#13259),#13265,.F.);
#13259 = FACE_BOUND('',#13260,.F.);
#13260 = EDGE_LOOP('',(#13261,#13262,#13263,#13264));
#13261 = ORIENTED_EDGE('',*,*,#13164,.T.);
#13262 = ORIENTED_EDGE('',*,*,#13195,.T.);
#13263 = ORIENTED_EDGE('',*,*,#13226,.T.);
#13264 = ORIENTED_EDGE('',*,*,#13248,.T.);
#13265 = PLANE('',#13266);
#13266 = AXIS2_PLACEMENT_3D('',#13267,#13268,#13269);
#13267 = CARTESIAN_POINT('',(25.,225.,30.));
#13268 = DIRECTION('',(0.,0.,1.));
#13269 = DIRECTION('',(1.,0.,-0.));
#13270 = ADVANCED_FACE('',(#13271),#13277,.T.);
#13271 = FACE_BOUND('',#13272,.T.);
#13272 = EDGE_LOOP('',(#13273,#13274,#13275,#13276));
#13273 = ORIENTED_EDGE('',*,*,#13148,.T.);
#13274 = ORIENTED_EDGE('',*,*,#13179,.T.);
#13275 = ORIENTED_EDGE('',*,*,#13210,.T.);
#13276 = ORIENTED_EDGE('',*,*,#13241,.T.);
#13277 = PLANE('',#13278);
#13278 = AXIS2_PLACEMENT_3D('',#13279,#13280,#13281);
#13279 = CARTESIAN_POINT('',(25.,225.,50.));
#13280 = DIRECTION('',(0.,0.,1.));
#13281 = DIRECTION('',(1.,0.,-0.));
#13282 = ( GEOMETRIC_REPRESENTATION_CONTEXT(3) 
GLOBAL_UNCERTAINTY_ASSIGNED_CONTEXT((#13286)) 
GLOBAL_UNIT_ASSIGNED_CONTEXT((#13283,#13284,#13285)) 
REPRESENTATION_CONTEXT('Context #1',
  '3D Context with UNIT and UNCERTAINTY') );
#13283 = ( LENGTH_UNIT() NAMED_UNIT(*) SI_UNIT(.MILLI.,.METRE.) );
#13284 = ( NAMED_UNIT(*) PLANE_ANGLE_UNIT() SI_UNIT($,.RADIAN.) );
#13285 = ( NAMED_UNIT(*) SI_UNIT($,.STERADIAN.) SOLID_ANGLE_UNIT() );
#13286 = UNCERTAINTY_MEASURE_WITH_UNIT(LENGTH_MEASURE(1.E-07),#13283,
  'distance_accuracy_value','confusion accuracy');
#13287 = CONTEXT_DEPENDENT_SHAPE_REPRESENTATION(#13288,#13290);
#13288 = ( REPRESENTATION_RELATIONSHIP('','',#13131,#10) 
REPRESENTATION_RELATIONSHIP_WITH_TRANSFORMATION(#13289) 
SHAPE_REPRESENTATION_RELATIONSHIP() );
#13289 = ITEM_DEFINED_TRANSFORMATION('','',#11,#303);
#13290 = PRODUCT_DEFINITION_SHAPE('Placement','Placement of an item',
  #13291);
#13291 = NEXT_ASSEMBLY_USAGE_OCCURRENCE('161',
  'TRI-AMA-STARBOARD-BOTTOM-01 | BottomFlat | nominal plywood 20 mm','',
  #5,#13126,$);
#13292 = PRODUCT_RELATED_PRODUCT_CATEGORY('part',$,(#13128));
#13293 = SHAPE_DEFINITION_REPRESENTATION(#13294,#13300);
#13294 = PRODUCT_DEFINITION_SHAPE('','',#13295);
#13295 = PRODUCT_DEFINITION('design','',#13296,#13299);
#13296 = PRODUCT_DEFINITION_FORMATION('','',#13297);
#13297 = PRODUCT(
  'TRI-AMA-STARBOARD-CHINE-PORT-01 | ChinePort | nominal plywood 20 mm',
  'TRI-AMA-STARBOARD-CHINE-PORT-01 | ChinePort | nominal plywood 20 mm',
  '',(#13298));
#13298 = PRODUCT_CONTEXT('',#2,'mechanical');
#13299 = PRODUCT_DEFINITION_CONTEXT('part definition',#2,'design');
#13300 = ADVANCED_BREP_SHAPE_REPRESENTATION('',(#11,#13301),#13451);
#13301 = MANIFOLD_SOLID_BREP('',#13302);
#13302 = CLOSED_SHELL('',(#13303,#13343,#13374,#13405,#13427,#13439));
#13303 = ADVANCED_FACE('',(#13304),#13338,.T.);
#13304 = FACE_BOUND('',#13305,.T.);
#13305 = EDGE_LOOP('',(#13306,#13316,#13324,#13332));
#13306 = ORIENTED_EDGE('',*,*,#13307,.T.);
#13307 = EDGE_CURVE('',#13308,#13310,#13312,.T.);
#13308 = VERTEX_POINT('',#13309);
#13309 = CARTESIAN_POINT('',(0.,200.,30.));
#13310 = VERTEX_POINT('',#13311);
#13311 = CARTESIAN_POINT('',(0.,205.17638090205,49.318516525781));
#13312 = LINE('',#13313,#13314);
#13313 = CARTESIAN_POINT('',(0.,200.,30.));
#13314 = VECTOR('',#13315,1.);
#13315 = DIRECTION('',(-0.,0.258819045103,0.965925826289));
#13316 = ORIENTED_EDGE('',*,*,#13317,.T.);
#13317 = EDGE_CURVE('',#13310,#13318,#13320,.T.);
#13318 = VERTEX_POINT('',#13319);
#13319 = CARTESIAN_POINT('',(50.,205.17638090205,49.318516525781));
#13320 = LINE('',#13321,#13322);
#13321 = CARTESIAN_POINT('',(0.,205.17638090205,49.318516525781));
#13322 = VECTOR('',#13323,1.);
#13323 = DIRECTION('',(1.,0.,0.));
#13324 = ORIENTED_EDGE('',*,*,#13325,.F.);
#13325 = EDGE_CURVE('',#13326,#13318,#13328,.T.);
#13326 = VERTEX_POINT('',#13327);
#13327 = CARTESIAN_POINT('',(50.,200.,30.));
#13328 = LINE('',#13329,#13330);
#13329 = CARTESIAN_POINT('',(50.,200.,30.));
#13330 = VECTOR('',#13331,1.);
#13331 = DIRECTION('',(-0.,0.258819045103,0.965925826289));
#13332 = ORIENTED_EDGE('',*,*,#13333,.F.);
#13333 = EDGE_CURVE('',#13308,#13326,#13334,.T.);
#13334 = LINE('',#13335,#13336);
#13335 = CARTESIAN_POINT('',(0.,200.,30.));
#13336 = VECTOR('',#13337,1.);
#13337 = DIRECTION('',(1.,0.,0.));
#13338 = PLANE('',#13339);
#13339 = AXIS2_PLACEMENT_3D('',#13340,#13341,#13342);
#13340 = CARTESIAN_POINT('',(0.,200.,30.));
#13341 = DIRECTION('',(0.,0.965925826289,-0.258819045103));
#13342 = DIRECTION('',(1.,0.,0.));
#13343 = ADVANCED_FACE('',(#13344),#13369,.T.);
#13344 = FACE_BOUND('',#13345,.T.);
#13345 = EDGE_LOOP('',(#13346,#13347,#13355,#13363));
#13346 = ORIENTED_EDGE('',*,*,#13325,.T.);
#13347 = ORIENTED_EDGE('',*,*,#13348,.T.);
#13348 = EDGE_CURVE('',#13318,#13349,#13351,.T.);
#13349 = VERTEX_POINT('',#13350);
#13350 = CARTESIAN_POINT('',(50.,180.17638090205,56.017246336559));
#13351 = LINE('',#13352,#13353);
#13352 = CARTESIAN_POINT('',(50.,205.17638090205,49.318516525781));
#13353 = VECTOR('',#13354,1.);
#13354 = DIRECTION('',(0.,-0.965925826289,0.258819045103));
#13355 = ORIENTED_EDGE('',*,*,#13356,.F.);
#13356 = EDGE_CURVE('',#13357,#13349,#13359,.T.);
#13357 = VERTEX_POINT('',#13358);
#13358 = CARTESIAN_POINT('',(50.,175.,36.698729810778));
#13359 = LINE('',#13360,#13361);
#13360 = CARTESIAN_POINT('',(50.,175.,36.698729810778));
#13361 = VECTOR('',#13362,1.);
#13362 = DIRECTION('',(-0.,0.258819045103,0.965925826289));
#13363 = ORIENTED_EDGE('',*,*,#13364,.F.);
#13364 = EDGE_CURVE('',#13326,#13357,#13365,.T.);
#13365 = LINE('',#13366,#13367);
#13366 = CARTESIAN_POINT('',(50.,200.,30.));
#13367 = VECTOR('',#13368,1.);
#13368 = DIRECTION('',(0.,-0.965925826289,0.258819045103));
#13369 = PLANE('',#13370);
#13370 = AXIS2_PLACEMENT_3D('',#13371,#13372,#13373);
#13371 = CARTESIAN_POINT('',(50.,200.,30.));
#13372 = DIRECTION('',(1.,0.,0.));
#13373 = DIRECTION('',(0.,-0.965925826289,0.258819045103));
#13374 = ADVANCED_FACE('',(#13375),#13400,.T.);
#13375 = FACE_BOUND('',#13376,.T.);
#13376 = EDGE_LOOP('',(#13377,#13378,#13386,#13394));
#13377 = ORIENTED_EDGE('',*,*,#13356,.T.);
#13378 = ORIENTED_EDGE('',*,*,#13379,.T.);
#13379 = EDGE_CURVE('',#13349,#13380,#13382,.T.);
#13380 = VERTEX_POINT('',#13381);
#13381 = CARTESIAN_POINT('',(0.,180.17638090205,56.017246336559));
#13382 = LINE('',#13383,#13384);
#13383 = CARTESIAN_POINT('',(50.,180.17638090205,56.017246336559));
#13384 = VECTOR('',#13385,1.);
#13385 = DIRECTION('',(-1.,0.,0.));
#13386 = ORIENTED_EDGE('',*,*,#13387,.F.);
#13387 = EDGE_CURVE('',#13388,#13380,#13390,.T.);
#13388 = VERTEX_POINT('',#13389);
#13389 = CARTESIAN_POINT('',(0.,175.,36.698729810778));
#13390 = LINE('',#13391,#13392);
#13391 = CARTESIAN_POINT('',(0.,175.,36.698729810778));
#13392 = VECTOR('',#13393,1.);
#13393 = DIRECTION('',(-0.,0.258819045103,0.965925826289));
#13394 = ORIENTED_EDGE('',*,*,#13395,.F.);
#13395 = EDGE_CURVE('',#13357,#13388,#13396,.T.);
#13396 = LINE('',#13397,#13398);
#13397 = CARTESIAN_POINT('',(50.,175.,36.698729810778));
#13398 = VECTOR('',#13399,1.);
#13399 = DIRECTION('',(-1.,0.,0.));
#13400 = PLANE('',#13401);
#13401 = AXIS2_PLACEMENT_3D('',#13402,#13403,#13404);
#13402 = CARTESIAN_POINT('',(50.,175.,36.698729810778));
#13403 = DIRECTION('',(0.,-0.965925826289,0.258819045103));
#13404 = DIRECTION('',(-1.,0.,0.));
#13405 = ADVANCED_FACE('',(#13406),#13422,.T.);
#13406 = FACE_BOUND('',#13407,.T.);
#13407 = EDGE_LOOP('',(#13408,#13409,#13415,#13416));
#13408 = ORIENTED_EDGE('',*,*,#13387,.T.);
#13409 = ORIENTED_EDGE('',*,*,#13410,.T.);
#13410 = EDGE_CURVE('',#13380,#13310,#13411,.T.);
#13411 = LINE('',#13412,#13413);
#13412 = CARTESIAN_POINT('',(0.,180.17638090205,56.017246336559));
#13413 = VECTOR('',#13414,1.);
#13414 = DIRECTION('',(0.,0.965925826289,-0.258819045103));
#13415 = ORIENTED_EDGE('',*,*,#13307,.F.);
#13416 = ORIENTED_EDGE('',*,*,#13417,.F.);
#13417 = EDGE_CURVE('',#13388,#13308,#13418,.T.);
#13418 = LINE('',#13419,#13420);
#13419 = CARTESIAN_POINT('',(0.,175.,36.698729810778));
#13420 = VECTOR('',#13421,1.);
#13421 = DIRECTION('',(0.,0.965925826289,-0.258819045103));
#13422 = PLANE('',#13423);
#13423 = AXIS2_PLACEMENT_3D('',#13424,#13425,#13426);
#13424 = CARTESIAN_POINT('',(0.,175.,36.698729810778));
#13425 = DIRECTION('',(-1.,0.,-0.));
#13426 = DIRECTION('',(0.,0.965925826289,-0.258819045103));
#13427 = ADVANCED_FACE('',(#13428),#13434,.T.);
#13428 = FACE_BOUND('',#13429,.T.);
#13429 = EDGE_LOOP('',(#13430,#13431,#13432,#13433));
#13430 = ORIENTED_EDGE('',*,*,#13333,.T.);
#13431 = ORIENTED_EDGE('',*,*,#13364,.T.);
#13432 = ORIENTED_EDGE('',*,*,#13395,.T.);
#13433 = ORIENTED_EDGE('',*,*,#13417,.T.);
#13434 = PLANE('',#13435);
#13435 = AXIS2_PLACEMENT_3D('',#13436,#13437,#13438);
#13436 = CARTESIAN_POINT('',(25.,187.5,33.349364905389));
#13437 = DIRECTION('',(-0.,-0.258819045103,-0.965925826289));
#13438 = DIRECTION('',(0.,-0.965925826289,0.258819045103));
#13439 = ADVANCED_FACE('',(#13440),#13446,.F.);
#13440 = FACE_BOUND('',#13441,.F.);
#13441 = EDGE_LOOP('',(#13442,#13443,#13444,#13445));
#13442 = ORIENTED_EDGE('',*,*,#13317,.T.);
#13443 = ORIENTED_EDGE('',*,*,#13348,.T.);
#13444 = ORIENTED_EDGE('',*,*,#13379,.T.);
#13445 = ORIENTED_EDGE('',*,*,#13410,.T.);
#13446 = PLANE('',#13447);
#13447 = AXIS2_PLACEMENT_3D('',#13448,#13449,#13450);
#13448 = CARTESIAN_POINT('',(25.,192.67638090205,52.66788143117));
#13449 = DIRECTION('',(-0.,-0.258819045103,-0.965925826289));
#13450 = DIRECTION('',(0.,-0.965925826289,0.258819045103));
#13451 = ( GEOMETRIC_REPRESENTATION_CONTEXT(3) 
GLOBAL_UNCERTAINTY_ASSIGNED_CONTEXT((#13455)) 
GLOBAL_UNIT_ASSIGNED_CONTEXT((#13452,#13453,#13454)) 
REPRESENTATION_CONTEXT('Context #1',
  '3D Context with UNIT and UNCERTAINTY') );
#13452 = ( LENGTH_UNIT() NAMED_UNIT(*) SI_UNIT(.MILLI.,.METRE.) );
#13453 = ( NAMED_UNIT(*) PLANE_ANGLE_UNIT() SI_UNIT($,.RADIAN.) );
#13454 = ( NAMED_UNIT(*) SI_UNIT($,.STERADIAN.) SOLID_ANGLE_UNIT() );
#13455 = UNCERTAINTY_MEASURE_WITH_UNIT(LENGTH_MEASURE(1.E-07),#13452,
  'distance_accuracy_value','confusion accuracy');
#13456 = CONTEXT_DEPENDENT_SHAPE_REPRESENTATION(#13457,#13459);
#13457 = ( REPRESENTATION_RELATIONSHIP('','',#13300,#10) 
REPRESENTATION_RELATIONSHIP_WITH_TRANSFORMATION(#13458) 
SHAPE_REPRESENTATION_RELATIONSHIP() );
#13458 = ITEM_DEFINED_TRANSFORMATION('','',#11,#307);
#13459 = PRODUCT_DEFINITION_SHAPE('Placement','Placement of an item',
  #13460);
#13460 = NEXT_ASSEMBLY_USAGE_OCCURRENCE('162',
  'TRI-AMA-STARBOARD-CHINE-PORT-01 | ChinePort | nominal plywood 20 mm',
  '',#5,#13295,$);
#13461 = PRODUCT_RELATED_PRODUCT_CATEGORY('part',$,(#13297));
#13462 = SHAPE_DEFINITION_REPRESENTATION(#13463,#13469);
#13463 = PRODUCT_DEFINITION_SHAPE('','',#13464);
#13464 = PRODUCT_DEFINITION('design','',#13465,#13468);
#13465 = PRODUCT_DEFINITION_FORMATION('','',#13466);
#13466 = PRODUCT(
'TRI-AMA-STARBOARD-CHINE-STARBOARD-01 | ChineStarboard | nominal 
plywood 20 mm',
'TRI-AMA-STARBOARD-CHINE-STARBOARD-01 | ChineStarboard | nominal 
plywood 20 mm','',(#13467));
#13467 = PRODUCT_CONTEXT('',#2,'mechanical');
#13468 = PRODUCT_DEFINITION_CONTEXT('part definition',#2,'design');
#13469 = ADVANCED_BREP_SHAPE_REPRESENTATION('',(#11,#13470),#13620);
#13470 = MANIFOLD_SOLID_BREP('',#13471);
#13471 = CLOSED_SHELL('',(#13472,#13512,#13543,#13574,#13596,#13608));
#13472 = ADVANCED_FACE('',(#13473),#13507,.T.);
#13473 = FACE_BOUND('',#13474,.T.);
#13474 = EDGE_LOOP('',(#13475,#13485,#13493,#13501));
#13475 = ORIENTED_EDGE('',*,*,#13476,.T.);
#13476 = EDGE_CURVE('',#13477,#13479,#13481,.T.);
#13477 = VERTEX_POINT('',#13478);
#13478 = CARTESIAN_POINT('',(0.,250.,30.));
#13479 = VERTEX_POINT('',#13480);
#13480 = CARTESIAN_POINT('',(0.,244.82361909795,49.318516525781));
#13481 = LINE('',#13482,#13483);
#13482 = CARTESIAN_POINT('',(0.,250.,30.));
#13483 = VECTOR('',#13484,1.);
#13484 = DIRECTION('',(-0.,-0.258819045103,0.965925826289));
#13485 = ORIENTED_EDGE('',*,*,#13486,.T.);
#13486 = EDGE_CURVE('',#13479,#13487,#13489,.T.);
#13487 = VERTEX_POINT('',#13488);
#13488 = CARTESIAN_POINT('',(0.,269.82361909795,56.017246336559));
#13489 = LINE('',#13490,#13491);
#13490 = CARTESIAN_POINT('',(0.,244.82361909795,49.318516525781));
#13491 = VECTOR('',#13492,1.);
#13492 = DIRECTION('',(0.,0.965925826289,0.258819045103));
#13493 = ORIENTED_EDGE('',*,*,#13494,.F.);
#13494 = EDGE_CURVE('',#13495,#13487,#13497,.T.);
#13495 = VERTEX_POINT('',#13496);
#13496 = CARTESIAN_POINT('',(0.,275.,36.698729810778));
#13497 = LINE('',#13498,#13499);
#13498 = CARTESIAN_POINT('',(0.,275.,36.698729810778));
#13499 = VECTOR('',#13500,1.);
#13500 = DIRECTION('',(-0.,-0.258819045103,0.965925826289));
#13501 = ORIENTED_EDGE('',*,*,#13502,.F.);
#13502 = EDGE_CURVE('',#13477,#13495,#13503,.T.);
#13503 = LINE('',#13504,#13505);
#13504 = CARTESIAN_POINT('',(0.,250.,30.));
#13505 = VECTOR('',#13506,1.);
#13506 = DIRECTION('',(0.,0.965925826289,0.258819045103));
#13507 = PLANE('',#13508);
#13508 = AXIS2_PLACEMENT_3D('',#13509,#13510,#13511);
#13509 = CARTESIAN_POINT('',(0.,250.,30.));
#13510 = DIRECTION('',(-1.,0.,0.));
#13511 = DIRECTION('',(0.,0.965925826289,0.258819045103));
#13512 = ADVANCED_FACE('',(#13513),#13538,.T.);
#13513 = FACE_BOUND('',#13514,.T.);
#13514 = EDGE_LOOP('',(#13515,#13516,#13524,#13532));
#13515 = ORIENTED_EDGE('',*,*,#13494,.T.);
#13516 = ORIENTED_EDGE('',*,*,#13517,.T.);
#13517 = EDGE_CURVE('',#13487,#13518,#13520,.T.);
#13518 = VERTEX_POINT('',#13519);
#13519 = CARTESIAN_POINT('',(50.,269.82361909795,56.017246336559));
#13520 = LINE('',#13521,#13522);
#13521 = CARTESIAN_POINT('',(0.,269.82361909795,56.017246336559));
#13522 = VECTOR('',#13523,1.);
#13523 = DIRECTION('',(1.,0.,0.));
#13524 = ORIENTED_EDGE('',*,*,#13525,.F.);
#13525 = EDGE_CURVE('',#13526,#13518,#13528,.T.);
#13526 = VERTEX_POINT('',#13527);
#13527 = CARTESIAN_POINT('',(50.,275.,36.698729810778));
#13528 = LINE('',#13529,#13530);
#13529 = CARTESIAN_POINT('',(50.,275.,36.698729810778));
#13530 = VECTOR('',#13531,1.);
#13531 = DIRECTION('',(-0.,-0.258819045103,0.965925826289));
#13532 = ORIENTED_EDGE('',*,*,#13533,.F.);
#13533 = EDGE_CURVE('',#13495,#13526,#13534,.T.);
#13534 = LINE('',#13535,#13536);
#13535 = CARTESIAN_POINT('',(0.,275.,36.698729810778));
#13536 = VECTOR('',#13537,1.);
#13537 = DIRECTION('',(1.,0.,0.));
#13538 = PLANE('',#13539);
#13539 = AXIS2_PLACEMENT_3D('',#13540,#13541,#13542);
#13540 = CARTESIAN_POINT('',(0.,275.,36.698729810778));
#13541 = DIRECTION('',(-0.,0.965925826289,0.258819045103));
#13542 = DIRECTION('',(1.,0.,0.));
#13543 = ADVANCED_FACE('',(#13544),#13569,.T.);
#13544 = FACE_BOUND('',#13545,.T.);
#13545 = EDGE_LOOP('',(#13546,#13547,#13555,#13563));
#13546 = ORIENTED_EDGE('',*,*,#13525,.T.);
#13547 = ORIENTED_EDGE('',*,*,#13548,.T.);
#13548 = EDGE_CURVE('',#13518,#13549,#13551,.T.);
#13549 = VERTEX_POINT('',#13550);
#13550 = CARTESIAN_POINT('',(50.,244.82361909795,49.318516525781));
#13551 = LINE('',#13552,#13553);
#13552 = CARTESIAN_POINT('',(50.,269.82361909795,56.017246336559));
#13553 = VECTOR('',#13554,1.);
#13554 = DIRECTION('',(0.,-0.965925826289,-0.258819045103));
#13555 = ORIENTED_EDGE('',*,*,#13556,.F.);
#13556 = EDGE_CURVE('',#13557,#13549,#13559,.T.);
#13557 = VERTEX_POINT('',#13558);
#13558 = CARTESIAN_POINT('',(50.,250.,30.));
#13559 = LINE('',#13560,#13561);
#13560 = CARTESIAN_POINT('',(50.,250.,30.));
#13561 = VECTOR('',#13562,1.);
#13562 = DIRECTION('',(-0.,-0.258819045103,0.965925826289));
#13563 = ORIENTED_EDGE('',*,*,#13564,.F.);
#13564 = EDGE_CURVE('',#13526,#13557,#13565,.T.);
#13565 = LINE('',#13566,#13567);
#13566 = CARTESIAN_POINT('',(50.,275.,36.698729810778));
#13567 = VECTOR('',#13568,1.);
#13568 = DIRECTION('',(0.,-0.965925826289,-0.258819045103));
#13569 = PLANE('',#13570);
#13570 = AXIS2_PLACEMENT_3D('',#13571,#13572,#13573);
#13571 = CARTESIAN_POINT('',(50.,275.,36.698729810778));
#13572 = DIRECTION('',(1.,0.,0.));
#13573 = DIRECTION('',(0.,-0.965925826289,-0.258819045103));
#13574 = ADVANCED_FACE('',(#13575),#13591,.T.);
#13575 = FACE_BOUND('',#13576,.T.);
#13576 = EDGE_LOOP('',(#13577,#13578,#13584,#13585));
#13577 = ORIENTED_EDGE('',*,*,#13556,.T.);
#13578 = ORIENTED_EDGE('',*,*,#13579,.T.);
#13579 = EDGE_CURVE('',#13549,#13479,#13580,.T.);
#13580 = LINE('',#13581,#13582);
#13581 = CARTESIAN_POINT('',(50.,244.82361909795,49.318516525781));
#13582 = VECTOR('',#13583,1.);
#13583 = DIRECTION('',(-1.,0.,0.));
#13584 = ORIENTED_EDGE('',*,*,#13476,.F.);
#13585 = ORIENTED_EDGE('',*,*,#13586,.F.);
#13586 = EDGE_CURVE('',#13557,#13477,#13587,.T.);
#13587 = LINE('',#13588,#13589);
#13588 = CARTESIAN_POINT('',(50.,250.,30.));
#13589 = VECTOR('',#13590,1.);
#13590 = DIRECTION('',(-1.,0.,0.));
#13591 = PLANE('',#13592);
#13592 = AXIS2_PLACEMENT_3D('',#13593,#13594,#13595);
#13593 = CARTESIAN_POINT('',(50.,250.,30.));
#13594 = DIRECTION('',(-0.,-0.965925826289,-0.258819045103));
#13595 = DIRECTION('',(-1.,0.,0.));
#13596 = ADVANCED_FACE('',(#13597),#13603,.T.);
#13597 = FACE_BOUND('',#13598,.T.);
#13598 = EDGE_LOOP('',(#13599,#13600,#13601,#13602));
#13599 = ORIENTED_EDGE('',*,*,#13502,.T.);
#13600 = ORIENTED_EDGE('',*,*,#13533,.T.);
#13601 = ORIENTED_EDGE('',*,*,#13564,.T.);
#13602 = ORIENTED_EDGE('',*,*,#13586,.T.);
#13603 = PLANE('',#13604);
#13604 = AXIS2_PLACEMENT_3D('',#13605,#13606,#13607);
#13605 = CARTESIAN_POINT('',(25.,262.5,33.349364905389));
#13606 = DIRECTION('',(-0.,0.258819045103,-0.965925826289));
#13607 = DIRECTION('',(0.,-0.965925826289,-0.258819045103));
#13608 = ADVANCED_FACE('',(#13609),#13615,.F.);
#13609 = FACE_BOUND('',#13610,.F.);
#13610 = EDGE_LOOP('',(#13611,#13612,#13613,#13614));
#13611 = ORIENTED_EDGE('',*,*,#13486,.T.);
#13612 = ORIENTED_EDGE('',*,*,#13517,.T.);
#13613 = ORIENTED_EDGE('',*,*,#13548,.T.);
#13614 = ORIENTED_EDGE('',*,*,#13579,.T.);
#13615 = PLANE('',#13616);
#13616 = AXIS2_PLACEMENT_3D('',#13617,#13618,#13619);
#13617 = CARTESIAN_POINT('',(25.,257.32361909795,52.66788143117));
#13618 = DIRECTION('',(-0.,0.258819045103,-0.965925826289));
#13619 = DIRECTION('',(0.,-0.965925826289,-0.258819045103));
#13620 = ( GEOMETRIC_REPRESENTATION_CONTEXT(3) 
GLOBAL_UNCERTAINTY_ASSIGNED_CONTEXT((#13624)) 
GLOBAL_UNIT_ASSIGNED_CONTEXT((#13621,#13622,#13623)) 
REPRESENTATION_CONTEXT('Context #1',
  '3D Context with UNIT and UNCERTAINTY') );
#13621 = ( LENGTH_UNIT() NAMED_UNIT(*) SI_UNIT(.MILLI.,.METRE.) );
#13622 = ( NAMED_UNIT(*) PLANE_ANGLE_UNIT() SI_UNIT($,.RADIAN.) );
#13623 = ( NAMED_UNIT(*) SI_UNIT($,.STERADIAN.) SOLID_ANGLE_UNIT() );
#13624 = UNCERTAINTY_MEASURE_WITH_UNIT(LENGTH_MEASURE(1.E-07),#13621,
  'distance_accuracy_value','confusion accuracy');
#13625 = CONTEXT_DEPENDENT_SHAPE_REPRESENTATION(#13626,#13628);
#13626 = ( REPRESENTATION_RELATIONSHIP('','',#13469,#10) 
REPRESENTATION_RELATIONSHIP_WITH_TRANSFORMATION(#13627) 
SHAPE_REPRESENTATION_RELATIONSHIP() );
#13627 = ITEM_DEFINED_TRANSFORMATION('','',#11,#311);
#13628 = PRODUCT_DEFINITION_SHAPE('Placement','Placement of an item',
  #13629);
#13629 = NEXT_ASSEMBLY_USAGE_OCCURRENCE('163',
'TRI-AMA-STARBOARD-CHINE-STARBOARD-01 | ChineStarboard | nominal 
plywood 20 mm','',#5,#13464,$);
#13630 = PRODUCT_RELATED_PRODUCT_CATEGORY('part',$,(#13466));
#13631 = SHAPE_DEFINITION_REPRESENTATION(#13632,#13638);
#13632 = PRODUCT_DEFINITION_SHAPE('','',#13633);
#13633 = PRODUCT_DEFINITION('design','',#13634,#13637);
#13634 = PRODUCT_DEFINITION_FORMATION('','',#13635);
#13635 = PRODUCT(
  'TRI-AMA-STARBOARD-SIDE-PORT-01 | SidePort | nominal plywood 20 mm',
  'TRI-AMA-STARBOARD-SIDE-PORT-01 | SidePort | nominal plywood 20 mm',''
  ,(#13636));
#13636 = PRODUCT_CONTEXT('',#2,'mechanical');
#13637 = PRODUCT_DEFINITION_CONTEXT('part definition',#2,'design');
#13638 = ADVANCED_BREP_SHAPE_REPRESENTATION('',(#11,#13639),#13789);
#13639 = MANIFOLD_SOLID_BREP('',#13640);
#13640 = CLOSED_SHELL('',(#13641,#13681,#13712,#13743,#13765,#13777));
#13641 = ADVANCED_FACE('',(#13642),#13676,.T.);
#13642 = FACE_BOUND('',#13643,.T.);
#13643 = EDGE_LOOP('',(#13644,#13654,#13662,#13670));
#13644 = ORIENTED_EDGE('',*,*,#13645,.T.);
#13645 = EDGE_CURVE('',#13646,#13648,#13650,.T.);
#13646 = VERTEX_POINT('',#13647);
#13647 = CARTESIAN_POINT('',(0.,175.,36.698729810778));
#13648 = VERTEX_POINT('',#13649);
#13649 = CARTESIAN_POINT('',(0.,195.,36.698729810778));
#13650 = LINE('',#13651,#13652);
#13651 = CARTESIAN_POINT('',(0.,175.,36.698729810778));
#13652 = VECTOR('',#13653,1.);
#13653 = DIRECTION('',(-0.,1.,-0.));
#13654 = ORIENTED_EDGE('',*,*,#13655,.T.);
#13655 = EDGE_CURVE('',#13648,#13656,#13658,.T.);
#13656 = VERTEX_POINT('',#13657);
#13657 = CARTESIAN_POINT('',(50.,195.,36.698729810778));
#13658 = LINE('',#13659,#13660);
#13659 = CARTESIAN_POINT('',(0.,195.,36.698729810778));
#13660 = VECTOR('',#13661,1.);
#13661 = DIRECTION('',(1.,0.,0.));
#13662 = ORIENTED_EDGE('',*,*,#13663,.F.);
#13663 = EDGE_CURVE('',#13664,#13656,#13666,.T.);
#13664 = VERTEX_POINT('',#13665);
#13665 = CARTESIAN_POINT('',(50.,175.,36.698729810778));
#13666 = LINE('',#13667,#13668);
#13667 = CARTESIAN_POINT('',(50.,175.,36.698729810778));
#13668 = VECTOR('',#13669,1.);
#13669 = DIRECTION('',(-0.,1.,-0.));
#13670 = ORIENTED_EDGE('',*,*,#13671,.F.);
#13671 = EDGE_CURVE('',#13646,#13664,#13672,.T.);
#13672 = LINE('',#13673,#13674);
#13673 = CARTESIAN_POINT('',(0.,175.,36.698729810778));
#13674 = VECTOR('',#13675,1.);
#13675 = DIRECTION('',(1.,0.,0.));
#13676 = PLANE('',#13677);
#13677 = AXIS2_PLACEMENT_3D('',#13678,#13679,#13680);
#13678 = CARTESIAN_POINT('',(0.,175.,36.698729810778));
#13679 = DIRECTION('',(0.,0.,-1.));
#13680 = DIRECTION('',(1.,0.,0.));
#13681 = ADVANCED_FACE('',(#13682),#13707,.T.);
#13682 = FACE_BOUND('',#13683,.T.);
#13683 = EDGE_LOOP('',(#13684,#13685,#13693,#13701));
#13684 = ORIENTED_EDGE('',*,*,#13663,.T.);
#13685 = ORIENTED_EDGE('',*,*,#13686,.T.);
#13686 = EDGE_CURVE('',#13656,#13687,#13689,.T.);
#13687 = VERTEX_POINT('',#13688);
#13688 = CARTESIAN_POINT('',(50.,195.,140.));
#13689 = LINE('',#13690,#13691);
#13690 = CARTESIAN_POINT('',(50.,195.,36.698729810778));
#13691 = VECTOR('',#13692,1.);
#13692 = DIRECTION('',(0.,0.,1.));
#13693 = ORIENTED_EDGE('',*,*,#13694,.F.);
#13694 = EDGE_CURVE('',#13695,#13687,#13697,.T.);
#13695 = VERTEX_POINT('',#13696);
#13696 = CARTESIAN_POINT('',(50.,175.,140.));
#13697 = LINE('',#13698,#13699);
#13698 = CARTESIAN_POINT('',(50.,175.,140.));
#13699 = VECTOR('',#13700,1.);
#13700 = DIRECTION('',(-0.,1.,-0.));
#13701 = ORIENTED_EDGE('',*,*,#13702,.F.);
#13702 = EDGE_CURVE('',#13664,#13695,#13703,.T.);
#13703 = LINE('',#13704,#13705);
#13704 = CARTESIAN_POINT('',(50.,175.,36.698729810778));
#13705 = VECTOR('',#13706,1.);
#13706 = DIRECTION('',(0.,0.,1.));
#13707 = PLANE('',#13708);
#13708 = AXIS2_PLACEMENT_3D('',#13709,#13710,#13711);
#13709 = CARTESIAN_POINT('',(50.,175.,36.698729810778));
#13710 = DIRECTION('',(1.,0.,-0.));
#13711 = DIRECTION('',(0.,0.,1.));
#13712 = ADVANCED_FACE('',(#13713),#13738,.T.);
#13713 = FACE_BOUND('',#13714,.T.);
#13714 = EDGE_LOOP('',(#13715,#13716,#13724,#13732));
#13715 = ORIENTED_EDGE('',*,*,#13694,.T.);
#13716 = ORIENTED_EDGE('',*,*,#13717,.T.);
#13717 = EDGE_CURVE('',#13687,#13718,#13720,.T.);
#13718 = VERTEX_POINT('',#13719);
#13719 = CARTESIAN_POINT('',(0.,195.,140.));
#13720 = LINE('',#13721,#13722);
#13721 = CARTESIAN_POINT('',(50.,195.,140.));
#13722 = VECTOR('',#13723,1.);
#13723 = DIRECTION('',(-1.,0.,0.));
#13724 = ORIENTED_EDGE('',*,*,#13725,.F.);
#13725 = EDGE_CURVE('',#13726,#13718,#13728,.T.);
#13726 = VERTEX_POINT('',#13727);
#13727 = CARTESIAN_POINT('',(0.,175.,140.));
#13728 = LINE('',#13729,#13730);
#13729 = CARTESIAN_POINT('',(0.,175.,140.));
#13730 = VECTOR('',#13731,1.);
#13731 = DIRECTION('',(-0.,1.,-0.));
#13732 = ORIENTED_EDGE('',*,*,#13733,.F.);
#13733 = EDGE_CURVE('',#13695,#13726,#13734,.T.);
#13734 = LINE('',#13735,#13736);
#13735 = CARTESIAN_POINT('',(50.,175.,140.));
#13736 = VECTOR('',#13737,1.);
#13737 = DIRECTION('',(-1.,0.,0.));
#13738 = PLANE('',#13739);
#13739 = AXIS2_PLACEMENT_3D('',#13740,#13741,#13742);
#13740 = CARTESIAN_POINT('',(50.,175.,140.));
#13741 = DIRECTION('',(0.,0.,1.));
#13742 = DIRECTION('',(-1.,0.,0.));
#13743 = ADVANCED_FACE('',(#13744),#13760,.T.);
#13744 = FACE_BOUND('',#13745,.T.);
#13745 = EDGE_LOOP('',(#13746,#13747,#13753,#13754));
#13746 = ORIENTED_EDGE('',*,*,#13725,.T.);
#13747 = ORIENTED_EDGE('',*,*,#13748,.T.);
#13748 = EDGE_CURVE('',#13718,#13648,#13749,.T.);
#13749 = LINE('',#13750,#13751);
#13750 = CARTESIAN_POINT('',(0.,195.,140.));
#13751 = VECTOR('',#13752,1.);
#13752 = DIRECTION('',(0.,0.,-1.));
#13753 = ORIENTED_EDGE('',*,*,#13645,.F.);
#13754 = ORIENTED_EDGE('',*,*,#13755,.F.);
#13755 = EDGE_CURVE('',#13726,#13646,#13756,.T.);
#13756 = LINE('',#13757,#13758);
#13757 = CARTESIAN_POINT('',(0.,175.,140.));
#13758 = VECTOR('',#13759,1.);
#13759 = DIRECTION('',(0.,0.,-1.));
#13760 = PLANE('',#13761);
#13761 = AXIS2_PLACEMENT_3D('',#13762,#13763,#13764);
#13762 = CARTESIAN_POINT('',(0.,175.,140.));
#13763 = DIRECTION('',(-1.,-0.,-0.));
#13764 = DIRECTION('',(0.,0.,-1.));
#13765 = ADVANCED_FACE('',(#13766),#13772,.T.);
#13766 = FACE_BOUND('',#13767,.T.);
#13767 = EDGE_LOOP('',(#13768,#13769,#13770,#13771));
#13768 = ORIENTED_EDGE('',*,*,#13671,.T.);
#13769 = ORIENTED_EDGE('',*,*,#13702,.T.);
#13770 = ORIENTED_EDGE('',*,*,#13733,.T.);
#13771 = ORIENTED_EDGE('',*,*,#13755,.T.);
#13772 = PLANE('',#13773);
#13773 = AXIS2_PLACEMENT_3D('',#13774,#13775,#13776);
#13774 = CARTESIAN_POINT('',(25.,175.,88.349364905389));
#13775 = DIRECTION('',(-0.,-1.,-0.));
#13776 = DIRECTION('',(0.,0.,-1.));
#13777 = ADVANCED_FACE('',(#13778),#13784,.F.);
#13778 = FACE_BOUND('',#13779,.F.);
#13779 = EDGE_LOOP('',(#13780,#13781,#13782,#13783));
#13780 = ORIENTED_EDGE('',*,*,#13655,.T.);
#13781 = ORIENTED_EDGE('',*,*,#13686,.T.);
#13782 = ORIENTED_EDGE('',*,*,#13717,.T.);
#13783 = ORIENTED_EDGE('',*,*,#13748,.T.);
#13784 = PLANE('',#13785);
#13785 = AXIS2_PLACEMENT_3D('',#13786,#13787,#13788);
#13786 = CARTESIAN_POINT('',(25.,195.,88.349364905389));
#13787 = DIRECTION('',(-0.,-1.,-0.));
#13788 = DIRECTION('',(0.,0.,-1.));
#13789 = ( GEOMETRIC_REPRESENTATION_CONTEXT(3) 
GLOBAL_UNCERTAINTY_ASSIGNED_CONTEXT((#13793)) 
GLOBAL_UNIT_ASSIGNED_CONTEXT((#13790,#13791,#13792)) 
REPRESENTATION_CONTEXT('Context #1',
  '3D Context with UNIT and UNCERTAINTY') );
#13790 = ( LENGTH_UNIT() NAMED_UNIT(*) SI_UNIT(.MILLI.,.METRE.) );
#13791 = ( NAMED_UNIT(*) PLANE_ANGLE_UNIT() SI_UNIT($,.RADIAN.) );
#13792 = ( NAMED_UNIT(*) SI_UNIT($,.STERADIAN.) SOLID_ANGLE_UNIT() );
#13793 = UNCERTAINTY_MEASURE_WITH_UNIT(LENGTH_MEASURE(1.E-07),#13790,
  'distance_accuracy_value','confusion accuracy');
#13794 = CONTEXT_DEPENDENT_SHAPE_REPRESENTATION(#13795,#13797);
#13795 = ( REPRESENTATION_RELATIONSHIP('','',#13638,#10) 
REPRESENTATION_RELATIONSHIP_WITH_TRANSFORMATION(#13796) 
SHAPE_REPRESENTATION_RELATIONSHIP() );
#13796 = ITEM_DEFINED_TRANSFORMATION('','',#11,#315);
#13797 = PRODUCT_DEFINITION_SHAPE('Placement','Placement of an item',
  #13798);
#13798 = NEXT_ASSEMBLY_USAGE_OCCURRENCE('164',
  'TRI-AMA-STARBOARD-SIDE-PORT-01 | SidePort | nominal plywood 20 mm',''
  ,#5,#13633,$);
#13799 = PRODUCT_RELATED_PRODUCT_CATEGORY('part',$,(#13635));
#13800 = SHAPE_DEFINITION_REPRESENTATION(#13801,#13807);
#13801 = PRODUCT_DEFINITION_SHAPE('','',#13802);
#13802 = PRODUCT_DEFINITION('design','',#13803,#13806);
#13803 = PRODUCT_DEFINITION_FORMATION('','',#13804);
#13804 = PRODUCT(
'TRI-AMA-STARBOARD-SIDE-STARBOARD-01 | SideStarboard | nominal plywood 
20 mm',
'TRI-AMA-STARBOARD-SIDE-STARBOARD-01 | SideStarboard | nominal plywood 
20 mm','',(#13805));
#13805 = PRODUCT_CONTEXT('',#2,'mechanical');
#13806 = PRODUCT_DEFINITION_CONTEXT('part definition',#2,'design');
#13807 = ADVANCED_BREP_SHAPE_REPRESENTATION('',(#11,#13808),#13958);
#13808 = MANIFOLD_SOLID_BREP('',#13809);
#13809 = CLOSED_SHELL('',(#13810,#13850,#13881,#13912,#13934,#13946));
#13810 = ADVANCED_FACE('',(#13811),#13845,.T.);
#13811 = FACE_BOUND('',#13812,.T.);
#13812 = EDGE_LOOP('',(#13813,#13823,#13831,#13839));
#13813 = ORIENTED_EDGE('',*,*,#13814,.T.);
#13814 = EDGE_CURVE('',#13815,#13817,#13819,.T.);
#13815 = VERTEX_POINT('',#13816);
#13816 = CARTESIAN_POINT('',(0.,275.,36.698729810778));
#13817 = VERTEX_POINT('',#13818);
#13818 = CARTESIAN_POINT('',(0.,255.,36.698729810778));
#13819 = LINE('',#13820,#13821);
#13820 = CARTESIAN_POINT('',(0.,275.,36.698729810778));
#13821 = VECTOR('',#13822,1.);
#13822 = DIRECTION('',(-0.,-1.,-0.));
#13823 = ORIENTED_EDGE('',*,*,#13824,.T.);
#13824 = EDGE_CURVE('',#13817,#13825,#13827,.T.);
#13825 = VERTEX_POINT('',#13826);
#13826 = CARTESIAN_POINT('',(0.,255.,140.));
#13827 = LINE('',#13828,#13829);
#13828 = CARTESIAN_POINT('',(0.,255.,36.698729810778));
#13829 = VECTOR('',#13830,1.);
#13830 = DIRECTION('',(0.,0.,1.));
#13831 = ORIENTED_EDGE('',*,*,#13832,.F.);
#13832 = EDGE_CURVE('',#13833,#13825,#13835,.T.);
#13833 = VERTEX_POINT('',#13834);
#13834 = CARTESIAN_POINT('',(0.,275.,140.));
#13835 = LINE('',#13836,#13837);
#13836 = CARTESIAN_POINT('',(0.,275.,140.));
#13837 = VECTOR('',#13838,1.);
#13838 = DIRECTION('',(-0.,-1.,-0.));
#13839 = ORIENTED_EDGE('',*,*,#13840,.F.);
#13840 = EDGE_CURVE('',#13815,#13833,#13841,.T.);
#13841 = LINE('',#13842,#13843);
#13842 = CARTESIAN_POINT('',(0.,275.,36.698729810778));
#13843 = VECTOR('',#13844,1.);
#13844 = DIRECTION('',(0.,0.,1.));
#13845 = PLANE('',#13846);
#13846 = AXIS2_PLACEMENT_3D('',#13847,#13848,#13849);
#13847 = CARTESIAN_POINT('',(0.,275.,36.698729810778));
#13848 = DIRECTION('',(-1.,0.,0.));
#13849 = DIRECTION('',(0.,0.,1.));
#13850 = ADVANCED_FACE('',(#13851),#13876,.T.);
#13851 = FACE_BOUND('',#13852,.T.);
#13852 = EDGE_LOOP('',(#13853,#13854,#13862,#13870));
#13853 = ORIENTED_EDGE('',*,*,#13832,.T.);
#13854 = ORIENTED_EDGE('',*,*,#13855,.T.);
#13855 = EDGE_CURVE('',#13825,#13856,#13858,.T.);
#13856 = VERTEX_POINT('',#13857);
#13857 = CARTESIAN_POINT('',(50.,255.,140.));
#13858 = LINE('',#13859,#13860);
#13859 = CARTESIAN_POINT('',(0.,255.,140.));
#13860 = VECTOR('',#13861,1.);
#13861 = DIRECTION('',(1.,0.,0.));
#13862 = ORIENTED_EDGE('',*,*,#13863,.F.);
#13863 = EDGE_CURVE('',#13864,#13856,#13866,.T.);
#13864 = VERTEX_POINT('',#13865);
#13865 = CARTESIAN_POINT('',(50.,275.,140.));
#13866 = LINE('',#13867,#13868);
#13867 = CARTESIAN_POINT('',(50.,275.,140.));
#13868 = VECTOR('',#13869,1.);
#13869 = DIRECTION('',(-0.,-1.,-0.));
#13870 = ORIENTED_EDGE('',*,*,#13871,.F.);
#13871 = EDGE_CURVE('',#13833,#13864,#13872,.T.);
#13872 = LINE('',#13873,#13874);
#13873 = CARTESIAN_POINT('',(0.,275.,140.));
#13874 = VECTOR('',#13875,1.);
#13875 = DIRECTION('',(1.,0.,0.));
#13876 = PLANE('',#13877);
#13877 = AXIS2_PLACEMENT_3D('',#13878,#13879,#13880);
#13878 = CARTESIAN_POINT('',(0.,275.,140.));
#13879 = DIRECTION('',(0.,0.,1.));
#13880 = DIRECTION('',(1.,0.,-0.));
#13881 = ADVANCED_FACE('',(#13882),#13907,.T.);
#13882 = FACE_BOUND('',#13883,.T.);
#13883 = EDGE_LOOP('',(#13884,#13885,#13893,#13901));
#13884 = ORIENTED_EDGE('',*,*,#13863,.T.);
#13885 = ORIENTED_EDGE('',*,*,#13886,.T.);
#13886 = EDGE_CURVE('',#13856,#13887,#13889,.T.);
#13887 = VERTEX_POINT('',#13888);
#13888 = CARTESIAN_POINT('',(50.,255.,36.698729810778));
#13889 = LINE('',#13890,#13891);
#13890 = CARTESIAN_POINT('',(50.,255.,140.));
#13891 = VECTOR('',#13892,1.);
#13892 = DIRECTION('',(0.,0.,-1.));
#13893 = ORIENTED_EDGE('',*,*,#13894,.F.);
#13894 = EDGE_CURVE('',#13895,#13887,#13897,.T.);
#13895 = VERTEX_POINT('',#13896);
#13896 = CARTESIAN_POINT('',(50.,275.,36.698729810778));
#13897 = LINE('',#13898,#13899);
#13898 = CARTESIAN_POINT('',(50.,275.,36.698729810778));
#13899 = VECTOR('',#13900,1.);
#13900 = DIRECTION('',(-0.,-1.,-0.));
#13901 = ORIENTED_EDGE('',*,*,#13902,.F.);
#13902 = EDGE_CURVE('',#13864,#13895,#13903,.T.);
#13903 = LINE('',#13904,#13905);
#13904 = CARTESIAN_POINT('',(50.,275.,140.));
#13905 = VECTOR('',#13906,1.);
#13906 = DIRECTION('',(0.,0.,-1.));
#13907 = PLANE('',#13908);
#13908 = AXIS2_PLACEMENT_3D('',#13909,#13910,#13911);
#13909 = CARTESIAN_POINT('',(50.,275.,140.));
#13910 = DIRECTION('',(1.,-0.,0.));
#13911 = DIRECTION('',(0.,0.,-1.));
#13912 = ADVANCED_FACE('',(#13913),#13929,.T.);
#13913 = FACE_BOUND('',#13914,.T.);
#13914 = EDGE_LOOP('',(#13915,#13916,#13922,#13923));
#13915 = ORIENTED_EDGE('',*,*,#13894,.T.);
#13916 = ORIENTED_EDGE('',*,*,#13917,.T.);
#13917 = EDGE_CURVE('',#13887,#13817,#13918,.T.);
#13918 = LINE('',#13919,#13920);
#13919 = CARTESIAN_POINT('',(50.,255.,36.698729810778));
#13920 = VECTOR('',#13921,1.);
#13921 = DIRECTION('',(-1.,0.,0.));
#13922 = ORIENTED_EDGE('',*,*,#13814,.F.);
#13923 = ORIENTED_EDGE('',*,*,#13924,.F.);
#13924 = EDGE_CURVE('',#13895,#13815,#13925,.T.);
#13925 = LINE('',#13926,#13927);
#13926 = CARTESIAN_POINT('',(50.,275.,36.698729810778));
#13927 = VECTOR('',#13928,1.);
#13928 = DIRECTION('',(-1.,0.,0.));
#13929 = PLANE('',#13930);
#13930 = AXIS2_PLACEMENT_3D('',#13931,#13932,#13933);
#13931 = CARTESIAN_POINT('',(50.,275.,36.698729810778));
#13932 = DIRECTION('',(0.,0.,-1.));
#13933 = DIRECTION('',(-1.,0.,0.));
#13934 = ADVANCED_FACE('',(#13935),#13941,.T.);
#13935 = FACE_BOUND('',#13936,.T.);
#13936 = EDGE_LOOP('',(#13937,#13938,#13939,#13940));
#13937 = ORIENTED_EDGE('',*,*,#13840,.T.);
#13938 = ORIENTED_EDGE('',*,*,#13871,.T.);
#13939 = ORIENTED_EDGE('',*,*,#13902,.T.);
#13940 = ORIENTED_EDGE('',*,*,#13924,.T.);
#13941 = PLANE('',#13942);
#13942 = AXIS2_PLACEMENT_3D('',#13943,#13944,#13945);
#13943 = CARTESIAN_POINT('',(25.,275.,88.349364905389));
#13944 = DIRECTION('',(0.,1.,0.));
#13945 = DIRECTION('',(0.,-0.,1.));
#13946 = ADVANCED_FACE('',(#13947),#13953,.F.);
#13947 = FACE_BOUND('',#13948,.F.);
#13948 = EDGE_LOOP('',(#13949,#13950,#13951,#13952));
#13949 = ORIENTED_EDGE('',*,*,#13824,.T.);
#13950 = ORIENTED_EDGE('',*,*,#13855,.T.);
#13951 = ORIENTED_EDGE('',*,*,#13886,.T.);
#13952 = ORIENTED_EDGE('',*,*,#13917,.T.);
#13953 = PLANE('',#13954);
#13954 = AXIS2_PLACEMENT_3D('',#13955,#13956,#13957);
#13955 = CARTESIAN_POINT('',(25.,255.,88.349364905389));
#13956 = DIRECTION('',(0.,1.,0.));
#13957 = DIRECTION('',(0.,-0.,1.));
#13958 = ( GEOMETRIC_REPRESENTATION_CONTEXT(3) 
GLOBAL_UNCERTAINTY_ASSIGNED_CONTEXT((#13962)) 
GLOBAL_UNIT_ASSIGNED_CONTEXT((#13959,#13960,#13961)) 
REPRESENTATION_CONTEXT('Context #1',
  '3D Context with UNIT and UNCERTAINTY') );
#13959 = ( LENGTH_UNIT() NAMED_UNIT(*) SI_UNIT(.MILLI.,.METRE.) );
#13960 = ( NAMED_UNIT(*) PLANE_ANGLE_UNIT() SI_UNIT($,.RADIAN.) );
#13961 = ( NAMED_UNIT(*) SI_UNIT($,.STERADIAN.) SOLID_ANGLE_UNIT() );
#13962 = UNCERTAINTY_MEASURE_WITH_UNIT(LENGTH_MEASURE(1.E-07),#13959,
  'distance_accuracy_value','confusion accuracy');
#13963 = CONTEXT_DEPENDENT_SHAPE_REPRESENTATION(#13964,#13966);
#13964 = ( REPRESENTATION_RELATIONSHIP('','',#13807,#10) 
REPRESENTATION_RELATIONSHIP_WITH_TRANSFORMATION(#13965) 
SHAPE_REPRESENTATION_RELATIONSHIP() );
#13965 = ITEM_DEFINED_TRANSFORMATION('','',#11,#319);
#13966 = PRODUCT_DEFINITION_SHAPE('Placement','Placement of an item',
  #13967);
#13967 = NEXT_ASSEMBLY_USAGE_OCCURRENCE('165',
'TRI-AMA-STARBOARD-SIDE-STARBOARD-01 | SideStarboard | nominal plywood 
20 mm','',#5,#13802,$);
#13968 = PRODUCT_RELATED_PRODUCT_CATEGORY('part',$,(#13804));
#13969 = SHAPE_DEFINITION_REPRESENTATION(#13970,#13976);
#13970 = PRODUCT_DEFINITION_SHAPE('','',#13971);
#13971 = PRODUCT_DEFINITION('design','',#13972,#13975);
#13972 = PRODUCT_DEFINITION_FORMATION('','',#13973);
#13973 = PRODUCT(
  'TRI-AMA-STARBOARD-BOTTOM-02 | BottomFlat | nominal plywood 20 mm',
  'TRI-AMA-STARBOARD-BOTTOM-02 | BottomFlat | nominal plywood 20 mm','',
  (#13974));
#13974 = PRODUCT_CONTEXT('',#2,'mechanical');
#13975 = PRODUCT_DEFINITION_CONTEXT('part definition',#2,'design');
#13976 = ADVANCED_BREP_SHAPE_REPRESENTATION('',(#11,#13977),#14127);
#13977 = MANIFOLD_SOLID_BREP('',#13978);
#13978 = CLOSED_SHELL('',(#13979,#14019,#14050,#14081,#14103,#14115));
#13979 = ADVANCED_FACE('',(#13980),#14014,.F.);
#13980 = FACE_BOUND('',#13981,.F.);
#13981 = EDGE_LOOP('',(#13982,#13992,#14000,#14008));
#13982 = ORIENTED_EDGE('',*,*,#13983,.T.);
#13983 = EDGE_CURVE('',#13984,#13986,#13988,.T.);
#13984 = VERTEX_POINT('',#13985);
#13985 = CARTESIAN_POINT('',(50.,200.,30.));
#13986 = VERTEX_POINT('',#13987);
#13987 = CARTESIAN_POINT('',(50.,200.,50.));
#13988 = LINE('',#13989,#13990);
#13989 = CARTESIAN_POINT('',(50.,200.,30.));
#13990 = VECTOR('',#13991,1.);
#13991 = DIRECTION('',(0.,0.,1.));
#13992 = ORIENTED_EDGE('',*,*,#13993,.T.);
#13993 = EDGE_CURVE('',#13986,#13994,#13996,.T.);
#13994 = VERTEX_POINT('',#13995);
#13995 = CARTESIAN_POINT('',(220.,200.,50.));
#13996 = LINE('',#13997,#13998);
#13997 = CARTESIAN_POINT('',(50.,200.,50.));
#13998 = VECTOR('',#13999,1.);
#13999 = DIRECTION('',(1.,0.,0.));
#14000 = ORIENTED_EDGE('',*,*,#14001,.F.);
#14001 = EDGE_CURVE('',#14002,#13994,#14004,.T.);
#14002 = VERTEX_POINT('',#14003);
#14003 = CARTESIAN_POINT('',(220.,200.,30.));
#14004 = LINE('',#14005,#14006);
#14005 = CARTESIAN_POINT('',(220.,200.,30.));
#14006 = VECTOR('',#14007,1.);
#14007 = DIRECTION('',(0.,0.,1.));
#14008 = ORIENTED_EDGE('',*,*,#14009,.F.);
#14009 = EDGE_CURVE('',#13984,#14002,#14010,.T.);
#14010 = LINE('',#14011,#14012);
#14011 = CARTESIAN_POINT('',(50.,200.,30.));
#14012 = VECTOR('',#14013,1.);
#14013 = DIRECTION('',(1.,0.,0.));
#14014 = PLANE('',#14015);
#14015 = AXIS2_PLACEMENT_3D('',#14016,#14017,#14018);
#14016 = CARTESIAN_POINT('',(50.,200.,30.));
#14017 = DIRECTION('',(0.,1.,0.));
#14018 = DIRECTION('',(1.,0.,0.));
#14019 = ADVANCED_FACE('',(#14020),#14045,.F.);
#14020 = FACE_BOUND('',#14021,.F.);
#14021 = EDGE_LOOP('',(#14022,#14023,#14031,#14039));
#14022 = ORIENTED_EDGE('',*,*,#14001,.T.);
#14023 = ORIENTED_EDGE('',*,*,#14024,.T.);
#14024 = EDGE_CURVE('',#13994,#14025,#14027,.T.);
#14025 = VERTEX_POINT('',#14026);
#14026 = CARTESIAN_POINT('',(220.,250.,50.));
#14027 = LINE('',#14028,#14029);
#14028 = CARTESIAN_POINT('',(220.,200.,50.));
#14029 = VECTOR('',#14030,1.);
#14030 = DIRECTION('',(0.,1.,0.));
#14031 = ORIENTED_EDGE('',*,*,#14032,.F.);
#14032 = EDGE_CURVE('',#14033,#14025,#14035,.T.);
#14033 = VERTEX_POINT('',#14034);
#14034 = CARTESIAN_POINT('',(220.,250.,30.));
#14035 = LINE('',#14036,#14037);
#14036 = CARTESIAN_POINT('',(220.,250.,30.));
#14037 = VECTOR('',#14038,1.);
#14038 = DIRECTION('',(0.,0.,1.));
#14039 = ORIENTED_EDGE('',*,*,#14040,.F.);
#14040 = EDGE_CURVE('',#14002,#14033,#14041,.T.);
#14041 = LINE('',#14042,#14043);
#14042 = CARTESIAN_POINT('',(220.,200.,30.));
#14043 = VECTOR('',#14044,1.);
#14044 = DIRECTION('',(0.,1.,0.));
#14045 = PLANE('',#14046);
#14046 = AXIS2_PLACEMENT_3D('',#14047,#14048,#14049);
#14047 = CARTESIAN_POINT('',(220.,200.,30.));
#14048 = DIRECTION('',(-1.,0.,0.));
#14049 = DIRECTION('',(0.,1.,0.));
#14050 = ADVANCED_FACE('',(#14051),#14076,.F.);
#14051 = FACE_BOUND('',#14052,.F.);
#14052 = EDGE_LOOP('',(#14053,#14054,#14062,#14070));
#14053 = ORIENTED_EDGE('',*,*,#14032,.T.);
#14054 = ORIENTED_EDGE('',*,*,#14055,.T.);
#14055 = EDGE_CURVE('',#14025,#14056,#14058,.T.);
#14056 = VERTEX_POINT('',#14057);
#14057 = CARTESIAN_POINT('',(50.,250.,50.));
#14058 = LINE('',#14059,#14060);
#14059 = CARTESIAN_POINT('',(220.,250.,50.));
#14060 = VECTOR('',#14061,1.);
#14061 = DIRECTION('',(-1.,0.,0.));
#14062 = ORIENTED_EDGE('',*,*,#14063,.F.);
#14063 = EDGE_CURVE('',#14064,#14056,#14066,.T.);
#14064 = VERTEX_POINT('',#14065);
#14065 = CARTESIAN_POINT('',(50.,250.,30.));
#14066 = LINE('',#14067,#14068);
#14067 = CARTESIAN_POINT('',(50.,250.,30.));
#14068 = VECTOR('',#14069,1.);
#14069 = DIRECTION('',(0.,0.,1.));
#14070 = ORIENTED_EDGE('',*,*,#14071,.F.);
#14071 = EDGE_CURVE('',#14033,#14064,#14072,.T.);
#14072 = LINE('',#14073,#14074);
#14073 = CARTESIAN_POINT('',(220.,250.,30.));
#14074 = VECTOR('',#14075,1.);
#14075 = DIRECTION('',(-1.,0.,0.));
#14076 = PLANE('',#14077);
#14077 = AXIS2_PLACEMENT_3D('',#14078,#14079,#14080);
#14078 = CARTESIAN_POINT('',(220.,250.,30.));
#14079 = DIRECTION('',(0.,-1.,0.));
#14080 = DIRECTION('',(-1.,0.,0.));
#14081 = ADVANCED_FACE('',(#14082),#14098,.F.);
#14082 = FACE_BOUND('',#14083,.F.);
#14083 = EDGE_LOOP('',(#14084,#14085,#14091,#14092));
#14084 = ORIENTED_EDGE('',*,*,#14063,.T.);
#14085 = ORIENTED_EDGE('',*,*,#14086,.T.);
#14086 = EDGE_CURVE('',#14056,#13986,#14087,.T.);
#14087 = LINE('',#14088,#14089);
#14088 = CARTESIAN_POINT('',(50.,250.,50.));
#14089 = VECTOR('',#14090,1.);
#14090 = DIRECTION('',(0.,-1.,0.));
#14091 = ORIENTED_EDGE('',*,*,#13983,.F.);
#14092 = ORIENTED_EDGE('',*,*,#14093,.F.);
#14093 = EDGE_CURVE('',#14064,#13984,#14094,.T.);
#14094 = LINE('',#14095,#14096);
#14095 = CARTESIAN_POINT('',(50.,250.,30.));
#14096 = VECTOR('',#14097,1.);
#14097 = DIRECTION('',(0.,-1.,0.));
#14098 = PLANE('',#14099);
#14099 = AXIS2_PLACEMENT_3D('',#14100,#14101,#14102);
#14100 = CARTESIAN_POINT('',(50.,250.,30.));
#14101 = DIRECTION('',(1.,0.,-0.));
#14102 = DIRECTION('',(0.,-1.,0.));
#14103 = ADVANCED_FACE('',(#14104),#14110,.F.);
#14104 = FACE_BOUND('',#14105,.F.);
#14105 = EDGE_LOOP('',(#14106,#14107,#14108,#14109));
#14106 = ORIENTED_EDGE('',*,*,#14009,.T.);
#14107 = ORIENTED_EDGE('',*,*,#14040,.T.);
#14108 = ORIENTED_EDGE('',*,*,#14071,.T.);
#14109 = ORIENTED_EDGE('',*,*,#14093,.T.);
#14110 = PLANE('',#14111);
#14111 = AXIS2_PLACEMENT_3D('',#14112,#14113,#14114);
#14112 = CARTESIAN_POINT('',(135.,225.,30.));
#14113 = DIRECTION('',(0.,0.,1.));
#14114 = DIRECTION('',(1.,0.,-0.));
#14115 = ADVANCED_FACE('',(#14116),#14122,.T.);
#14116 = FACE_BOUND('',#14117,.T.);
#14117 = EDGE_LOOP('',(#14118,#14119,#14120,#14121));
#14118 = ORIENTED_EDGE('',*,*,#13993,.T.);
#14119 = ORIENTED_EDGE('',*,*,#14024,.T.);
#14120 = ORIENTED_EDGE('',*,*,#14055,.T.);
#14121 = ORIENTED_EDGE('',*,*,#14086,.T.);
#14122 = PLANE('',#14123);
#14123 = AXIS2_PLACEMENT_3D('',#14124,#14125,#14126);
#14124 = CARTESIAN_POINT('',(135.,225.,50.));
#14125 = DIRECTION('',(0.,0.,1.));
#14126 = DIRECTION('',(1.,0.,-0.));
#14127 = ( GEOMETRIC_REPRESENTATION_CONTEXT(3) 
GLOBAL_UNCERTAINTY_ASSIGNED_CONTEXT((#14131)) 
GLOBAL_UNIT_ASSIGNED_CONTEXT((#14128,#14129,#14130)) 
REPRESENTATION_CONTEXT('Context #1',
  '3D Context with UNIT and UNCERTAINTY') );
#14128 = ( LENGTH_UNIT() NAMED_UNIT(*) SI_UNIT(.MILLI.,.METRE.) );
#14129 = ( NAMED_UNIT(*) PLANE_ANGLE_UNIT() SI_UNIT($,.RADIAN.) );
#14130 = ( NAMED_UNIT(*) SI_UNIT($,.STERADIAN.) SOLID_ANGLE_UNIT() );
#14131 = UNCERTAINTY_MEASURE_WITH_UNIT(LENGTH_MEASURE(1.E-07),#14128,
  'distance_accuracy_value','confusion accuracy');
#14132 = CONTEXT_DEPENDENT_SHAPE_REPRESENTATION(#14133,#14135);
#14133 = ( REPRESENTATION_RELATIONSHIP('','',#13976,#10) 
REPRESENTATION_RELATIONSHIP_WITH_TRANSFORMATION(#14134) 
SHAPE_REPRESENTATION_RELATIONSHIP() );
#14134 = ITEM_DEFINED_TRANSFORMATION('','',#11,#323);
#14135 = PRODUCT_DEFINITION_SHAPE('Placement','Placement of an item',
  #14136);
#14136 = NEXT_ASSEMBLY_USAGE_OCCURRENCE('166',
  'TRI-AMA-STARBOARD-BOTTOM-02 | BottomFlat | nominal plywood 20 mm','',
  #5,#13971,$);
#14137 = PRODUCT_RELATED_PRODUCT_CATEGORY('part',$,(#13973));
#14138 = SHAPE_DEFINITION_REPRESENTATION(#14139,#14145);
#14139 = PRODUCT_DEFINITION_SHAPE('','',#14140);
#14140 = PRODUCT_DEFINITION('design','',#14141,#14144);
#14141 = PRODUCT_DEFINITION_FORMATION('','',#14142);
#14142 = PRODUCT(
  'TRI-AMA-STARBOARD-CHINE-PORT-02 | ChinePort | nominal plywood 20 mm',
  'TRI-AMA-STARBOARD-CHINE-PORT-02 | ChinePort | nominal plywood 20 mm',
  '',(#14143));
#14143 = PRODUCT_CONTEXT('',#2,'mechanical');
#14144 = PRODUCT_DEFINITION_CONTEXT('part definition',#2,'design');
#14145 = ADVANCED_BREP_SHAPE_REPRESENTATION('',(#11,#14146),#14296);
#14146 = MANIFOLD_SOLID_BREP('',#14147);
#14147 = CLOSED_SHELL('',(#14148,#14188,#14219,#14250,#14272,#14284));
#14148 = ADVANCED_FACE('',(#14149),#14183,.T.);
#14149 = FACE_BOUND('',#14150,.T.);
#14150 = EDGE_LOOP('',(#14151,#14161,#14169,#14177));
#14151 = ORIENTED_EDGE('',*,*,#14152,.T.);
#14152 = EDGE_CURVE('',#14153,#14155,#14157,.T.);
#14153 = VERTEX_POINT('',#14154);
#14154 = CARTESIAN_POINT('',(50.,200.,30.));
#14155 = VERTEX_POINT('',#14156);
#14156 = CARTESIAN_POINT('',(50.,205.17638090205,49.318516525781));
#14157 = LINE('',#14158,#14159);
#14158 = CARTESIAN_POINT('',(50.,200.,30.));
#14159 = VECTOR('',#14160,1.);
#14160 = DIRECTION('',(-0.,0.258819045103,0.965925826289));
#14161 = ORIENTED_EDGE('',*,*,#14162,.T.);
#14162 = EDGE_CURVE('',#14155,#14163,#14165,.T.);
#14163 = VERTEX_POINT('',#14164);
#14164 = CARTESIAN_POINT('',(220.,205.17638090205,49.318516525781));
#14165 = LINE('',#14166,#14167);
#14166 = CARTESIAN_POINT('',(50.,205.17638090205,49.318516525781));
#14167 = VECTOR('',#14168,1.);
#14168 = DIRECTION('',(1.,0.,0.));
#14169 = ORIENTED_EDGE('',*,*,#14170,.F.);
#14170 = EDGE_CURVE('',#14171,#14163,#14173,.T.);
#14171 = VERTEX_POINT('',#14172);
#14172 = CARTESIAN_POINT('',(220.,200.,30.));
#14173 = LINE('',#14174,#14175);
#14174 = CARTESIAN_POINT('',(220.,200.,30.));
#14175 = VECTOR('',#14176,1.);
#14176 = DIRECTION('',(-0.,0.258819045103,0.965925826289));
#14177 = ORIENTED_EDGE('',*,*,#14178,.F.);
#14178 = EDGE_CURVE('',#14153,#14171,#14179,.T.);
#14179 = LINE('',#14180,#14181);
#14180 = CARTESIAN_POINT('',(50.,200.,30.));
#14181 = VECTOR('',#14182,1.);
#14182 = DIRECTION('',(1.,0.,0.));
#14183 = PLANE('',#14184);
#14184 = AXIS2_PLACEMENT_3D('',#14185,#14186,#14187);
#14185 = CARTESIAN_POINT('',(50.,200.,30.));
#14186 = DIRECTION('',(0.,0.965925826289,-0.258819045103));
#14187 = DIRECTION('',(1.,0.,0.));
#14188 = ADVANCED_FACE('',(#14189),#14214,.T.);
#14189 = FACE_BOUND('',#14190,.T.);
#14190 = EDGE_LOOP('',(#14191,#14192,#14200,#14208));
#14191 = ORIENTED_EDGE('',*,*,#14170,.T.);
#14192 = ORIENTED_EDGE('',*,*,#14193,.T.);
#14193 = EDGE_CURVE('',#14163,#14194,#14196,.T.);
#14194 = VERTEX_POINT('',#14195);
#14195 = CARTESIAN_POINT('',(220.,180.17638090205,56.017246336559));
#14196 = LINE('',#14197,#14198);
#14197 = CARTESIAN_POINT('',(220.,205.17638090205,49.318516525781));
#14198 = VECTOR('',#14199,1.);
#14199 = DIRECTION('',(0.,-0.965925826289,0.258819045103));
#14200 = ORIENTED_EDGE('',*,*,#14201,.F.);
#14201 = EDGE_CURVE('',#14202,#14194,#14204,.T.);
#14202 = VERTEX_POINT('',#14203);
#14203 = CARTESIAN_POINT('',(220.,175.,36.698729810778));
#14204 = LINE('',#14205,#14206);
#14205 = CARTESIAN_POINT('',(220.,175.,36.698729810778));
#14206 = VECTOR('',#14207,1.);
#14207 = DIRECTION('',(-0.,0.258819045103,0.965925826289));
#14208 = ORIENTED_EDGE('',*,*,#14209,.F.);
#14209 = EDGE_CURVE('',#14171,#14202,#14210,.T.);
#14210 = LINE('',#14211,#14212);
#14211 = CARTESIAN_POINT('',(220.,200.,30.));
#14212 = VECTOR('',#14213,1.);
#14213 = DIRECTION('',(0.,-0.965925826289,0.258819045103));
#14214 = PLANE('',#14215);
#14215 = AXIS2_PLACEMENT_3D('',#14216,#14217,#14218);
#14216 = CARTESIAN_POINT('',(220.,200.,30.));
#14217 = DIRECTION('',(1.,0.,0.));
#14218 = DIRECTION('',(0.,-0.965925826289,0.258819045103));
#14219 = ADVANCED_FACE('',(#14220),#14245,.T.);
#14220 = FACE_BOUND('',#14221,.T.);
#14221 = EDGE_LOOP('',(#14222,#14223,#14231,#14239));
#14222 = ORIENTED_EDGE('',*,*,#14201,.T.);
#14223 = ORIENTED_EDGE('',*,*,#14224,.T.);
#14224 = EDGE_CURVE('',#14194,#14225,#14227,.T.);
#14225 = VERTEX_POINT('',#14226);
#14226 = CARTESIAN_POINT('',(50.,180.17638090205,56.017246336559));
#14227 = LINE('',#14228,#14229);
#14228 = CARTESIAN_POINT('',(220.,180.17638090205,56.017246336559));
#14229 = VECTOR('',#14230,1.);
#14230 = DIRECTION('',(-1.,0.,0.));
#14231 = ORIENTED_EDGE('',*,*,#14232,.F.);
#14232 = EDGE_CURVE('',#14233,#14225,#14235,.T.);
#14233 = VERTEX_POINT('',#14234);
#14234 = CARTESIAN_POINT('',(50.,175.,36.698729810778));
#14235 = LINE('',#14236,#14237);
#14236 = CARTESIAN_POINT('',(50.,175.,36.698729810778));
#14237 = VECTOR('',#14238,1.);
#14238 = DIRECTION('',(-0.,0.258819045103,0.965925826289));
#14239 = ORIENTED_EDGE('',*,*,#14240,.F.);
#14240 = EDGE_CURVE('',#14202,#14233,#14241,.T.);
#14241 = LINE('',#14242,#14243);
#14242 = CARTESIAN_POINT('',(220.,175.,36.698729810778));
#14243 = VECTOR('',#14244,1.);
#14244 = DIRECTION('',(-1.,0.,0.));
#14245 = PLANE('',#14246);
#14246 = AXIS2_PLACEMENT_3D('',#14247,#14248,#14249);
#14247 = CARTESIAN_POINT('',(220.,175.,36.698729810778));
#14248 = DIRECTION('',(0.,-0.965925826289,0.258819045103));
#14249 = DIRECTION('',(-1.,0.,0.));
#14250 = ADVANCED_FACE('',(#14251),#14267,.T.);
#14251 = FACE_BOUND('',#14252,.T.);
#14252 = EDGE_LOOP('',(#14253,#14254,#14260,#14261));
#14253 = ORIENTED_EDGE('',*,*,#14232,.T.);
#14254 = ORIENTED_EDGE('',*,*,#14255,.T.);
#14255 = EDGE_CURVE('',#14225,#14155,#14256,.T.);
#14256 = LINE('',#14257,#14258);
#14257 = CARTESIAN_POINT('',(50.,180.17638090205,56.017246336559));
#14258 = VECTOR('',#14259,1.);
#14259 = DIRECTION('',(0.,0.965925826289,-0.258819045103));
#14260 = ORIENTED_EDGE('',*,*,#14152,.F.);
#14261 = ORIENTED_EDGE('',*,*,#14262,.F.);
#14262 = EDGE_CURVE('',#14233,#14153,#14263,.T.);
#14263 = LINE('',#14264,#14265);
#14264 = CARTESIAN_POINT('',(50.,175.,36.698729810778));
#14265 = VECTOR('',#14266,1.);
#14266 = DIRECTION('',(0.,0.965925826289,-0.258819045103));
#14267 = PLANE('',#14268);
#14268 = AXIS2_PLACEMENT_3D('',#14269,#14270,#14271);
#14269 = CARTESIAN_POINT('',(50.,175.,36.698729810778));
#14270 = DIRECTION('',(-1.,0.,-0.));
#14271 = DIRECTION('',(0.,0.965925826289,-0.258819045103));
#14272 = ADVANCED_FACE('',(#14273),#14279,.T.);
#14273 = FACE_BOUND('',#14274,.T.);
#14274 = EDGE_LOOP('',(#14275,#14276,#14277,#14278));
#14275 = ORIENTED_EDGE('',*,*,#14178,.T.);
#14276 = ORIENTED_EDGE('',*,*,#14209,.T.);
#14277 = ORIENTED_EDGE('',*,*,#14240,.T.);
#14278 = ORIENTED_EDGE('',*,*,#14262,.T.);
#14279 = PLANE('',#14280);
#14280 = AXIS2_PLACEMENT_3D('',#14281,#14282,#14283);
#14281 = CARTESIAN_POINT('',(135.,187.5,33.349364905389));
#14282 = DIRECTION('',(-0.,-0.258819045103,-0.965925826289));
#14283 = DIRECTION('',(0.,-0.965925826289,0.258819045103));
#14284 = ADVANCED_FACE('',(#14285),#14291,.F.);
#14285 = FACE_BOUND('',#14286,.F.);
#14286 = EDGE_LOOP('',(#14287,#14288,#14289,#14290));
#14287 = ORIENTED_EDGE('',*,*,#14162,.T.);
#14288 = ORIENTED_EDGE('',*,*,#14193,.T.);
#14289 = ORIENTED_EDGE('',*,*,#14224,.T.);
#14290 = ORIENTED_EDGE('',*,*,#14255,.T.);
#14291 = PLANE('',#14292);
#14292 = AXIS2_PLACEMENT_3D('',#14293,#14294,#14295);
#14293 = CARTESIAN_POINT('',(135.,192.67638090205,52.66788143117));
#14294 = DIRECTION('',(-0.,-0.258819045103,-0.965925826289));
#14295 = DIRECTION('',(0.,-0.965925826289,0.258819045103));
#14296 = ( GEOMETRIC_REPRESENTATION_CONTEXT(3) 
GLOBAL_UNCERTAINTY_ASSIGNED_CONTEXT((#14300)) 
GLOBAL_UNIT_ASSIGNED_CONTEXT((#14297,#14298,#14299)) 
REPRESENTATION_CONTEXT('Context #1',
  '3D Context with UNIT and UNCERTAINTY') );
#14297 = ( LENGTH_UNIT() NAMED_UNIT(*) SI_UNIT(.MILLI.,.METRE.) );
#14298 = ( NAMED_UNIT(*) PLANE_ANGLE_UNIT() SI_UNIT($,.RADIAN.) );
#14299 = ( NAMED_UNIT(*) SI_UNIT($,.STERADIAN.) SOLID_ANGLE_UNIT() );
#14300 = UNCERTAINTY_MEASURE_WITH_UNIT(LENGTH_MEASURE(1.E-07),#14297,
  'distance_accuracy_value','confusion accuracy');
#14301 = CONTEXT_DEPENDENT_SHAPE_REPRESENTATION(#14302,#14304);
#14302 = ( REPRESENTATION_RELATIONSHIP('','',#14145,#10) 
REPRESENTATION_RELATIONSHIP_WITH_TRANSFORMATION(#14303) 
SHAPE_REPRESENTATION_RELATIONSHIP() );
#14303 = ITEM_DEFINED_TRANSFORMATION('','',#11,#327);
#14304 = PRODUCT_DEFINITION_SHAPE('Placement','Placement of an item',
  #14305);
#14305 = NEXT_ASSEMBLY_USAGE_OCCURRENCE('167',
  'TRI-AMA-STARBOARD-CHINE-PORT-02 | ChinePort | nominal plywood 20 mm',
  '',#5,#14140,$);
#14306 = PRODUCT_RELATED_PRODUCT_CATEGORY('part',$,(#14142));
#14307 = SHAPE_DEFINITION_REPRESENTATION(#14308,#14314);
#14308 = PRODUCT_DEFINITION_SHAPE('','',#14309);
#14309 = PRODUCT_DEFINITION('design','',#14310,#14313);
#14310 = PRODUCT_DEFINITION_FORMATION('','',#14311);
#14311 = PRODUCT(
'TRI-AMA-STARBOARD-CHINE-STARBOARD-02 | ChineStarboard | nominal 
plywood 20 mm',
'TRI-AMA-STARBOARD-CHINE-STARBOARD-02 | ChineStarboard | nominal 
plywood 20 mm','',(#14312));
#14312 = PRODUCT_CONTEXT('',#2,'mechanical');
#14313 = PRODUCT_DEFINITION_CONTEXT('part definition',#2,'design');
#14314 = ADVANCED_BREP_SHAPE_REPRESENTATION('',(#11,#14315),#14465);
#14315 = MANIFOLD_SOLID_BREP('',#14316);
#14316 = CLOSED_SHELL('',(#14317,#14357,#14388,#14419,#14441,#14453));
#14317 = ADVANCED_FACE('',(#14318),#14352,.T.);
#14318 = FACE_BOUND('',#14319,.T.);
#14319 = EDGE_LOOP('',(#14320,#14330,#14338,#14346));
#14320 = ORIENTED_EDGE('',*,*,#14321,.T.);
#14321 = EDGE_CURVE('',#14322,#14324,#14326,.T.);
#14322 = VERTEX_POINT('',#14323);
#14323 = CARTESIAN_POINT('',(50.,250.,30.));
#14324 = VERTEX_POINT('',#14325);
#14325 = CARTESIAN_POINT('',(50.,244.82361909795,49.318516525781));
#14326 = LINE('',#14327,#14328);
#14327 = CARTESIAN_POINT('',(50.,250.,30.));
#14328 = VECTOR('',#14329,1.);
#14329 = DIRECTION('',(-0.,-0.258819045103,0.965925826289));
#14330 = ORIENTED_EDGE('',*,*,#14331,.T.);
#14331 = EDGE_CURVE('',#14324,#14332,#14334,.T.);
#14332 = VERTEX_POINT('',#14333);
#14333 = CARTESIAN_POINT('',(50.,269.82361909795,56.017246336559));
#14334 = LINE('',#14335,#14336);
#14335 = CARTESIAN_POINT('',(50.,244.82361909795,49.318516525781));
#14336 = VECTOR('',#14337,1.);
#14337 = DIRECTION('',(0.,0.965925826289,0.258819045103));
#14338 = ORIENTED_EDGE('',*,*,#14339,.F.);
#14339 = EDGE_CURVE('',#14340,#14332,#14342,.T.);
#14340 = VERTEX_POINT('',#14341);
#14341 = CARTESIAN_POINT('',(50.,275.,36.698729810778));
#14342 = LINE('',#14343,#14344);
#14343 = CARTESIAN_POINT('',(50.,275.,36.698729810778));
#14344 = VECTOR('',#14345,1.);
#14345 = DIRECTION('',(-0.,-0.258819045103,0.965925826289));
#14346 = ORIENTED_EDGE('',*,*,#14347,.F.);
#14347 = EDGE_CURVE('',#14322,#14340,#14348,.T.);
#14348 = LINE('',#14349,#14350);
#14349 = CARTESIAN_POINT('',(50.,250.,30.));
#14350 = VECTOR('',#14351,1.);
#14351 = DIRECTION('',(0.,0.965925826289,0.258819045103));
#14352 = PLANE('',#14353);
#14353 = AXIS2_PLACEMENT_3D('',#14354,#14355,#14356);
#14354 = CARTESIAN_POINT('',(50.,250.,30.));
#14355 = DIRECTION('',(-1.,0.,0.));
#14356 = DIRECTION('',(0.,0.965925826289,0.258819045103));
#14357 = ADVANCED_FACE('',(#14358),#14383,.T.);
#14358 = FACE_BOUND('',#14359,.T.);
#14359 = EDGE_LOOP('',(#14360,#14361,#14369,#14377));
#14360 = ORIENTED_EDGE('',*,*,#14339,.T.);
#14361 = ORIENTED_EDGE('',*,*,#14362,.T.);
#14362 = EDGE_CURVE('',#14332,#14363,#14365,.T.);
#14363 = VERTEX_POINT('',#14364);
#14364 = CARTESIAN_POINT('',(220.,269.82361909795,56.017246336559));
#14365 = LINE('',#14366,#14367);
#14366 = CARTESIAN_POINT('',(50.,269.82361909795,56.017246336559));
#14367 = VECTOR('',#14368,1.);
#14368 = DIRECTION('',(1.,0.,0.));
#14369 = ORIENTED_EDGE('',*,*,#14370,.F.);
#14370 = EDGE_CURVE('',#14371,#14363,#14373,.T.);
#14371 = VERTEX_POINT('',#14372);
#14372 = CARTESIAN_POINT('',(220.,275.,36.698729810778));
#14373 = LINE('',#14374,#14375);
#14374 = CARTESIAN_POINT('',(220.,275.,36.698729810778));
#14375 = VECTOR('',#14376,1.);
#14376 = DIRECTION('',(-0.,-0.258819045103,0.965925826289));
#14377 = ORIENTED_EDGE('',*,*,#14378,.F.);
#14378 = EDGE_CURVE('',#14340,#14371,#14379,.T.);
#14379 = LINE('',#14380,#14381);
#14380 = CARTESIAN_POINT('',(50.,275.,36.698729810778));
#14381 = VECTOR('',#14382,1.);
#14382 = DIRECTION('',(1.,0.,0.));
#14383 = PLANE('',#14384);
#14384 = AXIS2_PLACEMENT_3D('',#14385,#14386,#14387);
#14385 = CARTESIAN_POINT('',(50.,275.,36.698729810778));
#14386 = DIRECTION('',(-0.,0.965925826289,0.258819045103));
#14387 = DIRECTION('',(1.,0.,0.));
#14388 = ADVANCED_FACE('',(#14389),#14414,.T.);
#14389 = FACE_BOUND('',#14390,.T.);
#14390 = EDGE_LOOP('',(#14391,#14392,#14400,#14408));
#14391 = ORIENTED_EDGE('',*,*,#14370,.T.);
#14392 = ORIENTED_EDGE('',*,*,#14393,.T.);
#14393 = EDGE_CURVE('',#14363,#14394,#14396,.T.);
#14394 = VERTEX_POINT('',#14395);
#14395 = CARTESIAN_POINT('',(220.,244.82361909795,49.318516525781));
#14396 = LINE('',#14397,#14398);
#14397 = CARTESIAN_POINT('',(220.,269.82361909795,56.017246336559));
#14398 = VECTOR('',#14399,1.);
#14399 = DIRECTION('',(0.,-0.965925826289,-0.258819045103));
#14400 = ORIENTED_EDGE('',*,*,#14401,.F.);
#14401 = EDGE_CURVE('',#14402,#14394,#14404,.T.);
#14402 = VERTEX_POINT('',#14403);
#14403 = CARTESIAN_POINT('',(220.,250.,30.));
#14404 = LINE('',#14405,#14406);
#14405 = CARTESIAN_POINT('',(220.,250.,30.));
#14406 = VECTOR('',#14407,1.);
#14407 = DIRECTION('',(-0.,-0.258819045103,0.965925826289));
#14408 = ORIENTED_EDGE('',*,*,#14409,.F.);
#14409 = EDGE_CURVE('',#14371,#14402,#14410,.T.);
#14410 = LINE('',#14411,#14412);
#14411 = CARTESIAN_POINT('',(220.,275.,36.698729810778));
#14412 = VECTOR('',#14413,1.);
#14413 = DIRECTION('',(0.,-0.965925826289,-0.258819045103));
#14414 = PLANE('',#14415);
#14415 = AXIS2_PLACEMENT_3D('',#14416,#14417,#14418);
#14416 = CARTESIAN_POINT('',(220.,275.,36.698729810778));
#14417 = DIRECTION('',(1.,0.,0.));
#14418 = DIRECTION('',(0.,-0.965925826289,-0.258819045103));
#14419 = ADVANCED_FACE('',(#14420),#14436,.T.);
#14420 = FACE_BOUND('',#14421,.T.);
#14421 = EDGE_LOOP('',(#14422,#14423,#14429,#14430));
#14422 = ORIENTED_EDGE('',*,*,#14401,.T.);
#14423 = ORIENTED_EDGE('',*,*,#14424,.T.);
#14424 = EDGE_CURVE('',#14394,#14324,#14425,.T.);
#14425 = LINE('',#14426,#14427);
#14426 = CARTESIAN_POINT('',(220.,244.82361909795,49.318516525781));
#14427 = VECTOR('',#14428,1.);
#14428 = DIRECTION('',(-1.,0.,0.));
#14429 = ORIENTED_EDGE('',*,*,#14321,.F.);
#14430 = ORIENTED_EDGE('',*,*,#14431,.F.);
#14431 = EDGE_CURVE('',#14402,#14322,#14432,.T.);
#14432 = LINE('',#14433,#14434);
#14433 = CARTESIAN_POINT('',(220.,250.,30.));
#14434 = VECTOR('',#14435,1.);
#14435 = DIRECTION('',(-1.,0.,0.));
#14436 = PLANE('',#14437);
#14437 = AXIS2_PLACEMENT_3D('',#14438,#14439,#14440);
#14438 = CARTESIAN_POINT('',(220.,250.,30.));
#14439 = DIRECTION('',(-0.,-0.965925826289,-0.258819045103));
#14440 = DIRECTION('',(-1.,0.,0.));
#14441 = ADVANCED_FACE('',(#14442),#14448,.T.);
#14442 = FACE_BOUND('',#14443,.T.);
#14443 = EDGE_LOOP('',(#14444,#14445,#14446,#14447));
#14444 = ORIENTED_EDGE('',*,*,#14347,.T.);
#14445 = ORIENTED_EDGE('',*,*,#14378,.T.);
#14446 = ORIENTED_EDGE('',*,*,#14409,.T.);
#14447 = ORIENTED_EDGE('',*,*,#14431,.T.);
#14448 = PLANE('',#14449);
#14449 = AXIS2_PLACEMENT_3D('',#14450,#14451,#14452);
#14450 = CARTESIAN_POINT('',(135.,262.5,33.349364905389));
#14451 = DIRECTION('',(-0.,0.258819045103,-0.965925826289));
#14452 = DIRECTION('',(0.,-0.965925826289,-0.258819045103));
#14453 = ADVANCED_FACE('',(#14454),#14460,.F.);
#14454 = FACE_BOUND('',#14455,.F.);
#14455 = EDGE_LOOP('',(#14456,#14457,#14458,#14459));
#14456 = ORIENTED_EDGE('',*,*,#14331,.T.);
#14457 = ORIENTED_EDGE('',*,*,#14362,.T.);
#14458 = ORIENTED_EDGE('',*,*,#14393,.T.);
#14459 = ORIENTED_EDGE('',*,*,#14424,.T.);
#14460 = PLANE('',#14461);
#14461 = AXIS2_PLACEMENT_3D('',#14462,#14463,#14464);
#14462 = CARTESIAN_POINT('',(135.,257.32361909795,52.66788143117));
#14463 = DIRECTION('',(-0.,0.258819045103,-0.965925826289));
#14464 = DIRECTION('',(0.,-0.965925826289,-0.258819045103));
#14465 = ( GEOMETRIC_REPRESENTATION_CONTEXT(3) 
GLOBAL_UNCERTAINTY_ASSIGNED_CONTEXT((#14469)) 
GLOBAL_UNIT_ASSIGNED_CONTEXT((#14466,#14467,#14468)) 
REPRESENTATION_CONTEXT('Context #1',
  '3D Context with UNIT and UNCERTAINTY') );
#14466 = ( LENGTH_UNIT() NAMED_UNIT(*) SI_UNIT(.MILLI.,.METRE.) );
#14467 = ( NAMED_UNIT(*) PLANE_ANGLE_UNIT() SI_UNIT($,.RADIAN.) );
#14468 = ( NAMED_UNIT(*) SI_UNIT($,.STERADIAN.) SOLID_ANGLE_UNIT() );
#14469 = UNCERTAINTY_MEASURE_WITH_UNIT(LENGTH_MEASURE(1.E-07),#14466,
  'distance_accuracy_value','confusion accuracy');
#14470 = CONTEXT_DEPENDENT_SHAPE_REPRESENTATION(#14471,#14473);
#14471 = ( REPRESENTATION_RELATIONSHIP('','',#14314,#10) 
REPRESENTATION_RELATIONSHIP_WITH_TRANSFORMATION(#14472) 
SHAPE_REPRESENTATION_RELATIONSHIP() );
#14472 = ITEM_DEFINED_TRANSFORMATION('','',#11,#331);
#14473 = PRODUCT_DEFINITION_SHAPE('Placement','Placement of an item',
  #14474);
#14474 = NEXT_ASSEMBLY_USAGE_OCCURRENCE('168',
'TRI-AMA-STARBOARD-CHINE-STARBOARD-02 | ChineStarboard | nominal 
plywood 20 mm','',#5,#14309,$);
#14475 = PRODUCT_RELATED_PRODUCT_CATEGORY('part',$,(#14311));
#14476 = SHAPE_DEFINITION_REPRESENTATION(#14477,#14483);
#14477 = PRODUCT_DEFINITION_SHAPE('','',#14478);
#14478 = PRODUCT_DEFINITION('design','',#14479,#14482);
#14479 = PRODUCT_DEFINITION_FORMATION('','',#14480);
#14480 = PRODUCT(
  'TRI-AMA-STARBOARD-SIDE-PORT-02 | SidePort | nominal plywood 20 mm',
  'TRI-AMA-STARBOARD-SIDE-PORT-02 | SidePort | nominal plywood 20 mm',''
  ,(#14481));
#14481 = PRODUCT_CONTEXT('',#2,'mechanical');
#14482 = PRODUCT_DEFINITION_CONTEXT('part definition',#2,'design');
#14483 = ADVANCED_BREP_SHAPE_REPRESENTATION('',(#11,#14484),#14634);
#14484 = MANIFOLD_SOLID_BREP('',#14485);
#14485 = CLOSED_SHELL('',(#14486,#14526,#14557,#14588,#14610,#14622));
#14486 = ADVANCED_FACE('',(#14487),#14521,.T.);
#14487 = FACE_BOUND('',#14488,.T.);
#14488 = EDGE_LOOP('',(#14489,#14499,#14507,#14515));
#14489 = ORIENTED_EDGE('',*,*,#14490,.T.);
#14490 = EDGE_CURVE('',#14491,#14493,#14495,.T.);
#14491 = VERTEX_POINT('',#14492);
#14492 = CARTESIAN_POINT('',(50.,175.,36.698729810778));
#14493 = VERTEX_POINT('',#14494);
#14494 = CARTESIAN_POINT('',(50.,195.,36.698729810778));
#14495 = LINE('',#14496,#14497);
#14496 = CARTESIAN_POINT('',(50.,175.,36.698729810778));
#14497 = VECTOR('',#14498,1.);
#14498 = DIRECTION('',(-0.,1.,-0.));
#14499 = ORIENTED_EDGE('',*,*,#14500,.T.);
#14500 = EDGE_CURVE('',#14493,#14501,#14503,.T.);
#14501 = VERTEX_POINT('',#14502);
#14502 = CARTESIAN_POINT('',(220.,195.,36.698729810778));
#14503 = LINE('',#14504,#14505);
#14504 = CARTESIAN_POINT('',(50.,195.,36.698729810778));
#14505 = VECTOR('',#14506,1.);
#14506 = DIRECTION('',(1.,0.,0.));
#14507 = ORIENTED_EDGE('',*,*,#14508,.F.);
#14508 = EDGE_CURVE('',#14509,#14501,#14511,.T.);
#14509 = VERTEX_POINT('',#14510);
#14510 = CARTESIAN_POINT('',(220.,175.,36.698729810778));
#14511 = LINE('',#14512,#14513);
#14512 = CARTESIAN_POINT('',(220.,175.,36.698729810778));
#14513 = VECTOR('',#14514,1.);
#14514 = DIRECTION('',(-0.,1.,-0.));
#14515 = ORIENTED_EDGE('',*,*,#14516,.F.);
#14516 = EDGE_CURVE('',#14491,#14509,#14517,.T.);
#14517 = LINE('',#14518,#14519);
#14518 = CARTESIAN_POINT('',(50.,175.,36.698729810778));
#14519 = VECTOR('',#14520,1.);
#14520 = DIRECTION('',(1.,0.,0.));
#14521 = PLANE('',#14522);
#14522 = AXIS2_PLACEMENT_3D('',#14523,#14524,#14525);
#14523 = CARTESIAN_POINT('',(50.,175.,36.698729810778));
#14524 = DIRECTION('',(0.,0.,-1.));
#14525 = DIRECTION('',(1.,0.,0.));
#14526 = ADVANCED_FACE('',(#14527),#14552,.T.);
#14527 = FACE_BOUND('',#14528,.T.);
#14528 = EDGE_LOOP('',(#14529,#14530,#14538,#14546));
#14529 = ORIENTED_EDGE('',*,*,#14508,.T.);
#14530 = ORIENTED_EDGE('',*,*,#14531,.T.);
#14531 = EDGE_CURVE('',#14501,#14532,#14534,.T.);
#14532 = VERTEX_POINT('',#14533);
#14533 = CARTESIAN_POINT('',(220.,195.,140.));
#14534 = LINE('',#14535,#14536);
#14535 = CARTESIAN_POINT('',(220.,195.,36.698729810778));
#14536 = VECTOR('',#14537,1.);
#14537 = DIRECTION('',(0.,0.,1.));
#14538 = ORIENTED_EDGE('',*,*,#14539,.F.);
#14539 = EDGE_CURVE('',#14540,#14532,#14542,.T.);
#14540 = VERTEX_POINT('',#14541);
#14541 = CARTESIAN_POINT('',(220.,175.,140.));
#14542 = LINE('',#14543,#14544);
#14543 = CARTESIAN_POINT('',(220.,175.,140.));
#14544 = VECTOR('',#14545,1.);
#14545 = DIRECTION('',(-0.,1.,-0.));
#14546 = ORIENTED_EDGE('',*,*,#14547,.F.);
#14547 = EDGE_CURVE('',#14509,#14540,#14548,.T.);
#14548 = LINE('',#14549,#14550);
#14549 = CARTESIAN_POINT('',(220.,175.,36.698729810778));
#14550 = VECTOR('',#14551,1.);
#14551 = DIRECTION('',(0.,0.,1.));
#14552 = PLANE('',#14553);
#14553 = AXIS2_PLACEMENT_3D('',#14554,#14555,#14556);
#14554 = CARTESIAN_POINT('',(220.,175.,36.698729810778));
#14555 = DIRECTION('',(1.,0.,-0.));
#14556 = DIRECTION('',(0.,0.,1.));
#14557 = ADVANCED_FACE('',(#14558),#14583,.T.);
#14558 = FACE_BOUND('',#14559,.T.);
#14559 = EDGE_LOOP('',(#14560,#14561,#14569,#14577));
#14560 = ORIENTED_EDGE('',*,*,#14539,.T.);
#14561 = ORIENTED_EDGE('',*,*,#14562,.T.);
#14562 = EDGE_CURVE('',#14532,#14563,#14565,.T.);
#14563 = VERTEX_POINT('',#14564);
#14564 = CARTESIAN_POINT('',(50.,195.,140.));
#14565 = LINE('',#14566,#14567);
#14566 = CARTESIAN_POINT('',(220.,195.,140.));
#14567 = VECTOR('',#14568,1.);
#14568 = DIRECTION('',(-1.,0.,0.));
#14569 = ORIENTED_EDGE('',*,*,#14570,.F.);
#14570 = EDGE_CURVE('',#14571,#14563,#14573,.T.);
#14571 = VERTEX_POINT('',#14572);
#14572 = CARTESIAN_POINT('',(50.,175.,140.));
#14573 = LINE('',#14574,#14575);
#14574 = CARTESIAN_POINT('',(50.,175.,140.));
#14575 = VECTOR('',#14576,1.);
#14576 = DIRECTION('',(-0.,1.,-0.));
#14577 = ORIENTED_EDGE('',*,*,#14578,.F.);
#14578 = EDGE_CURVE('',#14540,#14571,#14579,.T.);
#14579 = LINE('',#14580,#14581);
#14580 = CARTESIAN_POINT('',(220.,175.,140.));
#14581 = VECTOR('',#14582,1.);
#14582 = DIRECTION('',(-1.,0.,0.));
#14583 = PLANE('',#14584);
#14584 = AXIS2_PLACEMENT_3D('',#14585,#14586,#14587);
#14585 = CARTESIAN_POINT('',(220.,175.,140.));
#14586 = DIRECTION('',(0.,0.,1.));
#14587 = DIRECTION('',(-1.,0.,0.));
#14588 = ADVANCED_FACE('',(#14589),#14605,.T.);
#14589 = FACE_BOUND('',#14590,.T.);
#14590 = EDGE_LOOP('',(#14591,#14592,#14598,#14599));
#14591 = ORIENTED_EDGE('',*,*,#14570,.T.);
#14592 = ORIENTED_EDGE('',*,*,#14593,.T.);
#14593 = EDGE_CURVE('',#14563,#14493,#14594,.T.);
#14594 = LINE('',#14595,#14596);
#14595 = CARTESIAN_POINT('',(50.,195.,140.));
#14596 = VECTOR('',#14597,1.);
#14597 = DIRECTION('',(0.,0.,-1.));
#14598 = ORIENTED_EDGE('',*,*,#14490,.F.);
#14599 = ORIENTED_EDGE('',*,*,#14600,.F.);
#14600 = EDGE_CURVE('',#14571,#14491,#14601,.T.);
#14601 = LINE('',#14602,#14603);
#14602 = CARTESIAN_POINT('',(50.,175.,140.));
#14603 = VECTOR('',#14604,1.);
#14604 = DIRECTION('',(0.,0.,-1.));
#14605 = PLANE('',#14606);
#14606 = AXIS2_PLACEMENT_3D('',#14607,#14608,#14609);
#14607 = CARTESIAN_POINT('',(50.,175.,140.));
#14608 = DIRECTION('',(-1.,-0.,-0.));
#14609 = DIRECTION('',(0.,0.,-1.));
#14610 = ADVANCED_FACE('',(#14611),#14617,.T.);
#14611 = FACE_BOUND('',#14612,.T.);
#14612 = EDGE_LOOP('',(#14613,#14614,#14615,#14616));
#14613 = ORIENTED_EDGE('',*,*,#14516,.T.);
#14614 = ORIENTED_EDGE('',*,*,#14547,.T.);
#14615 = ORIENTED_EDGE('',*,*,#14578,.T.);
#14616 = ORIENTED_EDGE('',*,*,#14600,.T.);
#14617 = PLANE('',#14618);
#14618 = AXIS2_PLACEMENT_3D('',#14619,#14620,#14621);
#14619 = CARTESIAN_POINT('',(135.,175.,88.349364905389));
#14620 = DIRECTION('',(-0.,-1.,-0.));
#14621 = DIRECTION('',(0.,0.,-1.));
#14622 = ADVANCED_FACE('',(#14623),#14629,.F.);
#14623 = FACE_BOUND('',#14624,.F.);
#14624 = EDGE_LOOP('',(#14625,#14626,#14627,#14628));
#14625 = ORIENTED_EDGE('',*,*,#14500,.T.);
#14626 = ORIENTED_EDGE('',*,*,#14531,.T.);
#14627 = ORIENTED_EDGE('',*,*,#14562,.T.);
#14628 = ORIENTED_EDGE('',*,*,#14593,.T.);
#14629 = PLANE('',#14630);
#14630 = AXIS2_PLACEMENT_3D('',#14631,#14632,#14633);
#14631 = CARTESIAN_POINT('',(135.,195.,88.349364905389));
#14632 = DIRECTION('',(-0.,-1.,-0.));
#14633 = DIRECTION('',(0.,0.,-1.));
#14634 = ( GEOMETRIC_REPRESENTATION_CONTEXT(3) 
GLOBAL_UNCERTAINTY_ASSIGNED_CONTEXT((#14638)) 
GLOBAL_UNIT_ASSIGNED_CONTEXT((#14635,#14636,#14637)) 
REPRESENTATION_CONTEXT('Context #1',
  '3D Context with UNIT and UNCERTAINTY') );
#14635 = ( LENGTH_UNIT() NAMED_UNIT(*) SI_UNIT(.MILLI.,.METRE.) );
#14636 = ( NAMED_UNIT(*) PLANE_ANGLE_UNIT() SI_UNIT($,.RADIAN.) );
#14637 = ( NAMED_UNIT(*) SI_UNIT($,.STERADIAN.) SOLID_ANGLE_UNIT() );
#14638 = UNCERTAINTY_MEASURE_WITH_UNIT(LENGTH_MEASURE(1.E-07),#14635,
  'distance_accuracy_value','confusion accuracy');
#14639 = CONTEXT_DEPENDENT_SHAPE_REPRESENTATION(#14640,#14642);
#14640 = ( REPRESENTATION_RELATIONSHIP('','',#14483,#10) 
REPRESENTATION_RELATIONSHIP_WITH_TRANSFORMATION(#14641) 
SHAPE_REPRESENTATION_RELATIONSHIP() );
#14641 = ITEM_DEFINED_TRANSFORMATION('','',#11,#335);
#14642 = PRODUCT_DEFINITION_SHAPE('Placement','Placement of an item',
  #14643);
#14643 = NEXT_ASSEMBLY_USAGE_OCCURRENCE('169',
  'TRI-AMA-STARBOARD-SIDE-PORT-02 | SidePort | nominal plywood 20 mm',''
  ,#5,#14478,$);
#14644 = PRODUCT_RELATED_PRODUCT_CATEGORY('part',$,(#14480));
#14645 = SHAPE_DEFINITION_REPRESENTATION(#14646,#14652);
#14646 = PRODUCT_DEFINITION_SHAPE('','',#14647);
#14647 = PRODUCT_DEFINITION('design','',#14648,#14651);
#14648 = PRODUCT_DEFINITION_FORMATION('','',#14649);
#14649 = PRODUCT(
'TRI-AMA-STARBOARD-SIDE-STARBOARD-02 | SideStarboard | nominal plywood 
20 mm',
'TRI-AMA-STARBOARD-SIDE-STARBOARD-02 | SideStarboard | nominal plywood 
20 mm','',(#14650));
#14650 = PRODUCT_CONTEXT('',#2,'mechanical');
#14651 = PRODUCT_DEFINITION_CONTEXT('part definition',#2,'design');
#14652 = ADVANCED_BREP_SHAPE_REPRESENTATION('',(#11,#14653),#14803);
#14653 = MANIFOLD_SOLID_BREP('',#14654);
#14654 = CLOSED_SHELL('',(#14655,#14695,#14726,#14757,#14779,#14791));
#14655 = ADVANCED_FACE('',(#14656),#14690,.T.);
#14656 = FACE_BOUND('',#14657,.T.);
#14657 = EDGE_LOOP('',(#14658,#14668,#14676,#14684));
#14658 = ORIENTED_EDGE('',*,*,#14659,.T.);
#14659 = EDGE_CURVE('',#14660,#14662,#14664,.T.);
#14660 = VERTEX_POINT('',#14661);
#14661 = CARTESIAN_POINT('',(50.,275.,36.698729810778));
#14662 = VERTEX_POINT('',#14663);
#14663 = CARTESIAN_POINT('',(50.,255.,36.698729810778));
#14664 = LINE('',#14665,#14666);
#14665 = CARTESIAN_POINT('',(50.,275.,36.698729810778));
#14666 = VECTOR('',#14667,1.);
#14667 = DIRECTION('',(-0.,-1.,-0.));
#14668 = ORIENTED_EDGE('',*,*,#14669,.T.);
#14669 = EDGE_CURVE('',#14662,#14670,#14672,.T.);
#14670 = VERTEX_POINT('',#14671);
#14671 = CARTESIAN_POINT('',(50.,255.,140.));
#14672 = LINE('',#14673,#14674);
#14673 = CARTESIAN_POINT('',(50.,255.,36.698729810778));
#14674 = VECTOR('',#14675,1.);
#14675 = DIRECTION('',(0.,0.,1.));
#14676 = ORIENTED_EDGE('',*,*,#14677,.F.);
#14677 = EDGE_CURVE('',#14678,#14670,#14680,.T.);
#14678 = VERTEX_POINT('',#14679);
#14679 = CARTESIAN_POINT('',(50.,275.,140.));
#14680 = LINE('',#14681,#14682);
#14681 = CARTESIAN_POINT('',(50.,275.,140.));
#14682 = VECTOR('',#14683,1.);
#14683 = DIRECTION('',(-0.,-1.,-0.));
#14684 = ORIENTED_EDGE('',*,*,#14685,.F.);
#14685 = EDGE_CURVE('',#14660,#14678,#14686,.T.);
#14686 = LINE('',#14687,#14688);
#14687 = CARTESIAN_POINT('',(50.,275.,36.698729810778));
#14688 = VECTOR('',#14689,1.);
#14689 = DIRECTION('',(0.,0.,1.));
#14690 = PLANE('',#14691);
#14691 = AXIS2_PLACEMENT_3D('',#14692,#14693,#14694);
#14692 = CARTESIAN_POINT('',(50.,275.,36.698729810778));
#14693 = DIRECTION('',(-1.,0.,0.));
#14694 = DIRECTION('',(0.,0.,1.));
#14695 = ADVANCED_FACE('',(#14696),#14721,.T.);
#14696 = FACE_BOUND('',#14697,.T.);
#14697 = EDGE_LOOP('',(#14698,#14699,#14707,#14715));
#14698 = ORIENTED_EDGE('',*,*,#14677,.T.);
#14699 = ORIENTED_EDGE('',*,*,#14700,.T.);
#14700 = EDGE_CURVE('',#14670,#14701,#14703,.T.);
#14701 = VERTEX_POINT('',#14702);
#14702 = CARTESIAN_POINT('',(220.,255.,140.));
#14703 = LINE('',#14704,#14705);
#14704 = CARTESIAN_POINT('',(50.,255.,140.));
#14705 = VECTOR('',#14706,1.);
#14706 = DIRECTION('',(1.,0.,0.));
#14707 = ORIENTED_EDGE('',*,*,#14708,.F.);
#14708 = EDGE_CURVE('',#14709,#14701,#14711,.T.);
#14709 = VERTEX_POINT('',#14710);
#14710 = CARTESIAN_POINT('',(220.,275.,140.));
#14711 = LINE('',#14712,#14713);
#14712 = CARTESIAN_POINT('',(220.,275.,140.));
#14713 = VECTOR('',#14714,1.);
#14714 = DIRECTION('',(-0.,-1.,-0.));
#14715 = ORIENTED_EDGE('',*,*,#14716,.F.);
#14716 = EDGE_CURVE('',#14678,#14709,#14717,.T.);
#14717 = LINE('',#14718,#14719);
#14718 = CARTESIAN_POINT('',(50.,275.,140.));
#14719 = VECTOR('',#14720,1.);
#14720 = DIRECTION('',(1.,0.,0.));
#14721 = PLANE('',#14722);
#14722 = AXIS2_PLACEMENT_3D('',#14723,#14724,#14725);
#14723 = CARTESIAN_POINT('',(50.,275.,140.));
#14724 = DIRECTION('',(0.,0.,1.));
#14725 = DIRECTION('',(1.,0.,-0.));
#14726 = ADVANCED_FACE('',(#14727),#14752,.T.);
#14727 = FACE_BOUND('',#14728,.T.);
#14728 = EDGE_LOOP('',(#14729,#14730,#14738,#14746));
#14729 = ORIENTED_EDGE('',*,*,#14708,.T.);
#14730 = ORIENTED_EDGE('',*,*,#14731,.T.);
#14731 = EDGE_CURVE('',#14701,#14732,#14734,.T.);
#14732 = VERTEX_POINT('',#14733);
#14733 = CARTESIAN_POINT('',(220.,255.,36.698729810778));
#14734 = LINE('',#14735,#14736);
#14735 = CARTESIAN_POINT('',(220.,255.,140.));
#14736 = VECTOR('',#14737,1.);
#14737 = DIRECTION('',(0.,0.,-1.));
#14738 = ORIENTED_EDGE('',*,*,#14739,.F.);
#14739 = EDGE_CURVE('',#14740,#14732,#14742,.T.);
#14740 = VERTEX_POINT('',#14741);
#14741 = CARTESIAN_POINT('',(220.,275.,36.698729810778));
#14742 = LINE('',#14743,#14744);
#14743 = CARTESIAN_POINT('',(220.,275.,36.698729810778));
#14744 = VECTOR('',#14745,1.);
#14745 = DIRECTION('',(-0.,-1.,-0.));
#14746 = ORIENTED_EDGE('',*,*,#14747,.F.);
#14747 = EDGE_CURVE('',#14709,#14740,#14748,.T.);
#14748 = LINE('',#14749,#14750);
#14749 = CARTESIAN_POINT('',(220.,275.,140.));
#14750 = VECTOR('',#14751,1.);
#14751 = DIRECTION('',(0.,0.,-1.));
#14752 = PLANE('',#14753);
#14753 = AXIS2_PLACEMENT_3D('',#14754,#14755,#14756);
#14754 = CARTESIAN_POINT('',(220.,275.,140.));
#14755 = DIRECTION('',(1.,-0.,0.));
#14756 = DIRECTION('',(0.,0.,-1.));
#14757 = ADVANCED_FACE('',(#14758),#14774,.T.);
#14758 = FACE_BOUND('',#14759,.T.);
#14759 = EDGE_LOOP('',(#14760,#14761,#14767,#14768));
#14760 = ORIENTED_EDGE('',*,*,#14739,.T.);
#14761 = ORIENTED_EDGE('',*,*,#14762,.T.);
#14762 = EDGE_CURVE('',#14732,#14662,#14763,.T.);
#14763 = LINE('',#14764,#14765);
#14764 = CARTESIAN_POINT('',(220.,255.,36.698729810778));
#14765 = VECTOR('',#14766,1.);
#14766 = DIRECTION('',(-1.,0.,0.));
#14767 = ORIENTED_EDGE('',*,*,#14659,.F.);
#14768 = ORIENTED_EDGE('',*,*,#14769,.F.);
#14769 = EDGE_CURVE('',#14740,#14660,#14770,.T.);
#14770 = LINE('',#14771,#14772);
#14771 = CARTESIAN_POINT('',(220.,275.,36.698729810778));
#14772 = VECTOR('',#14773,1.);
#14773 = DIRECTION('',(-1.,0.,0.));
#14774 = PLANE('',#14775);
#14775 = AXIS2_PLACEMENT_3D('',#14776,#14777,#14778);
#14776 = CARTESIAN_POINT('',(220.,275.,36.698729810778));
#14777 = DIRECTION('',(0.,0.,-1.));
#14778 = DIRECTION('',(-1.,0.,0.));
#14779 = ADVANCED_FACE('',(#14780),#14786,.T.);
#14780 = FACE_BOUND('',#14781,.T.);
#14781 = EDGE_LOOP('',(#14782,#14783,#14784,#14785));
#14782 = ORIENTED_EDGE('',*,*,#14685,.T.);
#14783 = ORIENTED_EDGE('',*,*,#14716,.T.);
#14784 = ORIENTED_EDGE('',*,*,#14747,.T.);
#14785 = ORIENTED_EDGE('',*,*,#14769,.T.);
#14786 = PLANE('',#14787);
#14787 = AXIS2_PLACEMENT_3D('',#14788,#14789,#14790);
#14788 = CARTESIAN_POINT('',(135.,275.,88.349364905389));
#14789 = DIRECTION('',(0.,1.,0.));
#14790 = DIRECTION('',(0.,-0.,1.));
#14791 = ADVANCED_FACE('',(#14792),#14798,.F.);
#14792 = FACE_BOUND('',#14793,.F.);
#14793 = EDGE_LOOP('',(#14794,#14795,#14796,#14797));
#14794 = ORIENTED_EDGE('',*,*,#14669,.T.);
#14795 = ORIENTED_EDGE('',*,*,#14700,.T.);
#14796 = ORIENTED_EDGE('',*,*,#14731,.T.);
#14797 = ORIENTED_EDGE('',*,*,#14762,.T.);
#14798 = PLANE('',#14799);
#14799 = AXIS2_PLACEMENT_3D('',#14800,#14801,#14802);
#14800 = CARTESIAN_POINT('',(135.,255.,88.349364905389));
#14801 = DIRECTION('',(0.,1.,0.));
#14802 = DIRECTION('',(0.,-0.,1.));
#14803 = ( GEOMETRIC_REPRESENTATION_CONTEXT(3) 
GLOBAL_UNCERTAINTY_ASSIGNED_CONTEXT((#14807)) 
GLOBAL_UNIT_ASSIGNED_CONTEXT((#14804,#14805,#14806)) 
REPRESENTATION_CONTEXT('Context #1',
  '3D Context with UNIT and UNCERTAINTY') );
#14804 = ( LENGTH_UNIT() NAMED_UNIT(*) SI_UNIT(.MILLI.,.METRE.) );
#14805 = ( NAMED_UNIT(*) PLANE_ANGLE_UNIT() SI_UNIT($,.RADIAN.) );
#14806 = ( NAMED_UNIT(*) SI_UNIT($,.STERADIAN.) SOLID_ANGLE_UNIT() );
#14807 = UNCERTAINTY_MEASURE_WITH_UNIT(LENGTH_MEASURE(1.E-07),#14804,
  'distance_accuracy_value','confusion accuracy');
#14808 = CONTEXT_DEPENDENT_SHAPE_REPRESENTATION(#14809,#14811);
#14809 = ( REPRESENTATION_RELATIONSHIP('','',#14652,#10) 
REPRESENTATION_RELATIONSHIP_WITH_TRANSFORMATION(#14810) 
SHAPE_REPRESENTATION_RELATIONSHIP() );
#14810 = ITEM_DEFINED_TRANSFORMATION('','',#11,#339);
#14811 = PRODUCT_DEFINITION_SHAPE('Placement','Placement of an item',
  #14812);
#14812 = NEXT_ASSEMBLY_USAGE_OCCURRENCE('170',
'TRI-AMA-STARBOARD-SIDE-STARBOARD-02 | SideStarboard | nominal plywood 
20 mm','',#5,#14647,$);
#14813 = PRODUCT_RELATED_PRODUCT_CATEGORY('part',$,(#14649));
#14814 = SHAPE_DEFINITION_REPRESENTATION(#14815,#14821);
#14815 = PRODUCT_DEFINITION_SHAPE('','',#14816);
#14816 = PRODUCT_DEFINITION('design','',#14817,#14820);
#14817 = PRODUCT_DEFINITION_FORMATION('','',#14818);
#14818 = PRODUCT(
  'TRI-AMA-STARBOARD-BOTTOM-03 | BottomFlat | nominal plywood 20 mm',
  'TRI-AMA-STARBOARD-BOTTOM-03 | BottomFlat | nominal plywood 20 mm','',
  (#14819));
#14819 = PRODUCT_CONTEXT('',#2,'mechanical');
#14820 = PRODUCT_DEFINITION_CONTEXT('part definition',#2,'design');
#14821 = ADVANCED_BREP_SHAPE_REPRESENTATION('',(#11,#14822),#14972);
#14822 = MANIFOLD_SOLID_BREP('',#14823);
#14823 = CLOSED_SHELL('',(#14824,#14864,#14895,#14926,#14948,#14960));
#14824 = ADVANCED_FACE('',(#14825),#14859,.F.);
#14825 = FACE_BOUND('',#14826,.F.);
#14826 = EDGE_LOOP('',(#14827,#14837,#14845,#14853));
#14827 = ORIENTED_EDGE('',*,*,#14828,.T.);
#14828 = EDGE_CURVE('',#14829,#14831,#14833,.T.);
#14829 = VERTEX_POINT('',#14830);
#14830 = CARTESIAN_POINT('',(220.,200.,30.));
#14831 = VERTEX_POINT('',#14832);
#14832 = CARTESIAN_POINT('',(220.,200.,50.));
#14833 = LINE('',#14834,#14835);
#14834 = CARTESIAN_POINT('',(220.,200.,30.));
#14835 = VECTOR('',#14836,1.);
#14836 = DIRECTION('',(0.,0.,1.));
#14837 = ORIENTED_EDGE('',*,*,#14838,.T.);
#14838 = EDGE_CURVE('',#14831,#14839,#14841,.T.);
#14839 = VERTEX_POINT('',#14840);
#14840 = CARTESIAN_POINT('',(390.,200.,50.));
#14841 = LINE('',#14842,#14843);
#14842 = CARTESIAN_POINT('',(220.,200.,50.));
#14843 = VECTOR('',#14844,1.);
#14844 = DIRECTION('',(1.,0.,0.));
#14845 = ORIENTED_EDGE('',*,*,#14846,.F.);
#14846 = EDGE_CURVE('',#14847,#14839,#14849,.T.);
#14847 = VERTEX_POINT('',#14848);
#14848 = CARTESIAN_POINT('',(390.,200.,30.));
#14849 = LINE('',#14850,#14851);
#14850 = CARTESIAN_POINT('',(390.,200.,30.));
#14851 = VECTOR('',#14852,1.);
#14852 = DIRECTION('',(0.,0.,1.));
#14853 = ORIENTED_EDGE('',*,*,#14854,.F.);
#14854 = EDGE_CURVE('',#14829,#14847,#14855,.T.);
#14855 = LINE('',#14856,#14857);
#14856 = CARTESIAN_POINT('',(220.,200.,30.));
#14857 = VECTOR('',#14858,1.);
#14858 = DIRECTION('',(1.,0.,0.));
#14859 = PLANE('',#14860);
#14860 = AXIS2_PLACEMENT_3D('',#14861,#14862,#14863);
#14861 = CARTESIAN_POINT('',(220.,200.,30.));
#14862 = DIRECTION('',(0.,1.,0.));
#14863 = DIRECTION('',(1.,0.,0.));
#14864 = ADVANCED_FACE('',(#14865),#14890,.F.);
#14865 = FACE_BOUND('',#14866,.F.);
#14866 = EDGE_LOOP('',(#14867,#14868,#14876,#14884));
#14867 = ORIENTED_EDGE('',*,*,#14846,.T.);
#14868 = ORIENTED_EDGE('',*,*,#14869,.T.);
#14869 = EDGE_CURVE('',#14839,#14870,#14872,.T.);
#14870 = VERTEX_POINT('',#14871);
#14871 = CARTESIAN_POINT('',(390.,250.,50.));
#14872 = LINE('',#14873,#14874);
#14873 = CARTESIAN_POINT('',(390.,200.,50.));
#14874 = VECTOR('',#14875,1.);
#14875 = DIRECTION('',(0.,1.,0.));
#14876 = ORIENTED_EDGE('',*,*,#14877,.F.);
#14877 = EDGE_CURVE('',#14878,#14870,#14880,.T.);
#14878 = VERTEX_POINT('',#14879);
#14879 = CARTESIAN_POINT('',(390.,250.,30.));
#14880 = LINE('',#14881,#14882);
#14881 = CARTESIAN_POINT('',(390.,250.,30.));
#14882 = VECTOR('',#14883,1.);
#14883 = DIRECTION('',(0.,0.,1.));
#14884 = ORIENTED_EDGE('',*,*,#14885,.F.);
#14885 = EDGE_CURVE('',#14847,#14878,#14886,.T.);
#14886 = LINE('',#14887,#14888);
#14887 = CARTESIAN_POINT('',(390.,200.,30.));
#14888 = VECTOR('',#14889,1.);
#14889 = DIRECTION('',(0.,1.,0.));
#14890 = PLANE('',#14891);
#14891 = AXIS2_PLACEMENT_3D('',#14892,#14893,#14894);
#14892 = CARTESIAN_POINT('',(390.,200.,30.));
#14893 = DIRECTION('',(-1.,0.,0.));
#14894 = DIRECTION('',(0.,1.,0.));
#14895 = ADVANCED_FACE('',(#14896),#14921,.F.);
#14896 = FACE_BOUND('',#14897,.F.);
#14897 = EDGE_LOOP('',(#14898,#14899,#14907,#14915));
#14898 = ORIENTED_EDGE('',*,*,#14877,.T.);
#14899 = ORIENTED_EDGE('',*,*,#14900,.T.);
#14900 = EDGE_CURVE('',#14870,#14901,#14903,.T.);
#14901 = VERTEX_POINT('',#14902);
#14902 = CARTESIAN_POINT('',(220.,250.,50.));
#14903 = LINE('',#14904,#14905);
#14904 = CARTESIAN_POINT('',(390.,250.,50.));
#14905 = VECTOR('',#14906,1.);
#14906 = DIRECTION('',(-1.,0.,0.));
#14907 = ORIENTED_EDGE('',*,*,#14908,.F.);
#14908 = EDGE_CURVE('',#14909,#14901,#14911,.T.);
#14909 = VERTEX_POINT('',#14910);
#14910 = CARTESIAN_POINT('',(220.,250.,30.));
#14911 = LINE('',#14912,#14913);
#14912 = CARTESIAN_POINT('',(220.,250.,30.));
#14913 = VECTOR('',#14914,1.);
#14914 = DIRECTION('',(0.,0.,1.));
#14915 = ORIENTED_EDGE('',*,*,#14916,.F.);
#14916 = EDGE_CURVE('',#14878,#14909,#14917,.T.);
#14917 = LINE('',#14918,#14919);
#14918 = CARTESIAN_POINT('',(390.,250.,30.));
#14919 = VECTOR('',#14920,1.);
#14920 = DIRECTION('',(-1.,0.,0.));
#14921 = PLANE('',#14922);
#14922 = AXIS2_PLACEMENT_3D('',#14923,#14924,#14925);
#14923 = CARTESIAN_POINT('',(390.,250.,30.));
#14924 = DIRECTION('',(0.,-1.,0.));
#14925 = DIRECTION('',(-1.,0.,0.));
#14926 = ADVANCED_FACE('',(#14927),#14943,.F.);
#14927 = FACE_BOUND('',#14928,.F.);
#14928 = EDGE_LOOP('',(#14929,#14930,#14936,#14937));
#14929 = ORIENTED_EDGE('',*,*,#14908,.T.);
#14930 = ORIENTED_EDGE('',*,*,#14931,.T.);
#14931 = EDGE_CURVE('',#14901,#14831,#14932,.T.);
#14932 = LINE('',#14933,#14934);
#14933 = CARTESIAN_POINT('',(220.,250.,50.));
#14934 = VECTOR('',#14935,1.);
#14935 = DIRECTION('',(0.,-1.,0.));
#14936 = ORIENTED_EDGE('',*,*,#14828,.F.);
#14937 = ORIENTED_EDGE('',*,*,#14938,.F.);
#14938 = EDGE_CURVE('',#14909,#14829,#14939,.T.);
#14939 = LINE('',#14940,#14941);
#14940 = CARTESIAN_POINT('',(220.,250.,30.));
#14941 = VECTOR('',#14942,1.);
#14942 = DIRECTION('',(0.,-1.,0.));
#14943 = PLANE('',#14944);
#14944 = AXIS2_PLACEMENT_3D('',#14945,#14946,#14947);
#14945 = CARTESIAN_POINT('',(220.,250.,30.));
#14946 = DIRECTION('',(1.,0.,-0.));
#14947 = DIRECTION('',(0.,-1.,0.));
#14948 = ADVANCED_FACE('',(#14949),#14955,.F.);
#14949 = FACE_BOUND('',#14950,.F.);
#14950 = EDGE_LOOP('',(#14951,#14952,#14953,#14954));
#14951 = ORIENTED_EDGE('',*,*,#14854,.T.);
#14952 = ORIENTED_EDGE('',*,*,#14885,.T.);
#14953 = ORIENTED_EDGE('',*,*,#14916,.T.);
#14954 = ORIENTED_EDGE('',*,*,#14938,.T.);
#14955 = PLANE('',#14956);
#14956 = AXIS2_PLACEMENT_3D('',#14957,#14958,#14959);
#14957 = CARTESIAN_POINT('',(305.,225.,30.));
#14958 = DIRECTION('',(0.,0.,1.));
#14959 = DIRECTION('',(1.,0.,-0.));
#14960 = ADVANCED_FACE('',(#14961),#14967,.T.);
#14961 = FACE_BOUND('',#14962,.T.);
#14962 = EDGE_LOOP('',(#14963,#14964,#14965,#14966));
#14963 = ORIENTED_EDGE('',*,*,#14838,.T.);
#14964 = ORIENTED_EDGE('',*,*,#14869,.T.);
#14965 = ORIENTED_EDGE('',*,*,#14900,.T.);
#14966 = ORIENTED_EDGE('',*,*,#14931,.T.);
#14967 = PLANE('',#14968);
#14968 = AXIS2_PLACEMENT_3D('',#14969,#14970,#14971);
#14969 = CARTESIAN_POINT('',(305.,225.,50.));
#14970 = DIRECTION('',(0.,0.,1.));
#14971 = DIRECTION('',(1.,0.,-0.));
#14972 = ( GEOMETRIC_REPRESENTATION_CONTEXT(3) 
GLOBAL_UNCERTAINTY_ASSIGNED_CONTEXT((#14976)) 
GLOBAL_UNIT_ASSIGNED_CONTEXT((#14973,#14974,#14975)) 
REPRESENTATION_CONTEXT('Context #1',
  '3D Context with UNIT and UNCERTAINTY') );
#14973 = ( LENGTH_UNIT() NAMED_UNIT(*) SI_UNIT(.MILLI.,.METRE.) );
#14974 = ( NAMED_UNIT(*) PLANE_ANGLE_UNIT() SI_UNIT($,.RADIAN.) );
#14975 = ( NAMED_UNIT(*) SI_UNIT($,.STERADIAN.) SOLID_ANGLE_UNIT() );
#14976 = UNCERTAINTY_MEASURE_WITH_UNIT(LENGTH_MEASURE(1.E-07),#14973,
  'distance_accuracy_value','confusion accuracy');
#14977 = CONTEXT_DEPENDENT_SHAPE_REPRESENTATION(#14978,#14980);
#14978 = ( REPRESENTATION_RELATIONSHIP('','',#14821,#10) 
REPRESENTATION_RELATIONSHIP_WITH_TRANSFORMATION(#14979) 
SHAPE_REPRESENTATION_RELATIONSHIP() );
#14979 = ITEM_DEFINED_TRANSFORMATION('','',#11,#343);
#14980 = PRODUCT_DEFINITION_SHAPE('Placement','Placement of an item',
  #14981);
#14981 = NEXT_ASSEMBLY_USAGE_OCCURRENCE('171',
  'TRI-AMA-STARBOARD-BOTTOM-03 | BottomFlat | nominal plywood 20 mm','',
  #5,#14816,$);
#14982 = PRODUCT_RELATED_PRODUCT_CATEGORY('part',$,(#14818));
#14983 = SHAPE_DEFINITION_REPRESENTATION(#14984,#14990);
#14984 = PRODUCT_DEFINITION_SHAPE('','',#14985);
#14985 = PRODUCT_DEFINITION('design','',#14986,#14989);
#14986 = PRODUCT_DEFINITION_FORMATION('','',#14987);
#14987 = PRODUCT(
  'TRI-AMA-STARBOARD-CHINE-PORT-03 | ChinePort | nominal plywood 20 mm',
  'TRI-AMA-STARBOARD-CHINE-PORT-03 | ChinePort | nominal plywood 20 mm',
  '',(#14988));
#14988 = PRODUCT_CONTEXT('',#2,'mechanical');
#14989 = PRODUCT_DEFINITION_CONTEXT('part definition',#2,'design');
#14990 = ADVANCED_BREP_SHAPE_REPRESENTATION('',(#11,#14991),#15141);
#14991 = MANIFOLD_SOLID_BREP('',#14992);
#14992 = CLOSED_SHELL('',(#14993,#15033,#15064,#15095,#15117,#15129));
#14993 = ADVANCED_FACE('',(#14994),#15028,.T.);
#14994 = FACE_BOUND('',#14995,.T.);
#14995 = EDGE_LOOP('',(#14996,#15006,#15014,#15022));
#14996 = ORIENTED_EDGE('',*,*,#14997,.T.);
#14997 = EDGE_CURVE('',#14998,#15000,#15002,.T.);
#14998 = VERTEX_POINT('',#14999);
#14999 = CARTESIAN_POINT('',(220.,200.,30.));
#15000 = VERTEX_POINT('',#15001);
#15001 = CARTESIAN_POINT('',(220.,205.17638090205,49.318516525781));
#15002 = LINE('',#15003,#15004);
#15003 = CARTESIAN_POINT('',(220.,200.,30.));
#15004 = VECTOR('',#15005,1.);
#15005 = DIRECTION('',(-0.,0.258819045103,0.965925826289));
#15006 = ORIENTED_EDGE('',*,*,#15007,.T.);
#15007 = EDGE_CURVE('',#15000,#15008,#15010,.T.);
#15008 = VERTEX_POINT('',#15009);
#15009 = CARTESIAN_POINT('',(390.,205.17638090205,49.318516525781));
#15010 = LINE('',#15011,#15012);
#15011 = CARTESIAN_POINT('',(220.,205.17638090205,49.318516525781));
#15012 = VECTOR('',#15013,1.);
#15013 = DIRECTION('',(1.,0.,0.));
#15014 = ORIENTED_EDGE('',*,*,#15015,.F.);
#15015 = EDGE_CURVE('',#15016,#15008,#15018,.T.);
#15016 = VERTEX_POINT('',#15017);
#15017 = CARTESIAN_POINT('',(390.,200.,30.));
#15018 = LINE('',#15019,#15020);
#15019 = CARTESIAN_POINT('',(390.,200.,30.));
#15020 = VECTOR('',#15021,1.);
#15021 = DIRECTION('',(-0.,0.258819045103,0.965925826289));
#15022 = ORIENTED_EDGE('',*,*,#15023,.F.);
#15023 = EDGE_CURVE('',#14998,#15016,#15024,.T.);
#15024 = LINE('',#15025,#15026);
#15025 = CARTESIAN_POINT('',(220.,200.,30.));
#15026 = VECTOR('',#15027,1.);
#15027 = DIRECTION('',(1.,0.,0.));
#15028 = PLANE('',#15029);
#15029 = AXIS2_PLACEMENT_3D('',#15030,#15031,#15032);
#15030 = CARTESIAN_POINT('',(220.,200.,30.));
#15031 = DIRECTION('',(0.,0.965925826289,-0.258819045103));
#15032 = DIRECTION('',(1.,0.,0.));
#15033 = ADVANCED_FACE('',(#15034),#15059,.T.);
#15034 = FACE_BOUND('',#15035,.T.);
#15035 = EDGE_LOOP('',(#15036,#15037,#15045,#15053));
#15036 = ORIENTED_EDGE('',*,*,#15015,.T.);
#15037 = ORIENTED_EDGE('',*,*,#15038,.T.);
#15038 = EDGE_CURVE('',#15008,#15039,#15041,.T.);
#15039 = VERTEX_POINT('',#15040);
#15040 = CARTESIAN_POINT('',(390.,180.17638090205,56.017246336559));
#15041 = LINE('',#15042,#15043);
#15042 = CARTESIAN_POINT('',(390.,205.17638090205,49.318516525781));
#15043 = VECTOR('',#15044,1.);
#15044 = DIRECTION('',(0.,-0.965925826289,0.258819045103));
#15045 = ORIENTED_EDGE('',*,*,#15046,.F.);
#15046 = EDGE_CURVE('',#15047,#15039,#15049,.T.);
#15047 = VERTEX_POINT('',#15048);
#15048 = CARTESIAN_POINT('',(390.,175.,36.698729810778));
#15049 = LINE('',#15050,#15051);
#15050 = CARTESIAN_POINT('',(390.,175.,36.698729810778));
#15051 = VECTOR('',#15052,1.);
#15052 = DIRECTION('',(-0.,0.258819045103,0.965925826289));
#15053 = ORIENTED_EDGE('',*,*,#15054,.F.);
#15054 = EDGE_CURVE('',#15016,#15047,#15055,.T.);
#15055 = LINE('',#15056,#15057);
#15056 = CARTESIAN_POINT('',(390.,200.,30.));
#15057 = VECTOR('',#15058,1.);
#15058 = DIRECTION('',(0.,-0.965925826289,0.258819045103));
#15059 = PLANE('',#15060);
#15060 = AXIS2_PLACEMENT_3D('',#15061,#15062,#15063);
#15061 = CARTESIAN_POINT('',(390.,200.,30.));
#15062 = DIRECTION('',(1.,0.,0.));
#15063 = DIRECTION('',(0.,-0.965925826289,0.258819045103));
#15064 = ADVANCED_FACE('',(#15065),#15090,.T.);
#15065 = FACE_BOUND('',#15066,.T.);
#15066 = EDGE_LOOP('',(#15067,#15068,#15076,#15084));
#15067 = ORIENTED_EDGE('',*,*,#15046,.T.);
#15068 = ORIENTED_EDGE('',*,*,#15069,.T.);
#15069 = EDGE_CURVE('',#15039,#15070,#15072,.T.);
#15070 = VERTEX_POINT('',#15071);
#15071 = CARTESIAN_POINT('',(220.,180.17638090205,56.017246336559));
#15072 = LINE('',#15073,#15074);
#15073 = CARTESIAN_POINT('',(390.,180.17638090205,56.017246336559));
#15074 = VECTOR('',#15075,1.);
#15075 = DIRECTION('',(-1.,0.,0.));
#15076 = ORIENTED_EDGE('',*,*,#15077,.F.);
#15077 = EDGE_CURVE('',#15078,#15070,#15080,.T.);
#15078 = VERTEX_POINT('',#15079);
#15079 = CARTESIAN_POINT('',(220.,175.,36.698729810778));
#15080 = LINE('',#15081,#15082);
#15081 = CARTESIAN_POINT('',(220.,175.,36.698729810778));
#15082 = VECTOR('',#15083,1.);
#15083 = DIRECTION('',(-0.,0.258819045103,0.965925826289));
#15084 = ORIENTED_EDGE('',*,*,#15085,.F.);
#15085 = EDGE_CURVE('',#15047,#15078,#15086,.T.);
#15086 = LINE('',#15087,#15088);
#15087 = CARTESIAN_POINT('',(390.,175.,36.698729810778));
#15088 = VECTOR('',#15089,1.);
#15089 = DIRECTION('',(-1.,0.,0.));
#15090 = PLANE('',#15091);
#15091 = AXIS2_PLACEMENT_3D('',#15092,#15093,#15094);
#15092 = CARTESIAN_POINT('',(390.,175.,36.698729810778));
#15093 = DIRECTION('',(0.,-0.965925826289,0.258819045103));
#15094 = DIRECTION('',(-1.,0.,0.));
#15095 = ADVANCED_FACE('',(#15096),#15112,.T.);
#15096 = FACE_BOUND('',#15097,.T.);
#15097 = EDGE_LOOP('',(#15098,#15099,#15105,#15106));
#15098 = ORIENTED_EDGE('',*,*,#15077,.T.);
#15099 = ORIENTED_EDGE('',*,*,#15100,.T.);
#15100 = EDGE_CURVE('',#15070,#15000,#15101,.T.);
#15101 = LINE('',#15102,#15103);
#15102 = CARTESIAN_POINT('',(220.,180.17638090205,56.017246336559));
#15103 = VECTOR('',#15104,1.);
#15104 = DIRECTION('',(0.,0.965925826289,-0.258819045103));
#15105 = ORIENTED_EDGE('',*,*,#14997,.F.);
#15106 = ORIENTED_EDGE('',*,*,#15107,.F.);
#15107 = EDGE_CURVE('',#15078,#14998,#15108,.T.);
#15108 = LINE('',#15109,#15110);
#15109 = CARTESIAN_POINT('',(220.,175.,36.698729810778));
#15110 = VECTOR('',#15111,1.);
#15111 = DIRECTION('',(0.,0.965925826289,-0.258819045103));
#15112 = PLANE('',#15113);
#15113 = AXIS2_PLACEMENT_3D('',#15114,#15115,#15116);
#15114 = CARTESIAN_POINT('',(220.,175.,36.698729810778));
#15115 = DIRECTION('',(-1.,0.,-0.));
#15116 = DIRECTION('',(0.,0.965925826289,-0.258819045103));
#15117 = ADVANCED_FACE('',(#15118),#15124,.T.);
#15118 = FACE_BOUND('',#15119,.T.);
#15119 = EDGE_LOOP('',(#15120,#15121,#15122,#15123));
#15120 = ORIENTED_EDGE('',*,*,#15023,.T.);
#15121 = ORIENTED_EDGE('',*,*,#15054,.T.);
#15122 = ORIENTED_EDGE('',*,*,#15085,.T.);
#15123 = ORIENTED_EDGE('',*,*,#15107,.T.);
#15124 = PLANE('',#15125);
#15125 = AXIS2_PLACEMENT_3D('',#15126,#15127,#15128);
#15126 = CARTESIAN_POINT('',(305.,187.5,33.349364905389));
#15127 = DIRECTION('',(-0.,-0.258819045103,-0.965925826289));
#15128 = DIRECTION('',(0.,-0.965925826289,0.258819045103));
#15129 = ADVANCED_FACE('',(#15130),#15136,.F.);
#15130 = FACE_BOUND('',#15131,.F.);
#15131 = EDGE_LOOP('',(#15132,#15133,#15134,#15135));
#15132 = ORIENTED_EDGE('',*,*,#15007,.T.);
#15133 = ORIENTED_EDGE('',*,*,#15038,.T.);
#15134 = ORIENTED_EDGE('',*,*,#15069,.T.);
#15135 = ORIENTED_EDGE('',*,*,#15100,.T.);
#15136 = PLANE('',#15137);
#15137 = AXIS2_PLACEMENT_3D('',#15138,#15139,#15140);
#15138 = CARTESIAN_POINT('',(305.,192.67638090205,52.66788143117));
#15139 = DIRECTION('',(-0.,-0.258819045103,-0.965925826289));
#15140 = DIRECTION('',(0.,-0.965925826289,0.258819045103));
#15141 = ( GEOMETRIC_REPRESENTATION_CONTEXT(3) 
GLOBAL_UNCERTAINTY_ASSIGNED_CONTEXT((#15145)) 
GLOBAL_UNIT_ASSIGNED_CONTEXT((#15142,#15143,#15144)) 
REPRESENTATION_CONTEXT('Context #1',
  '3D Context with UNIT and UNCERTAINTY') );
#15142 = ( LENGTH_UNIT() NAMED_UNIT(*) SI_UNIT(.MILLI.,.METRE.) );
#15143 = ( NAMED_UNIT(*) PLANE_ANGLE_UNIT() SI_UNIT($,.RADIAN.) );
#15144 = ( NAMED_UNIT(*) SI_UNIT($,.STERADIAN.) SOLID_ANGLE_UNIT() );
#15145 = UNCERTAINTY_MEASURE_WITH_UNIT(LENGTH_MEASURE(1.E-07),#15142,
  'distance_accuracy_value','confusion accuracy');
#15146 = CONTEXT_DEPENDENT_SHAPE_REPRESENTATION(#15147,#15149);
#15147 = ( REPRESENTATION_RELATIONSHIP('','',#14990,#10) 
REPRESENTATION_RELATIONSHIP_WITH_TRANSFORMATION(#15148) 
SHAPE_REPRESENTATION_RELATIONSHIP() );
#15148 = ITEM_DEFINED_TRANSFORMATION('','',#11,#347);
#15149 = PRODUCT_DEFINITION_SHAPE('Placement','Placement of an item',
  #15150);
#15150 = NEXT_ASSEMBLY_USAGE_OCCURRENCE('172',
  'TRI-AMA-STARBOARD-CHINE-PORT-03 | ChinePort | nominal plywood 20 mm',
  '',#5,#14985,$);
#15151 = PRODUCT_RELATED_PRODUCT_CATEGORY('part',$,(#14987));
#15152 = SHAPE_DEFINITION_REPRESENTATION(#15153,#15159);
#15153 = PRODUCT_DEFINITION_SHAPE('','',#15154);
#15154 = PRODUCT_DEFINITION('design','',#15155,#15158);
#15155 = PRODUCT_DEFINITION_FORMATION('','',#15156);
#15156 = PRODUCT(
'TRI-AMA-STARBOARD-CHINE-STARBOARD-03 | ChineStarboard | nominal 
plywood 20 mm',
'TRI-AMA-STARBOARD-CHINE-STARBOARD-03 | ChineStarboard | nominal 
plywood 20 mm','',(#15157));
#15157 = PRODUCT_CONTEXT('',#2,'mechanical');
#15158 = PRODUCT_DEFINITION_CONTEXT('part definition',#2,'design');
#15159 = ADVANCED_BREP_SHAPE_REPRESENTATION('',(#11,#15160),#15310);
#15160 = MANIFOLD_SOLID_BREP('',#15161);
#15161 = CLOSED_SHELL('',(#15162,#15202,#15233,#15264,#15286,#15298));
#15162 = ADVANCED_FACE('',(#15163),#15197,.T.);
#15163 = FACE_BOUND('',#15164,.T.);
#15164 = EDGE_LOOP('',(#15165,#15175,#15183,#15191));
#15165 = ORIENTED_EDGE('',*,*,#15166,.T.);
#15166 = EDGE_CURVE('',#15167,#15169,#15171,.T.);
#15167 = VERTEX_POINT('',#15168);
#15168 = CARTESIAN_POINT('',(220.,250.,30.));
#15169 = VERTEX_POINT('',#15170);
#15170 = CARTESIAN_POINT('',(220.,244.82361909795,49.318516525781));
#15171 = LINE('',#15172,#15173);
#15172 = CARTESIAN_POINT('',(220.,250.,30.));
#15173 = VECTOR('',#15174,1.);
#15174 = DIRECTION('',(-0.,-0.258819045103,0.965925826289));
#15175 = ORIENTED_EDGE('',*,*,#15176,.T.);
#15176 = EDGE_CURVE('',#15169,#15177,#15179,.T.);
#15177 = VERTEX_POINT('',#15178);
#15178 = CARTESIAN_POINT('',(220.,269.82361909795,56.017246336559));
#15179 = LINE('',#15180,#15181);
#15180 = CARTESIAN_POINT('',(220.,244.82361909795,49.318516525781));
#15181 = VECTOR('',#15182,1.);
#15182 = DIRECTION('',(0.,0.965925826289,0.258819045103));
#15183 = ORIENTED_EDGE('',*,*,#15184,.F.);
#15184 = EDGE_CURVE('',#15185,#15177,#15187,.T.);
#15185 = VERTEX_POINT('',#15186);
#15186 = CARTESIAN_POINT('',(220.,275.,36.698729810778));
#15187 = LINE('',#15188,#15189);
#15188 = CARTESIAN_POINT('',(220.,275.,36.698729810778));
#15189 = VECTOR('',#15190,1.);
#15190 = DIRECTION('',(-0.,-0.258819045103,0.965925826289));
#15191 = ORIENTED_EDGE('',*,*,#15192,.F.);
#15192 = EDGE_CURVE('',#15167,#15185,#15193,.T.);
#15193 = LINE('',#15194,#15195);
#15194 = CARTESIAN_POINT('',(220.,250.,30.));
#15195 = VECTOR('',#15196,1.);
#15196 = DIRECTION('',(0.,0.965925826289,0.258819045103));
#15197 = PLANE('',#15198);
#15198 = AXIS2_PLACEMENT_3D('',#15199,#15200,#15201);
#15199 = CARTESIAN_POINT('',(220.,250.,30.));
#15200 = DIRECTION('',(-1.,0.,0.));
#15201 = DIRECTION('',(0.,0.965925826289,0.258819045103));
#15202 = ADVANCED_FACE('',(#15203),#15228,.T.);
#15203 = FACE_BOUND('',#15204,.T.);
#15204 = EDGE_LOOP('',(#15205,#15206,#15214,#15222));
#15205 = ORIENTED_EDGE('',*,*,#15184,.T.);
#15206 = ORIENTED_EDGE('',*,*,#15207,.T.);
#15207 = EDGE_CURVE('',#15177,#15208,#15210,.T.);
#15208 = VERTEX_POINT('',#15209);
#15209 = CARTESIAN_POINT('',(390.,269.82361909795,56.017246336559));
#15210 = LINE('',#15211,#15212);
#15211 = CARTESIAN_POINT('',(220.,269.82361909795,56.017246336559));
#15212 = VECTOR('',#15213,1.);
#15213 = DIRECTION('',(1.,0.,0.));
#15214 = ORIENTED_EDGE('',*,*,#15215,.F.);
#15215 = EDGE_CURVE('',#15216,#15208,#15218,.T.);
#15216 = VERTEX_POINT('',#15217);
#15217 = CARTESIAN_POINT('',(390.,275.,36.698729810778));
#15218 = LINE('',#15219,#15220);
#15219 = CARTESIAN_POINT('',(390.,275.,36.698729810778));
#15220 = VECTOR('',#15221,1.);
#15221 = DIRECTION('',(-0.,-0.258819045103,0.965925826289));
#15222 = ORIENTED_EDGE('',*,*,#15223,.F.);
#15223 = EDGE_CURVE('',#15185,#15216,#15224,.T.);
#15224 = LINE('',#15225,#15226);
#15225 = CARTESIAN_POINT('',(220.,275.,36.698729810778));
#15226 = VECTOR('',#15227,1.);
#15227 = DIRECTION('',(1.,0.,0.));
#15228 = PLANE('',#15229);
#15229 = AXIS2_PLACEMENT_3D('',#15230,#15231,#15232);
#15230 = CARTESIAN_POINT('',(220.,275.,36.698729810778));
#15231 = DIRECTION('',(-0.,0.965925826289,0.258819045103));
#15232 = DIRECTION('',(1.,0.,0.));
#15233 = ADVANCED_FACE('',(#15234),#15259,.T.);
#15234 = FACE_BOUND('',#15235,.T.);
#15235 = EDGE_LOOP('',(#15236,#15237,#15245,#15253));
#15236 = ORIENTED_EDGE('',*,*,#15215,.T.);
#15237 = ORIENTED_EDGE('',*,*,#15238,.T.);
#15238 = EDGE_CURVE('',#15208,#15239,#15241,.T.);
#15239 = VERTEX_POINT('',#15240);
#15240 = CARTESIAN_POINT('',(390.,244.82361909795,49.318516525781));
#15241 = LINE('',#15242,#15243);
#15242 = CARTESIAN_POINT('',(390.,269.82361909795,56.017246336559));
#15243 = VECTOR('',#15244,1.);
#15244 = DIRECTION('',(0.,-0.965925826289,-0.258819045103));
#15245 = ORIENTED_EDGE('',*,*,#15246,.F.);
#15246 = EDGE_CURVE('',#15247,#15239,#15249,.T.);
#15247 = VERTEX_POINT('',#15248);
#15248 = CARTESIAN_POINT('',(390.,250.,30.));
#15249 = LINE('',#15250,#15251);
#15250 = CARTESIAN_POINT('',(390.,250.,30.));
#15251 = VECTOR('',#15252,1.);
#15252 = DIRECTION('',(-0.,-0.258819045103,0.965925826289));
#15253 = ORIENTED_EDGE('',*,*,#15254,.F.);
#15254 = EDGE_CURVE('',#15216,#15247,#15255,.T.);
#15255 = LINE('',#15256,#15257);
#15256 = CARTESIAN_POINT('',(390.,275.,36.698729810778));
#15257 = VECTOR('',#15258,1.);
#15258 = DIRECTION('',(0.,-0.965925826289,-0.258819045103));
#15259 = PLANE('',#15260);
#15260 = AXIS2_PLACEMENT_3D('',#15261,#15262,#15263);
#15261 = CARTESIAN_POINT('',(390.,275.,36.698729810778));
#15262 = DIRECTION('',(1.,0.,0.));
#15263 = DIRECTION('',(0.,-0.965925826289,-0.258819045103));
#15264 = ADVANCED_FACE('',(#15265),#15281,.T.);
#15265 = FACE_BOUND('',#15266,.T.);
#15266 = EDGE_LOOP('',(#15267,#15268,#15274,#15275));
#15267 = ORIENTED_EDGE('',*,*,#15246,.T.);
#15268 = ORIENTED_EDGE('',*,*,#15269,.T.);
#15269 = EDGE_CURVE('',#15239,#15169,#15270,.T.);
#15270 = LINE('',#15271,#15272);
#15271 = CARTESIAN_POINT('',(390.,244.82361909795,49.318516525781));
#15272 = VECTOR('',#15273,1.);
#15273 = DIRECTION('',(-1.,0.,0.));
#15274 = ORIENTED_EDGE('',*,*,#15166,.F.);
#15275 = ORIENTED_EDGE('',*,*,#15276,.F.);
#15276 = EDGE_CURVE('',#15247,#15167,#15277,.T.);
#15277 = LINE('',#15278,#15279);
#15278 = CARTESIAN_POINT('',(390.,250.,30.));
#15279 = VECTOR('',#15280,1.);
#15280 = DIRECTION('',(-1.,0.,0.));
#15281 = PLANE('',#15282);
#15282 = AXIS2_PLACEMENT_3D('',#15283,#15284,#15285);
#15283 = CARTESIAN_POINT('',(390.,250.,30.));
#15284 = DIRECTION('',(-0.,-0.965925826289,-0.258819045103));
#15285 = DIRECTION('',(-1.,0.,0.));
#15286 = ADVANCED_FACE('',(#15287),#15293,.T.);
#15287 = FACE_BOUND('',#15288,.T.);
#15288 = EDGE_LOOP('',(#15289,#15290,#15291,#15292));
#15289 = ORIENTED_EDGE('',*,*,#15192,.T.);
#15290 = ORIENTED_EDGE('',*,*,#15223,.T.);
#15291 = ORIENTED_EDGE('',*,*,#15254,.T.);
#15292 = ORIENTED_EDGE('',*,*,#15276,.T.);
#15293 = PLANE('',#15294);
#15294 = AXIS2_PLACEMENT_3D('',#15295,#15296,#15297);
#15295 = CARTESIAN_POINT('',(305.,262.5,33.349364905389));
#15296 = DIRECTION('',(-0.,0.258819045103,-0.965925826289));
#15297 = DIRECTION('',(0.,-0.965925826289,-0.258819045103));
#15298 = ADVANCED_FACE('',(#15299),#15305,.F.);
#15299 = FACE_BOUND('',#15300,.F.);
#15300 = EDGE_LOOP('',(#15301,#15302,#15303,#15304));
#15301 = ORIENTED_EDGE('',*,*,#15176,.T.);
#15302 = ORIENTED_EDGE('',*,*,#15207,.T.);
#15303 = ORIENTED_EDGE('',*,*,#15238,.T.);
#15304 = ORIENTED_EDGE('',*,*,#15269,.T.);
#15305 = PLANE('',#15306);
#15306 = AXIS2_PLACEMENT_3D('',#15307,#15308,#15309);
#15307 = CARTESIAN_POINT('',(305.,257.32361909795,52.66788143117));
#15308 = DIRECTION('',(-0.,0.258819045103,-0.965925826289));
#15309 = DIRECTION('',(0.,-0.965925826289,-0.258819045103));
#15310 = ( GEOMETRIC_REPRESENTATION_CONTEXT(3) 
GLOBAL_UNCERTAINTY_ASSIGNED_CONTEXT((#15314)) 
GLOBAL_UNIT_ASSIGNED_CONTEXT((#15311,#15312,#15313)) 
REPRESENTATION_CONTEXT('Context #1',
  '3D Context with UNIT and UNCERTAINTY') );
#15311 = ( LENGTH_UNIT() NAMED_UNIT(*) SI_UNIT(.MILLI.,.METRE.) );
#15312 = ( NAMED_UNIT(*) PLANE_ANGLE_UNIT() SI_UNIT($,.RADIAN.) );
#15313 = ( NAMED_UNIT(*) SI_UNIT($,.STERADIAN.) SOLID_ANGLE_UNIT() );
#15314 = UNCERTAINTY_MEASURE_WITH_UNIT(LENGTH_MEASURE(1.E-07),#15311,
  'distance_accuracy_value','confusion accuracy');
#15315 = CONTEXT_DEPENDENT_SHAPE_REPRESENTATION(#15316,#15318);
#15316 = ( REPRESENTATION_RELATIONSHIP('','',#15159,#10) 
REPRESENTATION_RELATIONSHIP_WITH_TRANSFORMATION(#15317) 
SHAPE_REPRESENTATION_RELATIONSHIP() );
#15317 = ITEM_DEFINED_TRANSFORMATION('','',#11,#351);
#15318 = PRODUCT_DEFINITION_SHAPE('Placement','Placement of an item',
  #15319);
#15319 = NEXT_ASSEMBLY_USAGE_OCCURRENCE('173',
'TRI-AMA-STARBOARD-CHINE-STARBOARD-03 | ChineStarboard | nominal 
plywood 20 mm','',#5,#15154,$);
#15320 = PRODUCT_RELATED_PRODUCT_CATEGORY('part',$,(#15156));
#15321 = SHAPE_DEFINITION_REPRESENTATION(#15322,#15328);
#15322 = PRODUCT_DEFINITION_SHAPE('','',#15323);
#15323 = PRODUCT_DEFINITION('design','',#15324,#15327);
#15324 = PRODUCT_DEFINITION_FORMATION('','',#15325);
#15325 = PRODUCT(
  'TRI-AMA-STARBOARD-SIDE-PORT-03 | SidePort | nominal plywood 20 mm',
  'TRI-AMA-STARBOARD-SIDE-PORT-03 | SidePort | nominal plywood 20 mm',''
  ,(#15326));
#15326 = PRODUCT_CONTEXT('',#2,'mechanical');
#15327 = PRODUCT_DEFINITION_CONTEXT('part definition',#2,'design');
#15328 = ADVANCED_BREP_SHAPE_REPRESENTATION('',(#11,#15329),#15479);
#15329 = MANIFOLD_SOLID_BREP('',#15330);
#15330 = CLOSED_SHELL('',(#15331,#15371,#15402,#15433,#15455,#15467));
#15331 = ADVANCED_FACE('',(#15332),#15366,.T.);
#15332 = FACE_BOUND('',#15333,.T.);
#15333 = EDGE_LOOP('',(#15334,#15344,#15352,#15360));
#15334 = ORIENTED_EDGE('',*,*,#15335,.T.);
#15335 = EDGE_CURVE('',#15336,#15338,#15340,.T.);
#15336 = VERTEX_POINT('',#15337);
#15337 = CARTESIAN_POINT('',(220.,175.,36.698729810778));
#15338 = VERTEX_POINT('',#15339);
#15339 = CARTESIAN_POINT('',(220.,195.,36.698729810778));
#15340 = LINE('',#15341,#15342);
#15341 = CARTESIAN_POINT('',(220.,175.,36.698729810778));
#15342 = VECTOR('',#15343,1.);
#15343 = DIRECTION('',(-0.,1.,-0.));
#15344 = ORIENTED_EDGE('',*,*,#15345,.T.);
#15345 = EDGE_CURVE('',#15338,#15346,#15348,.T.);
#15346 = VERTEX_POINT('',#15347);
#15347 = CARTESIAN_POINT('',(390.,195.,36.698729810778));
#15348 = LINE('',#15349,#15350);
#15349 = CARTESIAN_POINT('',(220.,195.,36.698729810778));
#15350 = VECTOR('',#15351,1.);
#15351 = DIRECTION('',(1.,0.,0.));
#15352 = ORIENTED_EDGE('',*,*,#15353,.F.);
#15353 = EDGE_CURVE('',#15354,#15346,#15356,.T.);
#15354 = VERTEX_POINT('',#15355);
#15355 = CARTESIAN_POINT('',(390.,175.,36.698729810778));
#15356 = LINE('',#15357,#15358);
#15357 = CARTESIAN_POINT('',(390.,175.,36.698729810778));
#15358 = VECTOR('',#15359,1.);
#15359 = DIRECTION('',(-0.,1.,-0.));
#15360 = ORIENTED_EDGE('',*,*,#15361,.F.);
#15361 = EDGE_CURVE('',#15336,#15354,#15362,.T.);
#15362 = LINE('',#15363,#15364);
#15363 = CARTESIAN_POINT('',(220.,175.,36.698729810778));
#15364 = VECTOR('',#15365,1.);
#15365 = DIRECTION('',(1.,0.,0.));
#15366 = PLANE('',#15367);
#15367 = AXIS2_PLACEMENT_3D('',#15368,#15369,#15370);
#15368 = CARTESIAN_POINT('',(220.,175.,36.698729810778));
#15369 = DIRECTION('',(0.,0.,-1.));
#15370 = DIRECTION('',(1.,0.,0.));
#15371 = ADVANCED_FACE('',(#15372),#15397,.T.);
#15372 = FACE_BOUND('',#15373,.T.);
#15373 = EDGE_LOOP('',(#15374,#15375,#15383,#15391));
#15374 = ORIENTED_EDGE('',*,*,#15353,.T.);
#15375 = ORIENTED_EDGE('',*,*,#15376,.T.);
#15376 = EDGE_CURVE('',#15346,#15377,#15379,.T.);
#15377 = VERTEX_POINT('',#15378);
#15378 = CARTESIAN_POINT('',(390.,195.,140.));
#15379 = LINE('',#15380,#15381);
#15380 = CARTESIAN_POINT('',(390.,195.,36.698729810778));
#15381 = VECTOR('',#15382,1.);
#15382 = DIRECTION('',(0.,0.,1.));
#15383 = ORIENTED_EDGE('',*,*,#15384,.F.);
#15384 = EDGE_CURVE('',#15385,#15377,#15387,.T.);
#15385 = VERTEX_POINT('',#15386);
#15386 = CARTESIAN_POINT('',(390.,175.,140.));
#15387 = LINE('',#15388,#15389);
#15388 = CARTESIAN_POINT('',(390.,175.,140.));
#15389 = VECTOR('',#15390,1.);
#15390 = DIRECTION('',(-0.,1.,-0.));
#15391 = ORIENTED_EDGE('',*,*,#15392,.F.);
#15392 = EDGE_CURVE('',#15354,#15385,#15393,.T.);
#15393 = LINE('',#15394,#15395);
#15394 = CARTESIAN_POINT('',(390.,175.,36.698729810778));
#15395 = VECTOR('',#15396,1.);
#15396 = DIRECTION('',(0.,0.,1.));
#15397 = PLANE('',#15398);
#15398 = AXIS2_PLACEMENT_3D('',#15399,#15400,#15401);
#15399 = CARTESIAN_POINT('',(390.,175.,36.698729810778));
#15400 = DIRECTION('',(1.,0.,-0.));
#15401 = DIRECTION('',(0.,0.,1.));
#15402 = ADVANCED_FACE('',(#15403),#15428,.T.);
#15403 = FACE_BOUND('',#15404,.T.);
#15404 = EDGE_LOOP('',(#15405,#15406,#15414,#15422));
#15405 = ORIENTED_EDGE('',*,*,#15384,.T.);
#15406 = ORIENTED_EDGE('',*,*,#15407,.T.);
#15407 = EDGE_CURVE('',#15377,#15408,#15410,.T.);
#15408 = VERTEX_POINT('',#15409);
#15409 = CARTESIAN_POINT('',(220.,195.,140.));
#15410 = LINE('',#15411,#15412);
#15411 = CARTESIAN_POINT('',(390.,195.,140.));
#15412 = VECTOR('',#15413,1.);
#15413 = DIRECTION('',(-1.,0.,0.));
#15414 = ORIENTED_EDGE('',*,*,#15415,.F.);
#15415 = EDGE_CURVE('',#15416,#15408,#15418,.T.);
#15416 = VERTEX_POINT('',#15417);
#15417 = CARTESIAN_POINT('',(220.,175.,140.));
#15418 = LINE('',#15419,#15420);
#15419 = CARTESIAN_POINT('',(220.,175.,140.));
#15420 = VECTOR('',#15421,1.);
#15421 = DIRECTION('',(-0.,1.,-0.));
#15422 = ORIENTED_EDGE('',*,*,#15423,.F.);
#15423 = EDGE_CURVE('',#15385,#15416,#15424,.T.);
#15424 = LINE('',#15425,#15426);
#15425 = CARTESIAN_POINT('',(390.,175.,140.));
#15426 = VECTOR('',#15427,1.);
#15427 = DIRECTION('',(-1.,0.,0.));
#15428 = PLANE('',#15429);
#15429 = AXIS2_PLACEMENT_3D('',#15430,#15431,#15432);
#15430 = CARTESIAN_POINT('',(390.,175.,140.));
#15431 = DIRECTION('',(0.,0.,1.));
#15432 = DIRECTION('',(-1.,0.,0.));
#15433 = ADVANCED_FACE('',(#15434),#15450,.T.);
#15434 = FACE_BOUND('',#15435,.T.);
#15435 = EDGE_LOOP('',(#15436,#15437,#15443,#15444));
#15436 = ORIENTED_EDGE('',*,*,#15415,.T.);
#15437 = ORIENTED_EDGE('',*,*,#15438,.T.);
#15438 = EDGE_CURVE('',#15408,#15338,#15439,.T.);
#15439 = LINE('',#15440,#15441);
#15440 = CARTESIAN_POINT('',(220.,195.,140.));
#15441 = VECTOR('',#15442,1.);
#15442 = DIRECTION('',(0.,0.,-1.));
#15443 = ORIENTED_EDGE('',*,*,#15335,.F.);
#15444 = ORIENTED_EDGE('',*,*,#15445,.F.);
#15445 = EDGE_CURVE('',#15416,#15336,#15446,.T.);
#15446 = LINE('',#15447,#15448);
#15447 = CARTESIAN_POINT('',(220.,175.,140.));
#15448 = VECTOR('',#15449,1.);
#15449 = DIRECTION('',(0.,0.,-1.));
#15450 = PLANE('',#15451);
#15451 = AXIS2_PLACEMENT_3D('',#15452,#15453,#15454);
#15452 = CARTESIAN_POINT('',(220.,175.,140.));
#15453 = DIRECTION('',(-1.,-0.,-0.));
#15454 = DIRECTION('',(0.,0.,-1.));
#15455 = ADVANCED_FACE('',(#15456),#15462,.T.);
#15456 = FACE_BOUND('',#15457,.T.);
#15457 = EDGE_LOOP('',(#15458,#15459,#15460,#15461));
#15458 = ORIENTED_EDGE('',*,*,#15361,.T.);
#15459 = ORIENTED_EDGE('',*,*,#15392,.T.);
#15460 = ORIENTED_EDGE('',*,*,#15423,.T.);
#15461 = ORIENTED_EDGE('',*,*,#15445,.T.);
#15462 = PLANE('',#15463);
#15463 = AXIS2_PLACEMENT_3D('',#15464,#15465,#15466);
#15464 = CARTESIAN_POINT('',(305.,175.,88.349364905389));
#15465 = DIRECTION('',(-0.,-1.,-0.));
#15466 = DIRECTION('',(0.,0.,-1.));
#15467 = ADVANCED_FACE('',(#15468),#15474,.F.);
#15468 = FACE_BOUND('',#15469,.F.);
#15469 = EDGE_LOOP('',(#15470,#15471,#15472,#15473));
#15470 = ORIENTED_EDGE('',*,*,#15345,.T.);
#15471 = ORIENTED_EDGE('',*,*,#15376,.T.);
#15472 = ORIENTED_EDGE('',*,*,#15407,.T.);
#15473 = ORIENTED_EDGE('',*,*,#15438,.T.);
#15474 = PLANE('',#15475);
#15475 = AXIS2_PLACEMENT_3D('',#15476,#15477,#15478);
#15476 = CARTESIAN_POINT('',(305.,195.,88.349364905389));
#15477 = DIRECTION('',(-0.,-1.,-0.));
#15478 = DIRECTION('',(0.,0.,-1.));
#15479 = ( GEOMETRIC_REPRESENTATION_CONTEXT(3) 
GLOBAL_UNCERTAINTY_ASSIGNED_CONTEXT((#15483)) 
GLOBAL_UNIT_ASSIGNED_CONTEXT((#15480,#15481,#15482)) 
REPRESENTATION_CONTEXT('Context #1',
  '3D Context with UNIT and UNCERTAINTY') );
#15480 = ( LENGTH_UNIT() NAMED_UNIT(*) SI_UNIT(.MILLI.,.METRE.) );
#15481 = ( NAMED_UNIT(*) PLANE_ANGLE_UNIT() SI_UNIT($,.RADIAN.) );
#15482 = ( NAMED_UNIT(*) SI_UNIT($,.STERADIAN.) SOLID_ANGLE_UNIT() );
#15483 = UNCERTAINTY_MEASURE_WITH_UNIT(LENGTH_MEASURE(1.E-07),#15480,
  'distance_accuracy_value','confusion accuracy');
#15484 = CONTEXT_DEPENDENT_SHAPE_REPRESENTATION(#15485,#15487);
#15485 = ( REPRESENTATION_RELATIONSHIP('','',#15328,#10) 
REPRESENTATION_RELATIONSHIP_WITH_TRANSFORMATION(#15486) 
SHAPE_REPRESENTATION_RELATIONSHIP() );
#15486 = ITEM_DEFINED_TRANSFORMATION('','',#11,#355);
#15487 = PRODUCT_DEFINITION_SHAPE('Placement','Placement of an item',
  #15488);
#15488 = NEXT_ASSEMBLY_USAGE_OCCURRENCE('174',
  'TRI-AMA-STARBOARD-SIDE-PORT-03 | SidePort | nominal plywood 20 mm',''
  ,#5,#15323,$);
#15489 = PRODUCT_RELATED_PRODUCT_CATEGORY('part',$,(#15325));
#15490 = SHAPE_DEFINITION_REPRESENTATION(#15491,#15497);
#15491 = PRODUCT_DEFINITION_SHAPE('','',#15492);
#15492 = PRODUCT_DEFINITION('design','',#15493,#15496);
#15493 = PRODUCT_DEFINITION_FORMATION('','',#15494);
#15494 = PRODUCT(
'TRI-AMA-STARBOARD-SIDE-STARBOARD-03 | SideStarboard | nominal plywood 
20 mm',
'TRI-AMA-STARBOARD-SIDE-STARBOARD-03 | SideStarboard | nominal plywood 
20 mm','',(#15495));
#15495 = PRODUCT_CONTEXT('',#2,'mechanical');
#15496 = PRODUCT_DEFINITION_CONTEXT('part definition',#2,'design');
#15497 = ADVANCED_BREP_SHAPE_REPRESENTATION('',(#11,#15498),#15648);
#15498 = MANIFOLD_SOLID_BREP('',#15499);
#15499 = CLOSED_SHELL('',(#15500,#15540,#15571,#15602,#15624,#15636));
#15500 = ADVANCED_FACE('',(#15501),#15535,.T.);
#15501 = FACE_BOUND('',#15502,.T.);
#15502 = EDGE_LOOP('',(#15503,#15513,#15521,#15529));
#15503 = ORIENTED_EDGE('',*,*,#15504,.T.);
#15504 = EDGE_CURVE('',#15505,#15507,#15509,.T.);
#15505 = VERTEX_POINT('',#15506);
#15506 = CARTESIAN_POINT('',(220.,275.,36.698729810778));
#15507 = VERTEX_POINT('',#15508);
#15508 = CARTESIAN_POINT('',(220.,255.,36.698729810778));
#15509 = LINE('',#15510,#15511);
#15510 = CARTESIAN_POINT('',(220.,275.,36.698729810778));
#15511 = VECTOR('',#15512,1.);
#15512 = DIRECTION('',(-0.,-1.,-0.));
#15513 = ORIENTED_EDGE('',*,*,#15514,.T.);
#15514 = EDGE_CURVE('',#15507,#15515,#15517,.T.);
#15515 = VERTEX_POINT('',#15516);
#15516 = CARTESIAN_POINT('',(220.,255.,140.));
#15517 = LINE('',#15518,#15519);
#15518 = CARTESIAN_POINT('',(220.,255.,36.698729810778));
#15519 = VECTOR('',#15520,1.);
#15520 = DIRECTION('',(0.,0.,1.));
#15521 = ORIENTED_EDGE('',*,*,#15522,.F.);
#15522 = EDGE_CURVE('',#15523,#15515,#15525,.T.);
#15523 = VERTEX_POINT('',#15524);
#15524 = CARTESIAN_POINT('',(220.,275.,140.));
#15525 = LINE('',#15526,#15527);
#15526 = CARTESIAN_POINT('',(220.,275.,140.));
#15527 = VECTOR('',#15528,1.);
#15528 = DIRECTION('',(-0.,-1.,-0.));
#15529 = ORIENTED_EDGE('',*,*,#15530,.F.);
#15530 = EDGE_CURVE('',#15505,#15523,#15531,.T.);
#15531 = LINE('',#15532,#15533);
#15532 = CARTESIAN_POINT('',(220.,275.,36.698729810778));
#15533 = VECTOR('',#15534,1.);
#15534 = DIRECTION('',(0.,0.,1.));
#15535 = PLANE('',#15536);
#15536 = AXIS2_PLACEMENT_3D('',#15537,#15538,#15539);
#15537 = CARTESIAN_POINT('',(220.,275.,36.698729810778));
#15538 = DIRECTION('',(-1.,0.,0.));
#15539 = DIRECTION('',(0.,0.,1.));
#15540 = ADVANCED_FACE('',(#15541),#15566,.T.);
#15541 = FACE_BOUND('',#15542,.T.);
#15542 = EDGE_LOOP('',(#15543,#15544,#15552,#15560));
#15543 = ORIENTED_EDGE('',*,*,#15522,.T.);
#15544 = ORIENTED_EDGE('',*,*,#15545,.T.);
#15545 = EDGE_CURVE('',#15515,#15546,#15548,.T.);
#15546 = VERTEX_POINT('',#15547);
#15547 = CARTESIAN_POINT('',(390.,255.,140.));
#15548 = LINE('',#15549,#15550);
#15549 = CARTESIAN_POINT('',(220.,255.,140.));
#15550 = VECTOR('',#15551,1.);
#15551 = DIRECTION('',(1.,0.,0.));
#15552 = ORIENTED_EDGE('',*,*,#15553,.F.);
#15553 = EDGE_CURVE('',#15554,#15546,#15556,.T.);
#15554 = VERTEX_POINT('',#15555);
#15555 = CARTESIAN_POINT('',(390.,275.,140.));
#15556 = LINE('',#15557,#15558);
#15557 = CARTESIAN_POINT('',(390.,275.,140.));
#15558 = VECTOR('',#15559,1.);
#15559 = DIRECTION('',(-0.,-1.,-0.));
#15560 = ORIENTED_EDGE('',*,*,#15561,.F.);
#15561 = EDGE_CURVE('',#15523,#15554,#15562,.T.);
#15562 = LINE('',#15563,#15564);
#15563 = CARTESIAN_POINT('',(220.,275.,140.));
#15564 = VECTOR('',#15565,1.);
#15565 = DIRECTION('',(1.,0.,0.));
#15566 = PLANE('',#15567);
#15567 = AXIS2_PLACEMENT_3D('',#15568,#15569,#15570);
#15568 = CARTESIAN_POINT('',(220.,275.,140.));
#15569 = DIRECTION('',(0.,0.,1.));
#15570 = DIRECTION('',(1.,0.,-0.));
#15571 = ADVANCED_FACE('',(#15572),#15597,.T.);
#15572 = FACE_BOUND('',#15573,.T.);
#15573 = EDGE_LOOP('',(#15574,#15575,#15583,#15591));
#15574 = ORIENTED_EDGE('',*,*,#15553,.T.);
#15575 = ORIENTED_EDGE('',*,*,#15576,.T.);
#15576 = EDGE_CURVE('',#15546,#15577,#15579,.T.);
#15577 = VERTEX_POINT('',#15578);
#15578 = CARTESIAN_POINT('',(390.,255.,36.698729810778));
#15579 = LINE('',#15580,#15581);
#15580 = CARTESIAN_POINT('',(390.,255.,140.));
#15581 = VECTOR('',#15582,1.);
#15582 = DIRECTION('',(0.,0.,-1.));
#15583 = ORIENTED_EDGE('',*,*,#15584,.F.);
#15584 = EDGE_CURVE('',#15585,#15577,#15587,.T.);
#15585 = VERTEX_POINT('',#15586);
#15586 = CARTESIAN_POINT('',(390.,275.,36.698729810778));
#15587 = LINE('',#15588,#15589);
#15588 = CARTESIAN_POINT('',(390.,275.,36.698729810778));
#15589 = VECTOR('',#15590,1.);
#15590 = DIRECTION('',(-0.,-1.,-0.));
#15591 = ORIENTED_EDGE('',*,*,#15592,.F.);
#15592 = EDGE_CURVE('',#15554,#15585,#15593,.T.);
#15593 = LINE('',#15594,#15595);
#15594 = CARTESIAN_POINT('',(390.,275.,140.));
#15595 = VECTOR('',#15596,1.);
#15596 = DIRECTION('',(0.,0.,-1.));
#15597 = PLANE('',#15598);
#15598 = AXIS2_PLACEMENT_3D('',#15599,#15600,#15601);
#15599 = CARTESIAN_POINT('',(390.,275.,140.));
#15600 = DIRECTION('',(1.,-0.,0.));
#15601 = DIRECTION('',(0.,0.,-1.));
#15602 = ADVANCED_FACE('',(#15603),#15619,.T.);
#15603 = FACE_BOUND('',#15604,.T.);
#15604 = EDGE_LOOP('',(#15605,#15606,#15612,#15613));
#15605 = ORIENTED_EDGE('',*,*,#15584,.T.);
#15606 = ORIENTED_EDGE('',*,*,#15607,.T.);
#15607 = EDGE_CURVE('',#15577,#15507,#15608,.T.);
#15608 = LINE('',#15609,#15610);
#15609 = CARTESIAN_POINT('',(390.,255.,36.698729810778));
#15610 = VECTOR('',#15611,1.);
#15611 = DIRECTION('',(-1.,0.,0.));
#15612 = ORIENTED_EDGE('',*,*,#15504,.F.);
#15613 = ORIENTED_EDGE('',*,*,#15614,.F.);
#15614 = EDGE_CURVE('',#15585,#15505,#15615,.T.);
#15615 = LINE('',#15616,#15617);
#15616 = CARTESIAN_POINT('',(390.,275.,36.698729810778));
#15617 = VECTOR('',#15618,1.);
#15618 = DIRECTION('',(-1.,0.,0.));
#15619 = PLANE('',#15620);
#15620 = AXIS2_PLACEMENT_3D('',#15621,#15622,#15623);
#15621 = CARTESIAN_POINT('',(390.,275.,36.698729810778));
#15622 = DIRECTION('',(0.,0.,-1.));
#15623 = DIRECTION('',(-1.,0.,0.));
#15624 = ADVANCED_FACE('',(#15625),#15631,.T.);
#15625 = FACE_BOUND('',#15626,.T.);
#15626 = EDGE_LOOP('',(#15627,#15628,#15629,#15630));
#15627 = ORIENTED_EDGE('',*,*,#15530,.T.);
#15628 = ORIENTED_EDGE('',*,*,#15561,.T.);
#15629 = ORIENTED_EDGE('',*,*,#15592,.T.);
#15630 = ORIENTED_EDGE('',*,*,#15614,.T.);
#15631 = PLANE('',#15632);
#15632 = AXIS2_PLACEMENT_3D('',#15633,#15634,#15635);
#15633 = CARTESIAN_POINT('',(305.,275.,88.349364905389));
#15634 = DIRECTION('',(0.,1.,0.));
#15635 = DIRECTION('',(0.,-0.,1.));
#15636 = ADVANCED_FACE('',(#15637),#15643,.F.);
#15637 = FACE_BOUND('',#15638,.F.);
#15638 = EDGE_LOOP('',(#15639,#15640,#15641,#15642));
#15639 = ORIENTED_EDGE('',*,*,#15514,.T.);
#15640 = ORIENTED_EDGE('',*,*,#15545,.T.);
#15641 = ORIENTED_EDGE('',*,*,#15576,.T.);
#15642 = ORIENTED_EDGE('',*,*,#15607,.T.);
#15643 = PLANE('',#15644);
#15644 = AXIS2_PLACEMENT_3D('',#15645,#15646,#15647);
#15645 = CARTESIAN_POINT('',(305.,255.,88.349364905389));
#15646 = DIRECTION('',(0.,1.,0.));
#15647 = DIRECTION('',(0.,-0.,1.));
#15648 = ( GEOMETRIC_REPRESENTATION_CONTEXT(3) 
GLOBAL_UNCERTAINTY_ASSIGNED_CONTEXT((#15652)) 
GLOBAL_UNIT_ASSIGNED_CONTEXT((#15649,#15650,#15651)) 
REPRESENTATION_CONTEXT('Context #1',
  '3D Context with UNIT and UNCERTAINTY') );
#15649 = ( LENGTH_UNIT() NAMED_UNIT(*) SI_UNIT(.MILLI.,.METRE.) );
#15650 = ( NAMED_UNIT(*) PLANE_ANGLE_UNIT() SI_UNIT($,.RADIAN.) );
#15651 = ( NAMED_UNIT(*) SI_UNIT($,.STERADIAN.) SOLID_ANGLE_UNIT() );
#15652 = UNCERTAINTY_MEASURE_WITH_UNIT(LENGTH_MEASURE(1.E-07),#15649,
  'distance_accuracy_value','confusion accuracy');
#15653 = CONTEXT_DEPENDENT_SHAPE_REPRESENTATION(#15654,#15656);
#15654 = ( REPRESENTATION_RELATIONSHIP('','',#15497,#10) 
REPRESENTATION_RELATIONSHIP_WITH_TRANSFORMATION(#15655) 
SHAPE_REPRESENTATION_RELATIONSHIP() );
#15655 = ITEM_DEFINED_TRANSFORMATION('','',#11,#359);
#15656 = PRODUCT_DEFINITION_SHAPE('Placement','Placement of an item',
  #15657);
#15657 = NEXT_ASSEMBLY_USAGE_OCCURRENCE('175',
'TRI-AMA-STARBOARD-SIDE-STARBOARD-03 | SideStarboard | nominal plywood 
20 mm','',#5,#15492,$);
#15658 = PRODUCT_RELATED_PRODUCT_CATEGORY('part',$,(#15494));
#15659 = SHAPE_DEFINITION_REPRESENTATION(#15660,#15666);
#15660 = PRODUCT_DEFINITION_SHAPE('','',#15661);
#15661 = PRODUCT_DEFINITION('design','',#15662,#15665);
#15662 = PRODUCT_DEFINITION_FORMATION('','',#15663);
#15663 = PRODUCT(
  'TRI-AMA-STARBOARD-BOTTOM-04 | BottomFlat | nominal plywood 20 mm',
  'TRI-AMA-STARBOARD-BOTTOM-04 | BottomFlat | nominal plywood 20 mm','',
  (#15664));
#15664 = PRODUCT_CONTEXT('',#2,'mechanical');
#15665 = PRODUCT_DEFINITION_CONTEXT('part definition',#2,'design');
#15666 = ADVANCED_BREP_SHAPE_REPRESENTATION('',(#11,#15667),#15784);
#15667 = MANIFOLD_SOLID_BREP('',#15668);
#15668 = CLOSED_SHELL('',(#15669,#15709,#15740,#15762,#15773));
#15669 = ADVANCED_FACE('',(#15670),#15704,.F.);
#15670 = FACE_BOUND('',#15671,.F.);
#15671 = EDGE_LOOP('',(#15672,#15682,#15690,#15698));
#15672 = ORIENTED_EDGE('',*,*,#15673,.T.);
#15673 = EDGE_CURVE('',#15674,#15676,#15678,.T.);
#15674 = VERTEX_POINT('',#15675);
#15675 = CARTESIAN_POINT('',(390.,200.,30.));
#15676 = VERTEX_POINT('',#15677);
#15677 = CARTESIAN_POINT('',(390.,200.,50.));
#15678 = LINE('',#15679,#15680);
#15679 = CARTESIAN_POINT('',(390.,200.,30.));
#15680 = VECTOR('',#15681,1.);
#15681 = DIRECTION('',(0.,0.,1.));
#15682 = ORIENTED_EDGE('',*,*,#15683,.T.);
#15683 = EDGE_CURVE('',#15676,#15684,#15686,.T.);
#15684 = VERTEX_POINT('',#15685);
#15685 = CARTESIAN_POINT('',(560.,225.,50.));
#15686 = LINE('',#15687,#15688);
#15687 = CARTESIAN_POINT('',(390.,200.,50.));
#15688 = VECTOR('',#15689,1.);
#15689 = DIRECTION('',(0.989359135365,0.145493990495,0.));
#15690 = ORIENTED_EDGE('',*,*,#15691,.F.);
#15691 = EDGE_CURVE('',#15692,#15684,#15694,.T.);
#15692 = VERTEX_POINT('',#15693);
#15693 = CARTESIAN_POINT('',(560.,225.,30.));
#15694 = LINE('',#15695,#15696);
#15695 = CARTESIAN_POINT('',(560.,225.,30.));
#15696 = VECTOR('',#15697,1.);
#15697 = DIRECTION('',(0.,0.,1.));
#15698 = ORIENTED_EDGE('',*,*,#15699,.F.);
#15699 = EDGE_CURVE('',#15674,#15692,#15700,.T.);
#15700 = LINE('',#15701,#15702);
#15701 = CARTESIAN_POINT('',(390.,200.,30.));
#15702 = VECTOR('',#15703,1.);
#15703 = DIRECTION('',(0.989359135365,0.145493990495,0.));
#15704 = PLANE('',#15705);
#15705 = AXIS2_PLACEMENT_3D('',#15706,#15707,#15708);
#15706 = CARTESIAN_POINT('',(390.,200.,30.));
#15707 = DIRECTION('',(-0.145493990495,0.989359135365,0.));
#15708 = DIRECTION('',(0.989359135365,0.145493990495,0.));
#15709 = ADVANCED_FACE('',(#15710),#15735,.F.);
#15710 = FACE_BOUND('',#15711,.F.);
#15711 = EDGE_LOOP('',(#15712,#15713,#15721,#15729));
#15712 = ORIENTED_EDGE('',*,*,#15691,.T.);
#15713 = ORIENTED_EDGE('',*,*,#15714,.T.);
#15714 = EDGE_CURVE('',#15684,#15715,#15717,.T.);
#15715 = VERTEX_POINT('',#15716);
#15716 = CARTESIAN_POINT('',(390.,250.,50.));
#15717 = LINE('',#15718,#15719);
#15718 = CARTESIAN_POINT('',(560.,225.,50.));
#15719 = VECTOR('',#15720,1.);
#15720 = DIRECTION('',(-0.989359135365,0.145493990495,0.));
#15721 = ORIENTED_EDGE('',*,*,#15722,.F.);
#15722 = EDGE_CURVE('',#15723,#15715,#15725,.T.);
#15723 = VERTEX_POINT('',#15724);
#15724 = CARTESIAN_POINT('',(390.,250.,30.));
#15725 = LINE('',#15726,#15727);
#15726 = CARTESIAN_POINT('',(390.,250.,30.));
#15727 = VECTOR('',#15728,1.);
#15728 = DIRECTION('',(0.,0.,1.));
#15729 = ORIENTED_EDGE('',*,*,#15730,.F.);
#15730 = EDGE_CURVE('',#15692,#15723,#15731,.T.);
#15731 = LINE('',#15732,#15733);
#15732 = CARTESIAN_POINT('',(560.,225.,30.));
#15733 = VECTOR('',#15734,1.);
#15734 = DIRECTION('',(-0.989359135365,0.145493990495,0.));
#15735 = PLANE('',#15736);
#15736 = AXIS2_PLACEMENT_3D('',#15737,#15738,#15739);
#15737 = CARTESIAN_POINT('',(560.,225.,30.));
#15738 = DIRECTION('',(-0.145493990495,-0.989359135365,0.));
#15739 = DIRECTION('',(-0.989359135365,0.145493990495,0.));
#15740 = ADVANCED_FACE('',(#15741),#15757,.F.);
#15741 = FACE_BOUND('',#15742,.F.);
#15742 = EDGE_LOOP('',(#15743,#15744,#15750,#15751));
#15743 = ORIENTED_EDGE('',*,*,#15722,.T.);
#15744 = ORIENTED_EDGE('',*,*,#15745,.T.);
#15745 = EDGE_CURVE('',#15715,#15676,#15746,.T.);
#15746 = LINE('',#15747,#15748);
#15747 = CARTESIAN_POINT('',(390.,250.,50.));
#15748 = VECTOR('',#15749,1.);
#15749 = DIRECTION('',(0.,-1.,0.));
#15750 = ORIENTED_EDGE('',*,*,#15673,.F.);
#15751 = ORIENTED_EDGE('',*,*,#15752,.F.);
#15752 = EDGE_CURVE('',#15723,#15674,#15753,.T.);
#15753 = LINE('',#15754,#15755);
#15754 = CARTESIAN_POINT('',(390.,250.,30.));
#15755 = VECTOR('',#15756,1.);
#15756 = DIRECTION('',(0.,-1.,0.));
#15757 = PLANE('',#15758);
#15758 = AXIS2_PLACEMENT_3D('',#15759,#15760,#15761);
#15759 = CARTESIAN_POINT('',(390.,250.,30.));
#15760 = DIRECTION('',(1.,0.,-0.));
#15761 = DIRECTION('',(0.,-1.,0.));
#15762 = ADVANCED_FACE('',(#15763),#15768,.F.);
#15763 = FACE_BOUND('',#15764,.F.);
#15764 = EDGE_LOOP('',(#15765,#15766,#15767));
#15765 = ORIENTED_EDGE('',*,*,#15699,.T.);
#15766 = ORIENTED_EDGE('',*,*,#15730,.T.);
#15767 = ORIENTED_EDGE('',*,*,#15752,.T.);
#15768 = PLANE('',#15769);
#15769 = AXIS2_PLACEMENT_3D('',#15770,#15771,#15772);
#15770 = CARTESIAN_POINT('',(464.20379391364,225.,30.));
#15771 = DIRECTION('',(0.,0.,1.));
#15772 = DIRECTION('',(1.,0.,-0.));
#15773 = ADVANCED_FACE('',(#15774),#15779,.T.);
#15774 = FACE_BOUND('',#15775,.T.);
#15775 = EDGE_LOOP('',(#15776,#15777,#15778));
#15776 = ORIENTED_EDGE('',*,*,#15683,.T.);
#15777 = ORIENTED_EDGE('',*,*,#15714,.T.);
#15778 = ORIENTED_EDGE('',*,*,#15745,.T.);
#15779 = PLANE('',#15780);
#15780 = AXIS2_PLACEMENT_3D('',#15781,#15782,#15783);
#15781 = CARTESIAN_POINT('',(464.20379391364,225.,50.));
#15782 = DIRECTION('',(0.,0.,1.));
#15783 = DIRECTION('',(1.,0.,-0.));
#15784 = ( GEOMETRIC_REPRESENTATION_CONTEXT(3) 
GLOBAL_UNCERTAINTY_ASSIGNED_CONTEXT((#15788)) 
GLOBAL_UNIT_ASSIGNED_CONTEXT((#15785,#15786,#15787)) 
REPRESENTATION_CONTEXT('Context #1',
  '3D Context with UNIT and UNCERTAINTY') );
#15785 = ( LENGTH_UNIT() NAMED_UNIT(*) SI_UNIT(.MILLI.,.METRE.) );
#15786 = ( NAMED_UNIT(*) PLANE_ANGLE_UNIT() SI_UNIT($,.RADIAN.) );
#15787 = ( NAMED_UNIT(*) SI_UNIT($,.STERADIAN.) SOLID_ANGLE_UNIT() );
#15788 = UNCERTAINTY_MEASURE_WITH_UNIT(LENGTH_MEASURE(1.E-07),#15785,
  'distance_accuracy_value','confusion accuracy');
#15789 = CONTEXT_DEPENDENT_SHAPE_REPRESENTATION(#15790,#15792);
#15790 = ( REPRESENTATION_RELATIONSHIP('','',#15666,#10) 
REPRESENTATION_RELATIONSHIP_WITH_TRANSFORMATION(#15791) 
SHAPE_REPRESENTATION_RELATIONSHIP() );
#15791 = ITEM_DEFINED_TRANSFORMATION('','',#11,#363);
#15792 = PRODUCT_DEFINITION_SHAPE('Placement','Placement of an item',
  #15793);
#15793 = NEXT_ASSEMBLY_USAGE_OCCURRENCE('176',
  'TRI-AMA-STARBOARD-BOTTOM-04 | BottomFlat | nominal plywood 20 mm','',
  #5,#15661,$);
#15794 = PRODUCT_RELATED_PRODUCT_CATEGORY('part',$,(#15663));
#15795 = SHAPE_DEFINITION_REPRESENTATION(#15796,#15802);
#15796 = PRODUCT_DEFINITION_SHAPE('','',#15797);
#15797 = PRODUCT_DEFINITION('design','',#15798,#15801);
#15798 = PRODUCT_DEFINITION_FORMATION('','',#15799);
#15799 = PRODUCT(
  'TRI-AMA-STARBOARD-CHINE-PORT-04 | ChinePort | nominal plywood 20 mm',
  'TRI-AMA-STARBOARD-CHINE-PORT-04 | ChinePort | nominal plywood 20 mm',
  '',(#15800));
#15800 = PRODUCT_CONTEXT('',#2,'mechanical');
#15801 = PRODUCT_DEFINITION_CONTEXT('part definition',#2,'design');
#15802 = ADVANCED_BREP_SHAPE_REPRESENTATION('',(#11,#15803),#15953);
#15803 = MANIFOLD_SOLID_BREP('',#15804);
#15804 = CLOSED_SHELL('',(#15805,#15845,#15876,#15907,#15929,#15941));
#15805 = ADVANCED_FACE('',(#15806),#15840,.T.);
#15806 = FACE_BOUND('',#15807,.T.);
#15807 = EDGE_LOOP('',(#15808,#15818,#15826,#15834));
#15808 = ORIENTED_EDGE('',*,*,#15809,.T.);
#15809 = EDGE_CURVE('',#15810,#15812,#15814,.T.);
#15810 = VERTEX_POINT('',#15811);
#15811 = CARTESIAN_POINT('',(390.,200.,30.));
#15812 = VERTEX_POINT('',#15813);
#15813 = CARTESIAN_POINT('',(389.23931830992,205.17263549251,
    49.304538467105));
#15814 = LINE('',#15815,#15816);
#15815 = CARTESIAN_POINT('',(390.,200.,30.));
#15816 = VECTOR('',#15817,1.);
#15817 = DIRECTION('',(-3.80340845038E-02,0.258631774626,0.965226923355)
  );
#15818 = ORIENTED_EDGE('',*,*,#15819,.T.);
#15819 = EDGE_CURVE('',#15812,#15820,#15822,.T.);
#15820 = VERTEX_POINT('',#15821);
#15821 = CARTESIAN_POINT('',(559.23931830992,230.17263549251,
    49.304538467105));
#15822 = LINE('',#15823,#15824);
#15823 = CARTESIAN_POINT('',(389.23931830992,205.17263549251,
    49.304538467105));
#15824 = VECTOR('',#15825,1.);
#15825 = DIRECTION('',(0.989359135365,0.145493990495,0.));
#15826 = ORIENTED_EDGE('',*,*,#15827,.F.);
#15827 = EDGE_CURVE('',#15828,#15820,#15830,.T.);
#15828 = VERTEX_POINT('',#15829);
#15829 = CARTESIAN_POINT('',(560.,225.,30.));
#15830 = LINE('',#15831,#15832);
#15831 = CARTESIAN_POINT('',(560.,225.,30.));
#15832 = VECTOR('',#15833,1.);
#15833 = DIRECTION('',(-3.80340845038E-02,0.258631774626,0.965226923355)
  );
#15834 = ORIENTED_EDGE('',*,*,#15835,.F.);
#15835 = EDGE_CURVE('',#15810,#15828,#15836,.T.);
#15836 = LINE('',#15837,#15838);
#15837 = CARTESIAN_POINT('',(390.,200.,30.));
#15838 = VECTOR('',#15839,1.);
#15839 = DIRECTION('',(0.989359135365,0.145493990495,0.));
#15840 = PLANE('',#15841);
#15841 = AXIS2_PLACEMENT_3D('',#15842,#15843,#15844);
#15842 = CARTESIAN_POINT('',(390.,200.,30.));
#15843 = DIRECTION('',(-0.140434716812,0.954956074322,-0.261413439651));
#15844 = DIRECTION('',(0.989359135365,0.145493990495,-6.938893903907E-18
    ));
#15845 = ADVANCED_FACE('',(#15846),#15871,.T.);
#15846 = FACE_BOUND('',#15847,.T.);
#15847 = EDGE_LOOP('',(#15848,#15849,#15857,#15865));
#15848 = ORIENTED_EDGE('',*,*,#15827,.T.);
#15849 = ORIENTED_EDGE('',*,*,#15850,.T.);
#15850 = EDGE_CURVE('',#15820,#15851,#15853,.T.);
#15851 = VERTEX_POINT('',#15852);
#15852 = CARTESIAN_POINT('',(559.23931830992,219.0615243814,
    52.28175171634));
#15853 = LINE('',#15854,#15855);
#15854 = CARTESIAN_POINT('',(559.23931830992,230.17263549251,
    49.304538467105));
#15855 = VECTOR('',#15856,1.);
#15856 = DIRECTION('',(0.,-0.965925826289,0.258819045103));
#15857 = ORIENTED_EDGE('',*,*,#15858,.F.);
#15858 = EDGE_CURVE('',#15859,#15851,#15861,.T.);
#15859 = VERTEX_POINT('',#15860);
#15860 = CARTESIAN_POINT('',(560.,213.88888888888,32.977213249235));
#15861 = LINE('',#15862,#15863);
#15862 = CARTESIAN_POINT('',(560.,213.88888888888,32.977213249235));
#15863 = VECTOR('',#15864,1.);
#15864 = DIRECTION('',(-3.80340845038E-02,0.258631774626,0.965226923355)
  );
#15865 = ORIENTED_EDGE('',*,*,#15866,.F.);
#15866 = EDGE_CURVE('',#15828,#15859,#15867,.T.);
#15867 = LINE('',#15868,#15869);
#15868 = CARTESIAN_POINT('',(560.,225.,30.));
#15869 = VECTOR('',#15870,1.);
#15870 = DIRECTION('',(0.,-0.965925826289,0.258819045103));
#15871 = PLANE('',#15872);
#15872 = AXIS2_PLACEMENT_3D('',#15873,#15874,#15875);
#15873 = CARTESIAN_POINT('',(560.,225.,30.));
#15874 = DIRECTION('',(0.99927644244,9.843945432621E-03,
    3.673810450148E-02));
#15875 = DIRECTION('',(1.734723475977E-18,-0.965925826289,0.258819045103
    ));
#15876 = ADVANCED_FACE('',(#15877),#15902,.T.);
#15877 = FACE_BOUND('',#15878,.T.);
#15878 = EDGE_LOOP('',(#15879,#15880,#15888,#15896));
#15879 = ORIENTED_EDGE('',*,*,#15858,.T.);
#15880 = ORIENTED_EDGE('',*,*,#15881,.T.);
#15881 = EDGE_CURVE('',#15851,#15882,#15884,.T.);
#15882 = VERTEX_POINT('',#15883);
#15883 = CARTESIAN_POINT('',(389.23931830992,180.17263549251,
    56.003268277883));
#15884 = LINE('',#15885,#15886);
#15885 = CARTESIAN_POINT('',(559.23931830992,219.0615243814,
    52.28175171634));
#15886 = VECTOR('',#15887,1.);
#15887 = DIRECTION('',(-0.974597059281,-0.222947039705,2.13351711585E-02
    ));
#15888 = ORIENTED_EDGE('',*,*,#15889,.F.);
#15889 = EDGE_CURVE('',#15890,#15882,#15892,.T.);
#15890 = VERTEX_POINT('',#15891);
#15891 = CARTESIAN_POINT('',(390.,175.,36.698729810778));
#15892 = LINE('',#15893,#15894);
#15893 = CARTESIAN_POINT('',(390.,175.,36.698729810778));
#15894 = VECTOR('',#15895,1.);
#15895 = DIRECTION('',(-3.80340845038E-02,0.258631774626,0.965226923355)
  );
#15896 = ORIENTED_EDGE('',*,*,#15897,.F.);
#15897 = EDGE_CURVE('',#15859,#15890,#15898,.T.);
#15898 = LINE('',#15899,#15900);
#15899 = CARTESIAN_POINT('',(560.,213.88888888888,32.977213249235));
#15900 = VECTOR('',#15901,1.);
#15901 = DIRECTION('',(-0.974597059281,-0.222947039705,2.13351711585E-02
    ));
#15902 = PLANE('',#15903);
#15903 = AXIS2_PLACEMENT_3D('',#15904,#15905,#15906);
#15904 = CARTESIAN_POINT('',(560.,213.88888888888,32.977213249235));
#15905 = DIRECTION('',(0.220712438384,-0.939895857338,0.260541353535));
#15906 = DIRECTION('',(-0.974597059281,-0.222947039705,2.13351711585E-02
    ));
#15907 = ADVANCED_FACE('',(#15908),#15924,.T.);
#15908 = FACE_BOUND('',#15909,.T.);
#15909 = EDGE_LOOP('',(#15910,#15911,#15917,#15918));
#15910 = ORIENTED_EDGE('',*,*,#15889,.T.);
#15911 = ORIENTED_EDGE('',*,*,#15912,.T.);
#15912 = EDGE_CURVE('',#15882,#15812,#15913,.T.);
#15913 = LINE('',#15914,#15915);
#15914 = CARTESIAN_POINT('',(389.23931830992,180.17263549251,
    56.003268277883));
#15915 = VECTOR('',#15916,1.);
#15916 = DIRECTION('',(0.,0.965925826289,-0.258819045103));
#15917 = ORIENTED_EDGE('',*,*,#15809,.F.);
#15918 = ORIENTED_EDGE('',*,*,#15919,.F.);
#15919 = EDGE_CURVE('',#15890,#15810,#15920,.T.);
#15920 = LINE('',#15921,#15922);
#15921 = CARTESIAN_POINT('',(390.,175.,36.698729810778));
#15922 = VECTOR('',#15923,1.);
#15923 = DIRECTION('',(0.,0.965925826289,-0.258819045103));
#15924 = PLANE('',#15925);
#15925 = AXIS2_PLACEMENT_3D('',#15926,#15927,#15928);
#15926 = CARTESIAN_POINT('',(390.,175.,36.698729810778));
#15927 = DIRECTION('',(-0.99927644244,-9.843945432621E-03,
    -3.673810450148E-02));
#15928 = DIRECTION('',(-1.734723475977E-18,0.965925826289,
    -0.258819045103));
#15929 = ADVANCED_FACE('',(#15930),#15936,.T.);
#15930 = FACE_BOUND('',#15931,.T.);
#15931 = EDGE_LOOP('',(#15932,#15933,#15934,#15935));
#15932 = ORIENTED_EDGE('',*,*,#15835,.T.);
#15933 = ORIENTED_EDGE('',*,*,#15866,.T.);
#15934 = ORIENTED_EDGE('',*,*,#15897,.T.);
#15935 = ORIENTED_EDGE('',*,*,#15919,.T.);
#15936 = PLANE('',#15937);
#15937 = AXIS2_PLACEMENT_3D('',#15938,#15939,#15940);
#15938 = CARTESIAN_POINT('',(471.8142349383,202.81234509441,
    32.470266488567));
#15939 = DIRECTION('',(3.80340845038E-02,-0.258631774626,-0.965226923355
    ));
#15940 = DIRECTION('',(0.,-0.965925826289,0.258819045103));
#15941 = ADVANCED_FACE('',(#15942),#15948,.F.);
#15942 = FACE_BOUND('',#15943,.F.);
#15943 = EDGE_LOOP('',(#15944,#15945,#15946,#15947));
#15944 = ORIENTED_EDGE('',*,*,#15819,.T.);
#15945 = ORIENTED_EDGE('',*,*,#15850,.T.);
#15946 = ORIENTED_EDGE('',*,*,#15881,.T.);
#15947 = ORIENTED_EDGE('',*,*,#15912,.T.);
#15948 = PLANE('',#15949);
#15949 = AXIS2_PLACEMENT_3D('',#15950,#15951,#15952);
#15950 = CARTESIAN_POINT('',(471.05355324822,207.98498058693,
    51.774804955672));
#15951 = DIRECTION('',(3.80340845038E-02,-0.258631774626,-0.965226923355
    ));
#15952 = DIRECTION('',(0.,-0.965925826289,0.258819045103));
#15953 = ( GEOMETRIC_REPRESENTATION_CONTEXT(3) 
GLOBAL_UNCERTAINTY_ASSIGNED_CONTEXT((#15957)) 
GLOBAL_UNIT_ASSIGNED_CONTEXT((#15954,#15955,#15956)) 
REPRESENTATION_CONTEXT('Context #1',
  '3D Context with UNIT and UNCERTAINTY') );
#15954 = ( LENGTH_UNIT() NAMED_UNIT(*) SI_UNIT(.MILLI.,.METRE.) );
#15955 = ( NAMED_UNIT(*) PLANE_ANGLE_UNIT() SI_UNIT($,.RADIAN.) );
#15956 = ( NAMED_UNIT(*) SI_UNIT($,.STERADIAN.) SOLID_ANGLE_UNIT() );
#15957 = UNCERTAINTY_MEASURE_WITH_UNIT(LENGTH_MEASURE(1.E-07),#15954,
  'distance_accuracy_value','confusion accuracy');
#15958 = CONTEXT_DEPENDENT_SHAPE_REPRESENTATION(#15959,#15961);
#15959 = ( REPRESENTATION_RELATIONSHIP('','',#15802,#10) 
REPRESENTATION_RELATIONSHIP_WITH_TRANSFORMATION(#15960) 
SHAPE_REPRESENTATION_RELATIONSHIP() );
#15960 = ITEM_DEFINED_TRANSFORMATION('','',#11,#367);
#15961 = PRODUCT_DEFINITION_SHAPE('Placement','Placement of an item',
  #15962);
#15962 = NEXT_ASSEMBLY_USAGE_OCCURRENCE('177',
  'TRI-AMA-STARBOARD-CHINE-PORT-04 | ChinePort | nominal plywood 20 mm',
  '',#5,#15797,$);
#15963 = PRODUCT_RELATED_PRODUCT_CATEGORY('part',$,(#15799));
#15964 = SHAPE_DEFINITION_REPRESENTATION(#15965,#15971);
#15965 = PRODUCT_DEFINITION_SHAPE('','',#15966);
#15966 = PRODUCT_DEFINITION('design','',#15967,#15970);
#15967 = PRODUCT_DEFINITION_FORMATION('','',#15968);
#15968 = PRODUCT(
'TRI-AMA-STARBOARD-CHINE-STARBOARD-04 | ChineStarboard | nominal 
plywood 20 mm',
'TRI-AMA-STARBOARD-CHINE-STARBOARD-04 | ChineStarboard | nominal 
plywood 20 mm','',(#15969));
#15969 = PRODUCT_CONTEXT('',#2,'mechanical');
#15970 = PRODUCT_DEFINITION_CONTEXT('part definition',#2,'design');
#15971 = ADVANCED_BREP_SHAPE_REPRESENTATION('',(#11,#15972),#16122);
#15972 = MANIFOLD_SOLID_BREP('',#15973);
#15973 = CLOSED_SHELL('',(#15974,#16014,#16045,#16076,#16098,#16110));
#15974 = ADVANCED_FACE('',(#15975),#16009,.T.);
#15975 = FACE_BOUND('',#15976,.T.);
#15976 = EDGE_LOOP('',(#15977,#15987,#15995,#16003));
#15977 = ORIENTED_EDGE('',*,*,#15978,.T.);
#15978 = EDGE_CURVE('',#15979,#15981,#15983,.T.);
#15979 = VERTEX_POINT('',#15980);
#15980 = CARTESIAN_POINT('',(390.,250.,30.));
#15981 = VERTEX_POINT('',#15982);
#15982 = CARTESIAN_POINT('',(389.23931830992,244.82736450748,
    49.304538467105));
#15983 = LINE('',#15984,#15985);
#15984 = CARTESIAN_POINT('',(390.,250.,30.));
#15985 = VECTOR('',#15986,1.);
#15986 = DIRECTION('',(-3.80340845038E-02,-0.258631774626,0.965226923355
    ));
#15987 = ORIENTED_EDGE('',*,*,#15988,.T.);
#15988 = EDGE_CURVE('',#15981,#15989,#15991,.T.);
#15989 = VERTEX_POINT('',#15990);
#15990 = CARTESIAN_POINT('',(389.23931830992,269.82736450748,
    56.003268277883));
#15991 = LINE('',#15992,#15993);
#15992 = CARTESIAN_POINT('',(389.23931830992,244.82736450748,
    49.304538467105));
#15993 = VECTOR('',#15994,1.);
#15994 = DIRECTION('',(0.,0.965925826289,0.258819045103));
#15995 = ORIENTED_EDGE('',*,*,#15996,.F.);
#15996 = EDGE_CURVE('',#15997,#15989,#15999,.T.);
#15997 = VERTEX_POINT('',#15998);
#15998 = CARTESIAN_POINT('',(390.,275.,36.698729810778));
#15999 = LINE('',#16000,#16001);
#16000 = CARTESIAN_POINT('',(390.,275.,36.698729810778));
#16001 = VECTOR('',#16002,1.);
#16002 = DIRECTION('',(-3.80340845038E-02,-0.258631774626,0.965226923355
    ));
#16003 = ORIENTED_EDGE('',*,*,#16004,.F.);
#16004 = EDGE_CURVE('',#15979,#15997,#16005,.T.);
#16005 = LINE('',#16006,#16007);
#16006 = CARTESIAN_POINT('',(390.,250.,30.));
#16007 = VECTOR('',#16008,1.);
#16008 = DIRECTION('',(0.,0.965925826289,0.258819045103));
#16009 = PLANE('',#16010);
#16010 = AXIS2_PLACEMENT_3D('',#16011,#16012,#16013);
#16011 = CARTESIAN_POINT('',(390.,250.,30.));
#16012 = DIRECTION('',(-0.99927644244,9.843945432621E-03,
    -3.673810450148E-02));
#16013 = DIRECTION('',(-1.734723475977E-18,0.965925826289,0.258819045103
    ));
#16014 = ADVANCED_FACE('',(#16015),#16040,.T.);
#16015 = FACE_BOUND('',#16016,.T.);
#16016 = EDGE_LOOP('',(#16017,#16018,#16026,#16034));
#16017 = ORIENTED_EDGE('',*,*,#15996,.T.);
#16018 = ORIENTED_EDGE('',*,*,#16019,.T.);
#16019 = EDGE_CURVE('',#15989,#16020,#16022,.T.);
#16020 = VERTEX_POINT('',#16021);
#16021 = CARTESIAN_POINT('',(559.23931830992,230.93847561859,
    52.28175171634));
#16022 = LINE('',#16023,#16024);
#16023 = CARTESIAN_POINT('',(389.23931830992,269.82736450748,
    56.003268277883));
#16024 = VECTOR('',#16025,1.);
#16025 = DIRECTION('',(0.974597059281,-0.222947039705,-2.13351711585E-02
    ));
#16026 = ORIENTED_EDGE('',*,*,#16027,.F.);
#16027 = EDGE_CURVE('',#16028,#16020,#16030,.T.);
#16028 = VERTEX_POINT('',#16029);
#16029 = CARTESIAN_POINT('',(560.,236.11111111111,32.977213249235));
#16030 = LINE('',#16031,#16032);
#16031 = CARTESIAN_POINT('',(560.,236.11111111111,32.977213249235));
#16032 = VECTOR('',#16033,1.);
#16033 = DIRECTION('',(-3.80340845038E-02,-0.258631774626,0.965226923355
    ));
#16034 = ORIENTED_EDGE('',*,*,#16035,.F.);
#16035 = EDGE_CURVE('',#15997,#16028,#16036,.T.);
#16036 = LINE('',#16037,#16038);
#16037 = CARTESIAN_POINT('',(390.,275.,36.698729810778));
#16038 = VECTOR('',#16039,1.);
#16039 = DIRECTION('',(0.974597059281,-0.222947039705,-2.13351711585E-02
    ));
#16040 = PLANE('',#16041);
#16041 = AXIS2_PLACEMENT_3D('',#16042,#16043,#16044);
#16042 = CARTESIAN_POINT('',(390.,275.,36.698729810778));
#16043 = DIRECTION('',(0.220712438384,0.939895857338,0.260541353535));
#16044 = DIRECTION('',(0.974597059281,-0.222947039705,-2.13351711585E-02
    ));
#16045 = ADVANCED_FACE('',(#16046),#16071,.T.);
#16046 = FACE_BOUND('',#16047,.T.);
#16047 = EDGE_LOOP('',(#16048,#16049,#16057,#16065));
#16048 = ORIENTED_EDGE('',*,*,#16027,.T.);
#16049 = ORIENTED_EDGE('',*,*,#16050,.T.);
#16050 = EDGE_CURVE('',#16020,#16051,#16053,.T.);
#16051 = VERTEX_POINT('',#16052);
#16052 = CARTESIAN_POINT('',(559.23931830992,219.82736450748,
    49.304538467105));
#16053 = LINE('',#16054,#16055);
#16054 = CARTESIAN_POINT('',(559.23931830992,230.93847561859,
    52.28175171634));
#16055 = VECTOR('',#16056,1.);
#16056 = DIRECTION('',(0.,-0.965925826289,-0.258819045103));
#16057 = ORIENTED_EDGE('',*,*,#16058,.F.);
#16058 = EDGE_CURVE('',#16059,#16051,#16061,.T.);
#16059 = VERTEX_POINT('',#16060);
#16060 = CARTESIAN_POINT('',(560.,225.,30.));
#16061 = LINE('',#16062,#16063);
#16062 = CARTESIAN_POINT('',(560.,225.,30.));
#16063 = VECTOR('',#16064,1.);
#16064 = DIRECTION('',(-3.80340845038E-02,-0.258631774626,0.965226923355
    ));
#16065 = ORIENTED_EDGE('',*,*,#16066,.F.);
#16066 = EDGE_CURVE('',#16028,#16059,#16067,.T.);
#16067 = LINE('',#16068,#16069);
#16068 = CARTESIAN_POINT('',(560.,236.11111111111,32.977213249235));
#16069 = VECTOR('',#16070,1.);
#16070 = DIRECTION('',(0.,-0.965925826289,-0.258819045103));
#16071 = PLANE('',#16072);
#16072 = AXIS2_PLACEMENT_3D('',#16073,#16074,#16075);
#16073 = CARTESIAN_POINT('',(560.,236.11111111111,32.977213249235));
#16074 = DIRECTION('',(0.99927644244,-9.843945432621E-03,
    3.673810450148E-02));
#16075 = DIRECTION('',(0.,-0.965925826289,-0.258819045103));
#16076 = ADVANCED_FACE('',(#16077),#16093,.T.);
#16077 = FACE_BOUND('',#16078,.T.);
#16078 = EDGE_LOOP('',(#16079,#16080,#16086,#16087));
#16079 = ORIENTED_EDGE('',*,*,#16058,.T.);
#16080 = ORIENTED_EDGE('',*,*,#16081,.T.);
#16081 = EDGE_CURVE('',#16051,#15981,#16082,.T.);
#16082 = LINE('',#16083,#16084);
#16083 = CARTESIAN_POINT('',(559.23931830992,219.82736450748,
    49.304538467105));
#16084 = VECTOR('',#16085,1.);
#16085 = DIRECTION('',(-0.989359135365,0.145493990495,0.));
#16086 = ORIENTED_EDGE('',*,*,#15978,.F.);
#16087 = ORIENTED_EDGE('',*,*,#16088,.F.);
#16088 = EDGE_CURVE('',#16059,#15979,#16089,.T.);
#16089 = LINE('',#16090,#16091);
#16090 = CARTESIAN_POINT('',(560.,225.,30.));
#16091 = VECTOR('',#16092,1.);
#16092 = DIRECTION('',(-0.989359135365,0.145493990495,0.));
#16093 = PLANE('',#16094);
#16094 = AXIS2_PLACEMENT_3D('',#16095,#16096,#16097);
#16095 = CARTESIAN_POINT('',(560.,225.,30.));
#16096 = DIRECTION('',(-0.140434716812,-0.954956074322,-0.261413439651)
  );
#16097 = DIRECTION('',(-0.989359135365,0.145493990495,6.938893903907E-18
    ));
#16098 = ADVANCED_FACE('',(#16099),#16105,.T.);
#16099 = FACE_BOUND('',#16100,.T.);
#16100 = EDGE_LOOP('',(#16101,#16102,#16103,#16104));
#16101 = ORIENTED_EDGE('',*,*,#16004,.T.);
#16102 = ORIENTED_EDGE('',*,*,#16035,.T.);
#16103 = ORIENTED_EDGE('',*,*,#16066,.T.);
#16104 = ORIENTED_EDGE('',*,*,#16088,.T.);
#16105 = PLANE('',#16106);
#16106 = AXIS2_PLACEMENT_3D('',#16107,#16108,#16109);
#16107 = CARTESIAN_POINT('',(471.8142349383,247.18765490558,
    32.470266488567));
#16108 = DIRECTION('',(3.80340845038E-02,0.258631774626,-0.965226923355)
  );
#16109 = DIRECTION('',(-1.734723475977E-18,-0.965925826289,
    -0.258819045103));
#16110 = ADVANCED_FACE('',(#16111),#16117,.F.);
#16111 = FACE_BOUND('',#16112,.F.);
#16112 = EDGE_LOOP('',(#16113,#16114,#16115,#16116));
#16113 = ORIENTED_EDGE('',*,*,#15988,.T.);
#16114 = ORIENTED_EDGE('',*,*,#16019,.T.);
#16115 = ORIENTED_EDGE('',*,*,#16050,.T.);
#16116 = ORIENTED_EDGE('',*,*,#16081,.T.);
#16117 = PLANE('',#16118);
#16118 = AXIS2_PLACEMENT_3D('',#16119,#16120,#16121);
#16119 = CARTESIAN_POINT('',(471.05355324822,242.01501941306,
    51.774804955672));
#16120 = DIRECTION('',(3.80340845038E-02,0.258631774626,-0.965226923355)
  );
#16121 = DIRECTION('',(-1.734723475977E-18,-0.965925826289,
    -0.258819045103));
#16122 = ( GEOMETRIC_REPRESENTATION_CONTEXT(3) 
GLOBAL_UNCERTAINTY_ASSIGNED_CONTEXT((#16126)) 
GLOBAL_UNIT_ASSIGNED_CONTEXT((#16123,#16124,#16125)) 
REPRESENTATION_CONTEXT('Context #1',
  '3D Context with UNIT and UNCERTAINTY') );
#16123 = ( LENGTH_UNIT() NAMED_UNIT(*) SI_UNIT(.MILLI.,.METRE.) );
#16124 = ( NAMED_UNIT(*) PLANE_ANGLE_UNIT() SI_UNIT($,.RADIAN.) );
#16125 = ( NAMED_UNIT(*) SI_UNIT($,.STERADIAN.) SOLID_ANGLE_UNIT() );
#16126 = UNCERTAINTY_MEASURE_WITH_UNIT(LENGTH_MEASURE(1.E-07),#16123,
  'distance_accuracy_value','confusion accuracy');
#16127 = CONTEXT_DEPENDENT_SHAPE_REPRESENTATION(#16128,#16130);
#16128 = ( REPRESENTATION_RELATIONSHIP('','',#15971,#10) 
REPRESENTATION_RELATIONSHIP_WITH_TRANSFORMATION(#16129) 
SHAPE_REPRESENTATION_RELATIONSHIP() );
#16129 = ITEM_DEFINED_TRANSFORMATION('','',#11,#371);
#16130 = PRODUCT_DEFINITION_SHAPE('Placement','Placement of an item',
  #16131);
#16131 = NEXT_ASSEMBLY_USAGE_OCCURRENCE('178',
'TRI-AMA-STARBOARD-CHINE-STARBOARD-04 | ChineStarboard | nominal 
plywood 20 mm','',#5,#15966,$);
#16132 = PRODUCT_RELATED_PRODUCT_CATEGORY('part',$,(#15968));
#16133 = SHAPE_DEFINITION_REPRESENTATION(#16134,#16140);
#16134 = PRODUCT_DEFINITION_SHAPE('','',#16135);
#16135 = PRODUCT_DEFINITION('design','',#16136,#16139);
#16136 = PRODUCT_DEFINITION_FORMATION('','',#16137);
#16137 = PRODUCT(
  'TRI-AMA-STARBOARD-SIDE-PORT-04 | SidePort | nominal plywood 20 mm',
  'TRI-AMA-STARBOARD-SIDE-PORT-04 | SidePort | nominal plywood 20 mm',''
  ,(#16138));
#16138 = PRODUCT_CONTEXT('',#2,'mechanical');
#16139 = PRODUCT_DEFINITION_CONTEXT('part definition',#2,'design');
#16140 = ADVANCED_BREP_SHAPE_REPRESENTATION('',(#11,#16141),#16291);
#16141 = MANIFOLD_SOLID_BREP('',#16142);
#16142 = CLOSED_SHELL('',(#16143,#16183,#16214,#16245,#16267,#16279));
#16143 = ADVANCED_FACE('',(#16144),#16178,.T.);
#16144 = FACE_BOUND('',#16145,.T.);
#16145 = EDGE_LOOP('',(#16146,#16156,#16164,#16172));
#16146 = ORIENTED_EDGE('',*,*,#16147,.T.);
#16147 = EDGE_CURVE('',#16148,#16150,#16152,.T.);
#16148 = VERTEX_POINT('',#16149);
#16149 = CARTESIAN_POINT('',(390.,175.,36.698729810778));
#16150 = VERTEX_POINT('',#16151);
#16151 = CARTESIAN_POINT('',(385.54004402774,194.49637896445,
    36.698729810778));
#16152 = LINE('',#16153,#16154);
#16153 = CARTESIAN_POINT('',(390.,175.,36.698729810778));
#16154 = VECTOR('',#16155,1.);
#16155 = DIRECTION('',(-0.222997798613,0.974818948223,-0.));
#16156 = ORIENTED_EDGE('',*,*,#16157,.T.);
#16157 = EDGE_CURVE('',#16150,#16158,#16160,.T.);
#16158 = VERTEX_POINT('',#16159);
#16159 = CARTESIAN_POINT('',(555.54004402774,233.38526785334,
    32.977213249235));
#16160 = LINE('',#16161,#16162);
#16161 = CARTESIAN_POINT('',(385.54004402774,194.49637896445,
    36.698729810778));
#16162 = VECTOR('',#16163,1.);
#16163 = DIRECTION('',(0.974597059281,0.222947039705,-2.13351711585E-02)
  );
#16164 = ORIENTED_EDGE('',*,*,#16165,.F.);
#16165 = EDGE_CURVE('',#16166,#16158,#16168,.T.);
#16166 = VERTEX_POINT('',#16167);
#16167 = CARTESIAN_POINT('',(560.,213.88888888888,32.977213249235));
#16168 = LINE('',#16169,#16170);
#16169 = CARTESIAN_POINT('',(560.,213.88888888888,32.977213249235));
#16170 = VECTOR('',#16171,1.);
#16171 = DIRECTION('',(-0.222997798613,0.974818948223,-0.));
#16172 = ORIENTED_EDGE('',*,*,#16173,.F.);
#16173 = EDGE_CURVE('',#16148,#16166,#16174,.T.);
#16174 = LINE('',#16175,#16176);
#16175 = CARTESIAN_POINT('',(390.,175.,36.698729810778));
#16176 = VECTOR('',#16177,1.);
#16177 = DIRECTION('',(0.974597059281,0.222947039705,-2.13351711585E-02)
  );
#16178 = PLANE('',#16179);
#16179 = AXIS2_PLACEMENT_3D('',#16180,#16181,#16182);
#16180 = CARTESIAN_POINT('',(390.,175.,36.698729810778));
#16181 = DIRECTION('',(-2.079792910887E-02,-4.757696201377E-03,
    -0.99977237933));
#16182 = DIRECTION('',(0.974597059281,0.222947039705,-2.13351711585E-02)
  );
#16183 = ADVANCED_FACE('',(#16184),#16209,.T.);
#16184 = FACE_BOUND('',#16185,.T.);
#16185 = EDGE_LOOP('',(#16186,#16187,#16195,#16203));
#16186 = ORIENTED_EDGE('',*,*,#16165,.T.);
#16187 = ORIENTED_EDGE('',*,*,#16188,.T.);
#16188 = EDGE_CURVE('',#16158,#16189,#16191,.T.);
#16189 = VERTEX_POINT('',#16190);
#16190 = CARTESIAN_POINT('',(555.54004402774,233.38526785334,140.));
#16191 = LINE('',#16192,#16193);
#16192 = CARTESIAN_POINT('',(555.54004402774,233.38526785334,
    32.977213249235));
#16193 = VECTOR('',#16194,1.);
#16194 = DIRECTION('',(0.,0.,1.));
#16195 = ORIENTED_EDGE('',*,*,#16196,.F.);
#16196 = EDGE_CURVE('',#16197,#16189,#16199,.T.);
#16197 = VERTEX_POINT('',#16198);
#16198 = CARTESIAN_POINT('',(560.,213.88888888888,140.));
#16199 = LINE('',#16200,#16201);
#16200 = CARTESIAN_POINT('',(560.,213.88888888888,140.));
#16201 = VECTOR('',#16202,1.);
#16202 = DIRECTION('',(-0.222997798613,0.974818948223,-0.));
#16203 = ORIENTED_EDGE('',*,*,#16204,.F.);
#16204 = EDGE_CURVE('',#16166,#16197,#16205,.T.);
#16205 = LINE('',#16206,#16207);
#16206 = CARTESIAN_POINT('',(560.,213.88888888888,32.977213249235));
#16207 = VECTOR('',#16208,1.);
#16208 = DIRECTION('',(0.,0.,1.));
#16209 = PLANE('',#16210);
#16210 = AXIS2_PLACEMENT_3D('',#16211,#16212,#16213);
#16211 = CARTESIAN_POINT('',(560.,213.88888888888,32.977213249235));
#16212 = DIRECTION('',(0.974818948223,0.222997798613,-0.));
#16213 = DIRECTION('',(0.,0.,1.));
#16214 = ADVANCED_FACE('',(#16215),#16240,.T.);
#16215 = FACE_BOUND('',#16216,.T.);
#16216 = EDGE_LOOP('',(#16217,#16218,#16226,#16234));
#16217 = ORIENTED_EDGE('',*,*,#16196,.T.);
#16218 = ORIENTED_EDGE('',*,*,#16219,.T.);
#16219 = EDGE_CURVE('',#16189,#16220,#16222,.T.);
#16220 = VERTEX_POINT('',#16221);
#16221 = CARTESIAN_POINT('',(385.54004402774,194.49637896445,140.));
#16222 = LINE('',#16223,#16224);
#16223 = CARTESIAN_POINT('',(555.54004402774,233.38526785334,140.));
#16224 = VECTOR('',#16225,1.);
#16225 = DIRECTION('',(-0.974818948223,-0.222997798613,0.));
#16226 = ORIENTED_EDGE('',*,*,#16227,.F.);
#16227 = EDGE_CURVE('',#16228,#16220,#16230,.T.);
#16228 = VERTEX_POINT('',#16229);
#16229 = CARTESIAN_POINT('',(390.,175.,140.));
#16230 = LINE('',#16231,#16232);
#16231 = CARTESIAN_POINT('',(390.,175.,140.));
#16232 = VECTOR('',#16233,1.);
#16233 = DIRECTION('',(-0.222997798613,0.974818948223,-0.));
#16234 = ORIENTED_EDGE('',*,*,#16235,.F.);
#16235 = EDGE_CURVE('',#16197,#16228,#16236,.T.);
#16236 = LINE('',#16237,#16238);
#16237 = CARTESIAN_POINT('',(560.,213.88888888888,140.));
#16238 = VECTOR('',#16239,1.);
#16239 = DIRECTION('',(-0.974818948223,-0.222997798613,0.));
#16240 = PLANE('',#16241);
#16241 = AXIS2_PLACEMENT_3D('',#16242,#16243,#16244);
#16242 = CARTESIAN_POINT('',(560.,213.88888888888,140.));
#16243 = DIRECTION('',(0.,0.,1.));
#16244 = DIRECTION('',(-0.974818948223,-0.222997798613,0.));
#16245 = ADVANCED_FACE('',(#16246),#16262,.T.);
#16246 = FACE_BOUND('',#16247,.T.);
#16247 = EDGE_LOOP('',(#16248,#16249,#16255,#16256));
#16248 = ORIENTED_EDGE('',*,*,#16227,.T.);
#16249 = ORIENTED_EDGE('',*,*,#16250,.T.);
#16250 = EDGE_CURVE('',#16220,#16150,#16251,.T.);
#16251 = LINE('',#16252,#16253);
#16252 = CARTESIAN_POINT('',(385.54004402774,194.49637896445,140.));
#16253 = VECTOR('',#16254,1.);
#16254 = DIRECTION('',(0.,0.,-1.));
#16255 = ORIENTED_EDGE('',*,*,#16147,.F.);
#16256 = ORIENTED_EDGE('',*,*,#16257,.F.);
#16257 = EDGE_CURVE('',#16228,#16148,#16258,.T.);
#16258 = LINE('',#16259,#16260);
#16259 = CARTESIAN_POINT('',(390.,175.,140.));
#16260 = VECTOR('',#16261,1.);
#16261 = DIRECTION('',(0.,0.,-1.));
#16262 = PLANE('',#16263);
#16263 = AXIS2_PLACEMENT_3D('',#16264,#16265,#16266);
#16264 = CARTESIAN_POINT('',(390.,175.,140.));
#16265 = DIRECTION('',(-0.974818948223,-0.222997798613,-0.));
#16266 = DIRECTION('',(0.,0.,-1.));
#16267 = ADVANCED_FACE('',(#16268),#16274,.T.);
#16268 = FACE_BOUND('',#16269,.T.);
#16269 = EDGE_LOOP('',(#16270,#16271,#16272,#16273));
#16270 = ORIENTED_EDGE('',*,*,#16173,.T.);
#16271 = ORIENTED_EDGE('',*,*,#16204,.T.);
#16272 = ORIENTED_EDGE('',*,*,#16235,.T.);
#16273 = ORIENTED_EDGE('',*,*,#16257,.T.);
#16274 = PLANE('',#16275);
#16275 = AXIS2_PLACEMENT_3D('',#16276,#16277,#16278);
#16276 = CARTESIAN_POINT('',(475.56573531431,194.57386101961,
    87.409059736217));
#16277 = DIRECTION('',(0.222997798613,-0.974818948223,-0.));
#16278 = DIRECTION('',(-0.974818948223,-0.222997798613,0.));
#16279 = ADVANCED_FACE('',(#16280),#16286,.F.);
#16280 = FACE_BOUND('',#16281,.F.);
#16281 = EDGE_LOOP('',(#16282,#16283,#16284,#16285));
#16282 = ORIENTED_EDGE('',*,*,#16157,.T.);
#16283 = ORIENTED_EDGE('',*,*,#16188,.T.);
#16284 = ORIENTED_EDGE('',*,*,#16219,.T.);
#16285 = ORIENTED_EDGE('',*,*,#16250,.T.);
#16286 = PLANE('',#16287);
#16287 = AXIS2_PLACEMENT_3D('',#16288,#16289,#16290);
#16288 = CARTESIAN_POINT('',(471.10577934205,214.07023998406,
    87.409059736217));
#16289 = DIRECTION('',(0.222997798613,-0.974818948223,-0.));
#16290 = DIRECTION('',(-0.974818948223,-0.222997798613,0.));
#16291 = ( GEOMETRIC_REPRESENTATION_CONTEXT(3) 
GLOBAL_UNCERTAINTY_ASSIGNED_CONTEXT((#16295)) 
GLOBAL_UNIT_ASSIGNED_CONTEXT((#16292,#16293,#16294)) 
REPRESENTATION_CONTEXT('Context #1',
  '3D Context with UNIT and UNCERTAINTY') );
#16292 = ( LENGTH_UNIT() NAMED_UNIT(*) SI_UNIT(.MILLI.,.METRE.) );
#16293 = ( NAMED_UNIT(*) PLANE_ANGLE_UNIT() SI_UNIT($,.RADIAN.) );
#16294 = ( NAMED_UNIT(*) SI_UNIT($,.STERADIAN.) SOLID_ANGLE_UNIT() );
#16295 = UNCERTAINTY_MEASURE_WITH_UNIT(LENGTH_MEASURE(1.E-07),#16292,
  'distance_accuracy_value','confusion accuracy');
#16296 = CONTEXT_DEPENDENT_SHAPE_REPRESENTATION(#16297,#16299);
#16297 = ( REPRESENTATION_RELATIONSHIP('','',#16140,#10) 
REPRESENTATION_RELATIONSHIP_WITH_TRANSFORMATION(#16298) 
SHAPE_REPRESENTATION_RELATIONSHIP() );
#16298 = ITEM_DEFINED_TRANSFORMATION('','',#11,#375);
#16299 = PRODUCT_DEFINITION_SHAPE('Placement','Placement of an item',
  #16300);
#16300 = NEXT_ASSEMBLY_USAGE_OCCURRENCE('179',
  'TRI-AMA-STARBOARD-SIDE-PORT-04 | SidePort | nominal plywood 20 mm',''
  ,#5,#16135,$);
#16301 = PRODUCT_RELATED_PRODUCT_CATEGORY('part',$,(#16137));
#16302 = SHAPE_DEFINITION_REPRESENTATION(#16303,#16309);
#16303 = PRODUCT_DEFINITION_SHAPE('','',#16304);
#16304 = PRODUCT_DEFINITION('design','',#16305,#16308);
#16305 = PRODUCT_DEFINITION_FORMATION('','',#16306);
#16306 = PRODUCT(
'TRI-AMA-STARBOARD-SIDE-STARBOARD-04 | SideStarboard | nominal plywood 
20 mm',
'TRI-AMA-STARBOARD-SIDE-STARBOARD-04 | SideStarboard | nominal plywood 
20 mm','',(#16307));
#16307 = PRODUCT_CONTEXT('',#2,'mechanical');
#16308 = PRODUCT_DEFINITION_CONTEXT('part definition',#2,'design');
#16309 = ADVANCED_BREP_SHAPE_REPRESENTATION('',(#11,#16310),#16460);
#16310 = MANIFOLD_SOLID_BREP('',#16311);
#16311 = CLOSED_SHELL('',(#16312,#16352,#16383,#16414,#16436,#16448));
#16312 = ADVANCED_FACE('',(#16313),#16347,.T.);
#16313 = FACE_BOUND('',#16314,.T.);
#16314 = EDGE_LOOP('',(#16315,#16325,#16333,#16341));
#16315 = ORIENTED_EDGE('',*,*,#16316,.T.);
#16316 = EDGE_CURVE('',#16317,#16319,#16321,.T.);
#16317 = VERTEX_POINT('',#16318);
#16318 = CARTESIAN_POINT('',(390.,275.,36.698729810778));
#16319 = VERTEX_POINT('',#16320);
#16320 = CARTESIAN_POINT('',(385.54004402774,255.50362103554,
    36.698729810778));
#16321 = LINE('',#16322,#16323);
#16322 = CARTESIAN_POINT('',(390.,275.,36.698729810778));
#16323 = VECTOR('',#16324,1.);
#16324 = DIRECTION('',(-0.222997798613,-0.974818948223,0.));
#16325 = ORIENTED_EDGE('',*,*,#16326,.T.);
#16326 = EDGE_CURVE('',#16319,#16327,#16329,.T.);
#16327 = VERTEX_POINT('',#16328);
#16328 = CARTESIAN_POINT('',(385.54004402774,255.50362103554,140.));
#16329 = LINE('',#16330,#16331);
#16330 = CARTESIAN_POINT('',(385.54004402774,255.50362103554,
    36.698729810778));
#16331 = VECTOR('',#16332,1.);
#16332 = DIRECTION('',(0.,0.,1.));
#16333 = ORIENTED_EDGE('',*,*,#16334,.F.);
#16334 = EDGE_CURVE('',#16335,#16327,#16337,.T.);
#16335 = VERTEX_POINT('',#16336);
#16336 = CARTESIAN_POINT('',(390.,275.,140.));
#16337 = LINE('',#16338,#16339);
#16338 = CARTESIAN_POINT('',(390.,275.,140.));
#16339 = VECTOR('',#16340,1.);
#16340 = DIRECTION('',(-0.222997798613,-0.974818948223,0.));
#16341 = ORIENTED_EDGE('',*,*,#16342,.F.);
#16342 = EDGE_CURVE('',#16317,#16335,#16343,.T.);
#16343 = LINE('',#16344,#16345);
#16344 = CARTESIAN_POINT('',(390.,275.,36.698729810778));
#16345 = VECTOR('',#16346,1.);
#16346 = DIRECTION('',(0.,0.,1.));
#16347 = PLANE('',#16348);
#16348 = AXIS2_PLACEMENT_3D('',#16349,#16350,#16351);
#16349 = CARTESIAN_POINT('',(390.,275.,36.698729810778));
#16350 = DIRECTION('',(-0.974818948223,0.222997798613,0.));
#16351 = DIRECTION('',(0.,0.,1.));
#16352 = ADVANCED_FACE('',(#16353),#16378,.T.);
#16353 = FACE_BOUND('',#16354,.T.);
#16354 = EDGE_LOOP('',(#16355,#16356,#16364,#16372));
#16355 = ORIENTED_EDGE('',*,*,#16334,.T.);
#16356 = ORIENTED_EDGE('',*,*,#16357,.T.);
#16357 = EDGE_CURVE('',#16327,#16358,#16360,.T.);
#16358 = VERTEX_POINT('',#16359);
#16359 = CARTESIAN_POINT('',(555.54004402774,216.61473214666,140.));
#16360 = LINE('',#16361,#16362);
#16361 = CARTESIAN_POINT('',(385.54004402774,255.50362103554,140.));
#16362 = VECTOR('',#16363,1.);
#16363 = DIRECTION('',(0.974818948223,-0.222997798613,0.));
#16364 = ORIENTED_EDGE('',*,*,#16365,.F.);
#16365 = EDGE_CURVE('',#16366,#16358,#16368,.T.);
#16366 = VERTEX_POINT('',#16367);
#16367 = CARTESIAN_POINT('',(560.,236.11111111111,140.));
#16368 = LINE('',#16369,#16370);
#16369 = CARTESIAN_POINT('',(560.,236.11111111111,140.));
#16370 = VECTOR('',#16371,1.);
#16371 = DIRECTION('',(-0.222997798613,-0.974818948223,0.));
#16372 = ORIENTED_EDGE('',*,*,#16373,.F.);
#16373 = EDGE_CURVE('',#16335,#16366,#16374,.T.);
#16374 = LINE('',#16375,#16376);
#16375 = CARTESIAN_POINT('',(390.,275.,140.));
#16376 = VECTOR('',#16377,1.);
#16377 = DIRECTION('',(0.974818948223,-0.222997798613,0.));
#16378 = PLANE('',#16379);
#16379 = AXIS2_PLACEMENT_3D('',#16380,#16381,#16382);
#16380 = CARTESIAN_POINT('',(390.,275.,140.));
#16381 = DIRECTION('',(0.,0.,1.));
#16382 = DIRECTION('',(0.974818948223,-0.222997798613,0.));
#16383 = ADVANCED_FACE('',(#16384),#16409,.T.);
#16384 = FACE_BOUND('',#16385,.T.);
#16385 = EDGE_LOOP('',(#16386,#16387,#16395,#16403));
#16386 = ORIENTED_EDGE('',*,*,#16365,.T.);
#16387 = ORIENTED_EDGE('',*,*,#16388,.T.);
#16388 = EDGE_CURVE('',#16358,#16389,#16391,.T.);
#16389 = VERTEX_POINT('',#16390);
#16390 = CARTESIAN_POINT('',(555.54004402774,216.61473214666,
    32.977213249235));
#16391 = LINE('',#16392,#16393);
#16392 = CARTESIAN_POINT('',(555.54004402774,216.61473214666,140.));
#16393 = VECTOR('',#16394,1.);
#16394 = DIRECTION('',(0.,0.,-1.));
#16395 = ORIENTED_EDGE('',*,*,#16396,.F.);
#16396 = EDGE_CURVE('',#16397,#16389,#16399,.T.);
#16397 = VERTEX_POINT('',#16398);
#16398 = CARTESIAN_POINT('',(560.,236.11111111111,32.977213249235));
#16399 = LINE('',#16400,#16401);
#16400 = CARTESIAN_POINT('',(560.,236.11111111111,32.977213249235));
#16401 = VECTOR('',#16402,1.);
#16402 = DIRECTION('',(-0.222997798613,-0.974818948223,0.));
#16403 = ORIENTED_EDGE('',*,*,#16404,.F.);
#16404 = EDGE_CURVE('',#16366,#16397,#16405,.T.);
#16405 = LINE('',#16406,#16407);
#16406 = CARTESIAN_POINT('',(560.,236.11111111111,140.));
#16407 = VECTOR('',#16408,1.);
#16408 = DIRECTION('',(0.,0.,-1.));
#16409 = PLANE('',#16410);
#16410 = AXIS2_PLACEMENT_3D('',#16411,#16412,#16413);
#16411 = CARTESIAN_POINT('',(560.,236.11111111111,140.));
#16412 = DIRECTION('',(0.974818948223,-0.222997798613,0.));
#16413 = DIRECTION('',(0.,0.,-1.));
#16414 = ADVANCED_FACE('',(#16415),#16431,.T.);
#16415 = FACE_BOUND('',#16416,.T.);
#16416 = EDGE_LOOP('',(#16417,#16418,#16424,#16425));
#16417 = ORIENTED_EDGE('',*,*,#16396,.T.);
#16418 = ORIENTED_EDGE('',*,*,#16419,.T.);
#16419 = EDGE_CURVE('',#16389,#16319,#16420,.T.);
#16420 = LINE('',#16421,#16422);
#16421 = CARTESIAN_POINT('',(555.54004402774,216.61473214666,
    32.977213249235));
#16422 = VECTOR('',#16423,1.);
#16423 = DIRECTION('',(-0.974597059281,0.222947039705,2.13351711585E-02)
  );
#16424 = ORIENTED_EDGE('',*,*,#16316,.F.);
#16425 = ORIENTED_EDGE('',*,*,#16426,.F.);
#16426 = EDGE_CURVE('',#16397,#16317,#16427,.T.);
#16427 = LINE('',#16428,#16429);
#16428 = CARTESIAN_POINT('',(560.,236.11111111111,32.977213249235));
#16429 = VECTOR('',#16430,1.);
#16430 = DIRECTION('',(-0.974597059281,0.222947039705,2.13351711585E-02)
  );
#16431 = PLANE('',#16432);
#16432 = AXIS2_PLACEMENT_3D('',#16433,#16434,#16435);
#16433 = CARTESIAN_POINT('',(560.,236.11111111111,32.977213249235));
#16434 = DIRECTION('',(-2.079792910887E-02,4.757696201377E-03,
    -0.99977237933));
#16435 = DIRECTION('',(-0.974597059281,0.222947039705,2.13351711585E-02)
  );
#16436 = ADVANCED_FACE('',(#16437),#16443,.T.);
#16437 = FACE_BOUND('',#16438,.T.);
#16438 = EDGE_LOOP('',(#16439,#16440,#16441,#16442));
#16439 = ORIENTED_EDGE('',*,*,#16342,.T.);
#16440 = ORIENTED_EDGE('',*,*,#16373,.T.);
#16441 = ORIENTED_EDGE('',*,*,#16404,.T.);
#16442 = ORIENTED_EDGE('',*,*,#16426,.T.);
#16443 = PLANE('',#16444);
#16444 = AXIS2_PLACEMENT_3D('',#16445,#16446,#16447);
#16445 = CARTESIAN_POINT('',(475.56573531431,255.42613898038,
    87.409059736217));
#16446 = DIRECTION('',(0.222997798613,0.974818948223,0.));
#16447 = DIRECTION('',(0.974818948223,-0.222997798613,0.));
#16448 = ADVANCED_FACE('',(#16449),#16455,.F.);
#16449 = FACE_BOUND('',#16450,.F.);
#16450 = EDGE_LOOP('',(#16451,#16452,#16453,#16454));
#16451 = ORIENTED_EDGE('',*,*,#16326,.T.);
#16452 = ORIENTED_EDGE('',*,*,#16357,.T.);
#16453 = ORIENTED_EDGE('',*,*,#16388,.T.);
#16454 = ORIENTED_EDGE('',*,*,#16419,.T.);
#16455 = PLANE('',#16456);
#16456 = AXIS2_PLACEMENT_3D('',#16457,#16458,#16459);
#16457 = CARTESIAN_POINT('',(471.10577934205,235.92976001593,
    87.409059736217));
#16458 = DIRECTION('',(0.222997798613,0.974818948223,0.));
#16459 = DIRECTION('',(0.974818948223,-0.222997798613,0.));
#16460 = ( GEOMETRIC_REPRESENTATION_CONTEXT(3) 
GLOBAL_UNCERTAINTY_ASSIGNED_CONTEXT((#16464)) 
GLOBAL_UNIT_ASSIGNED_CONTEXT((#16461,#16462,#16463)) 
REPRESENTATION_CONTEXT('Context #1',
  '3D Context with UNIT and UNCERTAINTY') );
#16461 = ( LENGTH_UNIT() NAMED_UNIT(*) SI_UNIT(.MILLI.,.METRE.) );
#16462 = ( NAMED_UNIT(*) PLANE_ANGLE_UNIT() SI_UNIT($,.RADIAN.) );
#16463 = ( NAMED_UNIT(*) SI_UNIT($,.STERADIAN.) SOLID_ANGLE_UNIT() );
#16464 = UNCERTAINTY_MEASURE_WITH_UNIT(LENGTH_MEASURE(1.E-07),#16461,
  'distance_accuracy_value','confusion accuracy');
#16465 = CONTEXT_DEPENDENT_SHAPE_REPRESENTATION(#16466,#16468);
#16466 = ( REPRESENTATION_RELATIONSHIP('','',#16309,#10) 
REPRESENTATION_RELATIONSHIP_WITH_TRANSFORMATION(#16467) 
SHAPE_REPRESENTATION_RELATIONSHIP() );
#16467 = ITEM_DEFINED_TRANSFORMATION('','',#11,#379);
#16468 = PRODUCT_DEFINITION_SHAPE('Placement','Placement of an item',
  #16469);
#16469 = NEXT_ASSEMBLY_USAGE_OCCURRENCE('180',
'TRI-AMA-STARBOARD-SIDE-STARBOARD-04 | SideStarboard | nominal plywood 
20 mm','',#5,#16304,$);
#16470 = PRODUCT_RELATED_PRODUCT_CATEGORY('part',$,(#16306));
#16471 = SHAPE_DEFINITION_REPRESENTATION(#16472,#16478);
#16472 = PRODUCT_DEFINITION_SHAPE('','',#16473);
#16473 = PRODUCT_DEFINITION('design','',#16474,#16477);
#16474 = PRODUCT_DEFINITION_FORMATION('','',#16475);
#16475 = PRODUCT(
  'TRI-AMA-STARBOARD-TRANSOM-01 | Transom | nominal plywood 20 mm',
  'TRI-AMA-STARBOARD-TRANSOM-01 | Transom | nominal plywood 20 mm','',(
    #16476));
#16476 = PRODUCT_CONTEXT('',#2,'mechanical');
#16477 = PRODUCT_DEFINITION_CONTEXT('part definition',#2,'design');
#16478 = ADVANCED_BREP_SHAPE_REPRESENTATION('',(#11,#16479),#16695);
#16479 = MANIFOLD_SOLID_BREP('',#16480);
#16480 = CLOSED_SHELL('',(#16481,#16521,#16552,#16583,#16614,#16645,
    #16667,#16681));
#16481 = ADVANCED_FACE('',(#16482),#16516,.F.);
#16482 = FACE_BOUND('',#16483,.F.);
#16483 = EDGE_LOOP('',(#16484,#16494,#16502,#16510));
#16484 = ORIENTED_EDGE('',*,*,#16485,.T.);
#16485 = EDGE_CURVE('',#16486,#16488,#16490,.T.);
#16486 = VERTEX_POINT('',#16487);
#16487 = CARTESIAN_POINT('',(0.,200.,30.));
#16488 = VERTEX_POINT('',#16489);
#16489 = CARTESIAN_POINT('',(20.,200.,30.));
#16490 = LINE('',#16491,#16492);
#16491 = CARTESIAN_POINT('',(0.,200.,30.));
#16492 = VECTOR('',#16493,1.);
#16493 = DIRECTION('',(1.,0.,0.));
#16494 = ORIENTED_EDGE('',*,*,#16495,.T.);
#16495 = EDGE_CURVE('',#16488,#16496,#16498,.T.);
#16496 = VERTEX_POINT('',#16497);
#16497 = CARTESIAN_POINT('',(20.,250.,30.));
#16498 = LINE('',#16499,#16500);
#16499 = CARTESIAN_POINT('',(20.,200.,30.));
#16500 = VECTOR('',#16501,1.);
#16501 = DIRECTION('',(0.,1.,0.));
#16502 = ORIENTED_EDGE('',*,*,#16503,.F.);
#16503 = EDGE_CURVE('',#16504,#16496,#16506,.T.);
#16504 = VERTEX_POINT('',#16505);
#16505 = CARTESIAN_POINT('',(0.,250.,30.));
#16506 = LINE('',#16507,#16508);
#16507 = CARTESIAN_POINT('',(0.,250.,30.));
#16508 = VECTOR('',#16509,1.);
#16509 = DIRECTION('',(1.,0.,0.));
#16510 = ORIENTED_EDGE('',*,*,#16511,.F.);
#16511 = EDGE_CURVE('',#16486,#16504,#16512,.T.);
#16512 = LINE('',#16513,#16514);
#16513 = CARTESIAN_POINT('',(0.,200.,30.));
#16514 = VECTOR('',#16515,1.);
#16515 = DIRECTION('',(0.,1.,0.));
#16516 = PLANE('',#16517);
#16517 = AXIS2_PLACEMENT_3D('',#16518,#16519,#16520);
#16518 = CARTESIAN_POINT('',(0.,200.,30.));
#16519 = DIRECTION('',(0.,0.,1.));
#16520 = DIRECTION('',(0.,1.,0.));
#16521 = ADVANCED_FACE('',(#16522),#16547,.F.);
#16522 = FACE_BOUND('',#16523,.F.);
#16523 = EDGE_LOOP('',(#16524,#16525,#16533,#16541));
#16524 = ORIENTED_EDGE('',*,*,#16503,.T.);
#16525 = ORIENTED_EDGE('',*,*,#16526,.T.);
#16526 = EDGE_CURVE('',#16496,#16527,#16529,.T.);
#16527 = VERTEX_POINT('',#16528);
#16528 = CARTESIAN_POINT('',(20.,275.,36.698729810778));
#16529 = LINE('',#16530,#16531);
#16530 = CARTESIAN_POINT('',(20.,250.,30.));
#16531 = VECTOR('',#16532,1.);
#16532 = DIRECTION('',(0.,0.965925826289,0.258819045103));
#16533 = ORIENTED_EDGE('',*,*,#16534,.F.);
#16534 = EDGE_CURVE('',#16535,#16527,#16537,.T.);
#16535 = VERTEX_POINT('',#16536);
#16536 = CARTESIAN_POINT('',(0.,275.,36.698729810778));
#16537 = LINE('',#16538,#16539);
#16538 = CARTESIAN_POINT('',(0.,275.,36.698729810778));
#16539 = VECTOR('',#16540,1.);
#16540 = DIRECTION('',(1.,0.,0.));
#16541 = ORIENTED_EDGE('',*,*,#16542,.F.);
#16542 = EDGE_CURVE('',#16504,#16535,#16543,.T.);
#16543 = LINE('',#16544,#16545);
#16544 = CARTESIAN_POINT('',(0.,250.,30.));
#16545 = VECTOR('',#16546,1.);
#16546 = DIRECTION('',(0.,0.965925826289,0.258819045103));
#16547 = PLANE('',#16548);
#16548 = AXIS2_PLACEMENT_3D('',#16549,#16550,#16551);
#16549 = CARTESIAN_POINT('',(0.,250.,30.));
#16550 = DIRECTION('',(0.,-0.258819045103,0.965925826289));
#16551 = DIRECTION('',(0.,0.965925826289,0.258819045103));
#16552 = ADVANCED_FACE('',(#16553),#16578,.F.);
#16553 = FACE_BOUND('',#16554,.F.);
#16554 = EDGE_LOOP('',(#16555,#16556,#16564,#16572));
#16555 = ORIENTED_EDGE('',*,*,#16534,.T.);
#16556 = ORIENTED_EDGE('',*,*,#16557,.T.);
#16557 = EDGE_CURVE('',#16527,#16558,#16560,.T.);
#16558 = VERTEX_POINT('',#16559);
#16559 = CARTESIAN_POINT('',(20.,275.,140.));
#16560 = LINE('',#16561,#16562);
#16561 = CARTESIAN_POINT('',(20.,275.,36.698729810778));
#16562 = VECTOR('',#16563,1.);
#16563 = DIRECTION('',(0.,0.,1.));
#16564 = ORIENTED_EDGE('',*,*,#16565,.F.);
#16565 = EDGE_CURVE('',#16566,#16558,#16568,.T.);
#16566 = VERTEX_POINT('',#16567);
#16567 = CARTESIAN_POINT('',(0.,275.,140.));
#16568 = LINE('',#16569,#16570);
#16569 = CARTESIAN_POINT('',(0.,275.,140.));
#16570 = VECTOR('',#16571,1.);
#16571 = DIRECTION('',(1.,0.,0.));
#16572 = ORIENTED_EDGE('',*,*,#16573,.F.);
#16573 = EDGE_CURVE('',#16535,#16566,#16574,.T.);
#16574 = LINE('',#16575,#16576);
#16575 = CARTESIAN_POINT('',(0.,275.,36.698729810778));
#16576 = VECTOR('',#16577,1.);
#16577 = DIRECTION('',(0.,0.,1.));
#16578 = PLANE('',#16579);
#16579 = AXIS2_PLACEMENT_3D('',#16580,#16581,#16582);
#16580 = CARTESIAN_POINT('',(0.,275.,36.698729810778));
#16581 = DIRECTION('',(0.,-1.,0.));
#16582 = DIRECTION('',(0.,0.,1.));
#16583 = ADVANCED_FACE('',(#16584),#16609,.F.);
#16584 = FACE_BOUND('',#16585,.F.);
#16585 = EDGE_LOOP('',(#16586,#16587,#16595,#16603));
#16586 = ORIENTED_EDGE('',*,*,#16565,.T.);
#16587 = ORIENTED_EDGE('',*,*,#16588,.T.);
#16588 = EDGE_CURVE('',#16558,#16589,#16591,.T.);
#16589 = VERTEX_POINT('',#16590);
#16590 = CARTESIAN_POINT('',(20.,175.,140.));
#16591 = LINE('',#16592,#16593);
#16592 = CARTESIAN_POINT('',(20.,275.,140.));
#16593 = VECTOR('',#16594,1.);
#16594 = DIRECTION('',(0.,-1.,0.));
#16595 = ORIENTED_EDGE('',*,*,#16596,.F.);
#16596 = EDGE_CURVE('',#16597,#16589,#16599,.T.);
#16597 = VERTEX_POINT('',#16598);
#16598 = CARTESIAN_POINT('',(0.,175.,140.));
#16599 = LINE('',#16600,#16601);
#16600 = CARTESIAN_POINT('',(0.,175.,140.));
#16601 = VECTOR('',#16602,1.);
#16602 = DIRECTION('',(1.,0.,0.));
#16603 = ORIENTED_EDGE('',*,*,#16604,.F.);
#16604 = EDGE_CURVE('',#16566,#16597,#16605,.T.);
#16605 = LINE('',#16606,#16607);
#16606 = CARTESIAN_POINT('',(0.,275.,140.));
#16607 = VECTOR('',#16608,1.);
#16608 = DIRECTION('',(0.,-1.,0.));
#16609 = PLANE('',#16610);
#16610 = AXIS2_PLACEMENT_3D('',#16611,#16612,#16613);
#16611 = CARTESIAN_POINT('',(0.,275.,140.));
#16612 = DIRECTION('',(0.,0.,-1.));
#16613 = DIRECTION('',(0.,-1.,0.));
#16614 = ADVANCED_FACE('',(#16615),#16640,.F.);
#16615 = FACE_BOUND('',#16616,.F.);
#16616 = EDGE_LOOP('',(#16617,#16618,#16626,#16634));
#16617 = ORIENTED_EDGE('',*,*,#16596,.T.);
#16618 = ORIENTED_EDGE('',*,*,#16619,.T.);
#16619 = EDGE_CURVE('',#16589,#16620,#16622,.T.);
#16620 = VERTEX_POINT('',#16621);
#16621 = CARTESIAN_POINT('',(20.,175.,36.698729810778));
#16622 = LINE('',#16623,#16624);
#16623 = CARTESIAN_POINT('',(20.,175.,140.));
#16624 = VECTOR('',#16625,1.);
#16625 = DIRECTION('',(0.,0.,-1.));
#16626 = ORIENTED_EDGE('',*,*,#16627,.F.);
#16627 = EDGE_CURVE('',#16628,#16620,#16630,.T.);
#16628 = VERTEX_POINT('',#16629);
#16629 = CARTESIAN_POINT('',(0.,175.,36.698729810778));
#16630 = LINE('',#16631,#16632);
#16631 = CARTESIAN_POINT('',(0.,175.,36.698729810778));
#16632 = VECTOR('',#16633,1.);
#16633 = DIRECTION('',(1.,0.,0.));
#16634 = ORIENTED_EDGE('',*,*,#16635,.F.);
#16635 = EDGE_CURVE('',#16597,#16628,#16636,.T.);
#16636 = LINE('',#16637,#16638);
#16637 = CARTESIAN_POINT('',(0.,175.,140.));
#16638 = VECTOR('',#16639,1.);
#16639 = DIRECTION('',(0.,0.,-1.));
#16640 = PLANE('',#16641);
#16641 = AXIS2_PLACEMENT_3D('',#16642,#16643,#16644);
#16642 = CARTESIAN_POINT('',(0.,175.,140.));
#16643 = DIRECTION('',(-0.,1.,0.));
#16644 = DIRECTION('',(0.,0.,-1.));
#16645 = ADVANCED_FACE('',(#16646),#16662,.F.);
#16646 = FACE_BOUND('',#16647,.F.);
#16647 = EDGE_LOOP('',(#16648,#16649,#16655,#16656));
#16648 = ORIENTED_EDGE('',*,*,#16627,.T.);
#16649 = ORIENTED_EDGE('',*,*,#16650,.T.);
#16650 = EDGE_CURVE('',#16620,#16488,#16651,.T.);
#16651 = LINE('',#16652,#16653);
#16652 = CARTESIAN_POINT('',(20.,175.,36.698729810778));
#16653 = VECTOR('',#16654,1.);
#16654 = DIRECTION('',(0.,0.965925826289,-0.258819045103));
#16655 = ORIENTED_EDGE('',*,*,#16485,.F.);
#16656 = ORIENTED_EDGE('',*,*,#16657,.F.);
#16657 = EDGE_CURVE('',#16628,#16486,#16658,.T.);
#16658 = LINE('',#16659,#16660);
#16659 = CARTESIAN_POINT('',(0.,175.,36.698729810778));
#16660 = VECTOR('',#16661,1.);
#16661 = DIRECTION('',(0.,0.965925826289,-0.258819045103));
#16662 = PLANE('',#16663);
#16663 = AXIS2_PLACEMENT_3D('',#16664,#16665,#16666);
#16664 = CARTESIAN_POINT('',(0.,175.,36.698729810778));
#16665 = DIRECTION('',(-0.,0.258819045103,0.965925826289));
#16666 = DIRECTION('',(0.,0.965925826289,-0.258819045103));
#16667 = ADVANCED_FACE('',(#16668),#16676,.F.);
#16668 = FACE_BOUND('',#16669,.F.);
#16669 = EDGE_LOOP('',(#16670,#16671,#16672,#16673,#16674,#16675));
#16670 = ORIENTED_EDGE('',*,*,#16511,.T.);
#16671 = ORIENTED_EDGE('',*,*,#16542,.T.);
#16672 = ORIENTED_EDGE('',*,*,#16573,.T.);
#16673 = ORIENTED_EDGE('',*,*,#16604,.T.);
#16674 = ORIENTED_EDGE('',*,*,#16635,.T.);
#16675 = ORIENTED_EDGE('',*,*,#16657,.T.);
#16676 = PLANE('',#16677);
#16677 = AXIS2_PLACEMENT_3D('',#16678,#16679,#16680);
#16678 = CARTESIAN_POINT('',(0.,225.,86.881530367067));
#16679 = DIRECTION('',(1.,0.,0.));
#16680 = DIRECTION('',(-0.,0.,1.));
#16681 = ADVANCED_FACE('',(#16682),#16690,.T.);
#16682 = FACE_BOUND('',#16683,.T.);
#16683 = EDGE_LOOP('',(#16684,#16685,#16686,#16687,#16688,#16689));
#16684 = ORIENTED_EDGE('',*,*,#16495,.T.);
#16685 = ORIENTED_EDGE('',*,*,#16526,.T.);
#16686 = ORIENTED_EDGE('',*,*,#16557,.T.);
#16687 = ORIENTED_EDGE('',*,*,#16588,.T.);
#16688 = ORIENTED_EDGE('',*,*,#16619,.T.);
#16689 = ORIENTED_EDGE('',*,*,#16650,.T.);
#16690 = PLANE('',#16691);
#16691 = AXIS2_PLACEMENT_3D('',#16692,#16693,#16694);
#16692 = CARTESIAN_POINT('',(20.,225.,86.881530367067));
#16693 = DIRECTION('',(1.,0.,0.));
#16694 = DIRECTION('',(-0.,0.,1.));
#16695 = ( GEOMETRIC_REPRESENTATION_CONTEXT(3) 
GLOBAL_UNCERTAINTY_ASSIGNED_CONTEXT((#16699)) 
GLOBAL_UNIT_ASSIGNED_CONTEXT((#16696,#16697,#16698)) 
REPRESENTATION_CONTEXT('Context #1',
  '3D Context with UNIT and UNCERTAINTY') );
#16696 = ( LENGTH_UNIT() NAMED_UNIT(*) SI_UNIT(.MILLI.,.METRE.) );
#16697 = ( NAMED_UNIT(*) PLANE_ANGLE_UNIT() SI_UNIT($,.RADIAN.) );
#16698 = ( NAMED_UNIT(*) SI_UNIT($,.STERADIAN.) SOLID_ANGLE_UNIT() );
#16699 = UNCERTAINTY_MEASURE_WITH_UNIT(LENGTH_MEASURE(1.E-07),#16696,
  'distance_accuracy_value','confusion accuracy');
#16700 = CONTEXT_DEPENDENT_SHAPE_REPRESENTATION(#16701,#16703);
#16701 = ( REPRESENTATION_RELATIONSHIP('','',#16478,#10) 
REPRESENTATION_RELATIONSHIP_WITH_TRANSFORMATION(#16702) 
SHAPE_REPRESENTATION_RELATIONSHIP() );
#16702 = ITEM_DEFINED_TRANSFORMATION('','',#11,#383);
#16703 = PRODUCT_DEFINITION_SHAPE('Placement','Placement of an item',
  #16704);
#16704 = NEXT_ASSEMBLY_USAGE_OCCURRENCE('181',
  'TRI-AMA-STARBOARD-TRANSOM-01 | Transom | nominal plywood 20 mm','',#5
  ,#16473,$);
#16705 = PRODUCT_RELATED_PRODUCT_CATEGORY('part',$,(#16475));
#16706 = SHAPE_DEFINITION_REPRESENTATION(#16707,#16713);
#16707 = PRODUCT_DEFINITION_SHAPE('','',#16708);
#16708 = PRODUCT_DEFINITION('design','',#16709,#16712);
#16709 = PRODUCT_DEFINITION_FORMATION('','',#16710);
#16710 = PRODUCT(
  'TRI-AMA-STARBOARD-BULKHEAD-01 | Bulkhead | nominal plywood 20 mm',
  'TRI-AMA-STARBOARD-BULKHEAD-01 | Bulkhead | nominal plywood 20 mm','',
  (#16711));
#16711 = PRODUCT_CONTEXT('',#2,'mechanical');
#16712 = PRODUCT_DEFINITION_CONTEXT('part definition',#2,'design');
#16713 = ADVANCED_BREP_SHAPE_REPRESENTATION('',(#11,#16714),#16930);
#16714 = MANIFOLD_SOLID_BREP('',#16715);
#16715 = CLOSED_SHELL('',(#16716,#16756,#16787,#16818,#16849,#16880,
    #16902,#16916));
#16716 = ADVANCED_FACE('',(#16717),#16751,.F.);
#16717 = FACE_BOUND('',#16718,.F.);
#16718 = EDGE_LOOP('',(#16719,#16729,#16737,#16745));
#16719 = ORIENTED_EDGE('',*,*,#16720,.T.);
#16720 = EDGE_CURVE('',#16721,#16723,#16725,.T.);
#16721 = VERTEX_POINT('',#16722);
#16722 = CARTESIAN_POINT('',(50.,200.,30.));
#16723 = VERTEX_POINT('',#16724);
#16724 = CARTESIAN_POINT('',(70.,200.,30.));
#16725 = LINE('',#16726,#16727);
#16726 = CARTESIAN_POINT('',(50.,200.,30.));
#16727 = VECTOR('',#16728,1.);
#16728 = DIRECTION('',(1.,0.,0.));
#16729 = ORIENTED_EDGE('',*,*,#16730,.T.);
#16730 = EDGE_CURVE('',#16723,#16731,#16733,.T.);
#16731 = VERTEX_POINT('',#16732);
#16732 = CARTESIAN_POINT('',(70.,250.,30.));
#16733 = LINE('',#16734,#16735);
#16734 = CARTESIAN_POINT('',(70.,200.,30.));
#16735 = VECTOR('',#16736,1.);
#16736 = DIRECTION('',(0.,1.,0.));
#16737 = ORIENTED_EDGE('',*,*,#16738,.F.);
#16738 = EDGE_CURVE('',#16739,#16731,#16741,.T.);
#16739 = VERTEX_POINT('',#16740);
#16740 = CARTESIAN_POINT('',(50.,250.,30.));
#16741 = LINE('',#16742,#16743);
#16742 = CARTESIAN_POINT('',(50.,250.,30.));
#16743 = VECTOR('',#16744,1.);
#16744 = DIRECTION('',(1.,0.,0.));
#16745 = ORIENTED_EDGE('',*,*,#16746,.F.);
#16746 = EDGE_CURVE('',#16721,#16739,#16747,.T.);
#16747 = LINE('',#16748,#16749);
#16748 = CARTESIAN_POINT('',(50.,200.,30.));
#16749 = VECTOR('',#16750,1.);
#16750 = DIRECTION('',(0.,1.,0.));
#16751 = PLANE('',#16752);
#16752 = AXIS2_PLACEMENT_3D('',#16753,#16754,#16755);
#16753 = CARTESIAN_POINT('',(50.,200.,30.));
#16754 = DIRECTION('',(0.,0.,1.));
#16755 = DIRECTION('',(0.,1.,0.));
#16756 = ADVANCED_FACE('',(#16757),#16782,.F.);
#16757 = FACE_BOUND('',#16758,.F.);
#16758 = EDGE_LOOP('',(#16759,#16760,#16768,#16776));
#16759 = ORIENTED_EDGE('',*,*,#16738,.T.);
#16760 = ORIENTED_EDGE('',*,*,#16761,.T.);
#16761 = EDGE_CURVE('',#16731,#16762,#16764,.T.);
#16762 = VERTEX_POINT('',#16763);
#16763 = CARTESIAN_POINT('',(70.,275.,36.698729810778));
#16764 = LINE('',#16765,#16766);
#16765 = CARTESIAN_POINT('',(70.,250.,30.));
#16766 = VECTOR('',#16767,1.);
#16767 = DIRECTION('',(0.,0.965925826289,0.258819045103));
#16768 = ORIENTED_EDGE('',*,*,#16769,.F.);
#16769 = EDGE_CURVE('',#16770,#16762,#16772,.T.);
#16770 = VERTEX_POINT('',#16771);
#16771 = CARTESIAN_POINT('',(50.,275.,36.698729810778));
#16772 = LINE('',#16773,#16774);
#16773 = CARTESIAN_POINT('',(50.,275.,36.698729810778));
#16774 = VECTOR('',#16775,1.);
#16775 = DIRECTION('',(1.,0.,0.));
#16776 = ORIENTED_EDGE('',*,*,#16777,.F.);
#16777 = EDGE_CURVE('',#16739,#16770,#16778,.T.);
#16778 = LINE('',#16779,#16780);
#16779 = CARTESIAN_POINT('',(50.,250.,30.));
#16780 = VECTOR('',#16781,1.);
#16781 = DIRECTION('',(0.,0.965925826289,0.258819045103));
#16782 = PLANE('',#16783);
#16783 = AXIS2_PLACEMENT_3D('',#16784,#16785,#16786);
#16784 = CARTESIAN_POINT('',(50.,250.,30.));
#16785 = DIRECTION('',(0.,-0.258819045103,0.965925826289));
#16786 = DIRECTION('',(0.,0.965925826289,0.258819045103));
#16787 = ADVANCED_FACE('',(#16788),#16813,.F.);
#16788 = FACE_BOUND('',#16789,.F.);
#16789 = EDGE_LOOP('',(#16790,#16791,#16799,#16807));
#16790 = ORIENTED_EDGE('',*,*,#16769,.T.);
#16791 = ORIENTED_EDGE('',*,*,#16792,.T.);
#16792 = EDGE_CURVE('',#16762,#16793,#16795,.T.);
#16793 = VERTEX_POINT('',#16794);
#16794 = CARTESIAN_POINT('',(70.,275.,120.));
#16795 = LINE('',#16796,#16797);
#16796 = CARTESIAN_POINT('',(70.,275.,36.698729810778));
#16797 = VECTOR('',#16798,1.);
#16798 = DIRECTION('',(0.,0.,1.));
#16799 = ORIENTED_EDGE('',*,*,#16800,.F.);
#16800 = EDGE_CURVE('',#16801,#16793,#16803,.T.);
#16801 = VERTEX_POINT('',#16802);
#16802 = CARTESIAN_POINT('',(50.,275.,120.));
#16803 = LINE('',#16804,#16805);
#16804 = CARTESIAN_POINT('',(50.,275.,120.));
#16805 = VECTOR('',#16806,1.);
#16806 = DIRECTION('',(1.,0.,0.));
#16807 = ORIENTED_EDGE('',*,*,#16808,.F.);
#16808 = EDGE_CURVE('',#16770,#16801,#16809,.T.);
#16809 = LINE('',#16810,#16811);
#16810 = CARTESIAN_POINT('',(50.,275.,36.698729810778));
#16811 = VECTOR('',#16812,1.);
#16812 = DIRECTION('',(0.,0.,1.));
#16813 = PLANE('',#16814);
#16814 = AXIS2_PLACEMENT_3D('',#16815,#16816,#16817);
#16815 = CARTESIAN_POINT('',(50.,275.,36.698729810778));
#16816 = DIRECTION('',(0.,-1.,0.));
#16817 = DIRECTION('',(0.,0.,1.));
#16818 = ADVANCED_FACE('',(#16819),#16844,.F.);
#16819 = FACE_BOUND('',#16820,.F.);
#16820 = EDGE_LOOP('',(#16821,#16822,#16830,#16838));
#16821 = ORIENTED_EDGE('',*,*,#16800,.T.);
#16822 = ORIENTED_EDGE('',*,*,#16823,.T.);
#16823 = EDGE_CURVE('',#16793,#16824,#16826,.T.);
#16824 = VERTEX_POINT('',#16825);
#16825 = CARTESIAN_POINT('',(70.,175.,120.));
#16826 = LINE('',#16827,#16828);
#16827 = CARTESIAN_POINT('',(70.,275.,120.));
#16828 = VECTOR('',#16829,1.);
#16829 = DIRECTION('',(0.,-1.,0.));
#16830 = ORIENTED_EDGE('',*,*,#16831,.F.);
#16831 = EDGE_CURVE('',#16832,#16824,#16834,.T.);
#16832 = VERTEX_POINT('',#16833);
#16833 = CARTESIAN_POINT('',(50.,175.,120.));
#16834 = LINE('',#16835,#16836);
#16835 = CARTESIAN_POINT('',(50.,175.,120.));
#16836 = VECTOR('',#16837,1.);
#16837 = DIRECTION('',(1.,0.,0.));
#16838 = ORIENTED_EDGE('',*,*,#16839,.F.);
#16839 = EDGE_CURVE('',#16801,#16832,#16840,.T.);
#16840 = LINE('',#16841,#16842);
#16841 = CARTESIAN_POINT('',(50.,275.,120.));
#16842 = VECTOR('',#16843,1.);
#16843 = DIRECTION('',(0.,-1.,0.));
#16844 = PLANE('',#16845);
#16845 = AXIS2_PLACEMENT_3D('',#16846,#16847,#16848);
#16846 = CARTESIAN_POINT('',(50.,275.,120.));
#16847 = DIRECTION('',(0.,0.,-1.));
#16848 = DIRECTION('',(0.,-1.,0.));
#16849 = ADVANCED_FACE('',(#16850),#16875,.F.);
#16850 = FACE_BOUND('',#16851,.F.);
#16851 = EDGE_LOOP('',(#16852,#16853,#16861,#16869));
#16852 = ORIENTED_EDGE('',*,*,#16831,.T.);
#16853 = ORIENTED_EDGE('',*,*,#16854,.T.);
#16854 = EDGE_CURVE('',#16824,#16855,#16857,.T.);
#16855 = VERTEX_POINT('',#16856);
#16856 = CARTESIAN_POINT('',(70.,175.,36.698729810778));
#16857 = LINE('',#16858,#16859);
#16858 = CARTESIAN_POINT('',(70.,175.,120.));
#16859 = VECTOR('',#16860,1.);
#16860 = DIRECTION('',(0.,0.,-1.));
#16861 = ORIENTED_EDGE('',*,*,#16862,.F.);
#16862 = EDGE_CURVE('',#16863,#16855,#16865,.T.);
#16863 = VERTEX_POINT('',#16864);
#16864 = CARTESIAN_POINT('',(50.,175.,36.698729810778));
#16865 = LINE('',#16866,#16867);
#16866 = CARTESIAN_POINT('',(50.,175.,36.698729810778));
#16867 = VECTOR('',#16868,1.);
#16868 = DIRECTION('',(1.,0.,0.));
#16869 = ORIENTED_EDGE('',*,*,#16870,.F.);
#16870 = EDGE_CURVE('',#16832,#16863,#16871,.T.);
#16871 = LINE('',#16872,#16873);
#16872 = CARTESIAN_POINT('',(50.,175.,120.));
#16873 = VECTOR('',#16874,1.);
#16874 = DIRECTION('',(0.,0.,-1.));
#16875 = PLANE('',#16876);
#16876 = AXIS2_PLACEMENT_3D('',#16877,#16878,#16879);
#16877 = CARTESIAN_POINT('',(50.,175.,120.));
#16878 = DIRECTION('',(-0.,1.,0.));
#16879 = DIRECTION('',(0.,0.,-1.));
#16880 = ADVANCED_FACE('',(#16881),#16897,.F.);
#16881 = FACE_BOUND('',#16882,.F.);
#16882 = EDGE_LOOP('',(#16883,#16884,#16890,#16891));
#16883 = ORIENTED_EDGE('',*,*,#16862,.T.);
#16884 = ORIENTED_EDGE('',*,*,#16885,.T.);
#16885 = EDGE_CURVE('',#16855,#16723,#16886,.T.);
#16886 = LINE('',#16887,#16888);
#16887 = CARTESIAN_POINT('',(70.,175.,36.698729810778));
#16888 = VECTOR('',#16889,1.);
#16889 = DIRECTION('',(0.,0.965925826289,-0.258819045103));
#16890 = ORIENTED_EDGE('',*,*,#16720,.F.);
#16891 = ORIENTED_EDGE('',*,*,#16892,.F.);
#16892 = EDGE_CURVE('',#16863,#16721,#16893,.T.);
#16893 = LINE('',#16894,#16895);
#16894 = CARTESIAN_POINT('',(50.,175.,36.698729810778));
#16895 = VECTOR('',#16896,1.);
#16896 = DIRECTION('',(0.,0.965925826289,-0.258819045103));
#16897 = PLANE('',#16898);
#16898 = AXIS2_PLACEMENT_3D('',#16899,#16900,#16901);
#16899 = CARTESIAN_POINT('',(50.,175.,36.698729810778));
#16900 = DIRECTION('',(-0.,0.258819045103,0.965925826289));
#16901 = DIRECTION('',(0.,0.965925826289,-0.258819045103));
#16902 = ADVANCED_FACE('',(#16903),#16911,.F.);
#16903 = FACE_BOUND('',#16904,.F.);
#16904 = EDGE_LOOP('',(#16905,#16906,#16907,#16908,#16909,#16910));
#16905 = ORIENTED_EDGE('',*,*,#16746,.T.);
#16906 = ORIENTED_EDGE('',*,*,#16777,.T.);
#16907 = ORIENTED_EDGE('',*,*,#16808,.T.);
#16908 = ORIENTED_EDGE('',*,*,#16839,.T.);
#16909 = ORIENTED_EDGE('',*,*,#16870,.T.);
#16910 = ORIENTED_EDGE('',*,*,#16892,.T.);
#16911 = PLANE('',#16912);
#16912 = AXIS2_PLACEMENT_3D('',#16913,#16914,#16915);
#16913 = CARTESIAN_POINT('',(50.,225.,76.770023734079));
#16914 = DIRECTION('',(1.,0.,0.));
#16915 = DIRECTION('',(-0.,0.,1.));
#16916 = ADVANCED_FACE('',(#16917),#16925,.T.);
#16917 = FACE_BOUND('',#16918,.T.);
#16918 = EDGE_LOOP('',(#16919,#16920,#16921,#16922,#16923,#16924));
#16919 = ORIENTED_EDGE('',*,*,#16730,.T.);
#16920 = ORIENTED_EDGE('',*,*,#16761,.T.);
#16921 = ORIENTED_EDGE('',*,*,#16792,.T.);
#16922 = ORIENTED_EDGE('',*,*,#16823,.T.);
#16923 = ORIENTED_EDGE('',*,*,#16854,.T.);
#16924 = ORIENTED_EDGE('',*,*,#16885,.T.);
#16925 = PLANE('',#16926);
#16926 = AXIS2_PLACEMENT_3D('',#16927,#16928,#16929);
#16927 = CARTESIAN_POINT('',(70.,225.,76.770023734079));
#16928 = DIRECTION('',(1.,0.,0.));
#16929 = DIRECTION('',(-0.,0.,1.));
#16930 = ( GEOMETRIC_REPRESENTATION_CONTEXT(3) 
GLOBAL_UNCERTAINTY_ASSIGNED_CONTEXT((#16934)) 
GLOBAL_UNIT_ASSIGNED_CONTEXT((#16931,#16932,#16933)) 
REPRESENTATION_CONTEXT('Context #1',
  '3D Context with UNIT and UNCERTAINTY') );
#16931 = ( LENGTH_UNIT() NAMED_UNIT(*) SI_UNIT(.MILLI.,.METRE.) );
#16932 = ( NAMED_UNIT(*) PLANE_ANGLE_UNIT() SI_UNIT($,.RADIAN.) );
#16933 = ( NAMED_UNIT(*) SI_UNIT($,.STERADIAN.) SOLID_ANGLE_UNIT() );
#16934 = UNCERTAINTY_MEASURE_WITH_UNIT(LENGTH_MEASURE(1.E-07),#16931,
  'distance_accuracy_value','confusion accuracy');
#16935 = CONTEXT_DEPENDENT_SHAPE_REPRESENTATION(#16936,#16938);
#16936 = ( REPRESENTATION_RELATIONSHIP('','',#16713,#10) 
REPRESENTATION_RELATIONSHIP_WITH_TRANSFORMATION(#16937) 
SHAPE_REPRESENTATION_RELATIONSHIP() );
#16937 = ITEM_DEFINED_TRANSFORMATION('','',#11,#387);
#16938 = PRODUCT_DEFINITION_SHAPE('Placement','Placement of an item',
  #16939);
#16939 = NEXT_ASSEMBLY_USAGE_OCCURRENCE('182',
  'TRI-AMA-STARBOARD-BULKHEAD-01 | Bulkhead | nominal plywood 20 mm','',
  #5,#16708,$);
#16940 = PRODUCT_RELATED_PRODUCT_CATEGORY('part',$,(#16710));
#16941 = SHAPE_DEFINITION_REPRESENTATION(#16942,#16948);
#16942 = PRODUCT_DEFINITION_SHAPE('','',#16943);
#16943 = PRODUCT_DEFINITION('design','',#16944,#16947);
#16944 = PRODUCT_DEFINITION_FORMATION('','',#16945);
#16945 = PRODUCT(
  'TRI-AMA-STARBOARD-BULKHEAD-02 | Bulkhead | nominal plywood 20 mm',
  'TRI-AMA-STARBOARD-BULKHEAD-02 | Bulkhead | nominal plywood 20 mm','',
  (#16946));
#16946 = PRODUCT_CONTEXT('',#2,'mechanical');
#16947 = PRODUCT_DEFINITION_CONTEXT('part definition',#2,'design');
#16948 = ADVANCED_BREP_SHAPE_REPRESENTATION('',(#11,#16949),#17165);
#16949 = MANIFOLD_SOLID_BREP('',#16950);
#16950 = CLOSED_SHELL('',(#16951,#16991,#17022,#17053,#17084,#17115,
    #17137,#17151));
#16951 = ADVANCED_FACE('',(#16952),#16986,.F.);
#16952 = FACE_BOUND('',#16953,.F.);
#16953 = EDGE_LOOP('',(#16954,#16964,#16972,#16980));
#16954 = ORIENTED_EDGE('',*,*,#16955,.T.);
#16955 = EDGE_CURVE('',#16956,#16958,#16960,.T.);
#16956 = VERTEX_POINT('',#16957);
#16957 = CARTESIAN_POINT('',(220.,200.,30.));
#16958 = VERTEX_POINT('',#16959);
#16959 = CARTESIAN_POINT('',(240.,200.,30.));
#16960 = LINE('',#16961,#16962);
#16961 = CARTESIAN_POINT('',(220.,200.,30.));
#16962 = VECTOR('',#16963,1.);
#16963 = DIRECTION('',(1.,0.,0.));
#16964 = ORIENTED_EDGE('',*,*,#16965,.T.);
#16965 = EDGE_CURVE('',#16958,#16966,#16968,.T.);
#16966 = VERTEX_POINT('',#16967);
#16967 = CARTESIAN_POINT('',(240.,250.,30.));
#16968 = LINE('',#16969,#16970);
#16969 = CARTESIAN_POINT('',(240.,200.,30.));
#16970 = VECTOR('',#16971,1.);
#16971 = DIRECTION('',(0.,1.,0.));
#16972 = ORIENTED_EDGE('',*,*,#16973,.F.);
#16973 = EDGE_CURVE('',#16974,#16966,#16976,.T.);
#16974 = VERTEX_POINT('',#16975);
#16975 = CARTESIAN_POINT('',(220.,250.,30.));
#16976 = LINE('',#16977,#16978);
#16977 = CARTESIAN_POINT('',(220.,250.,30.));
#16978 = VECTOR('',#16979,1.);
#16979 = DIRECTION('',(1.,0.,0.));
#16980 = ORIENTED_EDGE('',*,*,#16981,.F.);
#16981 = EDGE_CURVE('',#16956,#16974,#16982,.T.);
#16982 = LINE('',#16983,#16984);
#16983 = CARTESIAN_POINT('',(220.,200.,30.));
#16984 = VECTOR('',#16985,1.);
#16985 = DIRECTION('',(0.,1.,0.));
#16986 = PLANE('',#16987);
#16987 = AXIS2_PLACEMENT_3D('',#16988,#16989,#16990);
#16988 = CARTESIAN_POINT('',(220.,200.,30.));
#16989 = DIRECTION('',(0.,0.,1.));
#16990 = DIRECTION('',(0.,1.,0.));
#16991 = ADVANCED_FACE('',(#16992),#17017,.F.);
#16992 = FACE_BOUND('',#16993,.F.);
#16993 = EDGE_LOOP('',(#16994,#16995,#17003,#17011));
#16994 = ORIENTED_EDGE('',*,*,#16973,.T.);
#16995 = ORIENTED_EDGE('',*,*,#16996,.T.);
#16996 = EDGE_CURVE('',#16966,#16997,#16999,.T.);
#16997 = VERTEX_POINT('',#16998);
#16998 = CARTESIAN_POINT('',(240.,275.,36.698729810778));
#16999 = LINE('',#17000,#17001);
#17000 = CARTESIAN_POINT('',(240.,250.,30.));
#17001 = VECTOR('',#17002,1.);
#17002 = DIRECTION('',(0.,0.965925826289,0.258819045103));
#17003 = ORIENTED_EDGE('',*,*,#17004,.F.);
#17004 = EDGE_CURVE('',#17005,#16997,#17007,.T.);
#17005 = VERTEX_POINT('',#17006);
#17006 = CARTESIAN_POINT('',(220.,275.,36.698729810778));
#17007 = LINE('',#17008,#17009);
#17008 = CARTESIAN_POINT('',(220.,275.,36.698729810778));
#17009 = VECTOR('',#17010,1.);
#17010 = DIRECTION('',(1.,0.,0.));
#17011 = ORIENTED_EDGE('',*,*,#17012,.F.);
#17012 = EDGE_CURVE('',#16974,#17005,#17013,.T.);
#17013 = LINE('',#17014,#17015);
#17014 = CARTESIAN_POINT('',(220.,250.,30.));
#17015 = VECTOR('',#17016,1.);
#17016 = DIRECTION('',(0.,0.965925826289,0.258819045103));
#17017 = PLANE('',#17018);
#17018 = AXIS2_PLACEMENT_3D('',#17019,#17020,#17021);
#17019 = CARTESIAN_POINT('',(220.,250.,30.));
#17020 = DIRECTION('',(0.,-0.258819045103,0.965925826289));
#17021 = DIRECTION('',(0.,0.965925826289,0.258819045103));
#17022 = ADVANCED_FACE('',(#17023),#17048,.F.);
#17023 = FACE_BOUND('',#17024,.F.);
#17024 = EDGE_LOOP('',(#17025,#17026,#17034,#17042));
#17025 = ORIENTED_EDGE('',*,*,#17004,.T.);
#17026 = ORIENTED_EDGE('',*,*,#17027,.T.);
#17027 = EDGE_CURVE('',#16997,#17028,#17030,.T.);
#17028 = VERTEX_POINT('',#17029);
#17029 = CARTESIAN_POINT('',(240.,275.,120.));
#17030 = LINE('',#17031,#17032);
#17031 = CARTESIAN_POINT('',(240.,275.,36.698729810778));
#17032 = VECTOR('',#17033,1.);
#17033 = DIRECTION('',(0.,0.,1.));
#17034 = ORIENTED_EDGE('',*,*,#17035,.F.);
#17035 = EDGE_CURVE('',#17036,#17028,#17038,.T.);
#17036 = VERTEX_POINT('',#17037);
#17037 = CARTESIAN_POINT('',(220.,275.,120.));
#17038 = LINE('',#17039,#17040);
#17039 = CARTESIAN_POINT('',(220.,275.,120.));
#17040 = VECTOR('',#17041,1.);
#17041 = DIRECTION('',(1.,0.,0.));
#17042 = ORIENTED_EDGE('',*,*,#17043,.F.);
#17043 = EDGE_CURVE('',#17005,#17036,#17044,.T.);
#17044 = LINE('',#17045,#17046);
#17045 = CARTESIAN_POINT('',(220.,275.,36.698729810778));
#17046 = VECTOR('',#17047,1.);
#17047 = DIRECTION('',(0.,0.,1.));
#17048 = PLANE('',#17049);
#17049 = AXIS2_PLACEMENT_3D('',#17050,#17051,#17052);
#17050 = CARTESIAN_POINT('',(220.,275.,36.698729810778));
#17051 = DIRECTION('',(0.,-1.,0.));
#17052 = DIRECTION('',(0.,0.,1.));
#17053 = ADVANCED_FACE('',(#17054),#17079,.F.);
#17054 = FACE_BOUND('',#17055,.F.);
#17055 = EDGE_LOOP('',(#17056,#17057,#17065,#17073));
#17056 = ORIENTED_EDGE('',*,*,#17035,.T.);
#17057 = ORIENTED_EDGE('',*,*,#17058,.T.);
#17058 = EDGE_CURVE('',#17028,#17059,#17061,.T.);
#17059 = VERTEX_POINT('',#17060);
#17060 = CARTESIAN_POINT('',(240.,175.,120.));
#17061 = LINE('',#17062,#17063);
#17062 = CARTESIAN_POINT('',(240.,275.,120.));
#17063 = VECTOR('',#17064,1.);
#17064 = DIRECTION('',(0.,-1.,0.));
#17065 = ORIENTED_EDGE('',*,*,#17066,.F.);
#17066 = EDGE_CURVE('',#17067,#17059,#17069,.T.);
#17067 = VERTEX_POINT('',#17068);
#17068 = CARTESIAN_POINT('',(220.,175.,120.));
#17069 = LINE('',#17070,#17071);
#17070 = CARTESIAN_POINT('',(220.,175.,120.));
#17071 = VECTOR('',#17072,1.);
#17072 = DIRECTION('',(1.,0.,0.));
#17073 = ORIENTED_EDGE('',*,*,#17074,.F.);
#17074 = EDGE_CURVE('',#17036,#17067,#17075,.T.);
#17075 = LINE('',#17076,#17077);
#17076 = CARTESIAN_POINT('',(220.,275.,120.));
#17077 = VECTOR('',#17078,1.);
#17078 = DIRECTION('',(0.,-1.,0.));
#17079 = PLANE('',#17080);
#17080 = AXIS2_PLACEMENT_3D('',#17081,#17082,#17083);
#17081 = CARTESIAN_POINT('',(220.,275.,120.));
#17082 = DIRECTION('',(0.,0.,-1.));
#17083 = DIRECTION('',(0.,-1.,0.));
#17084 = ADVANCED_FACE('',(#17085),#17110,.F.);
#17085 = FACE_BOUND('',#17086,.F.);
#17086 = EDGE_LOOP('',(#17087,#17088,#17096,#17104));
#17087 = ORIENTED_EDGE('',*,*,#17066,.T.);
#17088 = ORIENTED_EDGE('',*,*,#17089,.T.);
#17089 = EDGE_CURVE('',#17059,#17090,#17092,.T.);
#17090 = VERTEX_POINT('',#17091);
#17091 = CARTESIAN_POINT('',(240.,175.,36.698729810778));
#17092 = LINE('',#17093,#17094);
#17093 = CARTESIAN_POINT('',(240.,175.,120.));
#17094 = VECTOR('',#17095,1.);
#17095 = DIRECTION('',(0.,0.,-1.));
#17096 = ORIENTED_EDGE('',*,*,#17097,.F.);
#17097 = EDGE_CURVE('',#17098,#17090,#17100,.T.);
#17098 = VERTEX_POINT('',#17099);
#17099 = CARTESIAN_POINT('',(220.,175.,36.698729810778));
#17100 = LINE('',#17101,#17102);
#17101 = CARTESIAN_POINT('',(220.,175.,36.698729810778));
#17102 = VECTOR('',#17103,1.);
#17103 = DIRECTION('',(1.,0.,0.));
#17104 = ORIENTED_EDGE('',*,*,#17105,.F.);
#17105 = EDGE_CURVE('',#17067,#17098,#17106,.T.);
#17106 = LINE('',#17107,#17108);
#17107 = CARTESIAN_POINT('',(220.,175.,120.));
#17108 = VECTOR('',#17109,1.);
#17109 = DIRECTION('',(0.,0.,-1.));
#17110 = PLANE('',#17111);
#17111 = AXIS2_PLACEMENT_3D('',#17112,#17113,#17114);
#17112 = CARTESIAN_POINT('',(220.,175.,120.));
#17113 = DIRECTION('',(-0.,1.,0.));
#17114 = DIRECTION('',(0.,0.,-1.));
#17115 = ADVANCED_FACE('',(#17116),#17132,.F.);
#17116 = FACE_BOUND('',#17117,.F.);
#17117 = EDGE_LOOP('',(#17118,#17119,#17125,#17126));
#17118 = ORIENTED_EDGE('',*,*,#17097,.T.);
#17119 = ORIENTED_EDGE('',*,*,#17120,.T.);
#17120 = EDGE_CURVE('',#17090,#16958,#17121,.T.);
#17121 = LINE('',#17122,#17123);
#17122 = CARTESIAN_POINT('',(240.,175.,36.698729810778));
#17123 = VECTOR('',#17124,1.);
#17124 = DIRECTION('',(0.,0.965925826289,-0.258819045103));
#17125 = ORIENTED_EDGE('',*,*,#16955,.F.);
#17126 = ORIENTED_EDGE('',*,*,#17127,.F.);
#17127 = EDGE_CURVE('',#17098,#16956,#17128,.T.);
#17128 = LINE('',#17129,#17130);
#17129 = CARTESIAN_POINT('',(220.,175.,36.698729810778));
#17130 = VECTOR('',#17131,1.);
#17131 = DIRECTION('',(0.,0.965925826289,-0.258819045103));
#17132 = PLANE('',#17133);
#17133 = AXIS2_PLACEMENT_3D('',#17134,#17135,#17136);
#17134 = CARTESIAN_POINT('',(220.,175.,36.698729810778));
#17135 = DIRECTION('',(-0.,0.258819045103,0.965925826289));
#17136 = DIRECTION('',(0.,0.965925826289,-0.258819045103));
#17137 = ADVANCED_FACE('',(#17138),#17146,.F.);
#17138 = FACE_BOUND('',#17139,.F.);
#17139 = EDGE_LOOP('',(#17140,#17141,#17142,#17143,#17144,#17145));
#17140 = ORIENTED_EDGE('',*,*,#16981,.T.);
#17141 = ORIENTED_EDGE('',*,*,#17012,.T.);
#17142 = ORIENTED_EDGE('',*,*,#17043,.T.);
#17143 = ORIENTED_EDGE('',*,*,#17074,.T.);
#17144 = ORIENTED_EDGE('',*,*,#17105,.T.);
#17145 = ORIENTED_EDGE('',*,*,#17127,.T.);
#17146 = PLANE('',#17147);
#17147 = AXIS2_PLACEMENT_3D('',#17148,#17149,#17150);
#17148 = CARTESIAN_POINT('',(220.,225.,76.770023734079));
#17149 = DIRECTION('',(1.,0.,0.));
#17150 = DIRECTION('',(-0.,0.,1.));
#17151 = ADVANCED_FACE('',(#17152),#17160,.T.);
#17152 = FACE_BOUND('',#17153,.T.);
#17153 = EDGE_LOOP('',(#17154,#17155,#17156,#17157,#17158,#17159));
#17154 = ORIENTED_EDGE('',*,*,#16965,.T.);
#17155 = ORIENTED_EDGE('',*,*,#16996,.T.);
#17156 = ORIENTED_EDGE('',*,*,#17027,.T.);
#17157 = ORIENTED_EDGE('',*,*,#17058,.T.);
#17158 = ORIENTED_EDGE('',*,*,#17089,.T.);
#17159 = ORIENTED_EDGE('',*,*,#17120,.T.);
#17160 = PLANE('',#17161);
#17161 = AXIS2_PLACEMENT_3D('',#17162,#17163,#17164);
#17162 = CARTESIAN_POINT('',(240.,225.,76.770023734079));
#17163 = DIRECTION('',(1.,0.,0.));
#17164 = DIRECTION('',(-0.,0.,1.));
#17165 = ( GEOMETRIC_REPRESENTATION_CONTEXT(3) 
GLOBAL_UNCERTAINTY_ASSIGNED_CONTEXT((#17169)) 
GLOBAL_UNIT_ASSIGNED_CONTEXT((#17166,#17167,#17168)) 
REPRESENTATION_CONTEXT('Context #1',
  '3D Context with UNIT and UNCERTAINTY') );
#17166 = ( LENGTH_UNIT() NAMED_UNIT(*) SI_UNIT(.MILLI.,.METRE.) );
#17167 = ( NAMED_UNIT(*) PLANE_ANGLE_UNIT() SI_UNIT($,.RADIAN.) );
#17168 = ( NAMED_UNIT(*) SI_UNIT($,.STERADIAN.) SOLID_ANGLE_UNIT() );
#17169 = UNCERTAINTY_MEASURE_WITH_UNIT(LENGTH_MEASURE(1.E-07),#17166,
  'distance_accuracy_value','confusion accuracy');
#17170 = CONTEXT_DEPENDENT_SHAPE_REPRESENTATION(#17171,#17173);
#17171 = ( REPRESENTATION_RELATIONSHIP('','',#16948,#10) 
REPRESENTATION_RELATIONSHIP_WITH_TRANSFORMATION(#17172) 
SHAPE_REPRESENTATION_RELATIONSHIP() );
#17172 = ITEM_DEFINED_TRANSFORMATION('','',#11,#391);
#17173 = PRODUCT_DEFINITION_SHAPE('Placement','Placement of an item',
  #17174);
#17174 = NEXT_ASSEMBLY_USAGE_OCCURRENCE('183',
  'TRI-AMA-STARBOARD-BULKHEAD-02 | Bulkhead | nominal plywood 20 mm','',
  #5,#16943,$);
#17175 = PRODUCT_RELATED_PRODUCT_CATEGORY('part',$,(#16945));
#17176 = SHAPE_DEFINITION_REPRESENTATION(#17177,#17183);
#17177 = PRODUCT_DEFINITION_SHAPE('','',#17178);
#17178 = PRODUCT_DEFINITION('design','',#17179,#17182);
#17179 = PRODUCT_DEFINITION_FORMATION('','',#17180);
#17180 = PRODUCT(
  'TRI-AMA-STARBOARD-BULKHEAD-03 | Bulkhead | nominal plywood 20 mm',
  'TRI-AMA-STARBOARD-BULKHEAD-03 | Bulkhead | nominal plywood 20 mm','',
  (#17181));
#17181 = PRODUCT_CONTEXT('',#2,'mechanical');
#17182 = PRODUCT_DEFINITION_CONTEXT('part definition',#2,'design');
#17183 = ADVANCED_BREP_SHAPE_REPRESENTATION('',(#11,#17184),#17400);
#17184 = MANIFOLD_SOLID_BREP('',#17185);
#17185 = CLOSED_SHELL('',(#17186,#17226,#17257,#17288,#17319,#17350,
    #17372,#17386));
#17186 = ADVANCED_FACE('',(#17187),#17221,.F.);
#17187 = FACE_BOUND('',#17188,.F.);
#17188 = EDGE_LOOP('',(#17189,#17199,#17207,#17215));
#17189 = ORIENTED_EDGE('',*,*,#17190,.T.);
#17190 = EDGE_CURVE('',#17191,#17193,#17195,.T.);
#17191 = VERTEX_POINT('',#17192);
#17192 = CARTESIAN_POINT('',(390.,200.,30.));
#17193 = VERTEX_POINT('',#17194);
#17194 = CARTESIAN_POINT('',(410.,200.,30.));
#17195 = LINE('',#17196,#17197);
#17196 = CARTESIAN_POINT('',(390.,200.,30.));
#17197 = VECTOR('',#17198,1.);
#17198 = DIRECTION('',(1.,0.,0.));
#17199 = ORIENTED_EDGE('',*,*,#17200,.T.);
#17200 = EDGE_CURVE('',#17193,#17201,#17203,.T.);
#17201 = VERTEX_POINT('',#17202);
#17202 = CARTESIAN_POINT('',(410.,250.,30.));
#17203 = LINE('',#17204,#17205);
#17204 = CARTESIAN_POINT('',(410.,200.,30.));
#17205 = VECTOR('',#17206,1.);
#17206 = DIRECTION('',(0.,1.,0.));
#17207 = ORIENTED_EDGE('',*,*,#17208,.F.);
#17208 = EDGE_CURVE('',#17209,#17201,#17211,.T.);
#17209 = VERTEX_POINT('',#17210);
#17210 = CARTESIAN_POINT('',(390.,250.,30.));
#17211 = LINE('',#17212,#17213);
#17212 = CARTESIAN_POINT('',(390.,250.,30.));
#17213 = VECTOR('',#17214,1.);
#17214 = DIRECTION('',(1.,0.,0.));
#17215 = ORIENTED_EDGE('',*,*,#17216,.F.);
#17216 = EDGE_CURVE('',#17191,#17209,#17217,.T.);
#17217 = LINE('',#17218,#17219);
#17218 = CARTESIAN_POINT('',(390.,200.,30.));
#17219 = VECTOR('',#17220,1.);
#17220 = DIRECTION('',(0.,1.,0.));
#17221 = PLANE('',#17222);
#17222 = AXIS2_PLACEMENT_3D('',#17223,#17224,#17225);
#17223 = CARTESIAN_POINT('',(390.,200.,30.));
#17224 = DIRECTION('',(0.,0.,1.));
#17225 = DIRECTION('',(0.,1.,0.));
#17226 = ADVANCED_FACE('',(#17227),#17252,.F.);
#17227 = FACE_BOUND('',#17228,.F.);
#17228 = EDGE_LOOP('',(#17229,#17230,#17238,#17246));
#17229 = ORIENTED_EDGE('',*,*,#17208,.T.);
#17230 = ORIENTED_EDGE('',*,*,#17231,.T.);
#17231 = EDGE_CURVE('',#17201,#17232,#17234,.T.);
#17232 = VERTEX_POINT('',#17233);
#17233 = CARTESIAN_POINT('',(410.,275.,36.698729810778));
#17234 = LINE('',#17235,#17236);
#17235 = CARTESIAN_POINT('',(410.,250.,30.));
#17236 = VECTOR('',#17237,1.);
#17237 = DIRECTION('',(0.,0.965925826289,0.258819045103));
#17238 = ORIENTED_EDGE('',*,*,#17239,.F.);
#17239 = EDGE_CURVE('',#17240,#17232,#17242,.T.);
#17240 = VERTEX_POINT('',#17241);
#17241 = CARTESIAN_POINT('',(390.,275.,36.698729810778));
#17242 = LINE('',#17243,#17244);
#17243 = CARTESIAN_POINT('',(390.,275.,36.698729810778));
#17244 = VECTOR('',#17245,1.);
#17245 = DIRECTION('',(1.,0.,0.));
#17246 = ORIENTED_EDGE('',*,*,#17247,.F.);
#17247 = EDGE_CURVE('',#17209,#17240,#17248,.T.);
#17248 = LINE('',#17249,#17250);
#17249 = CARTESIAN_POINT('',(390.,250.,30.));
#17250 = VECTOR('',#17251,1.);
#17251 = DIRECTION('',(0.,0.965925826289,0.258819045103));
#17252 = PLANE('',#17253);
#17253 = AXIS2_PLACEMENT_3D('',#17254,#17255,#17256);
#17254 = CARTESIAN_POINT('',(390.,250.,30.));
#17255 = DIRECTION('',(0.,-0.258819045103,0.965925826289));
#17256 = DIRECTION('',(0.,0.965925826289,0.258819045103));
#17257 = ADVANCED_FACE('',(#17258),#17283,.F.);
#17258 = FACE_BOUND('',#17259,.F.);
#17259 = EDGE_LOOP('',(#17260,#17261,#17269,#17277));
#17260 = ORIENTED_EDGE('',*,*,#17239,.T.);
#17261 = ORIENTED_EDGE('',*,*,#17262,.T.);
#17262 = EDGE_CURVE('',#17232,#17263,#17265,.T.);
#17263 = VERTEX_POINT('',#17264);
#17264 = CARTESIAN_POINT('',(410.,275.,120.));
#17265 = LINE('',#17266,#17267);
#17266 = CARTESIAN_POINT('',(410.,275.,36.698729810778));
#17267 = VECTOR('',#17268,1.);
#17268 = DIRECTION('',(0.,0.,1.));
#17269 = ORIENTED_EDGE('',*,*,#17270,.F.);
#17270 = EDGE_CURVE('',#17271,#17263,#17273,.T.);
#17271 = VERTEX_POINT('',#17272);
#17272 = CARTESIAN_POINT('',(390.,275.,120.));
#17273 = LINE('',#17274,#17275);
#17274 = CARTESIAN_POINT('',(390.,275.,120.));
#17275 = VECTOR('',#17276,1.);
#17276 = DIRECTION('',(1.,0.,0.));
#17277 = ORIENTED_EDGE('',*,*,#17278,.F.);
#17278 = EDGE_CURVE('',#17240,#17271,#17279,.T.);
#17279 = LINE('',#17280,#17281);
#17280 = CARTESIAN_POINT('',(390.,275.,36.698729810778));
#17281 = VECTOR('',#17282,1.);
#17282 = DIRECTION('',(0.,0.,1.));
#17283 = PLANE('',#17284);
#17284 = AXIS2_PLACEMENT_3D('',#17285,#17286,#17287);
#17285 = CARTESIAN_POINT('',(390.,275.,36.698729810778));
#17286 = DIRECTION('',(0.,-1.,0.));
#17287 = DIRECTION('',(0.,0.,1.));
#17288 = ADVANCED_FACE('',(#17289),#17314,.F.);
#17289 = FACE_BOUND('',#17290,.F.);
#17290 = EDGE_LOOP('',(#17291,#17292,#17300,#17308));
#17291 = ORIENTED_EDGE('',*,*,#17270,.T.);
#17292 = ORIENTED_EDGE('',*,*,#17293,.T.);
#17293 = EDGE_CURVE('',#17263,#17294,#17296,.T.);
#17294 = VERTEX_POINT('',#17295);
#17295 = CARTESIAN_POINT('',(410.,175.,120.));
#17296 = LINE('',#17297,#17298);
#17297 = CARTESIAN_POINT('',(410.,275.,120.));
#17298 = VECTOR('',#17299,1.);
#17299 = DIRECTION('',(0.,-1.,0.));
#17300 = ORIENTED_EDGE('',*,*,#17301,.F.);
#17301 = EDGE_CURVE('',#17302,#17294,#17304,.T.);
#17302 = VERTEX_POINT('',#17303);
#17303 = CARTESIAN_POINT('',(390.,175.,120.));
#17304 = LINE('',#17305,#17306);
#17305 = CARTESIAN_POINT('',(390.,175.,120.));
#17306 = VECTOR('',#17307,1.);
#17307 = DIRECTION('',(1.,0.,0.));
#17308 = ORIENTED_EDGE('',*,*,#17309,.F.);
#17309 = EDGE_CURVE('',#17271,#17302,#17310,.T.);
#17310 = LINE('',#17311,#17312);
#17311 = CARTESIAN_POINT('',(390.,275.,120.));
#17312 = VECTOR('',#17313,1.);
#17313 = DIRECTION('',(0.,-1.,0.));
#17314 = PLANE('',#17315);
#17315 = AXIS2_PLACEMENT_3D('',#17316,#17317,#17318);
#17316 = CARTESIAN_POINT('',(390.,275.,120.));
#17317 = DIRECTION('',(0.,0.,-1.));
#17318 = DIRECTION('',(0.,-1.,0.));
#17319 = ADVANCED_FACE('',(#17320),#17345,.F.);
#17320 = FACE_BOUND('',#17321,.F.);
#17321 = EDGE_LOOP('',(#17322,#17323,#17331,#17339));
#17322 = ORIENTED_EDGE('',*,*,#17301,.T.);
#17323 = ORIENTED_EDGE('',*,*,#17324,.T.);
#17324 = EDGE_CURVE('',#17294,#17325,#17327,.T.);
#17325 = VERTEX_POINT('',#17326);
#17326 = CARTESIAN_POINT('',(410.,175.,36.698729810778));
#17327 = LINE('',#17328,#17329);
#17328 = CARTESIAN_POINT('',(410.,175.,120.));
#17329 = VECTOR('',#17330,1.);
#17330 = DIRECTION('',(0.,0.,-1.));
#17331 = ORIENTED_EDGE('',*,*,#17332,.F.);
#17332 = EDGE_CURVE('',#17333,#17325,#17335,.T.);
#17333 = VERTEX_POINT('',#17334);
#17334 = CARTESIAN_POINT('',(390.,175.,36.698729810778));
#17335 = LINE('',#17336,#17337);
#17336 = CARTESIAN_POINT('',(390.,175.,36.698729810778));
#17337 = VECTOR('',#17338,1.);
#17338 = DIRECTION('',(1.,0.,0.));
#17339 = ORIENTED_EDGE('',*,*,#17340,.F.);
#17340 = EDGE_CURVE('',#17302,#17333,#17341,.T.);
#17341 = LINE('',#17342,#17343);
#17342 = CARTESIAN_POINT('',(390.,175.,120.));
#17343 = VECTOR('',#17344,1.);
#17344 = DIRECTION('',(0.,0.,-1.));
#17345 = PLANE('',#17346);
#17346 = AXIS2_PLACEMENT_3D('',#17347,#17348,#17349);
#17347 = CARTESIAN_POINT('',(390.,175.,120.));
#17348 = DIRECTION('',(-0.,1.,0.));
#17349 = DIRECTION('',(0.,0.,-1.));
#17350 = ADVANCED_FACE('',(#17351),#17367,.F.);
#17351 = FACE_BOUND('',#17352,.F.);
#17352 = EDGE_LOOP('',(#17353,#17354,#17360,#17361));
#17353 = ORIENTED_EDGE('',*,*,#17332,.T.);
#17354 = ORIENTED_EDGE('',*,*,#17355,.T.);
#17355 = EDGE_CURVE('',#17325,#17193,#17356,.T.);
#17356 = LINE('',#17357,#17358);
#17357 = CARTESIAN_POINT('',(410.,175.,36.698729810778));
#17358 = VECTOR('',#17359,1.);
#17359 = DIRECTION('',(0.,0.965925826289,-0.258819045103));
#17360 = ORIENTED_EDGE('',*,*,#17190,.F.);
#17361 = ORIENTED_EDGE('',*,*,#17362,.F.);
#17362 = EDGE_CURVE('',#17333,#17191,#17363,.T.);
#17363 = LINE('',#17364,#17365);
#17364 = CARTESIAN_POINT('',(390.,175.,36.698729810778));
#17365 = VECTOR('',#17366,1.);
#17366 = DIRECTION('',(0.,0.965925826289,-0.258819045103));
#17367 = PLANE('',#17368);
#17368 = AXIS2_PLACEMENT_3D('',#17369,#17370,#17371);
#17369 = CARTESIAN_POINT('',(390.,175.,36.698729810778));
#17370 = DIRECTION('',(-0.,0.258819045103,0.965925826289));
#17371 = DIRECTION('',(0.,0.965925826289,-0.258819045103));
#17372 = ADVANCED_FACE('',(#17373),#17381,.F.);
#17373 = FACE_BOUND('',#17374,.F.);
#17374 = EDGE_LOOP('',(#17375,#17376,#17377,#17378,#17379,#17380));
#17375 = ORIENTED_EDGE('',*,*,#17216,.T.);
#17376 = ORIENTED_EDGE('',*,*,#17247,.T.);
#17377 = ORIENTED_EDGE('',*,*,#17278,.T.);
#17378 = ORIENTED_EDGE('',*,*,#17309,.T.);
#17379 = ORIENTED_EDGE('',*,*,#17340,.T.);
#17380 = ORIENTED_EDGE('',*,*,#17362,.T.);
#17381 = PLANE('',#17382);
#17382 = AXIS2_PLACEMENT_3D('',#17383,#17384,#17385);
#17383 = CARTESIAN_POINT('',(390.,225.,76.770023734079));
#17384 = DIRECTION('',(1.,0.,0.));
#17385 = DIRECTION('',(-0.,0.,1.));
#17386 = ADVANCED_FACE('',(#17387),#17395,.T.);
#17387 = FACE_BOUND('',#17388,.T.);
#17388 = EDGE_LOOP('',(#17389,#17390,#17391,#17392,#17393,#17394));
#17389 = ORIENTED_EDGE('',*,*,#17200,.T.);
#17390 = ORIENTED_EDGE('',*,*,#17231,.T.);
#17391 = ORIENTED_EDGE('',*,*,#17262,.T.);
#17392 = ORIENTED_EDGE('',*,*,#17293,.T.);
#17393 = ORIENTED_EDGE('',*,*,#17324,.T.);
#17394 = ORIENTED_EDGE('',*,*,#17355,.T.);
#17395 = PLANE('',#17396);
#17396 = AXIS2_PLACEMENT_3D('',#17397,#17398,#17399);
#17397 = CARTESIAN_POINT('',(410.,225.,76.770023734079));
#17398 = DIRECTION('',(1.,0.,0.));
#17399 = DIRECTION('',(-0.,0.,1.));
#17400 = ( GEOMETRIC_REPRESENTATION_CONTEXT(3) 
GLOBAL_UNCERTAINTY_ASSIGNED_CONTEXT((#17404)) 
GLOBAL_UNIT_ASSIGNED_CONTEXT((#17401,#17402,#17403)) 
REPRESENTATION_CONTEXT('Context #1',
  '3D Context with UNIT and UNCERTAINTY') );
#17401 = ( LENGTH_UNIT() NAMED_UNIT(*) SI_UNIT(.MILLI.,.METRE.) );
#17402 = ( NAMED_UNIT(*) PLANE_ANGLE_UNIT() SI_UNIT($,.RADIAN.) );
#17403 = ( NAMED_UNIT(*) SI_UNIT($,.STERADIAN.) SOLID_ANGLE_UNIT() );
#17404 = UNCERTAINTY_MEASURE_WITH_UNIT(LENGTH_MEASURE(1.E-07),#17401,
  'distance_accuracy_value','confusion accuracy');
#17405 = CONTEXT_DEPENDENT_SHAPE_REPRESENTATION(#17406,#17408);
#17406 = ( REPRESENTATION_RELATIONSHIP('','',#17183,#10) 
REPRESENTATION_RELATIONSHIP_WITH_TRANSFORMATION(#17407) 
SHAPE_REPRESENTATION_RELATIONSHIP() );
#17407 = ITEM_DEFINED_TRANSFORMATION('','',#11,#395);
#17408 = PRODUCT_DEFINITION_SHAPE('Placement','Placement of an item',
  #17409);
#17409 = NEXT_ASSEMBLY_USAGE_OCCURRENCE('184',
  'TRI-AMA-STARBOARD-BULKHEAD-03 | Bulkhead | nominal plywood 20 mm','',
  #5,#17178,$);
#17410 = PRODUCT_RELATED_PRODUCT_CATEGORY('part',$,(#17180));
#17411 = SHAPE_DEFINITION_REPRESENTATION(#17412,#17418);
#17412 = PRODUCT_DEFINITION_SHAPE('','',#17413);
#17413 = PRODUCT_DEFINITION('design','',#17414,#17417);
#17414 = PRODUCT_DEFINITION_FORMATION('','',#17415);
#17415 = PRODUCT(
  'TRI-AMA-STARBOARD-BULKHEAD-04 | Bulkhead | nominal plywood 20 mm',
  'TRI-AMA-STARBOARD-BULKHEAD-04 | Bulkhead | nominal plywood 20 mm','',
  (#17416));
#17416 = PRODUCT_CONTEXT('',#2,'mechanical');
#17417 = PRODUCT_DEFINITION_CONTEXT('part definition',#2,'design');
#17418 = ADVANCED_BREP_SHAPE_REPRESENTATION('',(#11,#17419),#17602);
#17419 = MANIFOLD_SOLID_BREP('',#17420);
#17420 = CLOSED_SHELL('',(#17421,#17461,#17492,#17523,#17554,#17576,
    #17589));
#17421 = ADVANCED_FACE('',(#17422),#17456,.F.);
#17422 = FACE_BOUND('',#17423,.F.);
#17423 = EDGE_LOOP('',(#17424,#17434,#17442,#17450));
#17424 = ORIENTED_EDGE('',*,*,#17425,.T.);
#17425 = EDGE_CURVE('',#17426,#17428,#17430,.T.);
#17426 = VERTEX_POINT('',#17427);
#17427 = CARTESIAN_POINT('',(560.,225.,30.));
#17428 = VERTEX_POINT('',#17429);
#17429 = CARTESIAN_POINT('',(580.,225.,30.));
#17430 = LINE('',#17431,#17432);
#17431 = CARTESIAN_POINT('',(560.,225.,30.));
#17432 = VECTOR('',#17433,1.);
#17433 = DIRECTION('',(1.,0.,0.));
#17434 = ORIENTED_EDGE('',*,*,#17435,.T.);
#17435 = EDGE_CURVE('',#17428,#17436,#17438,.T.);
#17436 = VERTEX_POINT('',#17437);
#17437 = CARTESIAN_POINT('',(580.,236.11111111111,32.977213249235));
#17438 = LINE('',#17439,#17440);
#17439 = CARTESIAN_POINT('',(580.,225.,30.));
#17440 = VECTOR('',#17441,1.);
#17441 = DIRECTION('',(0.,0.965925826289,0.258819045103));
#17442 = ORIENTED_EDGE('',*,*,#17443,.F.);
#17443 = EDGE_CURVE('',#17444,#17436,#17446,.T.);
#17444 = VERTEX_POINT('',#17445);
#17445 = CARTESIAN_POINT('',(560.,236.11111111111,32.977213249235));
#17446 = LINE('',#17447,#17448);
#17447 = CARTESIAN_POINT('',(560.,236.11111111111,32.977213249235));
#17448 = VECTOR('',#17449,1.);
#17449 = DIRECTION('',(1.,0.,0.));
#17450 = ORIENTED_EDGE('',*,*,#17451,.F.);
#17451 = EDGE_CURVE('',#17426,#17444,#17452,.T.);
#17452 = LINE('',#17453,#17454);
#17453 = CARTESIAN_POINT('',(560.,225.,30.));
#17454 = VECTOR('',#17455,1.);
#17455 = DIRECTION('',(0.,0.965925826289,0.258819045103));
#17456 = PLANE('',#17457);
#17457 = AXIS2_PLACEMENT_3D('',#17458,#17459,#17460);
#17458 = CARTESIAN_POINT('',(560.,225.,30.));
#17459 = DIRECTION('',(0.,-0.258819045103,0.965925826289));
#17460 = DIRECTION('',(0.,0.965925826289,0.258819045103));
#17461 = ADVANCED_FACE('',(#17462),#17487,.F.);
#17462 = FACE_BOUND('',#17463,.F.);
#17463 = EDGE_LOOP('',(#17464,#17465,#17473,#17481));
#17464 = ORIENTED_EDGE('',*,*,#17443,.T.);
#17465 = ORIENTED_EDGE('',*,*,#17466,.T.);
#17466 = EDGE_CURVE('',#17436,#17467,#17469,.T.);
#17467 = VERTEX_POINT('',#17468);
#17468 = CARTESIAN_POINT('',(580.,236.11111111111,120.));
#17469 = LINE('',#17470,#17471);
#17470 = CARTESIAN_POINT('',(580.,236.11111111111,32.977213249235));
#17471 = VECTOR('',#17472,1.);
#17472 = DIRECTION('',(0.,0.,1.));
#17473 = ORIENTED_EDGE('',*,*,#17474,.F.);
#17474 = EDGE_CURVE('',#17475,#17467,#17477,.T.);
#17475 = VERTEX_POINT('',#17476);
#17476 = CARTESIAN_POINT('',(560.,236.11111111111,120.));
#17477 = LINE('',#17478,#17479);
#17478 = CARTESIAN_POINT('',(560.,236.11111111111,120.));
#17479 = VECTOR('',#17480,1.);
#17480 = DIRECTION('',(1.,0.,0.));
#17481 = ORIENTED_EDGE('',*,*,#17482,.F.);
#17482 = EDGE_CURVE('',#17444,#17475,#17483,.T.);
#17483 = LINE('',#17484,#17485);
#17484 = CARTESIAN_POINT('',(560.,236.11111111111,32.977213249235));
#17485 = VECTOR('',#17486,1.);
#17486 = DIRECTION('',(0.,0.,1.));
#17487 = PLANE('',#17488);
#17488 = AXIS2_PLACEMENT_3D('',#17489,#17490,#17491);
#17489 = CARTESIAN_POINT('',(560.,236.11111111111,32.977213249235));
#17490 = DIRECTION('',(0.,-1.,0.));
#17491 = DIRECTION('',(0.,0.,1.));
#17492 = ADVANCED_FACE('',(#17493),#17518,.F.);
#17493 = FACE_BOUND('',#17494,.F.);
#17494 = EDGE_LOOP('',(#17495,#17496,#17504,#17512));
#17495 = ORIENTED_EDGE('',*,*,#17474,.T.);
#17496 = ORIENTED_EDGE('',*,*,#17497,.T.);
#17497 = EDGE_CURVE('',#17467,#17498,#17500,.T.);
#17498 = VERTEX_POINT('',#17499);
#17499 = CARTESIAN_POINT('',(580.,213.88888888888,120.));
#17500 = LINE('',#17501,#17502);
#17501 = CARTESIAN_POINT('',(580.,236.11111111111,120.));
#17502 = VECTOR('',#17503,1.);
#17503 = DIRECTION('',(0.,-1.,0.));
#17504 = ORIENTED_EDGE('',*,*,#17505,.F.);
#17505 = EDGE_CURVE('',#17506,#17498,#17508,.T.);
#17506 = VERTEX_POINT('',#17507);
#17507 = CARTESIAN_POINT('',(560.,213.88888888888,120.));
#17508 = LINE('',#17509,#17510);
#17509 = CARTESIAN_POINT('',(560.,213.88888888888,120.));
#17510 = VECTOR('',#17511,1.);
#17511 = DIRECTION('',(1.,0.,0.));
#17512 = ORIENTED_EDGE('',*,*,#17513,.F.);
#17513 = EDGE_CURVE('',#17475,#17506,#17514,.T.);
#17514 = LINE('',#17515,#17516);
#17515 = CARTESIAN_POINT('',(560.,236.11111111111,120.));
#17516 = VECTOR('',#17517,1.);
#17517 = DIRECTION('',(0.,-1.,0.));
#17518 = PLANE('',#17519);
#17519 = AXIS2_PLACEMENT_3D('',#17520,#17521,#17522);
#17520 = CARTESIAN_POINT('',(560.,236.11111111111,120.));
#17521 = DIRECTION('',(0.,0.,-1.));
#17522 = DIRECTION('',(0.,-1.,0.));
#17523 = ADVANCED_FACE('',(#17524),#17549,.F.);
#17524 = FACE_BOUND('',#17525,.F.);
#17525 = EDGE_LOOP('',(#17526,#17527,#17535,#17543));
#17526 = ORIENTED_EDGE('',*,*,#17505,.T.);
#17527 = ORIENTED_EDGE('',*,*,#17528,.T.);
#17528 = EDGE_CURVE('',#17498,#17529,#17531,.T.);
#17529 = VERTEX_POINT('',#17530);
#17530 = CARTESIAN_POINT('',(580.,213.88888888888,32.977213249235));
#17531 = LINE('',#17532,#17533);
#17532 = CARTESIAN_POINT('',(580.,213.88888888888,120.));
#17533 = VECTOR('',#17534,1.);
#17534 = DIRECTION('',(0.,0.,-1.));
#17535 = ORIENTED_EDGE('',*,*,#17536,.F.);
#17536 = EDGE_CURVE('',#17537,#17529,#17539,.T.);
#17537 = VERTEX_POINT('',#17538);
#17538 = CARTESIAN_POINT('',(560.,213.88888888888,32.977213249235));
#17539 = LINE('',#17540,#17541);
#17540 = CARTESIAN_POINT('',(560.,213.88888888888,32.977213249235));
#17541 = VECTOR('',#17542,1.);
#17542 = DIRECTION('',(1.,0.,0.));
#17543 = ORIENTED_EDGE('',*,*,#17544,.F.);
#17544 = EDGE_CURVE('',#17506,#17537,#17545,.T.);
#17545 = LINE('',#17546,#17547);
#17546 = CARTESIAN_POINT('',(560.,213.88888888888,120.));
#17547 = VECTOR('',#17548,1.);
#17548 = DIRECTION('',(0.,0.,-1.));
#17549 = PLANE('',#17550);
#17550 = AXIS2_PLACEMENT_3D('',#17551,#17552,#17553);
#17551 = CARTESIAN_POINT('',(560.,213.88888888888,120.));
#17552 = DIRECTION('',(-0.,1.,0.));
#17553 = DIRECTION('',(0.,0.,-1.));
#17554 = ADVANCED_FACE('',(#17555),#17571,.F.);
#17555 = FACE_BOUND('',#17556,.F.);
#17556 = EDGE_LOOP('',(#17557,#17558,#17564,#17565));
#17557 = ORIENTED_EDGE('',*,*,#17536,.T.);
#17558 = ORIENTED_EDGE('',*,*,#17559,.T.);
#17559 = EDGE_CURVE('',#17529,#17428,#17560,.T.);
#17560 = LINE('',#17561,#17562);
#17561 = CARTESIAN_POINT('',(580.,213.88888888888,32.977213249235));
#17562 = VECTOR('',#17563,1.);
#17563 = DIRECTION('',(0.,0.965925826289,-0.258819045103));
#17564 = ORIENTED_EDGE('',*,*,#17425,.F.);
#17565 = ORIENTED_EDGE('',*,*,#17566,.F.);
#17566 = EDGE_CURVE('',#17537,#17426,#17567,.T.);
#17567 = LINE('',#17568,#17569);
#17568 = CARTESIAN_POINT('',(560.,213.88888888888,32.977213249235));
#17569 = VECTOR('',#17570,1.);
#17570 = DIRECTION('',(0.,0.965925826289,-0.258819045103));
#17571 = PLANE('',#17572);
#17572 = AXIS2_PLACEMENT_3D('',#17573,#17574,#17575);
#17573 = CARTESIAN_POINT('',(560.,213.88888888888,32.977213249235));
#17574 = DIRECTION('',(-0.,0.258819045103,0.965925826289));
#17575 = DIRECTION('',(0.,0.965925826289,-0.258819045103));
#17576 = ADVANCED_FACE('',(#17577),#17584,.F.);
#17577 = FACE_BOUND('',#17578,.F.);
#17578 = EDGE_LOOP('',(#17579,#17580,#17581,#17582,#17583));
#17579 = ORIENTED_EDGE('',*,*,#17451,.T.);
#17580 = ORIENTED_EDGE('',*,*,#17482,.T.);
#17581 = ORIENTED_EDGE('',*,*,#17513,.T.);
#17582 = ORIENTED_EDGE('',*,*,#17544,.T.);
#17583 = ORIENTED_EDGE('',*,*,#17566,.T.);
#17584 = PLANE('',#17585);
#17585 = AXIS2_PLACEMENT_3D('',#17586,#17587,#17588);
#17586 = CARTESIAN_POINT('',(560.,225.,76.176867209595));
#17587 = DIRECTION('',(1.,0.,0.));
#17588 = DIRECTION('',(-0.,0.,1.));
#17589 = ADVANCED_FACE('',(#17590),#17597,.T.);
#17590 = FACE_BOUND('',#17591,.T.);
#17591 = EDGE_LOOP('',(#17592,#17593,#17594,#17595,#17596));
#17592 = ORIENTED_EDGE('',*,*,#17435,.T.);
#17593 = ORIENTED_EDGE('',*,*,#17466,.T.);
#17594 = ORIENTED_EDGE('',*,*,#17497,.T.);
#17595 = ORIENTED_EDGE('',*,*,#17528,.T.);
#17596 = ORIENTED_EDGE('',*,*,#17559,.T.);
#17597 = PLANE('',#17598);
#17598 = AXIS2_PLACEMENT_3D('',#17599,#17600,#17601);
#17599 = CARTESIAN_POINT('',(580.,225.,76.176867209595));
#17600 = DIRECTION('',(1.,0.,0.));
#17601 = DIRECTION('',(-0.,0.,1.));
#17602 = ( GEOMETRIC_REPRESENTATION_CONTEXT(3) 
GLOBAL_UNCERTAINTY_ASSIGNED_CONTEXT((#17606)) 
GLOBAL_UNIT_ASSIGNED_CONTEXT((#17603,#17604,#17605)) 
REPRESENTATION_CONTEXT('Context #1',
  '3D Context with UNIT and UNCERTAINTY') );
#17603 = ( LENGTH_UNIT() NAMED_UNIT(*) SI_UNIT(.MILLI.,.METRE.) );
#17604 = ( NAMED_UNIT(*) PLANE_ANGLE_UNIT() SI_UNIT($,.RADIAN.) );
#17605 = ( NAMED_UNIT(*) SI_UNIT($,.STERADIAN.) SOLID_ANGLE_UNIT() );
#17606 = UNCERTAINTY_MEASURE_WITH_UNIT(LENGTH_MEASURE(1.E-07),#17603,
  'distance_accuracy_value','confusion accuracy');
#17607 = CONTEXT_DEPENDENT_SHAPE_REPRESENTATION(#17608,#17610);
#17608 = ( REPRESENTATION_RELATIONSHIP('','',#17418,#10) 
REPRESENTATION_RELATIONSHIP_WITH_TRANSFORMATION(#17609) 
SHAPE_REPRESENTATION_RELATIONSHIP() );
#17609 = ITEM_DEFINED_TRANSFORMATION('','',#11,#399);
#17610 = PRODUCT_DEFINITION_SHAPE('Placement','Placement of an item',
  #17611);
#17611 = NEXT_ASSEMBLY_USAGE_OCCURRENCE('185',
  'TRI-AMA-STARBOARD-BULKHEAD-04 | Bulkhead | nominal plywood 20 mm','',
  #5,#17413,$);
#17612 = PRODUCT_RELATED_PRODUCT_CATEGORY('part',$,(#17415));
#17613 = SHAPE_DEFINITION_REPRESENTATION(#17614,#17620);
#17614 = PRODUCT_DEFINITION_SHAPE('','',#17615);
#17615 = PRODUCT_DEFINITION('design','',#17616,#17619);
#17616 = PRODUCT_DEFINITION_FORMATION('','',#17617);
#17617 = PRODUCT(
  'TRI-AMA-STARBOARD-DECK-01 | Deck | nominal plywood 20 mm',
  'TRI-AMA-STARBOARD-DECK-01 | Deck | nominal plywood 20 mm','',(#17618)
  );
#17618 = PRODUCT_CONTEXT('',#2,'mechanical');
#17619 = PRODUCT_DEFINITION_CONTEXT('part definition',#2,'design');
#17620 = ADVANCED_BREP_SHAPE_REPRESENTATION('',(#11,#17621),#17771);
#17621 = MANIFOLD_SOLID_BREP('',#17622);
#17622 = CLOSED_SHELL('',(#17623,#17663,#17694,#17725,#17747,#17759));
#17623 = ADVANCED_FACE('',(#17624),#17658,.F.);
#17624 = FACE_BOUND('',#17625,.F.);
#17625 = EDGE_LOOP('',(#17626,#17636,#17644,#17652));
#17626 = ORIENTED_EDGE('',*,*,#17627,.T.);
#17627 = EDGE_CURVE('',#17628,#17630,#17632,.T.);
#17628 = VERTEX_POINT('',#17629);
#17629 = CARTESIAN_POINT('',(0.,175.,120.));
#17630 = VERTEX_POINT('',#17631);
#17631 = CARTESIAN_POINT('',(0.,175.,140.));
#17632 = LINE('',#17633,#17634);
#17633 = CARTESIAN_POINT('',(0.,175.,120.));
#17634 = VECTOR('',#17635,1.);
#17635 = DIRECTION('',(0.,0.,1.));
#17636 = ORIENTED_EDGE('',*,*,#17637,.T.);
#17637 = EDGE_CURVE('',#17630,#17638,#17640,.T.);
#17638 = VERTEX_POINT('',#17639);
#17639 = CARTESIAN_POINT('',(50.,175.,140.));
#17640 = LINE('',#17641,#17642);
#17641 = CARTESIAN_POINT('',(0.,175.,140.));
#17642 = VECTOR('',#17643,1.);
#17643 = DIRECTION('',(1.,0.,0.));
#17644 = ORIENTED_EDGE('',*,*,#17645,.F.);
#17645 = EDGE_CURVE('',#17646,#17638,#17648,.T.);
#17646 = VERTEX_POINT('',#17647);
#17647 = CARTESIAN_POINT('',(50.,175.,120.));
#17648 = LINE('',#17649,#17650);
#17649 = CARTESIAN_POINT('',(50.,175.,120.));
#17650 = VECTOR('',#17651,1.);
#17651 = DIRECTION('',(0.,0.,1.));
#17652 = ORIENTED_EDGE('',*,*,#17653,.F.);
#17653 = EDGE_CURVE('',#17628,#17646,#17654,.T.);
#17654 = LINE('',#17655,#17656);
#17655 = CARTESIAN_POINT('',(0.,175.,120.));
#17656 = VECTOR('',#17657,1.);
#17657 = DIRECTION('',(1.,0.,0.));
#17658 = PLANE('',#17659);
#17659 = AXIS2_PLACEMENT_3D('',#17660,#17661,#17662);
#17660 = CARTESIAN_POINT('',(0.,175.,120.));
#17661 = DIRECTION('',(0.,1.,0.));
#17662 = DIRECTION('',(1.,0.,0.));
#17663 = ADVANCED_FACE('',(#17664),#17689,.F.);
#17664 = FACE_BOUND('',#17665,.F.);
#17665 = EDGE_LOOP('',(#17666,#17667,#17675,#17683));
#17666 = ORIENTED_EDGE('',*,*,#17645,.T.);
#17667 = ORIENTED_EDGE('',*,*,#17668,.T.);
#17668 = EDGE_CURVE('',#17638,#17669,#17671,.T.);
#17669 = VERTEX_POINT('',#17670);
#17670 = CARTESIAN_POINT('',(50.,275.,140.));
#17671 = LINE('',#17672,#17673);
#17672 = CARTESIAN_POINT('',(50.,175.,140.));
#17673 = VECTOR('',#17674,1.);
#17674 = DIRECTION('',(0.,1.,0.));
#17675 = ORIENTED_EDGE('',*,*,#17676,.F.);
#17676 = EDGE_CURVE('',#17677,#17669,#17679,.T.);
#17677 = VERTEX_POINT('',#17678);
#17678 = CARTESIAN_POINT('',(50.,275.,120.));
#17679 = LINE('',#17680,#17681);
#17680 = CARTESIAN_POINT('',(50.,275.,120.));
#17681 = VECTOR('',#17682,1.);
#17682 = DIRECTION('',(0.,0.,1.));
#17683 = ORIENTED_EDGE('',*,*,#17684,.F.);
#17684 = EDGE_CURVE('',#17646,#17677,#17685,.T.);
#17685 = LINE('',#17686,#17687);
#17686 = CARTESIAN_POINT('',(50.,175.,120.));
#17687 = VECTOR('',#17688,1.);
#17688 = DIRECTION('',(0.,1.,0.));
#17689 = PLANE('',#17690);
#17690 = AXIS2_PLACEMENT_3D('',#17691,#17692,#17693);
#17691 = CARTESIAN_POINT('',(50.,175.,120.));
#17692 = DIRECTION('',(-1.,0.,0.));
#17693 = DIRECTION('',(0.,1.,0.));
#17694 = ADVANCED_FACE('',(#17695),#17720,.F.);
#17695 = FACE_BOUND('',#17696,.F.);
#17696 = EDGE_LOOP('',(#17697,#17698,#17706,#17714));
#17697 = ORIENTED_EDGE('',*,*,#17676,.T.);
#17698 = ORIENTED_EDGE('',*,*,#17699,.T.);
#17699 = EDGE_CURVE('',#17669,#17700,#17702,.T.);
#17700 = VERTEX_POINT('',#17701);
#17701 = CARTESIAN_POINT('',(0.,275.,140.));
#17702 = LINE('',#17703,#17704);
#17703 = CARTESIAN_POINT('',(50.,275.,140.));
#17704 = VECTOR('',#17705,1.);
#17705 = DIRECTION('',(-1.,0.,0.));
#17706 = ORIENTED_EDGE('',*,*,#17707,.F.);
#17707 = EDGE_CURVE('',#17708,#17700,#17710,.T.);
#17708 = VERTEX_POINT('',#17709);
#17709 = CARTESIAN_POINT('',(0.,275.,120.));
#17710 = LINE('',#17711,#17712);
#17711 = CARTESIAN_POINT('',(0.,275.,120.));
#17712 = VECTOR('',#17713,1.);
#17713 = DIRECTION('',(0.,0.,1.));
#17714 = ORIENTED_EDGE('',*,*,#17715,.F.);
#17715 = EDGE_CURVE('',#17677,#17708,#17716,.T.);
#17716 = LINE('',#17717,#17718);
#17717 = CARTESIAN_POINT('',(50.,275.,120.));
#17718 = VECTOR('',#17719,1.);
#17719 = DIRECTION('',(-1.,0.,0.));
#17720 = PLANE('',#17721);
#17721 = AXIS2_PLACEMENT_3D('',#17722,#17723,#17724);
#17722 = CARTESIAN_POINT('',(50.,275.,120.));
#17723 = DIRECTION('',(0.,-1.,0.));
#17724 = DIRECTION('',(-1.,0.,0.));
#17725 = ADVANCED_FACE('',(#17726),#17742,.F.);
#17726 = FACE_BOUND('',#17727,.F.);
#17727 = EDGE_LOOP('',(#17728,#17729,#17735,#17736));
#17728 = ORIENTED_EDGE('',*,*,#17707,.T.);
#17729 = ORIENTED_EDGE('',*,*,#17730,.T.);
#17730 = EDGE_CURVE('',#17700,#17630,#17731,.T.);
#17731 = LINE('',#17732,#17733);
#17732 = CARTESIAN_POINT('',(0.,275.,140.));
#17733 = VECTOR('',#17734,1.);
#17734 = DIRECTION('',(0.,-1.,0.));
#17735 = ORIENTED_EDGE('',*,*,#17627,.F.);
#17736 = ORIENTED_EDGE('',*,*,#17737,.F.);
#17737 = EDGE_CURVE('',#17708,#17628,#17738,.T.);
#17738 = LINE('',#17739,#17740);
#17739 = CARTESIAN_POINT('',(0.,275.,120.));
#17740 = VECTOR('',#17741,1.);
#17741 = DIRECTION('',(0.,-1.,0.));
#17742 = PLANE('',#17743);
#17743 = AXIS2_PLACEMENT_3D('',#17744,#17745,#17746);
#17744 = CARTESIAN_POINT('',(0.,275.,120.));
#17745 = DIRECTION('',(1.,0.,-0.));
#17746 = DIRECTION('',(0.,-1.,0.));
#17747 = ADVANCED_FACE('',(#17748),#17754,.F.);
#17748 = FACE_BOUND('',#17749,.F.);
#17749 = EDGE_LOOP('',(#17750,#17751,#17752,#17753));
#17750 = ORIENTED_EDGE('',*,*,#17653,.T.);
#17751 = ORIENTED_EDGE('',*,*,#17684,.T.);
#17752 = ORIENTED_EDGE('',*,*,#17715,.T.);
#17753 = ORIENTED_EDGE('',*,*,#17737,.T.);
#17754 = PLANE('',#17755);
#17755 = AXIS2_PLACEMENT_3D('',#17756,#17757,#17758);
#17756 = CARTESIAN_POINT('',(25.,225.,120.));
#17757 = DIRECTION('',(0.,0.,1.));
#17758 = DIRECTION('',(1.,0.,-0.));
#17759 = ADVANCED_FACE('',(#17760),#17766,.T.);
#17760 = FACE_BOUND('',#17761,.T.);
#17761 = EDGE_LOOP('',(#17762,#17763,#17764,#17765));
#17762 = ORIENTED_EDGE('',*,*,#17637,.T.);
#17763 = ORIENTED_EDGE('',*,*,#17668,.T.);
#17764 = ORIENTED_EDGE('',*,*,#17699,.T.);
#17765 = ORIENTED_EDGE('',*,*,#17730,.T.);
#17766 = PLANE('',#17767);
#17767 = AXIS2_PLACEMENT_3D('',#17768,#17769,#17770);
#17768 = CARTESIAN_POINT('',(25.,225.,140.));
#17769 = DIRECTION('',(0.,0.,1.));
#17770 = DIRECTION('',(1.,0.,-0.));
#17771 = ( GEOMETRIC_REPRESENTATION_CONTEXT(3) 
GLOBAL_UNCERTAINTY_ASSIGNED_CONTEXT((#17775)) 
GLOBAL_UNIT_ASSIGNED_CONTEXT((#17772,#17773,#17774)) 
REPRESENTATION_CONTEXT('Context #1',
  '3D Context with UNIT and UNCERTAINTY') );
#17772 = ( LENGTH_UNIT() NAMED_UNIT(*) SI_UNIT(.MILLI.,.METRE.) );
#17773 = ( NAMED_UNIT(*) PLANE_ANGLE_UNIT() SI_UNIT($,.RADIAN.) );
#17774 = ( NAMED_UNIT(*) SI_UNIT($,.STERADIAN.) SOLID_ANGLE_UNIT() );
#17775 = UNCERTAINTY_MEASURE_WITH_UNIT(LENGTH_MEASURE(1.E-07),#17772,
  'distance_accuracy_value','confusion accuracy');
#17776 = CONTEXT_DEPENDENT_SHAPE_REPRESENTATION(#17777,#17779);
#17777 = ( REPRESENTATION_RELATIONSHIP('','',#17620,#10) 
REPRESENTATION_RELATIONSHIP_WITH_TRANSFORMATION(#17778) 
SHAPE_REPRESENTATION_RELATIONSHIP() );
#17778 = ITEM_DEFINED_TRANSFORMATION('','',#11,#403);
#17779 = PRODUCT_DEFINITION_SHAPE('Placement','Placement of an item',
  #17780);
#17780 = NEXT_ASSEMBLY_USAGE_OCCURRENCE('186',
  'TRI-AMA-STARBOARD-DECK-01 | Deck | nominal plywood 20 mm','',#5,
  #17615,$);
#17781 = PRODUCT_RELATED_PRODUCT_CATEGORY('part',$,(#17617));
#17782 = SHAPE_DEFINITION_REPRESENTATION(#17783,#17789);
#17783 = PRODUCT_DEFINITION_SHAPE('','',#17784);
#17784 = PRODUCT_DEFINITION('design','',#17785,#17788);
#17785 = PRODUCT_DEFINITION_FORMATION('','',#17786);
#17786 = PRODUCT(
  'TRI-AMA-STARBOARD-DECK-02 | Deck | nominal plywood 20 mm',
  'TRI-AMA-STARBOARD-DECK-02 | Deck | nominal plywood 20 mm','',(#17787)
  );
#17787 = PRODUCT_CONTEXT('',#2,'mechanical');
#17788 = PRODUCT_DEFINITION_CONTEXT('part definition',#2,'design');
#17789 = ADVANCED_BREP_SHAPE_REPRESENTATION('',(#11,#17790),#17940);
#17790 = MANIFOLD_SOLID_BREP('',#17791);
#17791 = CLOSED_SHELL('',(#17792,#17832,#17863,#17894,#17916,#17928));
#17792 = ADVANCED_FACE('',(#17793),#17827,.F.);
#17793 = FACE_BOUND('',#17794,.F.);
#17794 = EDGE_LOOP('',(#17795,#17805,#17813,#17821));
#17795 = ORIENTED_EDGE('',*,*,#17796,.T.);
#17796 = EDGE_CURVE('',#17797,#17799,#17801,.T.);
#17797 = VERTEX_POINT('',#17798);
#17798 = CARTESIAN_POINT('',(50.,175.,120.));
#17799 = VERTEX_POINT('',#17800);
#17800 = CARTESIAN_POINT('',(50.,175.,140.));
#17801 = LINE('',#17802,#17803);
#17802 = CARTESIAN_POINT('',(50.,175.,120.));
#17803 = VECTOR('',#17804,1.);
#17804 = DIRECTION('',(0.,0.,1.));
#17805 = ORIENTED_EDGE('',*,*,#17806,.T.);
#17806 = EDGE_CURVE('',#17799,#17807,#17809,.T.);
#17807 = VERTEX_POINT('',#17808);
#17808 = CARTESIAN_POINT('',(220.,175.,140.));
#17809 = LINE('',#17810,#17811);
#17810 = CARTESIAN_POINT('',(50.,175.,140.));
#17811 = VECTOR('',#17812,1.);
#17812 = DIRECTION('',(1.,0.,0.));
#17813 = ORIENTED_EDGE('',*,*,#17814,.F.);
#17814 = EDGE_CURVE('',#17815,#17807,#17817,.T.);
#17815 = VERTEX_POINT('',#17816);
#17816 = CARTESIAN_POINT('',(220.,175.,120.));
#17817 = LINE('',#17818,#17819);
#17818 = CARTESIAN_POINT('',(220.,175.,120.));
#17819 = VECTOR('',#17820,1.);
#17820 = DIRECTION('',(0.,0.,1.));
#17821 = ORIENTED_EDGE('',*,*,#17822,.F.);
#17822 = EDGE_CURVE('',#17797,#17815,#17823,.T.);
#17823 = LINE('',#17824,#17825);
#17824 = CARTESIAN_POINT('',(50.,175.,120.));
#17825 = VECTOR('',#17826,1.);
#17826 = DIRECTION('',(1.,0.,0.));
#17827 = PLANE('',#17828);
#17828 = AXIS2_PLACEMENT_3D('',#17829,#17830,#17831);
#17829 = CARTESIAN_POINT('',(50.,175.,120.));
#17830 = DIRECTION('',(0.,1.,0.));
#17831 = DIRECTION('',(1.,0.,0.));
#17832 = ADVANCED_FACE('',(#17833),#17858,.F.);
#17833 = FACE_BOUND('',#17834,.F.);
#17834 = EDGE_LOOP('',(#17835,#17836,#17844,#17852));
#17835 = ORIENTED_EDGE('',*,*,#17814,.T.);
#17836 = ORIENTED_EDGE('',*,*,#17837,.T.);
#17837 = EDGE_CURVE('',#17807,#17838,#17840,.T.);
#17838 = VERTEX_POINT('',#17839);
#17839 = CARTESIAN_POINT('',(220.,275.,140.));
#17840 = LINE('',#17841,#17842);
#17841 = CARTESIAN_POINT('',(220.,175.,140.));
#17842 = VECTOR('',#17843,1.);
#17843 = DIRECTION('',(0.,1.,0.));
#17844 = ORIENTED_EDGE('',*,*,#17845,.F.);
#17845 = EDGE_CURVE('',#17846,#17838,#17848,.T.);
#17846 = VERTEX_POINT('',#17847);
#17847 = CARTESIAN_POINT('',(220.,275.,120.));
#17848 = LINE('',#17849,#17850);
#17849 = CARTESIAN_POINT('',(220.,275.,120.));
#17850 = VECTOR('',#17851,1.);
#17851 = DIRECTION('',(0.,0.,1.));
#17852 = ORIENTED_EDGE('',*,*,#17853,.F.);
#17853 = EDGE_CURVE('',#17815,#17846,#17854,.T.);
#17854 = LINE('',#17855,#17856);
#17855 = CARTESIAN_POINT('',(220.,175.,120.));
#17856 = VECTOR('',#17857,1.);
#17857 = DIRECTION('',(0.,1.,0.));
#17858 = PLANE('',#17859);
#17859 = AXIS2_PLACEMENT_3D('',#17860,#17861,#17862);
#17860 = CARTESIAN_POINT('',(220.,175.,120.));
#17861 = DIRECTION('',(-1.,0.,0.));
#17862 = DIRECTION('',(0.,1.,0.));
#17863 = ADVANCED_FACE('',(#17864),#17889,.F.);
#17864 = FACE_BOUND('',#17865,.F.);
#17865 = EDGE_LOOP('',(#17866,#17867,#17875,#17883));
#17866 = ORIENTED_EDGE('',*,*,#17845,.T.);
#17867 = ORIENTED_EDGE('',*,*,#17868,.T.);
#17868 = EDGE_CURVE('',#17838,#17869,#17871,.T.);
#17869 = VERTEX_POINT('',#17870);
#17870 = CARTESIAN_POINT('',(50.,275.,140.));
#17871 = LINE('',#17872,#17873);
#17872 = CARTESIAN_POINT('',(220.,275.,140.));
#17873 = VECTOR('',#17874,1.);
#17874 = DIRECTION('',(-1.,0.,0.));
#17875 = ORIENTED_EDGE('',*,*,#17876,.F.);
#17876 = EDGE_CURVE('',#17877,#17869,#17879,.T.);
#17877 = VERTEX_POINT('',#17878);
#17878 = CARTESIAN_POINT('',(50.,275.,120.));
#17879 = LINE('',#17880,#17881);
#17880 = CARTESIAN_POINT('',(50.,275.,120.));
#17881 = VECTOR('',#17882,1.);
#17882 = DIRECTION('',(0.,0.,1.));
#17883 = ORIENTED_EDGE('',*,*,#17884,.F.);
#17884 = EDGE_CURVE('',#17846,#17877,#17885,.T.);
#17885 = LINE('',#17886,#17887);
#17886 = CARTESIAN_POINT('',(220.,275.,120.));
#17887 = VECTOR('',#17888,1.);
#17888 = DIRECTION('',(-1.,0.,0.));
#17889 = PLANE('',#17890);
#17890 = AXIS2_PLACEMENT_3D('',#17891,#17892,#17893);
#17891 = CARTESIAN_POINT('',(220.,275.,120.));
#17892 = DIRECTION('',(0.,-1.,0.));
#17893 = DIRECTION('',(-1.,0.,0.));
#17894 = ADVANCED_FACE('',(#17895),#17911,.F.);
#17895 = FACE_BOUND('',#17896,.F.);
#17896 = EDGE_LOOP('',(#17897,#17898,#17904,#17905));
#17897 = ORIENTED_EDGE('',*,*,#17876,.T.);
#17898 = ORIENTED_EDGE('',*,*,#17899,.T.);
#17899 = EDGE_CURVE('',#17869,#17799,#17900,.T.);
#17900 = LINE('',#17901,#17902);
#17901 = CARTESIAN_POINT('',(50.,275.,140.));
#17902 = VECTOR('',#17903,1.);
#17903 = DIRECTION('',(0.,-1.,0.));
#17904 = ORIENTED_EDGE('',*,*,#17796,.F.);
#17905 = ORIENTED_EDGE('',*,*,#17906,.F.);
#17906 = EDGE_CURVE('',#17877,#17797,#17907,.T.);
#17907 = LINE('',#17908,#17909);
#17908 = CARTESIAN_POINT('',(50.,275.,120.));
#17909 = VECTOR('',#17910,1.);
#17910 = DIRECTION('',(0.,-1.,0.));
#17911 = PLANE('',#17912);
#17912 = AXIS2_PLACEMENT_3D('',#17913,#17914,#17915);
#17913 = CARTESIAN_POINT('',(50.,275.,120.));
#17914 = DIRECTION('',(1.,0.,-0.));
#17915 = DIRECTION('',(0.,-1.,0.));
#17916 = ADVANCED_FACE('',(#17917),#17923,.F.);
#17917 = FACE_BOUND('',#17918,.F.);
#17918 = EDGE_LOOP('',(#17919,#17920,#17921,#17922));
#17919 = ORIENTED_EDGE('',*,*,#17822,.T.);
#17920 = ORIENTED_EDGE('',*,*,#17853,.T.);
#17921 = ORIENTED_EDGE('',*,*,#17884,.T.);
#17922 = ORIENTED_EDGE('',*,*,#17906,.T.);
#17923 = PLANE('',#17924);
#17924 = AXIS2_PLACEMENT_3D('',#17925,#17926,#17927);
#17925 = CARTESIAN_POINT('',(135.,225.,120.));
#17926 = DIRECTION('',(0.,0.,1.));
#17927 = DIRECTION('',(1.,0.,-0.));
#17928 = ADVANCED_FACE('',(#17929),#17935,.T.);
#17929 = FACE_BOUND('',#17930,.T.);
#17930 = EDGE_LOOP('',(#17931,#17932,#17933,#17934));
#17931 = ORIENTED_EDGE('',*,*,#17806,.T.);
#17932 = ORIENTED_EDGE('',*,*,#17837,.T.);
#17933 = ORIENTED_EDGE('',*,*,#17868,.T.);
#17934 = ORIENTED_EDGE('',*,*,#17899,.T.);
#17935 = PLANE('',#17936);
#17936 = AXIS2_PLACEMENT_3D('',#17937,#17938,#17939);
#17937 = CARTESIAN_POINT('',(135.,225.,140.));
#17938 = DIRECTION('',(0.,0.,1.));
#17939 = DIRECTION('',(1.,0.,-0.));
#17940 = ( GEOMETRIC_REPRESENTATION_CONTEXT(3) 
GLOBAL_UNCERTAINTY_ASSIGNED_CONTEXT((#17944)) 
GLOBAL_UNIT_ASSIGNED_CONTEXT((#17941,#17942,#17943)) 
REPRESENTATION_CONTEXT('Context #1',
  '3D Context with UNIT and UNCERTAINTY') );
#17941 = ( LENGTH_UNIT() NAMED_UNIT(*) SI_UNIT(.MILLI.,.METRE.) );
#17942 = ( NAMED_UNIT(*) PLANE_ANGLE_UNIT() SI_UNIT($,.RADIAN.) );
#17943 = ( NAMED_UNIT(*) SI_UNIT($,.STERADIAN.) SOLID_ANGLE_UNIT() );
#17944 = UNCERTAINTY_MEASURE_WITH_UNIT(LENGTH_MEASURE(1.E-07),#17941,
  'distance_accuracy_value','confusion accuracy');
#17945 = CONTEXT_DEPENDENT_SHAPE_REPRESENTATION(#17946,#17948);
#17946 = ( REPRESENTATION_RELATIONSHIP('','',#17789,#10) 
REPRESENTATION_RELATIONSHIP_WITH_TRANSFORMATION(#17947) 
SHAPE_REPRESENTATION_RELATIONSHIP() );
#17947 = ITEM_DEFINED_TRANSFORMATION('','',#11,#407);
#17948 = PRODUCT_DEFINITION_SHAPE('Placement','Placement of an item',
  #17949);
#17949 = NEXT_ASSEMBLY_USAGE_OCCURRENCE('187',
  'TRI-AMA-STARBOARD-DECK-02 | Deck | nominal plywood 20 mm','',#5,
  #17784,$);
#17950 = PRODUCT_RELATED_PRODUCT_CATEGORY('part',$,(#17786));
#17951 = SHAPE_DEFINITION_REPRESENTATION(#17952,#17958);
#17952 = PRODUCT_DEFINITION_SHAPE('','',#17953);
#17953 = PRODUCT_DEFINITION('design','',#17954,#17957);
#17954 = PRODUCT_DEFINITION_FORMATION('','',#17955);
#17955 = PRODUCT(
  'TRI-AMA-STARBOARD-DECK-03 | Deck | nominal plywood 20 mm',
  'TRI-AMA-STARBOARD-DECK-03 | Deck | nominal plywood 20 mm','',(#17956)
  );
#17956 = PRODUCT_CONTEXT('',#2,'mechanical');
#17957 = PRODUCT_DEFINITION_CONTEXT('part definition',#2,'design');
#17958 = ADVANCED_BREP_SHAPE_REPRESENTATION('',(#11,#17959),#18109);
#17959 = MANIFOLD_SOLID_BREP('',#17960);
#17960 = CLOSED_SHELL('',(#17961,#18001,#18032,#18063,#18085,#18097));
#17961 = ADVANCED_FACE('',(#17962),#17996,.F.);
#17962 = FACE_BOUND('',#17963,.F.);
#17963 = EDGE_LOOP('',(#17964,#17974,#17982,#17990));
#17964 = ORIENTED_EDGE('',*,*,#17965,.T.);
#17965 = EDGE_CURVE('',#17966,#17968,#17970,.T.);
#17966 = VERTEX_POINT('',#17967);
#17967 = CARTESIAN_POINT('',(220.,175.,120.));
#17968 = VERTEX_POINT('',#17969);
#17969 = CARTESIAN_POINT('',(220.,175.,140.));
#17970 = LINE('',#17971,#17972);
#17971 = CARTESIAN_POINT('',(220.,175.,120.));
#17972 = VECTOR('',#17973,1.);
#17973 = DIRECTION('',(0.,0.,1.));
#17974 = ORIENTED_EDGE('',*,*,#17975,.T.);
#17975 = EDGE_CURVE('',#17968,#17976,#17978,.T.);
#17976 = VERTEX_POINT('',#17977);
#17977 = CARTESIAN_POINT('',(390.,175.,140.));
#17978 = LINE('',#17979,#17980);
#17979 = CARTESIAN_POINT('',(220.,175.,140.));
#17980 = VECTOR('',#17981,1.);
#17981 = DIRECTION('',(1.,0.,0.));
#17982 = ORIENTED_EDGE('',*,*,#17983,.F.);
#17983 = EDGE_CURVE('',#17984,#17976,#17986,.T.);
#17984 = VERTEX_POINT('',#17985);
#17985 = CARTESIAN_POINT('',(390.,175.,120.));
#17986 = LINE('',#17987,#17988);
#17987 = CARTESIAN_POINT('',(390.,175.,120.));
#17988 = VECTOR('',#17989,1.);
#17989 = DIRECTION('',(0.,0.,1.));
#17990 = ORIENTED_EDGE('',*,*,#17991,.F.);
#17991 = EDGE_CURVE('',#17966,#17984,#17992,.T.);
#17992 = LINE('',#17993,#17994);
#17993 = CARTESIAN_POINT('',(220.,175.,120.));
#17994 = VECTOR('',#17995,1.);
#17995 = DIRECTION('',(1.,0.,0.));
#17996 = PLANE('',#17997);
#17997 = AXIS2_PLACEMENT_3D('',#17998,#17999,#18000);
#17998 = CARTESIAN_POINT('',(220.,175.,120.));
#17999 = DIRECTION('',(0.,1.,0.));
#18000 = DIRECTION('',(1.,0.,0.));
#18001 = ADVANCED_FACE('',(#18002),#18027,.F.);
#18002 = FACE_BOUND('',#18003,.F.);
#18003 = EDGE_LOOP('',(#18004,#18005,#18013,#18021));
#18004 = ORIENTED_EDGE('',*,*,#17983,.T.);
#18005 = ORIENTED_EDGE('',*,*,#18006,.T.);
#18006 = EDGE_CURVE('',#17976,#18007,#18009,.T.);
#18007 = VERTEX_POINT('',#18008);
#18008 = CARTESIAN_POINT('',(390.,275.,140.));
#18009 = LINE('',#18010,#18011);
#18010 = CARTESIAN_POINT('',(390.,175.,140.));
#18011 = VECTOR('',#18012,1.);
#18012 = DIRECTION('',(0.,1.,0.));
#18013 = ORIENTED_EDGE('',*,*,#18014,.F.);
#18014 = EDGE_CURVE('',#18015,#18007,#18017,.T.);
#18015 = VERTEX_POINT('',#18016);
#18016 = CARTESIAN_POINT('',(390.,275.,120.));
#18017 = LINE('',#18018,#18019);
#18018 = CARTESIAN_POINT('',(390.,275.,120.));
#18019 = VECTOR('',#18020,1.);
#18020 = DIRECTION('',(0.,0.,1.));
#18021 = ORIENTED_EDGE('',*,*,#18022,.F.);
#18022 = EDGE_CURVE('',#17984,#18015,#18023,.T.);
#18023 = LINE('',#18024,#18025);
#18024 = CARTESIAN_POINT('',(390.,175.,120.));
#18025 = VECTOR('',#18026,1.);
#18026 = DIRECTION('',(0.,1.,0.));
#18027 = PLANE('',#18028);
#18028 = AXIS2_PLACEMENT_3D('',#18029,#18030,#18031);
#18029 = CARTESIAN_POINT('',(390.,175.,120.));
#18030 = DIRECTION('',(-1.,0.,0.));
#18031 = DIRECTION('',(0.,1.,0.));
#18032 = ADVANCED_FACE('',(#18033),#18058,.F.);
#18033 = FACE_BOUND('',#18034,.F.);
#18034 = EDGE_LOOP('',(#18035,#18036,#18044,#18052));
#18035 = ORIENTED_EDGE('',*,*,#18014,.T.);
#18036 = ORIENTED_EDGE('',*,*,#18037,.T.);
#18037 = EDGE_CURVE('',#18007,#18038,#18040,.T.);
#18038 = VERTEX_POINT('',#18039);
#18039 = CARTESIAN_POINT('',(220.,275.,140.));
#18040 = LINE('',#18041,#18042);
#18041 = CARTESIAN_POINT('',(390.,275.,140.));
#18042 = VECTOR('',#18043,1.);
#18043 = DIRECTION('',(-1.,0.,0.));
#18044 = ORIENTED_EDGE('',*,*,#18045,.F.);
#18045 = EDGE_CURVE('',#18046,#18038,#18048,.T.);
#18046 = VERTEX_POINT('',#18047);
#18047 = CARTESIAN_POINT('',(220.,275.,120.));
#18048 = LINE('',#18049,#18050);
#18049 = CARTESIAN_POINT('',(220.,275.,120.));
#18050 = VECTOR('',#18051,1.);
#18051 = DIRECTION('',(0.,0.,1.));
#18052 = ORIENTED_EDGE('',*,*,#18053,.F.);
#18053 = EDGE_CURVE('',#18015,#18046,#18054,.T.);
#18054 = LINE('',#18055,#18056);
#18055 = CARTESIAN_POINT('',(390.,275.,120.));
#18056 = VECTOR('',#18057,1.);
#18057 = DIRECTION('',(-1.,0.,0.));
#18058 = PLANE('',#18059);
#18059 = AXIS2_PLACEMENT_3D('',#18060,#18061,#18062);
#18060 = CARTESIAN_POINT('',(390.,275.,120.));
#18061 = DIRECTION('',(0.,-1.,0.));
#18062 = DIRECTION('',(-1.,0.,0.));
#18063 = ADVANCED_FACE('',(#18064),#18080,.F.);
#18064 = FACE_BOUND('',#18065,.F.);
#18065 = EDGE_LOOP('',(#18066,#18067,#18073,#18074));
#18066 = ORIENTED_EDGE('',*,*,#18045,.T.);
#18067 = ORIENTED_EDGE('',*,*,#18068,.T.);
#18068 = EDGE_CURVE('',#18038,#17968,#18069,.T.);
#18069 = LINE('',#18070,#18071);
#18070 = CARTESIAN_POINT('',(220.,275.,140.));
#18071 = VECTOR('',#18072,1.);
#18072 = DIRECTION('',(0.,-1.,0.));
#18073 = ORIENTED_EDGE('',*,*,#17965,.F.);
#18074 = ORIENTED_EDGE('',*,*,#18075,.F.);
#18075 = EDGE_CURVE('',#18046,#17966,#18076,.T.);
#18076 = LINE('',#18077,#18078);
#18077 = CARTESIAN_POINT('',(220.,275.,120.));
#18078 = VECTOR('',#18079,1.);
#18079 = DIRECTION('',(0.,-1.,0.));
#18080 = PLANE('',#18081);
#18081 = AXIS2_PLACEMENT_3D('',#18082,#18083,#18084);
#18082 = CARTESIAN_POINT('',(220.,275.,120.));
#18083 = DIRECTION('',(1.,0.,-0.));
#18084 = DIRECTION('',(0.,-1.,0.));
#18085 = ADVANCED_FACE('',(#18086),#18092,.F.);
#18086 = FACE_BOUND('',#18087,.F.);
#18087 = EDGE_LOOP('',(#18088,#18089,#18090,#18091));
#18088 = ORIENTED_EDGE('',*,*,#17991,.T.);
#18089 = ORIENTED_EDGE('',*,*,#18022,.T.);
#18090 = ORIENTED_EDGE('',*,*,#18053,.T.);
#18091 = ORIENTED_EDGE('',*,*,#18075,.T.);
#18092 = PLANE('',#18093);
#18093 = AXIS2_PLACEMENT_3D('',#18094,#18095,#18096);
#18094 = CARTESIAN_POINT('',(305.,225.,120.));
#18095 = DIRECTION('',(0.,0.,1.));
#18096 = DIRECTION('',(1.,0.,-0.));
#18097 = ADVANCED_FACE('',(#18098),#18104,.T.);
#18098 = FACE_BOUND('',#18099,.T.);
#18099 = EDGE_LOOP('',(#18100,#18101,#18102,#18103));
#18100 = ORIENTED_EDGE('',*,*,#17975,.T.);
#18101 = ORIENTED_EDGE('',*,*,#18006,.T.);
#18102 = ORIENTED_EDGE('',*,*,#18037,.T.);
#18103 = ORIENTED_EDGE('',*,*,#18068,.T.);
#18104 = PLANE('',#18105);
#18105 = AXIS2_PLACEMENT_3D('',#18106,#18107,#18108);
#18106 = CARTESIAN_POINT('',(305.,225.,140.));
#18107 = DIRECTION('',(0.,0.,1.));
#18108 = DIRECTION('',(1.,0.,-0.));
#18109 = ( GEOMETRIC_REPRESENTATION_CONTEXT(3) 
GLOBAL_UNCERTAINTY_ASSIGNED_CONTEXT((#18113)) 
GLOBAL_UNIT_ASSIGNED_CONTEXT((#18110,#18111,#18112)) 
REPRESENTATION_CONTEXT('Context #1',
  '3D Context with UNIT and UNCERTAINTY') );
#18110 = ( LENGTH_UNIT() NAMED_UNIT(*) SI_UNIT(.MILLI.,.METRE.) );
#18111 = ( NAMED_UNIT(*) PLANE_ANGLE_UNIT() SI_UNIT($,.RADIAN.) );
#18112 = ( NAMED_UNIT(*) SI_UNIT($,.STERADIAN.) SOLID_ANGLE_UNIT() );
#18113 = UNCERTAINTY_MEASURE_WITH_UNIT(LENGTH_MEASURE(1.E-07),#18110,
  'distance_accuracy_value','confusion accuracy');
#18114 = CONTEXT_DEPENDENT_SHAPE_REPRESENTATION(#18115,#18117);
#18115 = ( REPRESENTATION_RELATIONSHIP('','',#17958,#10) 
REPRESENTATION_RELATIONSHIP_WITH_TRANSFORMATION(#18116) 
SHAPE_REPRESENTATION_RELATIONSHIP() );
#18116 = ITEM_DEFINED_TRANSFORMATION('','',#11,#411);
#18117 = PRODUCT_DEFINITION_SHAPE('Placement','Placement of an item',
  #18118);
#18118 = NEXT_ASSEMBLY_USAGE_OCCURRENCE('188',
  'TRI-AMA-STARBOARD-DECK-03 | Deck | nominal plywood 20 mm','',#5,
  #17953,$);
#18119 = PRODUCT_RELATED_PRODUCT_CATEGORY('part',$,(#17955));
#18120 = SHAPE_DEFINITION_REPRESENTATION(#18121,#18127);
#18121 = PRODUCT_DEFINITION_SHAPE('','',#18122);
#18122 = PRODUCT_DEFINITION('design','',#18123,#18126);
#18123 = PRODUCT_DEFINITION_FORMATION('','',#18124);
#18124 = PRODUCT(
  'TRI-AMA-STARBOARD-DECK-04 | Deck | nominal plywood 20 mm',
  'TRI-AMA-STARBOARD-DECK-04 | Deck | nominal plywood 20 mm','',(#18125)
  );
#18125 = PRODUCT_CONTEXT('',#2,'mechanical');
#18126 = PRODUCT_DEFINITION_CONTEXT('part definition',#2,'design');
#18127 = ADVANCED_BREP_SHAPE_REPRESENTATION('',(#11,#18128),#18278);
#18128 = MANIFOLD_SOLID_BREP('',#18129);
#18129 = CLOSED_SHELL('',(#18130,#18170,#18201,#18232,#18254,#18266));
#18130 = ADVANCED_FACE('',(#18131),#18165,.F.);
#18131 = FACE_BOUND('',#18132,.F.);
#18132 = EDGE_LOOP('',(#18133,#18143,#18151,#18159));
#18133 = ORIENTED_EDGE('',*,*,#18134,.T.);
#18134 = EDGE_CURVE('',#18135,#18137,#18139,.T.);
#18135 = VERTEX_POINT('',#18136);
#18136 = CARTESIAN_POINT('',(390.,175.,120.));
#18137 = VERTEX_POINT('',#18138);
#18138 = CARTESIAN_POINT('',(390.,175.,140.));
#18139 = LINE('',#18140,#18141);
#18140 = CARTESIAN_POINT('',(390.,175.,120.));
#18141 = VECTOR('',#18142,1.);
#18142 = DIRECTION('',(0.,0.,1.));
#18143 = ORIENTED_EDGE('',*,*,#18144,.T.);
#18144 = EDGE_CURVE('',#18137,#18145,#18147,.T.);
#18145 = VERTEX_POINT('',#18146);
#18146 = CARTESIAN_POINT('',(560.,213.88888888888,140.));
#18147 = LINE('',#18148,#18149);
#18148 = CARTESIAN_POINT('',(390.,175.,140.));
#18149 = VECTOR('',#18150,1.);
#18150 = DIRECTION('',(0.974818948223,0.222997798613,0.));
#18151 = ORIENTED_EDGE('',*,*,#18152,.F.);
#18152 = EDGE_CURVE('',#18153,#18145,#18155,.T.);
#18153 = VERTEX_POINT('',#18154);
#18154 = CARTESIAN_POINT('',(560.,213.88888888888,120.));
#18155 = LINE('',#18156,#18157);
#18156 = CARTESIAN_POINT('',(560.,213.88888888888,120.));
#18157 = VECTOR('',#18158,1.);
#18158 = DIRECTION('',(0.,0.,1.));
#18159 = ORIENTED_EDGE('',*,*,#18160,.F.);
#18160 = EDGE_CURVE('',#18135,#18153,#18161,.T.);
#18161 = LINE('',#18162,#18163);
#18162 = CARTESIAN_POINT('',(390.,175.,120.));
#18163 = VECTOR('',#18164,1.);
#18164 = DIRECTION('',(0.974818948223,0.222997798613,0.));
#18165 = PLANE('',#18166);
#18166 = AXIS2_PLACEMENT_3D('',#18167,#18168,#18169);
#18167 = CARTESIAN_POINT('',(390.,175.,120.));
#18168 = DIRECTION('',(-0.222997798613,0.974818948223,0.));
#18169 = DIRECTION('',(0.974818948223,0.222997798613,0.));
#18170 = ADVANCED_FACE('',(#18171),#18196,.F.);
#18171 = FACE_BOUND('',#18172,.F.);
#18172 = EDGE_LOOP('',(#18173,#18174,#18182,#18190));
#18173 = ORIENTED_EDGE('',*,*,#18152,.T.);
#18174 = ORIENTED_EDGE('',*,*,#18175,.T.);
#18175 = EDGE_CURVE('',#18145,#18176,#18178,.T.);
#18176 = VERTEX_POINT('',#18177);
#18177 = CARTESIAN_POINT('',(560.,236.11111111111,140.));
#18178 = LINE('',#18179,#18180);
#18179 = CARTESIAN_POINT('',(560.,213.88888888888,140.));
#18180 = VECTOR('',#18181,1.);
#18181 = DIRECTION('',(0.,1.,0.));
#18182 = ORIENTED_EDGE('',*,*,#18183,.F.);
#18183 = EDGE_CURVE('',#18184,#18176,#18186,.T.);
#18184 = VERTEX_POINT('',#18185);
#18185 = CARTESIAN_POINT('',(560.,236.11111111111,120.));
#18186 = LINE('',#18187,#18188);
#18187 = CARTESIAN_POINT('',(560.,236.11111111111,120.));
#18188 = VECTOR('',#18189,1.);
#18189 = DIRECTION('',(0.,0.,1.));
#18190 = ORIENTED_EDGE('',*,*,#18191,.F.);
#18191 = EDGE_CURVE('',#18153,#18184,#18192,.T.);
#18192 = LINE('',#18193,#18194);
#18193 = CARTESIAN_POINT('',(560.,213.88888888888,120.));
#18194 = VECTOR('',#18195,1.);
#18195 = DIRECTION('',(0.,1.,0.));
#18196 = PLANE('',#18197);
#18197 = AXIS2_PLACEMENT_3D('',#18198,#18199,#18200);
#18198 = CARTESIAN_POINT('',(560.,213.88888888888,120.));
#18199 = DIRECTION('',(-1.,0.,0.));
#18200 = DIRECTION('',(0.,1.,0.));
#18201 = ADVANCED_FACE('',(#18202),#18227,.F.);
#18202 = FACE_BOUND('',#18203,.F.);
#18203 = EDGE_LOOP('',(#18204,#18205,#18213,#18221));
#18204 = ORIENTED_EDGE('',*,*,#18183,.T.);
#18205 = ORIENTED_EDGE('',*,*,#18206,.T.);
#18206 = EDGE_CURVE('',#18176,#18207,#18209,.T.);
#18207 = VERTEX_POINT('',#18208);
#18208 = CARTESIAN_POINT('',(390.,275.,140.));
#18209 = LINE('',#18210,#18211);
#18210 = CARTESIAN_POINT('',(560.,236.11111111111,140.));
#18211 = VECTOR('',#18212,1.);
#18212 = DIRECTION('',(-0.974818948223,0.222997798613,0.));
#18213 = ORIENTED_EDGE('',*,*,#18214,.F.);
#18214 = EDGE_CURVE('',#18215,#18207,#18217,.T.);
#18215 = VERTEX_POINT('',#18216);
#18216 = CARTESIAN_POINT('',(390.,275.,120.));
#18217 = LINE('',#18218,#18219);
#18218 = CARTESIAN_POINT('',(390.,275.,120.));
#18219 = VECTOR('',#18220,1.);
#18220 = DIRECTION('',(0.,0.,1.));
#18221 = ORIENTED_EDGE('',*,*,#18222,.F.);
#18222 = EDGE_CURVE('',#18184,#18215,#18223,.T.);
#18223 = LINE('',#18224,#18225);
#18224 = CARTESIAN_POINT('',(560.,236.11111111111,120.));
#18225 = VECTOR('',#18226,1.);
#18226 = DIRECTION('',(-0.974818948223,0.222997798613,0.));
#18227 = PLANE('',#18228);
#18228 = AXIS2_PLACEMENT_3D('',#18229,#18230,#18231);
#18229 = CARTESIAN_POINT('',(560.,236.11111111111,120.));
#18230 = DIRECTION('',(-0.222997798613,-0.974818948223,0.));
#18231 = DIRECTION('',(-0.974818948223,0.222997798613,0.));
#18232 = ADVANCED_FACE('',(#18233),#18249,.F.);
#18233 = FACE_BOUND('',#18234,.F.);
#18234 = EDGE_LOOP('',(#18235,#18236,#18242,#18243));
#18235 = ORIENTED_EDGE('',*,*,#18214,.T.);
#18236 = ORIENTED_EDGE('',*,*,#18237,.T.);
#18237 = EDGE_CURVE('',#18207,#18137,#18238,.T.);
#18238 = LINE('',#18239,#18240);
#18239 = CARTESIAN_POINT('',(390.,275.,140.));
#18240 = VECTOR('',#18241,1.);
#18241 = DIRECTION('',(0.,-1.,0.));
#18242 = ORIENTED_EDGE('',*,*,#18134,.F.);
#18243 = ORIENTED_EDGE('',*,*,#18244,.F.);
#18244 = EDGE_CURVE('',#18215,#18135,#18245,.T.);
#18245 = LINE('',#18246,#18247);
#18246 = CARTESIAN_POINT('',(390.,275.,120.));
#18247 = VECTOR('',#18248,1.);
#18248 = DIRECTION('',(0.,-1.,0.));
#18249 = PLANE('',#18250);
#18250 = AXIS2_PLACEMENT_3D('',#18251,#18252,#18253);
#18251 = CARTESIAN_POINT('',(390.,275.,120.));
#18252 = DIRECTION('',(1.,0.,-0.));
#18253 = DIRECTION('',(0.,-1.,0.));
#18254 = ADVANCED_FACE('',(#18255),#18261,.F.);
#18255 = FACE_BOUND('',#18256,.F.);
#18256 = EDGE_LOOP('',(#18257,#18258,#18259,#18260));
#18257 = ORIENTED_EDGE('',*,*,#18160,.T.);
#18258 = ORIENTED_EDGE('',*,*,#18191,.T.);
#18259 = ORIENTED_EDGE('',*,*,#18222,.T.);
#18260 = ORIENTED_EDGE('',*,*,#18244,.T.);
#18261 = PLANE('',#18262);
#18262 = AXIS2_PLACEMENT_3D('',#18263,#18264,#18265);
#18263 = CARTESIAN_POINT('',(460.96381782878,225.,120.));
#18264 = DIRECTION('',(0.,0.,1.));
#18265 = DIRECTION('',(1.,0.,-0.));
#18266 = ADVANCED_FACE('',(#18267),#18273,.T.);
#18267 = FACE_BOUND('',#18268,.T.);
#18268 = EDGE_LOOP('',(#18269,#18270,#18271,#18272));
#18269 = ORIENTED_EDGE('',*,*,#18144,.T.);
#18270 = ORIENTED_EDGE('',*,*,#18175,.T.);
#18271 = ORIENTED_EDGE('',*,*,#18206,.T.);
#18272 = ORIENTED_EDGE('',*,*,#18237,.T.);
#18273 = PLANE('',#18274);
#18274 = AXIS2_PLACEMENT_3D('',#18275,#18276,#18277);
#18275 = CARTESIAN_POINT('',(460.96381782878,225.,140.));
#18276 = DIRECTION('',(0.,0.,1.));
#18277 = DIRECTION('',(1.,0.,-0.));
#18278 = ( GEOMETRIC_REPRESENTATION_CONTEXT(3) 
GLOBAL_UNCERTAINTY_ASSIGNED_CONTEXT((#18282)) 
GLOBAL_UNIT_ASSIGNED_CONTEXT((#18279,#18280,#18281)) 
REPRESENTATION_CONTEXT('Context #1',
  '3D Context with UNIT and UNCERTAINTY') );
#18279 = ( LENGTH_UNIT() NAMED_UNIT(*) SI_UNIT(.MILLI.,.METRE.) );
#18280 = ( NAMED_UNIT(*) PLANE_ANGLE_UNIT() SI_UNIT($,.RADIAN.) );
#18281 = ( NAMED_UNIT(*) SI_UNIT($,.STERADIAN.) SOLID_ANGLE_UNIT() );
#18282 = UNCERTAINTY_MEASURE_WITH_UNIT(LENGTH_MEASURE(1.E-07),#18279,
  'distance_accuracy_value','confusion accuracy');
#18283 = CONTEXT_DEPENDENT_SHAPE_REPRESENTATION(#18284,#18286);
#18284 = ( REPRESENTATION_RELATIONSHIP('','',#18127,#10) 
REPRESENTATION_RELATIONSHIP_WITH_TRANSFORMATION(#18285) 
SHAPE_REPRESENTATION_RELATIONSHIP() );
#18285 = ITEM_DEFINED_TRANSFORMATION('','',#11,#415);
#18286 = PRODUCT_DEFINITION_SHAPE('Placement','Placement of an item',
  #18287);
#18287 = NEXT_ASSEMBLY_USAGE_OCCURRENCE('189',
  'TRI-AMA-STARBOARD-DECK-04 | Deck | nominal plywood 20 mm','',#5,
  #18122,$);
#18288 = PRODUCT_RELATED_PRODUCT_CATEGORY('part',$,(#18124));
#18289 = SHAPE_DEFINITION_REPRESENTATION(#18290,#18296);
#18290 = PRODUCT_DEFINITION_SHAPE('','',#18291);
#18291 = PRODUCT_DEFINITION('design','',#18292,#18295);
#18292 = PRODUCT_DEFINITION_FORMATION('','',#18293);
#18293 = PRODUCT(
  'TRI-AMA-STARBOARD-DECK-05 | Deck | nominal plywood 20 mm',
  'TRI-AMA-STARBOARD-DECK-05 | Deck | nominal plywood 20 mm','',(#18294)
  );
#18294 = PRODUCT_CONTEXT('',#2,'mechanical');
#18295 = PRODUCT_DEFINITION_CONTEXT('part definition',#2,'design');
#18296 = ADVANCED_BREP_SHAPE_REPRESENTATION('',(#11,#18297),#18414);
#18297 = MANIFOLD_SOLID_BREP('',#18298);
#18298 = CLOSED_SHELL('',(#18299,#18339,#18370,#18392,#18403));
#18299 = ADVANCED_FACE('',(#18300),#18334,.F.);
#18300 = FACE_BOUND('',#18301,.F.);
#18301 = EDGE_LOOP('',(#18302,#18312,#18320,#18328));
#18302 = ORIENTED_EDGE('',*,*,#18303,.T.);
#18303 = EDGE_CURVE('',#18304,#18306,#18308,.T.);
#18304 = VERTEX_POINT('',#18305);
#18305 = CARTESIAN_POINT('',(560.,213.88888888888,120.));
#18306 = VERTEX_POINT('',#18307);
#18307 = CARTESIAN_POINT('',(560.,213.88888888888,140.));
#18308 = LINE('',#18309,#18310);
#18309 = CARTESIAN_POINT('',(560.,213.88888888888,120.));
#18310 = VECTOR('',#18311,1.);
#18311 = DIRECTION('',(0.,0.,1.));
#18312 = ORIENTED_EDGE('',*,*,#18313,.T.);
#18313 = EDGE_CURVE('',#18306,#18314,#18316,.T.);
#18314 = VERTEX_POINT('',#18315);
#18315 = CARTESIAN_POINT('',(600.,225.,140.));
#18316 = LINE('',#18317,#18318);
#18317 = CARTESIAN_POINT('',(560.,213.88888888888,140.));
#18318 = VECTOR('',#18319,1.);
#18319 = DIRECTION('',(0.96351790963,0.267643863786,0.));
#18320 = ORIENTED_EDGE('',*,*,#18321,.F.);
#18321 = EDGE_CURVE('',#18322,#18314,#18324,.T.);
#18322 = VERTEX_POINT('',#18323);
#18323 = CARTESIAN_POINT('',(600.,225.,120.));
#18324 = LINE('',#18325,#18326);
#18325 = CARTESIAN_POINT('',(600.,225.,120.));
#18326 = VECTOR('',#18327,1.);
#18327 = DIRECTION('',(0.,0.,1.));
#18328 = ORIENTED_EDGE('',*,*,#18329,.F.);
#18329 = EDGE_CURVE('',#18304,#18322,#18330,.T.);
#18330 = LINE('',#18331,#18332);
#18331 = CARTESIAN_POINT('',(560.,213.88888888888,120.));
#18332 = VECTOR('',#18333,1.);
#18333 = DIRECTION('',(0.96351790963,0.267643863786,0.));
#18334 = PLANE('',#18335);
#18335 = AXIS2_PLACEMENT_3D('',#18336,#18337,#18338);
#18336 = CARTESIAN_POINT('',(560.,213.88888888888,120.));
#18337 = DIRECTION('',(-0.267643863786,0.96351790963,0.));
#18338 = DIRECTION('',(0.96351790963,0.267643863786,0.));
#18339 = ADVANCED_FACE('',(#18340),#18365,.F.);
#18340 = FACE_BOUND('',#18341,.F.);
#18341 = EDGE_LOOP('',(#18342,#18343,#18351,#18359));
#18342 = ORIENTED_EDGE('',*,*,#18321,.T.);
#18343 = ORIENTED_EDGE('',*,*,#18344,.T.);
#18344 = EDGE_CURVE('',#18314,#18345,#18347,.T.);
#18345 = VERTEX_POINT('',#18346);
#18346 = CARTESIAN_POINT('',(560.,236.11111111111,140.));
#18347 = LINE('',#18348,#18349);
#18348 = CARTESIAN_POINT('',(600.,225.,140.));
#18349 = VECTOR('',#18350,1.);
#18350 = DIRECTION('',(-0.96351790963,0.267643863786,0.));
#18351 = ORIENTED_EDGE('',*,*,#18352,.F.);
#18352 = EDGE_CURVE('',#18353,#18345,#18355,.T.);
#18353 = VERTEX_POINT('',#18354);
#18354 = CARTESIAN_POINT('',(560.,236.11111111111,120.));
#18355 = LINE('',#18356,#18357);
#18356 = CARTESIAN_POINT('',(560.,236.11111111111,120.));
#18357 = VECTOR('',#18358,1.);
#18358 = DIRECTION('',(0.,0.,1.));
#18359 = ORIENTED_EDGE('',*,*,#18360,.F.);
#18360 = EDGE_CURVE('',#18322,#18353,#18361,.T.);
#18361 = LINE('',#18362,#18363);
#18362 = CARTESIAN_POINT('',(600.,225.,120.));
#18363 = VECTOR('',#18364,1.);
#18364 = DIRECTION('',(-0.96351790963,0.267643863786,0.));
#18365 = PLANE('',#18366);
#18366 = AXIS2_PLACEMENT_3D('',#18367,#18368,#18369);
#18367 = CARTESIAN_POINT('',(600.,225.,120.));
#18368 = DIRECTION('',(-0.267643863786,-0.96351790963,0.));
#18369 = DIRECTION('',(-0.96351790963,0.267643863786,0.));
#18370 = ADVANCED_FACE('',(#18371),#18387,.F.);
#18371 = FACE_BOUND('',#18372,.F.);
#18372 = EDGE_LOOP('',(#18373,#18374,#18380,#18381));
#18373 = ORIENTED_EDGE('',*,*,#18352,.T.);
#18374 = ORIENTED_EDGE('',*,*,#18375,.T.);
#18375 = EDGE_CURVE('',#18345,#18306,#18376,.T.);
#18376 = LINE('',#18377,#18378);
#18377 = CARTESIAN_POINT('',(560.,236.11111111111,140.));
#18378 = VECTOR('',#18379,1.);
#18379 = DIRECTION('',(0.,-1.,0.));
#18380 = ORIENTED_EDGE('',*,*,#18303,.F.);
#18381 = ORIENTED_EDGE('',*,*,#18382,.F.);
#18382 = EDGE_CURVE('',#18353,#18304,#18383,.T.);
#18383 = LINE('',#18384,#18385);
#18384 = CARTESIAN_POINT('',(560.,236.11111111111,120.));
#18385 = VECTOR('',#18386,1.);
#18386 = DIRECTION('',(0.,-1.,0.));
#18387 = PLANE('',#18388);
#18388 = AXIS2_PLACEMENT_3D('',#18389,#18390,#18391);
#18389 = CARTESIAN_POINT('',(560.,236.11111111111,120.));
#18390 = DIRECTION('',(1.,0.,-0.));
#18391 = DIRECTION('',(0.,-1.,0.));
#18392 = ADVANCED_FACE('',(#18393),#18398,.F.);
#18393 = FACE_BOUND('',#18394,.F.);
#18394 = EDGE_LOOP('',(#18395,#18396,#18397));
#18395 = ORIENTED_EDGE('',*,*,#18329,.T.);
#18396 = ORIENTED_EDGE('',*,*,#18360,.T.);
#18397 = ORIENTED_EDGE('',*,*,#18382,.T.);
#18398 = PLANE('',#18399);
#18399 = AXIS2_PLACEMENT_3D('',#18400,#18401,#18402);
#18400 = CARTESIAN_POINT('',(575.77730194683,225.,120.));
#18401 = DIRECTION('',(0.,0.,1.));
#18402 = DIRECTION('',(1.,0.,-0.));
#18403 = ADVANCED_FACE('',(#18404),#18409,.T.);
#18404 = FACE_BOUND('',#18405,.T.);
#18405 = EDGE_LOOP('',(#18406,#18407,#18408));
#18406 = ORIENTED_EDGE('',*,*,#18313,.T.);
#18407 = ORIENTED_EDGE('',*,*,#18344,.T.);
#18408 = ORIENTED_EDGE('',*,*,#18375,.T.);
#18409 = PLANE('',#18410);
#18410 = AXIS2_PLACEMENT_3D('',#18411,#18412,#18413);
#18411 = CARTESIAN_POINT('',(575.77730194683,225.,140.));
#18412 = DIRECTION('',(0.,0.,1.));
#18413 = DIRECTION('',(1.,0.,-0.));
#18414 = ( GEOMETRIC_REPRESENTATION_CONTEXT(3) 
GLOBAL_UNCERTAINTY_ASSIGNED_CONTEXT((#18418)) 
GLOBAL_UNIT_ASSIGNED_CONTEXT((#18415,#18416,#18417)) 
REPRESENTATION_CONTEXT('Context #1',
  '3D Context with UNIT and UNCERTAINTY') );
#18415 = ( LENGTH_UNIT() NAMED_UNIT(*) SI_UNIT(.MILLI.,.METRE.) );
#18416 = ( NAMED_UNIT(*) PLANE_ANGLE_UNIT() SI_UNIT($,.RADIAN.) );
#18417 = ( NAMED_UNIT(*) SI_UNIT($,.STERADIAN.) SOLID_ANGLE_UNIT() );
#18418 = UNCERTAINTY_MEASURE_WITH_UNIT(LENGTH_MEASURE(1.E-07),#18415,
  'distance_accuracy_value','confusion accuracy');
#18419 = CONTEXT_DEPENDENT_SHAPE_REPRESENTATION(#18420,#18422);
#18420 = ( REPRESENTATION_RELATIONSHIP('','',#18296,#10) 
REPRESENTATION_RELATIONSHIP_WITH_TRANSFORMATION(#18421) 
SHAPE_REPRESENTATION_RELATIONSHIP() );
#18421 = ITEM_DEFINED_TRANSFORMATION('','',#11,#419);
#18422 = PRODUCT_DEFINITION_SHAPE('Placement','Placement of an item',
  #18423);
#18423 = NEXT_ASSEMBLY_USAGE_OCCURRENCE('190',
  'TRI-AMA-STARBOARD-DECK-05 | Deck | nominal plywood 20 mm','',#5,
  #18291,$);
#18424 = PRODUCT_RELATED_PRODUCT_CATEGORY('part',$,(#18293));
#18425 = SHAPE_DEFINITION_REPRESENTATION(#18426,#18432);
#18426 = PRODUCT_DEFINITION_SHAPE('','',#18427);
#18427 = PRODUCT_DEFINITION('design','',#18428,#18431);
#18428 = PRODUCT_DEFINITION_FORMATION('','',#18429);
#18429 = PRODUCT(
  'TRIMARAN-CONNECTOR-PORT-01 | Connector | nominal plywood 20 mm',
  'TRIMARAN-CONNECTOR-PORT-01 | Connector | nominal plywood 20 mm','',(
    #18430));
#18430 = PRODUCT_CONTEXT('',#2,'mechanical');
#18431 = PRODUCT_DEFINITION_CONTEXT('part definition',#2,'design');
#18432 = ADVANCED_BREP_SHAPE_REPRESENTATION('',(#11,#18433),#18583);
#18433 = MANIFOLD_SOLID_BREP('',#18434);
#18434 = CLOSED_SHELL('',(#18435,#18475,#18506,#18537,#18559,#18571));
#18435 = ADVANCED_FACE('',(#18436),#18470,.F.);
#18436 = FACE_BOUND('',#18437,.F.);
#18437 = EDGE_LOOP('',(#18438,#18448,#18456,#18464));
#18438 = ORIENTED_EDGE('',*,*,#18439,.T.);
#18439 = EDGE_CURVE('',#18440,#18442,#18444,.T.);
#18440 = VERTEX_POINT('',#18441);
#18441 = CARTESIAN_POINT('',(110.,-175.,120.));
#18442 = VERTEX_POINT('',#18443);
#18443 = CARTESIAN_POINT('',(110.,-175.,140.));
#18444 = LINE('',#18445,#18446);
#18445 = CARTESIAN_POINT('',(110.,-175.,120.));
#18446 = VECTOR('',#18447,1.);
#18447 = DIRECTION('',(0.,0.,1.));
#18448 = ORIENTED_EDGE('',*,*,#18449,.T.);
#18449 = EDGE_CURVE('',#18442,#18450,#18452,.T.);
#18450 = VERTEX_POINT('',#18451);
#18451 = CARTESIAN_POINT('',(130.,-175.,140.));
#18452 = LINE('',#18453,#18454);
#18453 = CARTESIAN_POINT('',(110.,-175.,140.));
#18454 = VECTOR('',#18455,1.);
#18455 = DIRECTION('',(1.,0.,0.));
#18456 = ORIENTED_EDGE('',*,*,#18457,.F.);
#18457 = EDGE_CURVE('',#18458,#18450,#18460,.T.);
#18458 = VERTEX_POINT('',#18459);
#18459 = CARTESIAN_POINT('',(130.,-175.,120.));
#18460 = LINE('',#18461,#18462);
#18461 = CARTESIAN_POINT('',(130.,-175.,120.));
#18462 = VECTOR('',#18463,1.);
#18463 = DIRECTION('',(0.,0.,1.));
#18464 = ORIENTED_EDGE('',*,*,#18465,.F.);
#18465 = EDGE_CURVE('',#18440,#18458,#18466,.T.);
#18466 = LINE('',#18467,#18468);
#18467 = CARTESIAN_POINT('',(110.,-175.,120.));
#18468 = VECTOR('',#18469,1.);
#18469 = DIRECTION('',(1.,0.,0.));
#18470 = PLANE('',#18471);
#18471 = AXIS2_PLACEMENT_3D('',#18472,#18473,#18474);
#18472 = CARTESIAN_POINT('',(110.,-175.,120.));
#18473 = DIRECTION('',(0.,1.,0.));
#18474 = DIRECTION('',(1.,0.,0.));
#18475 = ADVANCED_FACE('',(#18476),#18501,.F.);
#18476 = FACE_BOUND('',#18477,.F.);
#18477 = EDGE_LOOP('',(#18478,#18479,#18487,#18495));
#18478 = ORIENTED_EDGE('',*,*,#18457,.T.);
#18479 = ORIENTED_EDGE('',*,*,#18480,.T.);
#18480 = EDGE_CURVE('',#18450,#18481,#18483,.T.);
#18481 = VERTEX_POINT('',#18482);
#18482 = CARTESIAN_POINT('',(130.,-150.,140.));
#18483 = LINE('',#18484,#18485);
#18484 = CARTESIAN_POINT('',(130.,-175.,140.));
#18485 = VECTOR('',#18486,1.);
#18486 = DIRECTION('',(0.,1.,0.));
#18487 = ORIENTED_EDGE('',*,*,#18488,.F.);
#18488 = EDGE_CURVE('',#18489,#18481,#18491,.T.);
#18489 = VERTEX_POINT('',#18490);
#18490 = CARTESIAN_POINT('',(130.,-150.,120.));
#18491 = LINE('',#18492,#18493);
#18492 = CARTESIAN_POINT('',(130.,-150.,120.));
#18493 = VECTOR('',#18494,1.);
#18494 = DIRECTION('',(0.,0.,1.));
#18495 = ORIENTED_EDGE('',*,*,#18496,.F.);
#18496 = EDGE_CURVE('',#18458,#18489,#18497,.T.);
#18497 = LINE('',#18498,#18499);
#18498 = CARTESIAN_POINT('',(130.,-175.,120.));
#18499 = VECTOR('',#18500,1.);
#18500 = DIRECTION('',(0.,1.,0.));
#18501 = PLANE('',#18502);
#18502 = AXIS2_PLACEMENT_3D('',#18503,#18504,#18505);
#18503 = CARTESIAN_POINT('',(130.,-175.,120.));
#18504 = DIRECTION('',(-1.,0.,0.));
#18505 = DIRECTION('',(0.,1.,0.));
#18506 = ADVANCED_FACE('',(#18507),#18532,.F.);
#18507 = FACE_BOUND('',#18508,.F.);
#18508 = EDGE_LOOP('',(#18509,#18510,#18518,#18526));
#18509 = ORIENTED_EDGE('',*,*,#18488,.T.);
#18510 = ORIENTED_EDGE('',*,*,#18511,.T.);
#18511 = EDGE_CURVE('',#18481,#18512,#18514,.T.);
#18512 = VERTEX_POINT('',#18513);
#18513 = CARTESIAN_POINT('',(110.,-150.,140.));
#18514 = LINE('',#18515,#18516);
#18515 = CARTESIAN_POINT('',(130.,-150.,140.));
#18516 = VECTOR('',#18517,1.);
#18517 = DIRECTION('',(-1.,0.,0.));
#18518 = ORIENTED_EDGE('',*,*,#18519,.F.);
#18519 = EDGE_CURVE('',#18520,#18512,#18522,.T.);
#18520 = VERTEX_POINT('',#18521);
#18521 = CARTESIAN_POINT('',(110.,-150.,120.));
#18522 = LINE('',#18523,#18524);
#18523 = CARTESIAN_POINT('',(110.,-150.,120.));
#18524 = VECTOR('',#18525,1.);
#18525 = DIRECTION('',(0.,0.,1.));
#18526 = ORIENTED_EDGE('',*,*,#18527,.F.);
#18527 = EDGE_CURVE('',#18489,#18520,#18528,.T.);
#18528 = LINE('',#18529,#18530);
#18529 = CARTESIAN_POINT('',(130.,-150.,120.));
#18530 = VECTOR('',#18531,1.);
#18531 = DIRECTION('',(-1.,0.,0.));
#18532 = PLANE('',#18533);
#18533 = AXIS2_PLACEMENT_3D('',#18534,#18535,#18536);
#18534 = CARTESIAN_POINT('',(130.,-150.,120.));
#18535 = DIRECTION('',(0.,-1.,0.));
#18536 = DIRECTION('',(-1.,0.,0.));
#18537 = ADVANCED_FACE('',(#18538),#18554,.F.);
#18538 = FACE_BOUND('',#18539,.F.);
#18539 = EDGE_LOOP('',(#18540,#18541,#18547,#18548));
#18540 = ORIENTED_EDGE('',*,*,#18519,.T.);
#18541 = ORIENTED_EDGE('',*,*,#18542,.T.);
#18542 = EDGE_CURVE('',#18512,#18442,#18543,.T.);
#18543 = LINE('',#18544,#18545);
#18544 = CARTESIAN_POINT('',(110.,-150.,140.));
#18545 = VECTOR('',#18546,1.);
#18546 = DIRECTION('',(0.,-1.,0.));
#18547 = ORIENTED_EDGE('',*,*,#18439,.F.);
#18548 = ORIENTED_EDGE('',*,*,#18549,.F.);
#18549 = EDGE_CURVE('',#18520,#18440,#18550,.T.);
#18550 = LINE('',#18551,#18552);
#18551 = CARTESIAN_POINT('',(110.,-150.,120.));
#18552 = VECTOR('',#18553,1.);
#18553 = DIRECTION('',(0.,-1.,0.));
#18554 = PLANE('',#18555);
#18555 = AXIS2_PLACEMENT_3D('',#18556,#18557,#18558);
#18556 = CARTESIAN_POINT('',(110.,-150.,120.));
#18557 = DIRECTION('',(1.,0.,-0.));
#18558 = DIRECTION('',(0.,-1.,0.));
#18559 = ADVANCED_FACE('',(#18560),#18566,.F.);
#18560 = FACE_BOUND('',#18561,.F.);
#18561 = EDGE_LOOP('',(#18562,#18563,#18564,#18565));
#18562 = ORIENTED_EDGE('',*,*,#18465,.T.);
#18563 = ORIENTED_EDGE('',*,*,#18496,.T.);
#18564 = ORIENTED_EDGE('',*,*,#18527,.T.);
#18565 = ORIENTED_EDGE('',*,*,#18549,.T.);
#18566 = PLANE('',#18567);
#18567 = AXIS2_PLACEMENT_3D('',#18568,#18569,#18570);
#18568 = CARTESIAN_POINT('',(120.,-162.5,120.));
#18569 = DIRECTION('',(0.,0.,1.));
#18570 = DIRECTION('',(1.,0.,-0.));
#18571 = ADVANCED_FACE('',(#18572),#18578,.T.);
#18572 = FACE_BOUND('',#18573,.T.);
#18573 = EDGE_LOOP('',(#18574,#18575,#18576,#18577));
#18574 = ORIENTED_EDGE('',*,*,#18449,.T.);
#18575 = ORIENTED_EDGE('',*,*,#18480,.T.);
#18576 = ORIENTED_EDGE('',*,*,#18511,.T.);
#18577 = ORIENTED_EDGE('',*,*,#18542,.T.);
#18578 = PLANE('',#18579);
#18579 = AXIS2_PLACEMENT_3D('',#18580,#18581,#18582);
#18580 = CARTESIAN_POINT('',(120.,-162.5,140.));
#18581 = DIRECTION('',(0.,0.,1.));
#18582 = DIRECTION('',(1.,0.,-0.));
#18583 = ( GEOMETRIC_REPRESENTATION_CONTEXT(3) 
GLOBAL_UNCERTAINTY_ASSIGNED_CONTEXT((#18587)) 
GLOBAL_UNIT_ASSIGNED_CONTEXT((#18584,#18585,#18586)) 
REPRESENTATION_CONTEXT('Context #1',
  '3D Context with UNIT and UNCERTAINTY') );
#18584 = ( LENGTH_UNIT() NAMED_UNIT(*) SI_UNIT(.MILLI.,.METRE.) );
#18585 = ( NAMED_UNIT(*) PLANE_ANGLE_UNIT() SI_UNIT($,.RADIAN.) );
#18586 = ( NAMED_UNIT(*) SI_UNIT($,.STERADIAN.) SOLID_ANGLE_UNIT() );
#18587 = UNCERTAINTY_MEASURE_WITH_UNIT(LENGTH_MEASURE(1.E-07),#18584,
  'distance_accuracy_value','confusion accuracy');
#18588 = CONTEXT_DEPENDENT_SHAPE_REPRESENTATION(#18589,#18591);
#18589 = ( REPRESENTATION_RELATIONSHIP('','',#18432,#10) 
REPRESENTATION_RELATIONSHIP_WITH_TRANSFORMATION(#18590) 
SHAPE_REPRESENTATION_RELATIONSHIP() );
#18590 = ITEM_DEFINED_TRANSFORMATION('','',#11,#423);
#18591 = PRODUCT_DEFINITION_SHAPE('Placement','Placement of an item',
  #18592);
#18592 = NEXT_ASSEMBLY_USAGE_OCCURRENCE('191',
  'TRIMARAN-CONNECTOR-PORT-01 | Connector | nominal plywood 20 mm','',#5
  ,#18427,$);
#18593 = PRODUCT_RELATED_PRODUCT_CATEGORY('part',$,(#18429));
#18594 = SHAPE_DEFINITION_REPRESENTATION(#18595,#18601);
#18595 = PRODUCT_DEFINITION_SHAPE('','',#18596);
#18596 = PRODUCT_DEFINITION('design','',#18597,#18600);
#18597 = PRODUCT_DEFINITION_FORMATION('','',#18598);
#18598 = PRODUCT(
  'TRIMARAN-CONNECTOR-STARBOARD-01 | Connector | nominal plywood 20 mm',
  'TRIMARAN-CONNECTOR-STARBOARD-01 | Connector | nominal plywood 20 mm',
  '',(#18599));
#18599 = PRODUCT_CONTEXT('',#2,'mechanical');
#18600 = PRODUCT_DEFINITION_CONTEXT('part definition',#2,'design');
#18601 = ADVANCED_BREP_SHAPE_REPRESENTATION('',(#11,#18602),#18752);
#18602 = MANIFOLD_SOLID_BREP('',#18603);
#18603 = CLOSED_SHELL('',(#18604,#18644,#18675,#18706,#18728,#18740));
#18604 = ADVANCED_FACE('',(#18605),#18639,.F.);
#18605 = FACE_BOUND('',#18606,.F.);
#18606 = EDGE_LOOP('',(#18607,#18617,#18625,#18633));
#18607 = ORIENTED_EDGE('',*,*,#18608,.T.);
#18608 = EDGE_CURVE('',#18609,#18611,#18613,.T.);
#18609 = VERTEX_POINT('',#18610);
#18610 = CARTESIAN_POINT('',(110.,150.,120.));
#18611 = VERTEX_POINT('',#18612);
#18612 = CARTESIAN_POINT('',(110.,150.,140.));
#18613 = LINE('',#18614,#18615);
#18614 = CARTESIAN_POINT('',(110.,150.,120.));
#18615 = VECTOR('',#18616,1.);
#18616 = DIRECTION('',(0.,0.,1.));
#18617 = ORIENTED_EDGE('',*,*,#18618,.T.);
#18618 = EDGE_CURVE('',#18611,#18619,#18621,.T.);
#18619 = VERTEX_POINT('',#18620);
#18620 = CARTESIAN_POINT('',(130.,150.,140.));
#18621 = LINE('',#18622,#18623);
#18622 = CARTESIAN_POINT('',(110.,150.,140.));
#18623 = VECTOR('',#18624,1.);
#18624 = DIRECTION('',(1.,0.,0.));
#18625 = ORIENTED_EDGE('',*,*,#18626,.F.);
#18626 = EDGE_CURVE('',#18627,#18619,#18629,.T.);
#18627 = VERTEX_POINT('',#18628);
#18628 = CARTESIAN_POINT('',(130.,150.,120.));
#18629 = LINE('',#18630,#18631);
#18630 = CARTESIAN_POINT('',(130.,150.,120.));
#18631 = VECTOR('',#18632,1.);
#18632 = DIRECTION('',(0.,0.,1.));
#18633 = ORIENTED_EDGE('',*,*,#18634,.F.);
#18634 = EDGE_CURVE('',#18609,#18627,#18635,.T.);
#18635 = LINE('',#18636,#18637);
#18636 = CARTESIAN_POINT('',(110.,150.,120.));
#18637 = VECTOR('',#18638,1.);
#18638 = DIRECTION('',(1.,0.,0.));
#18639 = PLANE('',#18640);
#18640 = AXIS2_PLACEMENT_3D('',#18641,#18642,#18643);
#18641 = CARTESIAN_POINT('',(110.,150.,120.));
#18642 = DIRECTION('',(0.,1.,0.));
#18643 = DIRECTION('',(1.,0.,0.));
#18644 = ADVANCED_FACE('',(#18645),#18670,.F.);
#18645 = FACE_BOUND('',#18646,.F.);
#18646 = EDGE_LOOP('',(#18647,#18648,#18656,#18664));
#18647 = ORIENTED_EDGE('',*,*,#18626,.T.);
#18648 = ORIENTED_EDGE('',*,*,#18649,.T.);
#18649 = EDGE_CURVE('',#18619,#18650,#18652,.T.);
#18650 = VERTEX_POINT('',#18651);
#18651 = CARTESIAN_POINT('',(130.,175.,140.));
#18652 = LINE('',#18653,#18654);
#18653 = CARTESIAN_POINT('',(130.,150.,140.));
#18654 = VECTOR('',#18655,1.);
#18655 = DIRECTION('',(0.,1.,0.));
#18656 = ORIENTED_EDGE('',*,*,#18657,.F.);
#18657 = EDGE_CURVE('',#18658,#18650,#18660,.T.);
#18658 = VERTEX_POINT('',#18659);
#18659 = CARTESIAN_POINT('',(130.,175.,120.));
#18660 = LINE('',#18661,#18662);
#18661 = CARTESIAN_POINT('',(130.,175.,120.));
#18662 = VECTOR('',#18663,1.);
#18663 = DIRECTION('',(0.,0.,1.));
#18664 = ORIENTED_EDGE('',*,*,#18665,.F.);
#18665 = EDGE_CURVE('',#18627,#18658,#18666,.T.);
#18666 = LINE('',#18667,#18668);
#18667 = CARTESIAN_POINT('',(130.,150.,120.));
#18668 = VECTOR('',#18669,1.);
#18669 = DIRECTION('',(0.,1.,0.));
#18670 = PLANE('',#18671);
#18671 = AXIS2_PLACEMENT_3D('',#18672,#18673,#18674);
#18672 = CARTESIAN_POINT('',(130.,150.,120.));
#18673 = DIRECTION('',(-1.,0.,0.));
#18674 = DIRECTION('',(0.,1.,0.));
#18675 = ADVANCED_FACE('',(#18676),#18701,.F.);
#18676 = FACE_BOUND('',#18677,.F.);
#18677 = EDGE_LOOP('',(#18678,#18679,#18687,#18695));
#18678 = ORIENTED_EDGE('',*,*,#18657,.T.);
#18679 = ORIENTED_EDGE('',*,*,#18680,.T.);
#18680 = EDGE_CURVE('',#18650,#18681,#18683,.T.);
#18681 = VERTEX_POINT('',#18682);
#18682 = CARTESIAN_POINT('',(110.,175.,140.));
#18683 = LINE('',#18684,#18685);
#18684 = CARTESIAN_POINT('',(130.,175.,140.));
#18685 = VECTOR('',#18686,1.);
#18686 = DIRECTION('',(-1.,0.,0.));
#18687 = ORIENTED_EDGE('',*,*,#18688,.F.);
#18688 = EDGE_CURVE('',#18689,#18681,#18691,.T.);
#18689 = VERTEX_POINT('',#18690);
#18690 = CARTESIAN_POINT('',(110.,175.,120.));
#18691 = LINE('',#18692,#18693);
#18692 = CARTESIAN_POINT('',(110.,175.,120.));
#18693 = VECTOR('',#18694,1.);
#18694 = DIRECTION('',(0.,0.,1.));
#18695 = ORIENTED_EDGE('',*,*,#18696,.F.);
#18696 = EDGE_CURVE('',#18658,#18689,#18697,.T.);
#18697 = LINE('',#18698,#18699);
#18698 = CARTESIAN_POINT('',(130.,175.,120.));
#18699 = VECTOR('',#18700,1.);
#18700 = DIRECTION('',(-1.,0.,0.));
#18701 = PLANE('',#18702);
#18702 = AXIS2_PLACEMENT_3D('',#18703,#18704,#18705);
#18703 = CARTESIAN_POINT('',(130.,175.,120.));
#18704 = DIRECTION('',(0.,-1.,0.));
#18705 = DIRECTION('',(-1.,0.,0.));
#18706 = ADVANCED_FACE('',(#18707),#18723,.F.);
#18707 = FACE_BOUND('',#18708,.F.);
#18708 = EDGE_LOOP('',(#18709,#18710,#18716,#18717));
#18709 = ORIENTED_EDGE('',*,*,#18688,.T.);
#18710 = ORIENTED_EDGE('',*,*,#18711,.T.);
#18711 = EDGE_CURVE('',#18681,#18611,#18712,.T.);
#18712 = LINE('',#18713,#18714);
#18713 = CARTESIAN_POINT('',(110.,175.,140.));
#18714 = VECTOR('',#18715,1.);
#18715 = DIRECTION('',(0.,-1.,0.));
#18716 = ORIENTED_EDGE('',*,*,#18608,.F.);
#18717 = ORIENTED_EDGE('',*,*,#18718,.F.);
#18718 = EDGE_CURVE('',#18689,#18609,#18719,.T.);
#18719 = LINE('',#18720,#18721);
#18720 = CARTESIAN_POINT('',(110.,175.,120.));
#18721 = VECTOR('',#18722,1.);
#18722 = DIRECTION('',(0.,-1.,0.));
#18723 = PLANE('',#18724);
#18724 = AXIS2_PLACEMENT_3D('',#18725,#18726,#18727);
#18725 = CARTESIAN_POINT('',(110.,175.,120.));
#18726 = DIRECTION('',(1.,0.,-0.));
#18727 = DIRECTION('',(0.,-1.,0.));
#18728 = ADVANCED_FACE('',(#18729),#18735,.F.);
#18729 = FACE_BOUND('',#18730,.F.);
#18730 = EDGE_LOOP('',(#18731,#18732,#18733,#18734));
#18731 = ORIENTED_EDGE('',*,*,#18634,.T.);
#18732 = ORIENTED_EDGE('',*,*,#18665,.T.);
#18733 = ORIENTED_EDGE('',*,*,#18696,.T.);
#18734 = ORIENTED_EDGE('',*,*,#18718,.T.);
#18735 = PLANE('',#18736);
#18736 = AXIS2_PLACEMENT_3D('',#18737,#18738,#18739);
#18737 = CARTESIAN_POINT('',(120.,162.5,120.));
#18738 = DIRECTION('',(0.,0.,1.));
#18739 = DIRECTION('',(1.,0.,-0.));
#18740 = ADVANCED_FACE('',(#18741),#18747,.T.);
#18741 = FACE_BOUND('',#18742,.T.);
#18742 = EDGE_LOOP('',(#18743,#18744,#18745,#18746));
#18743 = ORIENTED_EDGE('',*,*,#18618,.T.);
#18744 = ORIENTED_EDGE('',*,*,#18649,.T.);
#18745 = ORIENTED_EDGE('',*,*,#18680,.T.);
#18746 = ORIENTED_EDGE('',*,*,#18711,.T.);
#18747 = PLANE('',#18748);
#18748 = AXIS2_PLACEMENT_3D('',#18749,#18750,#18751);
#18749 = CARTESIAN_POINT('',(120.,162.5,140.));
#18750 = DIRECTION('',(0.,0.,1.));
#18751 = DIRECTION('',(1.,0.,-0.));
#18752 = ( GEOMETRIC_REPRESENTATION_CONTEXT(3) 
GLOBAL_UNCERTAINTY_ASSIGNED_CONTEXT((#18756)) 
GLOBAL_UNIT_ASSIGNED_CONTEXT((#18753,#18754,#18755)) 
REPRESENTATION_CONTEXT('Context #1',
  '3D Context with UNIT and UNCERTAINTY') );
#18753 = ( LENGTH_UNIT() NAMED_UNIT(*) SI_UNIT(.MILLI.,.METRE.) );
#18754 = ( NAMED_UNIT(*) PLANE_ANGLE_UNIT() SI_UNIT($,.RADIAN.) );
#18755 = ( NAMED_UNIT(*) SI_UNIT($,.STERADIAN.) SOLID_ANGLE_UNIT() );
#18756 = UNCERTAINTY_MEASURE_WITH_UNIT(LENGTH_MEASURE(1.E-07),#18753,
  'distance_accuracy_value','confusion accuracy');
#18757 = CONTEXT_DEPENDENT_SHAPE_REPRESENTATION(#18758,#18760);
#18758 = ( REPRESENTATION_RELATIONSHIP('','',#18601,#10) 
REPRESENTATION_RELATIONSHIP_WITH_TRANSFORMATION(#18759) 
SHAPE_REPRESENTATION_RELATIONSHIP() );
#18759 = ITEM_DEFINED_TRANSFORMATION('','',#11,#427);
#18760 = PRODUCT_DEFINITION_SHAPE('Placement','Placement of an item',
  #18761);
#18761 = NEXT_ASSEMBLY_USAGE_OCCURRENCE('192',
  'TRIMARAN-CONNECTOR-STARBOARD-01 | Connector | nominal plywood 20 mm',
  '',#5,#18596,$);
#18762 = PRODUCT_RELATED_PRODUCT_CATEGORY('part',$,(#18598));
#18763 = SHAPE_DEFINITION_REPRESENTATION(#18764,#18770);
#18764 = PRODUCT_DEFINITION_SHAPE('','',#18765);
#18765 = PRODUCT_DEFINITION('design','',#18766,#18769);
#18766 = PRODUCT_DEFINITION_FORMATION('','',#18767);
#18767 = PRODUCT(
  'TRIMARAN-CONNECTOR-PORT-02 | Connector | nominal plywood 20 mm',
  'TRIMARAN-CONNECTOR-PORT-02 | Connector | nominal plywood 20 mm','',(
    #18768));
#18768 = PRODUCT_CONTEXT('',#2,'mechanical');
#18769 = PRODUCT_DEFINITION_CONTEXT('part definition',#2,'design');
#18770 = ADVANCED_BREP_SHAPE_REPRESENTATION('',(#11,#18771),#18921);
#18771 = MANIFOLD_SOLID_BREP('',#18772);
#18772 = CLOSED_SHELL('',(#18773,#18813,#18844,#18875,#18897,#18909));
#18773 = ADVANCED_FACE('',(#18774),#18808,.F.);
#18774 = FACE_BOUND('',#18775,.F.);
#18775 = EDGE_LOOP('',(#18776,#18786,#18794,#18802));
#18776 = ORIENTED_EDGE('',*,*,#18777,.T.);
#18777 = EDGE_CURVE('',#18778,#18780,#18782,.T.);
#18778 = VERTEX_POINT('',#18779);
#18779 = CARTESIAN_POINT('',(280.,-175.,120.));
#18780 = VERTEX_POINT('',#18781);
#18781 = CARTESIAN_POINT('',(280.,-175.,140.));
#18782 = LINE('',#18783,#18784);
#18783 = CARTESIAN_POINT('',(280.,-175.,120.));
#18784 = VECTOR('',#18785,1.);
#18785 = DIRECTION('',(0.,0.,1.));
#18786 = ORIENTED_EDGE('',*,*,#18787,.T.);
#18787 = EDGE_CURVE('',#18780,#18788,#18790,.T.);
#18788 = VERTEX_POINT('',#18789);
#18789 = CARTESIAN_POINT('',(300.,-175.,140.));
#18790 = LINE('',#18791,#18792);
#18791 = CARTESIAN_POINT('',(280.,-175.,140.));
#18792 = VECTOR('',#18793,1.);
#18793 = DIRECTION('',(1.,0.,0.));
#18794 = ORIENTED_EDGE('',*,*,#18795,.F.);
#18795 = EDGE_CURVE('',#18796,#18788,#18798,.T.);
#18796 = VERTEX_POINT('',#18797);
#18797 = CARTESIAN_POINT('',(300.,-175.,120.));
#18798 = LINE('',#18799,#18800);
#18799 = CARTESIAN_POINT('',(300.,-175.,120.));
#18800 = VECTOR('',#18801,1.);
#18801 = DIRECTION('',(0.,0.,1.));
#18802 = ORIENTED_EDGE('',*,*,#18803,.F.);
#18803 = EDGE_CURVE('',#18778,#18796,#18804,.T.);
#18804 = LINE('',#18805,#18806);
#18805 = CARTESIAN_POINT('',(280.,-175.,120.));
#18806 = VECTOR('',#18807,1.);
#18807 = DIRECTION('',(1.,0.,0.));
#18808 = PLANE('',#18809);
#18809 = AXIS2_PLACEMENT_3D('',#18810,#18811,#18812);
#18810 = CARTESIAN_POINT('',(280.,-175.,120.));
#18811 = DIRECTION('',(0.,1.,0.));
#18812 = DIRECTION('',(1.,0.,0.));
#18813 = ADVANCED_FACE('',(#18814),#18839,.F.);
#18814 = FACE_BOUND('',#18815,.F.);
#18815 = EDGE_LOOP('',(#18816,#18817,#18825,#18833));
#18816 = ORIENTED_EDGE('',*,*,#18795,.T.);
#18817 = ORIENTED_EDGE('',*,*,#18818,.T.);
#18818 = EDGE_CURVE('',#18788,#18819,#18821,.T.);
#18819 = VERTEX_POINT('',#18820);
#18820 = CARTESIAN_POINT('',(300.,-150.,140.));
#18821 = LINE('',#18822,#18823);
#18822 = CARTESIAN_POINT('',(300.,-175.,140.));
#18823 = VECTOR('',#18824,1.);
#18824 = DIRECTION('',(0.,1.,0.));
#18825 = ORIENTED_EDGE('',*,*,#18826,.F.);
#18826 = EDGE_CURVE('',#18827,#18819,#18829,.T.);
#18827 = VERTEX_POINT('',#18828);
#18828 = CARTESIAN_POINT('',(300.,-150.,120.));
#18829 = LINE('',#18830,#18831);
#18830 = CARTESIAN_POINT('',(300.,-150.,120.));
#18831 = VECTOR('',#18832,1.);
#18832 = DIRECTION('',(0.,0.,1.));
#18833 = ORIENTED_EDGE('',*,*,#18834,.F.);
#18834 = EDGE_CURVE('',#18796,#18827,#18835,.T.);
#18835 = LINE('',#18836,#18837);
#18836 = CARTESIAN_POINT('',(300.,-175.,120.));
#18837 = VECTOR('',#18838,1.);
#18838 = DIRECTION('',(0.,1.,0.));
#18839 = PLANE('',#18840);
#18840 = AXIS2_PLACEMENT_3D('',#18841,#18842,#18843);
#18841 = CARTESIAN_POINT('',(300.,-175.,120.));
#18842 = DIRECTION('',(-1.,0.,0.));
#18843 = DIRECTION('',(0.,1.,0.));
#18844 = ADVANCED_FACE('',(#18845),#18870,.F.);
#18845 = FACE_BOUND('',#18846,.F.);
#18846 = EDGE_LOOP('',(#18847,#18848,#18856,#18864));
#18847 = ORIENTED_EDGE('',*,*,#18826,.T.);
#18848 = ORIENTED_EDGE('',*,*,#18849,.T.);
#18849 = EDGE_CURVE('',#18819,#18850,#18852,.T.);
#18850 = VERTEX_POINT('',#18851);
#18851 = CARTESIAN_POINT('',(280.,-150.,140.));
#18852 = LINE('',#18853,#18854);
#18853 = CARTESIAN_POINT('',(300.,-150.,140.));
#18854 = VECTOR('',#18855,1.);
#18855 = DIRECTION('',(-1.,0.,0.));
#18856 = ORIENTED_EDGE('',*,*,#18857,.F.);
#18857 = EDGE_CURVE('',#18858,#18850,#18860,.T.);
#18858 = VERTEX_POINT('',#18859);
#18859 = CARTESIAN_POINT('',(280.,-150.,120.));
#18860 = LINE('',#18861,#18862);
#18861 = CARTESIAN_POINT('',(280.,-150.,120.));
#18862 = VECTOR('',#18863,1.);
#18863 = DIRECTION('',(0.,0.,1.));
#18864 = ORIENTED_EDGE('',*,*,#18865,.F.);
#18865 = EDGE_CURVE('',#18827,#18858,#18866,.T.);
#18866 = LINE('',#18867,#18868);
#18867 = CARTESIAN_POINT('',(300.,-150.,120.));
#18868 = VECTOR('',#18869,1.);
#18869 = DIRECTION('',(-1.,0.,0.));
#18870 = PLANE('',#18871);
#18871 = AXIS2_PLACEMENT_3D('',#18872,#18873,#18874);
#18872 = CARTESIAN_POINT('',(300.,-150.,120.));
#18873 = DIRECTION('',(0.,-1.,0.));
#18874 = DIRECTION('',(-1.,0.,0.));
#18875 = ADVANCED_FACE('',(#18876),#18892,.F.);
#18876 = FACE_BOUND('',#18877,.F.);
#18877 = EDGE_LOOP('',(#18878,#18879,#18885,#18886));
#18878 = ORIENTED_EDGE('',*,*,#18857,.T.);
#18879 = ORIENTED_EDGE('',*,*,#18880,.T.);
#18880 = EDGE_CURVE('',#18850,#18780,#18881,.T.);
#18881 = LINE('',#18882,#18883);
#18882 = CARTESIAN_POINT('',(280.,-150.,140.));
#18883 = VECTOR('',#18884,1.);
#18884 = DIRECTION('',(0.,-1.,0.));
#18885 = ORIENTED_EDGE('',*,*,#18777,.F.);
#18886 = ORIENTED_EDGE('',*,*,#18887,.F.);
#18887 = EDGE_CURVE('',#18858,#18778,#18888,.T.);
#18888 = LINE('',#18889,#18890);
#18889 = CARTESIAN_POINT('',(280.,-150.,120.));
#18890 = VECTOR('',#18891,1.);
#18891 = DIRECTION('',(0.,-1.,0.));
#18892 = PLANE('',#18893);
#18893 = AXIS2_PLACEMENT_3D('',#18894,#18895,#18896);
#18894 = CARTESIAN_POINT('',(280.,-150.,120.));
#18895 = DIRECTION('',(1.,0.,-0.));
#18896 = DIRECTION('',(0.,-1.,0.));
#18897 = ADVANCED_FACE('',(#18898),#18904,.F.);
#18898 = FACE_BOUND('',#18899,.F.);
#18899 = EDGE_LOOP('',(#18900,#18901,#18902,#18903));
#18900 = ORIENTED_EDGE('',*,*,#18803,.T.);
#18901 = ORIENTED_EDGE('',*,*,#18834,.T.);
#18902 = ORIENTED_EDGE('',*,*,#18865,.T.);
#18903 = ORIENTED_EDGE('',*,*,#18887,.T.);
#18904 = PLANE('',#18905);
#18905 = AXIS2_PLACEMENT_3D('',#18906,#18907,#18908);
#18906 = CARTESIAN_POINT('',(290.,-162.5,120.));
#18907 = DIRECTION('',(0.,0.,1.));
#18908 = DIRECTION('',(1.,0.,-0.));
#18909 = ADVANCED_FACE('',(#18910),#18916,.T.);
#18910 = FACE_BOUND('',#18911,.T.);
#18911 = EDGE_LOOP('',(#18912,#18913,#18914,#18915));
#18912 = ORIENTED_EDGE('',*,*,#18787,.T.);
#18913 = ORIENTED_EDGE('',*,*,#18818,.T.);
#18914 = ORIENTED_EDGE('',*,*,#18849,.T.);
#18915 = ORIENTED_EDGE('',*,*,#18880,.T.);
#18916 = PLANE('',#18917);
#18917 = AXIS2_PLACEMENT_3D('',#18918,#18919,#18920);
#18918 = CARTESIAN_POINT('',(290.,-162.5,140.));
#18919 = DIRECTION('',(0.,0.,1.));
#18920 = DIRECTION('',(1.,0.,-0.));
#18921 = ( GEOMETRIC_REPRESENTATION_CONTEXT(3) 
GLOBAL_UNCERTAINTY_ASSIGNED_CONTEXT((#18925)) 
GLOBAL_UNIT_ASSIGNED_CONTEXT((#18922,#18923,#18924)) 
REPRESENTATION_CONTEXT('Context #1',
  '3D Context with UNIT and UNCERTAINTY') );
#18922 = ( LENGTH_UNIT() NAMED_UNIT(*) SI_UNIT(.MILLI.,.METRE.) );
#18923 = ( NAMED_UNIT(*) PLANE_ANGLE_UNIT() SI_UNIT($,.RADIAN.) );
#18924 = ( NAMED_UNIT(*) SI_UNIT($,.STERADIAN.) SOLID_ANGLE_UNIT() );
#18925 = UNCERTAINTY_MEASURE_WITH_UNIT(LENGTH_MEASURE(1.E-07),#18922,
  'distance_accuracy_value','confusion accuracy');
#18926 = CONTEXT_DEPENDENT_SHAPE_REPRESENTATION(#18927,#18929);
#18927 = ( REPRESENTATION_RELATIONSHIP('','',#18770,#10) 
REPRESENTATION_RELATIONSHIP_WITH_TRANSFORMATION(#18928) 
SHAPE_REPRESENTATION_RELATIONSHIP() );
#18928 = ITEM_DEFINED_TRANSFORMATION('','',#11,#431);
#18929 = PRODUCT_DEFINITION_SHAPE('Placement','Placement of an item',
  #18930);
#18930 = NEXT_ASSEMBLY_USAGE_OCCURRENCE('193',
  'TRIMARAN-CONNECTOR-PORT-02 | Connector | nominal plywood 20 mm','',#5
  ,#18765,$);
#18931 = PRODUCT_RELATED_PRODUCT_CATEGORY('part',$,(#18767));
#18932 = SHAPE_DEFINITION_REPRESENTATION(#18933,#18939);
#18933 = PRODUCT_DEFINITION_SHAPE('','',#18934);
#18934 = PRODUCT_DEFINITION('design','',#18935,#18938);
#18935 = PRODUCT_DEFINITION_FORMATION('','',#18936);
#18936 = PRODUCT(
  'TRIMARAN-CONNECTOR-STARBOARD-02 | Connector | nominal plywood 20 mm',
  'TRIMARAN-CONNECTOR-STARBOARD-02 | Connector | nominal plywood 20 mm',
  '',(#18937));
#18937 = PRODUCT_CONTEXT('',#2,'mechanical');
#18938 = PRODUCT_DEFINITION_CONTEXT('part definition',#2,'design');
#18939 = ADVANCED_BREP_SHAPE_REPRESENTATION('',(#11,#18940),#19090);
#18940 = MANIFOLD_SOLID_BREP('',#18941);
#18941 = CLOSED_SHELL('',(#18942,#18982,#19013,#19044,#19066,#19078));
#18942 = ADVANCED_FACE('',(#18943),#18977,.F.);
#18943 = FACE_BOUND('',#18944,.F.);
#18944 = EDGE_LOOP('',(#18945,#18955,#18963,#18971));
#18945 = ORIENTED_EDGE('',*,*,#18946,.T.);
#18946 = EDGE_CURVE('',#18947,#18949,#18951,.T.);
#18947 = VERTEX_POINT('',#18948);
#18948 = CARTESIAN_POINT('',(280.,150.,120.));
#18949 = VERTEX_POINT('',#18950);
#18950 = CARTESIAN_POINT('',(280.,150.,140.));
#18951 = LINE('',#18952,#18953);
#18952 = CARTESIAN_POINT('',(280.,150.,120.));
#18953 = VECTOR('',#18954,1.);
#18954 = DIRECTION('',(0.,0.,1.));
#18955 = ORIENTED_EDGE('',*,*,#18956,.T.);
#18956 = EDGE_CURVE('',#18949,#18957,#18959,.T.);
#18957 = VERTEX_POINT('',#18958);
#18958 = CARTESIAN_POINT('',(300.,150.,140.));
#18959 = LINE('',#18960,#18961);
#18960 = CARTESIAN_POINT('',(280.,150.,140.));
#18961 = VECTOR('',#18962,1.);
#18962 = DIRECTION('',(1.,0.,0.));
#18963 = ORIENTED_EDGE('',*,*,#18964,.F.);
#18964 = EDGE_CURVE('',#18965,#18957,#18967,.T.);
#18965 = VERTEX_POINT('',#18966);
#18966 = CARTESIAN_POINT('',(300.,150.,120.));
#18967 = LINE('',#18968,#18969);
#18968 = CARTESIAN_POINT('',(300.,150.,120.));
#18969 = VECTOR('',#18970,1.);
#18970 = DIRECTION('',(0.,0.,1.));
#18971 = ORIENTED_EDGE('',*,*,#18972,.F.);
#18972 = EDGE_CURVE('',#18947,#18965,#18973,.T.);
#18973 = LINE('',#18974,#18975);
#18974 = CARTESIAN_POINT('',(280.,150.,120.));
#18975 = VECTOR('',#18976,1.);
#18976 = DIRECTION('',(1.,0.,0.));
#18977 = PLANE('',#18978);
#18978 = AXIS2_PLACEMENT_3D('',#18979,#18980,#18981);
#18979 = CARTESIAN_POINT('',(280.,150.,120.));
#18980 = DIRECTION('',(0.,1.,0.));
#18981 = DIRECTION('',(1.,0.,0.));
#18982 = ADVANCED_FACE('',(#18983),#19008,.F.);
#18983 = FACE_BOUND('',#18984,.F.);
#18984 = EDGE_LOOP('',(#18985,#18986,#18994,#19002));
#18985 = ORIENTED_EDGE('',*,*,#18964,.T.);
#18986 = ORIENTED_EDGE('',*,*,#18987,.T.);
#18987 = EDGE_CURVE('',#18957,#18988,#18990,.T.);
#18988 = VERTEX_POINT('',#18989);
#18989 = CARTESIAN_POINT('',(300.,175.,140.));
#18990 = LINE('',#18991,#18992);
#18991 = CARTESIAN_POINT('',(300.,150.,140.));
#18992 = VECTOR('',#18993,1.);
#18993 = DIRECTION('',(0.,1.,0.));
#18994 = ORIENTED_EDGE('',*,*,#18995,.F.);
#18995 = EDGE_CURVE('',#18996,#18988,#18998,.T.);
#18996 = VERTEX_POINT('',#18997);
#18997 = CARTESIAN_POINT('',(300.,175.,120.));
#18998 = LINE('',#18999,#19000);
#18999 = CARTESIAN_POINT('',(300.,175.,120.));
#19000 = VECTOR('',#19001,1.);
#19001 = DIRECTION('',(0.,0.,1.));
#19002 = ORIENTED_EDGE('',*,*,#19003,.F.);
#19003 = EDGE_CURVE('',#18965,#18996,#19004,.T.);
#19004 = LINE('',#19005,#19006);
#19005 = CARTESIAN_POINT('',(300.,150.,120.));
#19006 = VECTOR('',#19007,1.);
#19007 = DIRECTION('',(0.,1.,0.));
#19008 = PLANE('',#19009);
#19009 = AXIS2_PLACEMENT_3D('',#19010,#19011,#19012);
#19010 = CARTESIAN_POINT('',(300.,150.,120.));
#19011 = DIRECTION('',(-1.,0.,0.));
#19012 = DIRECTION('',(0.,1.,0.));
#19013 = ADVANCED_FACE('',(#19014),#19039,.F.);
#19014 = FACE_BOUND('',#19015,.F.);
#19015 = EDGE_LOOP('',(#19016,#19017,#19025,#19033));
#19016 = ORIENTED_EDGE('',*,*,#18995,.T.);
#19017 = ORIENTED_EDGE('',*,*,#19018,.T.);
#19018 = EDGE_CURVE('',#18988,#19019,#19021,.T.);
#19019 = VERTEX_POINT('',#19020);
#19020 = CARTESIAN_POINT('',(280.,175.,140.));
#19021 = LINE('',#19022,#19023);
#19022 = CARTESIAN_POINT('',(300.,175.,140.));
#19023 = VECTOR('',#19024,1.);
#19024 = DIRECTION('',(-1.,0.,0.));
#19025 = ORIENTED_EDGE('',*,*,#19026,.F.);
#19026 = EDGE_CURVE('',#19027,#19019,#19029,.T.);
#19027 = VERTEX_POINT('',#19028);
#19028 = CARTESIAN_POINT('',(280.,175.,120.));
#19029 = LINE('',#19030,#19031);
#19030 = CARTESIAN_POINT('',(280.,175.,120.));
#19031 = VECTOR('',#19032,1.);
#19032 = DIRECTION('',(0.,0.,1.));
#19033 = ORIENTED_EDGE('',*,*,#19034,.F.);
#19034 = EDGE_CURVE('',#18996,#19027,#19035,.T.);
#19035 = LINE('',#19036,#19037);
#19036 = CARTESIAN_POINT('',(300.,175.,120.));
#19037 = VECTOR('',#19038,1.);
#19038 = DIRECTION('',(-1.,0.,0.));
#19039 = PLANE('',#19040);
#19040 = AXIS2_PLACEMENT_3D('',#19041,#19042,#19043);
#19041 = CARTESIAN_POINT('',(300.,175.,120.));
#19042 = DIRECTION('',(0.,-1.,0.));
#19043 = DIRECTION('',(-1.,0.,0.));
#19044 = ADVANCED_FACE('',(#19045),#19061,.F.);
#19045 = FACE_BOUND('',#19046,.F.);
#19046 = EDGE_LOOP('',(#19047,#19048,#19054,#19055));
#19047 = ORIENTED_EDGE('',*,*,#19026,.T.);
#19048 = ORIENTED_EDGE('',*,*,#19049,.T.);
#19049 = EDGE_CURVE('',#19019,#18949,#19050,.T.);
#19050 = LINE('',#19051,#19052);
#19051 = CARTESIAN_POINT('',(280.,175.,140.));
#19052 = VECTOR('',#19053,1.);
#19053 = DIRECTION('',(0.,-1.,0.));
#19054 = ORIENTED_EDGE('',*,*,#18946,.F.);
#19055 = ORIENTED_EDGE('',*,*,#19056,.F.);
#19056 = EDGE_CURVE('',#19027,#18947,#19057,.T.);
#19057 = LINE('',#19058,#19059);
#19058 = CARTESIAN_POINT('',(280.,175.,120.));
#19059 = VECTOR('',#19060,1.);
#19060 = DIRECTION('',(0.,-1.,0.));
#19061 = PLANE('',#19062);
#19062 = AXIS2_PLACEMENT_3D('',#19063,#19064,#19065);
#19063 = CARTESIAN_POINT('',(280.,175.,120.));
#19064 = DIRECTION('',(1.,0.,-0.));
#19065 = DIRECTION('',(0.,-1.,0.));
#19066 = ADVANCED_FACE('',(#19067),#19073,.F.);
#19067 = FACE_BOUND('',#19068,.F.);
#19068 = EDGE_LOOP('',(#19069,#19070,#19071,#19072));
#19069 = ORIENTED_EDGE('',*,*,#18972,.T.);
#19070 = ORIENTED_EDGE('',*,*,#19003,.T.);
#19071 = ORIENTED_EDGE('',*,*,#19034,.T.);
#19072 = ORIENTED_EDGE('',*,*,#19056,.T.);
#19073 = PLANE('',#19074);
#19074 = AXIS2_PLACEMENT_3D('',#19075,#19076,#19077);
#19075 = CARTESIAN_POINT('',(290.,162.5,120.));
#19076 = DIRECTION('',(0.,0.,1.));
#19077 = DIRECTION('',(1.,0.,-0.));
#19078 = ADVANCED_FACE('',(#19079),#19085,.T.);
#19079 = FACE_BOUND('',#19080,.T.);
#19080 = EDGE_LOOP('',(#19081,#19082,#19083,#19084));
#19081 = ORIENTED_EDGE('',*,*,#18956,.T.);
#19082 = ORIENTED_EDGE('',*,*,#18987,.T.);
#19083 = ORIENTED_EDGE('',*,*,#19018,.T.);
#19084 = ORIENTED_EDGE('',*,*,#19049,.T.);
#19085 = PLANE('',#19086);
#19086 = AXIS2_PLACEMENT_3D('',#19087,#19088,#19089);
#19087 = CARTESIAN_POINT('',(290.,162.5,140.));
#19088 = DIRECTION('',(0.,0.,1.));
#19089 = DIRECTION('',(1.,0.,-0.));
#19090 = ( GEOMETRIC_REPRESENTATION_CONTEXT(3) 
GLOBAL_UNCERTAINTY_ASSIGNED_CONTEXT((#19094)) 
GLOBAL_UNIT_ASSIGNED_CONTEXT((#19091,#19092,#19093)) 
REPRESENTATION_CONTEXT('Context #1',
  '3D Context with UNIT and UNCERTAINTY') );
#19091 = ( LENGTH_UNIT() NAMED_UNIT(*) SI_UNIT(.MILLI.,.METRE.) );
#19092 = ( NAMED_UNIT(*) PLANE_ANGLE_UNIT() SI_UNIT($,.RADIAN.) );
#19093 = ( NAMED_UNIT(*) SI_UNIT($,.STERADIAN.) SOLID_ANGLE_UNIT() );
#19094 = UNCERTAINTY_MEASURE_WITH_UNIT(LENGTH_MEASURE(1.E-07),#19091,
  'distance_accuracy_value','confusion accuracy');
#19095 = CONTEXT_DEPENDENT_SHAPE_REPRESENTATION(#19096,#19098);
#19096 = ( REPRESENTATION_RELATIONSHIP('','',#18939,#10) 
REPRESENTATION_RELATIONSHIP_WITH_TRANSFORMATION(#19097) 
SHAPE_REPRESENTATION_RELATIONSHIP() );
#19097 = ITEM_DEFINED_TRANSFORMATION('','',#11,#435);
#19098 = PRODUCT_DEFINITION_SHAPE('Placement','Placement of an item',
  #19099);
#19099 = NEXT_ASSEMBLY_USAGE_OCCURRENCE('194',
  'TRIMARAN-CONNECTOR-STARBOARD-02 | Connector | nominal plywood 20 mm',
  '',#5,#18934,$);
#19100 = PRODUCT_RELATED_PRODUCT_CATEGORY('part',$,(#18936));
#19101 = SHAPE_DEFINITION_REPRESENTATION(#19102,#19108);
#19102 = PRODUCT_DEFINITION_SHAPE('','',#19103);
#19103 = PRODUCT_DEFINITION('design','',#19104,#19107);
#19104 = PRODUCT_DEFINITION_FORMATION('','',#19105);
#19105 = PRODUCT(
  'TRIMARAN-CONNECTOR-PORT-03 | Connector | nominal plywood 20 mm',
  'TRIMARAN-CONNECTOR-PORT-03 | Connector | nominal plywood 20 mm','',(
    #19106));
#19106 = PRODUCT_CONTEXT('',#2,'mechanical');
#19107 = PRODUCT_DEFINITION_CONTEXT('part definition',#2,'design');
#19108 = ADVANCED_BREP_SHAPE_REPRESENTATION('',(#11,#19109),#19259);
#19109 = MANIFOLD_SOLID_BREP('',#19110);
#19110 = CLOSED_SHELL('',(#19111,#19151,#19182,#19213,#19235,#19247));
#19111 = ADVANCED_FACE('',(#19112),#19146,.F.);
#19112 = FACE_BOUND('',#19113,.F.);
#19113 = EDGE_LOOP('',(#19114,#19124,#19132,#19140));
#19114 = ORIENTED_EDGE('',*,*,#19115,.T.);
#19115 = EDGE_CURVE('',#19116,#19118,#19120,.T.);
#19116 = VERTEX_POINT('',#19117);
#19117 = CARTESIAN_POINT('',(450.,-175.,120.));
#19118 = VERTEX_POINT('',#19119);
#19119 = CARTESIAN_POINT('',(450.,-175.,140.));
#19120 = LINE('',#19121,#19122);
#19121 = CARTESIAN_POINT('',(450.,-175.,120.));
#19122 = VECTOR('',#19123,1.);
#19123 = DIRECTION('',(0.,0.,1.));
#19124 = ORIENTED_EDGE('',*,*,#19125,.T.);
#19125 = EDGE_CURVE('',#19118,#19126,#19128,.T.);
#19126 = VERTEX_POINT('',#19127);
#19127 = CARTESIAN_POINT('',(470.,-175.,140.));
#19128 = LINE('',#19129,#19130);
#19129 = CARTESIAN_POINT('',(450.,-175.,140.));
#19130 = VECTOR('',#19131,1.);
#19131 = DIRECTION('',(1.,0.,0.));
#19132 = ORIENTED_EDGE('',*,*,#19133,.F.);
#19133 = EDGE_CURVE('',#19134,#19126,#19136,.T.);
#19134 = VERTEX_POINT('',#19135);
#19135 = CARTESIAN_POINT('',(470.,-175.,120.));
#19136 = LINE('',#19137,#19138);
#19137 = CARTESIAN_POINT('',(470.,-175.,120.));
#19138 = VECTOR('',#19139,1.);
#19139 = DIRECTION('',(0.,0.,1.));
#19140 = ORIENTED_EDGE('',*,*,#19141,.F.);
#19141 = EDGE_CURVE('',#19116,#19134,#19142,.T.);
#19142 = LINE('',#19143,#19144);
#19143 = CARTESIAN_POINT('',(450.,-175.,120.));
#19144 = VECTOR('',#19145,1.);
#19145 = DIRECTION('',(1.,0.,0.));
#19146 = PLANE('',#19147);
#19147 = AXIS2_PLACEMENT_3D('',#19148,#19149,#19150);
#19148 = CARTESIAN_POINT('',(450.,-175.,120.));
#19149 = DIRECTION('',(0.,1.,0.));
#19150 = DIRECTION('',(1.,0.,0.));
#19151 = ADVANCED_FACE('',(#19152),#19177,.F.);
#19152 = FACE_BOUND('',#19153,.F.);
#19153 = EDGE_LOOP('',(#19154,#19155,#19163,#19171));
#19154 = ORIENTED_EDGE('',*,*,#19133,.T.);
#19155 = ORIENTED_EDGE('',*,*,#19156,.T.);
#19156 = EDGE_CURVE('',#19126,#19157,#19159,.T.);
#19157 = VERTEX_POINT('',#19158);
#19158 = CARTESIAN_POINT('',(470.,-150.,140.));
#19159 = LINE('',#19160,#19161);
#19160 = CARTESIAN_POINT('',(470.,-175.,140.));
#19161 = VECTOR('',#19162,1.);
#19162 = DIRECTION('',(0.,1.,0.));
#19163 = ORIENTED_EDGE('',*,*,#19164,.F.);
#19164 = EDGE_CURVE('',#19165,#19157,#19167,.T.);
#19165 = VERTEX_POINT('',#19166);
#19166 = CARTESIAN_POINT('',(470.,-150.,120.));
#19167 = LINE('',#19168,#19169);
#19168 = CARTESIAN_POINT('',(470.,-150.,120.));
#19169 = VECTOR('',#19170,1.);
#19170 = DIRECTION('',(0.,0.,1.));
#19171 = ORIENTED_EDGE('',*,*,#19172,.F.);
#19172 = EDGE_CURVE('',#19134,#19165,#19173,.T.);
#19173 = LINE('',#19174,#19175);
#19174 = CARTESIAN_POINT('',(470.,-175.,120.));
#19175 = VECTOR('',#19176,1.);
#19176 = DIRECTION('',(0.,1.,0.));
#19177 = PLANE('',#19178);
#19178 = AXIS2_PLACEMENT_3D('',#19179,#19180,#19181);
#19179 = CARTESIAN_POINT('',(470.,-175.,120.));
#19180 = DIRECTION('',(-1.,0.,0.));
#19181 = DIRECTION('',(0.,1.,0.));
#19182 = ADVANCED_FACE('',(#19183),#19208,.F.);
#19183 = FACE_BOUND('',#19184,.F.);
#19184 = EDGE_LOOP('',(#19185,#19186,#19194,#19202));
#19185 = ORIENTED_EDGE('',*,*,#19164,.T.);
#19186 = ORIENTED_EDGE('',*,*,#19187,.T.);
#19187 = EDGE_CURVE('',#19157,#19188,#19190,.T.);
#19188 = VERTEX_POINT('',#19189);
#19189 = CARTESIAN_POINT('',(450.,-150.,140.));
#19190 = LINE('',#19191,#19192);
#19191 = CARTESIAN_POINT('',(470.,-150.,140.));
#19192 = VECTOR('',#19193,1.);
#19193 = DIRECTION('',(-1.,0.,0.));
#19194 = ORIENTED_EDGE('',*,*,#19195,.F.);
#19195 = EDGE_CURVE('',#19196,#19188,#19198,.T.);
#19196 = VERTEX_POINT('',#19197);
#19197 = CARTESIAN_POINT('',(450.,-150.,120.));
#19198 = LINE('',#19199,#19200);
#19199 = CARTESIAN_POINT('',(450.,-150.,120.));
#19200 = VECTOR('',#19201,1.);
#19201 = DIRECTION('',(0.,0.,1.));
#19202 = ORIENTED_EDGE('',*,*,#19203,.F.);
#19203 = EDGE_CURVE('',#19165,#19196,#19204,.T.);
#19204 = LINE('',#19205,#19206);
#19205 = CARTESIAN_POINT('',(470.,-150.,120.));
#19206 = VECTOR('',#19207,1.);
#19207 = DIRECTION('',(-1.,0.,0.));
#19208 = PLANE('',#19209);
#19209 = AXIS2_PLACEMENT_3D('',#19210,#19211,#19212);
#19210 = CARTESIAN_POINT('',(470.,-150.,120.));
#19211 = DIRECTION('',(0.,-1.,0.));
#19212 = DIRECTION('',(-1.,0.,0.));
#19213 = ADVANCED_FACE('',(#19214),#19230,.F.);
#19214 = FACE_BOUND('',#19215,.F.);
#19215 = EDGE_LOOP('',(#19216,#19217,#19223,#19224));
#19216 = ORIENTED_EDGE('',*,*,#19195,.T.);
#19217 = ORIENTED_EDGE('',*,*,#19218,.T.);
#19218 = EDGE_CURVE('',#19188,#19118,#19219,.T.);
#19219 = LINE('',#19220,#19221);
#19220 = CARTESIAN_POINT('',(450.,-150.,140.));
#19221 = VECTOR('',#19222,1.);
#19222 = DIRECTION('',(0.,-1.,0.));
#19223 = ORIENTED_EDGE('',*,*,#19115,.F.);
#19224 = ORIENTED_EDGE('',*,*,#19225,.F.);
#19225 = EDGE_CURVE('',#19196,#19116,#19226,.T.);
#19226 = LINE('',#19227,#19228);
#19227 = CARTESIAN_POINT('',(450.,-150.,120.));
#19228 = VECTOR('',#19229,1.);
#19229 = DIRECTION('',(0.,-1.,0.));
#19230 = PLANE('',#19231);
#19231 = AXIS2_PLACEMENT_3D('',#19232,#19233,#19234);
#19232 = CARTESIAN_POINT('',(450.,-150.,120.));
#19233 = DIRECTION('',(1.,0.,-0.));
#19234 = DIRECTION('',(0.,-1.,0.));
#19235 = ADVANCED_FACE('',(#19236),#19242,.F.);
#19236 = FACE_BOUND('',#19237,.F.);
#19237 = EDGE_LOOP('',(#19238,#19239,#19240,#19241));
#19238 = ORIENTED_EDGE('',*,*,#19141,.T.);
#19239 = ORIENTED_EDGE('',*,*,#19172,.T.);
#19240 = ORIENTED_EDGE('',*,*,#19203,.T.);
#19241 = ORIENTED_EDGE('',*,*,#19225,.T.);
#19242 = PLANE('',#19243);
#19243 = AXIS2_PLACEMENT_3D('',#19244,#19245,#19246);
#19244 = CARTESIAN_POINT('',(460.,-162.5,120.));
#19245 = DIRECTION('',(0.,0.,1.));
#19246 = DIRECTION('',(1.,0.,-0.));
#19247 = ADVANCED_FACE('',(#19248),#19254,.T.);
#19248 = FACE_BOUND('',#19249,.T.);
#19249 = EDGE_LOOP('',(#19250,#19251,#19252,#19253));
#19250 = ORIENTED_EDGE('',*,*,#19125,.T.);
#19251 = ORIENTED_EDGE('',*,*,#19156,.T.);
#19252 = ORIENTED_EDGE('',*,*,#19187,.T.);
#19253 = ORIENTED_EDGE('',*,*,#19218,.T.);
#19254 = PLANE('',#19255);
#19255 = AXIS2_PLACEMENT_3D('',#19256,#19257,#19258);
#19256 = CARTESIAN_POINT('',(460.,-162.5,140.));
#19257 = DIRECTION('',(0.,0.,1.));
#19258 = DIRECTION('',(1.,0.,-0.));
#19259 = ( GEOMETRIC_REPRESENTATION_CONTEXT(3) 
GLOBAL_UNCERTAINTY_ASSIGNED_CONTEXT((#19263)) 
GLOBAL_UNIT_ASSIGNED_CONTEXT((#19260,#19261,#19262)) 
REPRESENTATION_CONTEXT('Context #1',
  '3D Context with UNIT and UNCERTAINTY') );
#19260 = ( LENGTH_UNIT() NAMED_UNIT(*) SI_UNIT(.MILLI.,.METRE.) );
#19261 = ( NAMED_UNIT(*) PLANE_ANGLE_UNIT() SI_UNIT($,.RADIAN.) );
#19262 = ( NAMED_UNIT(*) SI_UNIT($,.STERADIAN.) SOLID_ANGLE_UNIT() );
#19263 = UNCERTAINTY_MEASURE_WITH_UNIT(LENGTH_MEASURE(1.E-07),#19260,
  'distance_accuracy_value','confusion accuracy');
#19264 = CONTEXT_DEPENDENT_SHAPE_REPRESENTATION(#19265,#19267);
#19265 = ( REPRESENTATION_RELATIONSHIP('','',#19108,#10) 
REPRESENTATION_RELATIONSHIP_WITH_TRANSFORMATION(#19266) 
SHAPE_REPRESENTATION_RELATIONSHIP() );
#19266 = ITEM_DEFINED_TRANSFORMATION('','',#11,#439);
#19267 = PRODUCT_DEFINITION_SHAPE('Placement','Placement of an item',
  #19268);
#19268 = NEXT_ASSEMBLY_USAGE_OCCURRENCE('195',
  'TRIMARAN-CONNECTOR-PORT-03 | Connector | nominal plywood 20 mm','',#5
  ,#19103,$);
#19269 = PRODUCT_RELATED_PRODUCT_CATEGORY('part',$,(#19105));
#19270 = SHAPE_DEFINITION_REPRESENTATION(#19271,#19277);
#19271 = PRODUCT_DEFINITION_SHAPE('','',#19272);
#19272 = PRODUCT_DEFINITION('design','',#19273,#19276);
#19273 = PRODUCT_DEFINITION_FORMATION('','',#19274);
#19274 = PRODUCT(
  'TRIMARAN-CONNECTOR-STARBOARD-03 | Connector | nominal plywood 20 mm',
  'TRIMARAN-CONNECTOR-STARBOARD-03 | Connector | nominal plywood 20 mm',
  '',(#19275));
#19275 = PRODUCT_CONTEXT('',#2,'mechanical');
#19276 = PRODUCT_DEFINITION_CONTEXT('part definition',#2,'design');
#19277 = ADVANCED_BREP_SHAPE_REPRESENTATION('',(#11,#19278),#19428);
#19278 = MANIFOLD_SOLID_BREP('',#19279);
#19279 = CLOSED_SHELL('',(#19280,#19320,#19351,#19382,#19404,#19416));
#19280 = ADVANCED_FACE('',(#19281),#19315,.F.);
#19281 = FACE_BOUND('',#19282,.F.);
#19282 = EDGE_LOOP('',(#19283,#19293,#19301,#19309));
#19283 = ORIENTED_EDGE('',*,*,#19284,.T.);
#19284 = EDGE_CURVE('',#19285,#19287,#19289,.T.);
#19285 = VERTEX_POINT('',#19286);
#19286 = CARTESIAN_POINT('',(450.,150.,120.));
#19287 = VERTEX_POINT('',#19288);
#19288 = CARTESIAN_POINT('',(450.,150.,140.));
#19289 = LINE('',#19290,#19291);
#19290 = CARTESIAN_POINT('',(450.,150.,120.));
#19291 = VECTOR('',#19292,1.);
#19292 = DIRECTION('',(0.,0.,1.));
#19293 = ORIENTED_EDGE('',*,*,#19294,.T.);
#19294 = EDGE_CURVE('',#19287,#19295,#19297,.T.);
#19295 = VERTEX_POINT('',#19296);
#19296 = CARTESIAN_POINT('',(470.,150.,140.));
#19297 = LINE('',#19298,#19299);
#19298 = CARTESIAN_POINT('',(450.,150.,140.));
#19299 = VECTOR('',#19300,1.);
#19300 = DIRECTION('',(1.,0.,0.));
#19301 = ORIENTED_EDGE('',*,*,#19302,.F.);
#19302 = EDGE_CURVE('',#19303,#19295,#19305,.T.);
#19303 = VERTEX_POINT('',#19304);
#19304 = CARTESIAN_POINT('',(470.,150.,120.));
#19305 = LINE('',#19306,#19307);
#19306 = CARTESIAN_POINT('',(470.,150.,120.));
#19307 = VECTOR('',#19308,1.);
#19308 = DIRECTION('',(0.,0.,1.));
#19309 = ORIENTED_EDGE('',*,*,#19310,.F.);
#19310 = EDGE_CURVE('',#19285,#19303,#19311,.T.);
#19311 = LINE('',#19312,#19313);
#19312 = CARTESIAN_POINT('',(450.,150.,120.));
#19313 = VECTOR('',#19314,1.);
#19314 = DIRECTION('',(1.,0.,0.));
#19315 = PLANE('',#19316);
#19316 = AXIS2_PLACEMENT_3D('',#19317,#19318,#19319);
#19317 = CARTESIAN_POINT('',(450.,150.,120.));
#19318 = DIRECTION('',(0.,1.,0.));
#19319 = DIRECTION('',(1.,0.,0.));
#19320 = ADVANCED_FACE('',(#19321),#19346,.F.);
#19321 = FACE_BOUND('',#19322,.F.);
#19322 = EDGE_LOOP('',(#19323,#19324,#19332,#19340));
#19323 = ORIENTED_EDGE('',*,*,#19302,.T.);
#19324 = ORIENTED_EDGE('',*,*,#19325,.T.);
#19325 = EDGE_CURVE('',#19295,#19326,#19328,.T.);
#19326 = VERTEX_POINT('',#19327);
#19327 = CARTESIAN_POINT('',(470.,175.,140.));
#19328 = LINE('',#19329,#19330);
#19329 = CARTESIAN_POINT('',(470.,150.,140.));
#19330 = VECTOR('',#19331,1.);
#19331 = DIRECTION('',(0.,1.,0.));
#19332 = ORIENTED_EDGE('',*,*,#19333,.F.);
#19333 = EDGE_CURVE('',#19334,#19326,#19336,.T.);
#19334 = VERTEX_POINT('',#19335);
#19335 = CARTESIAN_POINT('',(470.,175.,120.));
#19336 = LINE('',#19337,#19338);
#19337 = CARTESIAN_POINT('',(470.,175.,120.));
#19338 = VECTOR('',#19339,1.);
#19339 = DIRECTION('',(0.,0.,1.));
#19340 = ORIENTED_EDGE('',*,*,#19341,.F.);
#19341 = EDGE_CURVE('',#19303,#19334,#19342,.T.);
#19342 = LINE('',#19343,#19344);
#19343 = CARTESIAN_POINT('',(470.,150.,120.));
#19344 = VECTOR('',#19345,1.);
#19345 = DIRECTION('',(0.,1.,0.));
#19346 = PLANE('',#19347);
#19347 = AXIS2_PLACEMENT_3D('',#19348,#19349,#19350);
#19348 = CARTESIAN_POINT('',(470.,150.,120.));
#19349 = DIRECTION('',(-1.,0.,0.));
#19350 = DIRECTION('',(0.,1.,0.));
#19351 = ADVANCED_FACE('',(#19352),#19377,.F.);
#19352 = FACE_BOUND('',#19353,.F.);
#19353 = EDGE_LOOP('',(#19354,#19355,#19363,#19371));
#19354 = ORIENTED_EDGE('',*,*,#19333,.T.);
#19355 = ORIENTED_EDGE('',*,*,#19356,.T.);
#19356 = EDGE_CURVE('',#19326,#19357,#19359,.T.);
#19357 = VERTEX_POINT('',#19358);
#19358 = CARTESIAN_POINT('',(450.,175.,140.));
#19359 = LINE('',#19360,#19361);
#19360 = CARTESIAN_POINT('',(470.,175.,140.));
#19361 = VECTOR('',#19362,1.);
#19362 = DIRECTION('',(-1.,0.,0.));
#19363 = ORIENTED_EDGE('',*,*,#19364,.F.);
#19364 = EDGE_CURVE('',#19365,#19357,#19367,.T.);
#19365 = VERTEX_POINT('',#19366);
#19366 = CARTESIAN_POINT('',(450.,175.,120.));
#19367 = LINE('',#19368,#19369);
#19368 = CARTESIAN_POINT('',(450.,175.,120.));
#19369 = VECTOR('',#19370,1.);
#19370 = DIRECTION('',(0.,0.,1.));
#19371 = ORIENTED_EDGE('',*,*,#19372,.F.);
#19372 = EDGE_CURVE('',#19334,#19365,#19373,.T.);
#19373 = LINE('',#19374,#19375);
#19374 = CARTESIAN_POINT('',(470.,175.,120.));
#19375 = VECTOR('',#19376,1.);
#19376 = DIRECTION('',(-1.,0.,0.));
#19377 = PLANE('',#19378);
#19378 = AXIS2_PLACEMENT_3D('',#19379,#19380,#19381);
#19379 = CARTESIAN_POINT('',(470.,175.,120.));
#19380 = DIRECTION('',(0.,-1.,0.));
#19381 = DIRECTION('',(-1.,0.,0.));
#19382 = ADVANCED_FACE('',(#19383),#19399,.F.);
#19383 = FACE_BOUND('',#19384,.F.);
#19384 = EDGE_LOOP('',(#19385,#19386,#19392,#19393));
#19385 = ORIENTED_EDGE('',*,*,#19364,.T.);
#19386 = ORIENTED_EDGE('',*,*,#19387,.T.);
#19387 = EDGE_CURVE('',#19357,#19287,#19388,.T.);
#19388 = LINE('',#19389,#19390);
#19389 = CARTESIAN_POINT('',(450.,175.,140.));
#19390 = VECTOR('',#19391,1.);
#19391 = DIRECTION('',(0.,-1.,0.));
#19392 = ORIENTED_EDGE('',*,*,#19284,.F.);
#19393 = ORIENTED_EDGE('',*,*,#19394,.F.);
#19394 = EDGE_CURVE('',#19365,#19285,#19395,.T.);
#19395 = LINE('',#19396,#19397);
#19396 = CARTESIAN_POINT('',(450.,175.,120.));
#19397 = VECTOR('',#19398,1.);
#19398 = DIRECTION('',(0.,-1.,0.));
#19399 = PLANE('',#19400);
#19400 = AXIS2_PLACEMENT_3D('',#19401,#19402,#19403);
#19401 = CARTESIAN_POINT('',(450.,175.,120.));
#19402 = DIRECTION('',(1.,0.,-0.));
#19403 = DIRECTION('',(0.,-1.,0.));
#19404 = ADVANCED_FACE('',(#19405),#19411,.F.);
#19405 = FACE_BOUND('',#19406,.F.);
#19406 = EDGE_LOOP('',(#19407,#19408,#19409,#19410));
#19407 = ORIENTED_EDGE('',*,*,#19310,.T.);
#19408 = ORIENTED_EDGE('',*,*,#19341,.T.);
#19409 = ORIENTED_EDGE('',*,*,#19372,.T.);
#19410 = ORIENTED_EDGE('',*,*,#19394,.T.);
#19411 = PLANE('',#19412);
#19412 = AXIS2_PLACEMENT_3D('',#19413,#19414,#19415);
#19413 = CARTESIAN_POINT('',(460.,162.5,120.));
#19414 = DIRECTION('',(0.,0.,1.));
#19415 = DIRECTION('',(1.,0.,-0.));
#19416 = ADVANCED_FACE('',(#19417),#19423,.T.);
#19417 = FACE_BOUND('',#19418,.T.);
#19418 = EDGE_LOOP('',(#19419,#19420,#19421,#19422));
#19419 = ORIENTED_EDGE('',*,*,#19294,.T.);
#19420 = ORIENTED_EDGE('',*,*,#19325,.T.);
#19421 = ORIENTED_EDGE('',*,*,#19356,.T.);
#19422 = ORIENTED_EDGE('',*,*,#19387,.T.);
#19423 = PLANE('',#19424);
#19424 = AXIS2_PLACEMENT_3D('',#19425,#19426,#19427);
#19425 = CARTESIAN_POINT('',(460.,162.5,140.));
#19426 = DIRECTION('',(0.,0.,1.));
#19427 = DIRECTION('',(1.,0.,-0.));
#19428 = ( GEOMETRIC_REPRESENTATION_CONTEXT(3) 
GLOBAL_UNCERTAINTY_ASSIGNED_CONTEXT((#19432)) 
GLOBAL_UNIT_ASSIGNED_CONTEXT((#19429,#19430,#19431)) 
REPRESENTATION_CONTEXT('Context #1',
  '3D Context with UNIT and UNCERTAINTY') );
#19429 = ( LENGTH_UNIT() NAMED_UNIT(*) SI_UNIT(.MILLI.,.METRE.) );
#19430 = ( NAMED_UNIT(*) PLANE_ANGLE_UNIT() SI_UNIT($,.RADIAN.) );
#19431 = ( NAMED_UNIT(*) SI_UNIT($,.STERADIAN.) SOLID_ANGLE_UNIT() );
#19432 = UNCERTAINTY_MEASURE_WITH_UNIT(LENGTH_MEASURE(1.E-07),#19429,
  'distance_accuracy_value','confusion accuracy');
#19433 = CONTEXT_DEPENDENT_SHAPE_REPRESENTATION(#19434,#19436);
#19434 = ( REPRESENTATION_RELATIONSHIP('','',#19277,#10) 
REPRESENTATION_RELATIONSHIP_WITH_TRANSFORMATION(#19435) 
SHAPE_REPRESENTATION_RELATIONSHIP() );
#19435 = ITEM_DEFINED_TRANSFORMATION('','',#11,#443);
#19436 = PRODUCT_DEFINITION_SHAPE('Placement','Placement of an item',
  #19437);
#19437 = NEXT_ASSEMBLY_USAGE_OCCURRENCE('196',
  'TRIMARAN-CONNECTOR-STARBOARD-03 | Connector | nominal plywood 20 mm',
  '',#5,#19272,$);
#19438 = PRODUCT_RELATED_PRODUCT_CATEGORY('part',$,(#19274));
#19439 = SHAPE_DEFINITION_REPRESENTATION(#19440,#19446);
#19440 = PRODUCT_DEFINITION_SHAPE('','',#19441);
#19441 = PRODUCT_DEFINITION('design','',#19442,#19445);
#19442 = PRODUCT_DEFINITION_FORMATION('','',#19443);
#19443 = PRODUCT(
  'TRIMARAN-CONNECTOR-PORT-04 | Connector | nominal plywood 20 mm',
  'TRIMARAN-CONNECTOR-PORT-04 | Connector | nominal plywood 20 mm','',(
    #19444));
#19444 = PRODUCT_CONTEXT('',#2,'mechanical');
#19445 = PRODUCT_DEFINITION_CONTEXT('part definition',#2,'design');
#19446 = ADVANCED_BREP_SHAPE_REPRESENTATION('',(#11,#19447),#19597);
#19447 = MANIFOLD_SOLID_BREP('',#19448);
#19448 = CLOSED_SHELL('',(#19449,#19489,#19520,#19551,#19573,#19585));
#19449 = ADVANCED_FACE('',(#19450),#19484,.F.);
#19450 = FACE_BOUND('',#19451,.F.);
#19451 = EDGE_LOOP('',(#19452,#19462,#19470,#19478));
#19452 = ORIENTED_EDGE('',*,*,#19453,.T.);
#19453 = EDGE_CURVE('',#19454,#19456,#19458,.T.);
#19454 = VERTEX_POINT('',#19455);
#19455 = CARTESIAN_POINT('',(620.,-175.,120.));
#19456 = VERTEX_POINT('',#19457);
#19457 = CARTESIAN_POINT('',(620.,-175.,140.));
#19458 = LINE('',#19459,#19460);
#19459 = CARTESIAN_POINT('',(620.,-175.,120.));
#19460 = VECTOR('',#19461,1.);
#19461 = DIRECTION('',(0.,0.,1.));
#19462 = ORIENTED_EDGE('',*,*,#19463,.T.);
#19463 = EDGE_CURVE('',#19456,#19464,#19466,.T.);
#19464 = VERTEX_POINT('',#19465);
#19465 = CARTESIAN_POINT('',(640.,-175.,140.));
#19466 = LINE('',#19467,#19468);
#19467 = CARTESIAN_POINT('',(620.,-175.,140.));
#19468 = VECTOR('',#19469,1.);
#19469 = DIRECTION('',(1.,0.,0.));
#19470 = ORIENTED_EDGE('',*,*,#19471,.F.);
#19471 = EDGE_CURVE('',#19472,#19464,#19474,.T.);
#19472 = VERTEX_POINT('',#19473);
#19473 = CARTESIAN_POINT('',(640.,-175.,120.));
#19474 = LINE('',#19475,#19476);
#19475 = CARTESIAN_POINT('',(640.,-175.,120.));
#19476 = VECTOR('',#19477,1.);
#19477 = DIRECTION('',(0.,0.,1.));
#19478 = ORIENTED_EDGE('',*,*,#19479,.F.);
#19479 = EDGE_CURVE('',#19454,#19472,#19480,.T.);
#19480 = LINE('',#19481,#19482);
#19481 = CARTESIAN_POINT('',(620.,-175.,120.));
#19482 = VECTOR('',#19483,1.);
#19483 = DIRECTION('',(1.,0.,0.));
#19484 = PLANE('',#19485);
#19485 = AXIS2_PLACEMENT_3D('',#19486,#19487,#19488);
#19486 = CARTESIAN_POINT('',(620.,-175.,120.));
#19487 = DIRECTION('',(0.,1.,0.));
#19488 = DIRECTION('',(1.,0.,0.));
#19489 = ADVANCED_FACE('',(#19490),#19515,.F.);
#19490 = FACE_BOUND('',#19491,.F.);
#19491 = EDGE_LOOP('',(#19492,#19493,#19501,#19509));
#19492 = ORIENTED_EDGE('',*,*,#19471,.T.);
#19493 = ORIENTED_EDGE('',*,*,#19494,.T.);
#19494 = EDGE_CURVE('',#19464,#19495,#19497,.T.);
#19495 = VERTEX_POINT('',#19496);
#19496 = CARTESIAN_POINT('',(640.,-150.,140.));
#19497 = LINE('',#19498,#19499);
#19498 = CARTESIAN_POINT('',(640.,-175.,140.));
#19499 = VECTOR('',#19500,1.);
#19500 = DIRECTION('',(0.,1.,0.));
#19501 = ORIENTED_EDGE('',*,*,#19502,.F.);
#19502 = EDGE_CURVE('',#19503,#19495,#19505,.T.);
#19503 = VERTEX_POINT('',#19504);
#19504 = CARTESIAN_POINT('',(640.,-150.,120.));
#19505 = LINE('',#19506,#19507);
#19506 = CARTESIAN_POINT('',(640.,-150.,120.));
#19507 = VECTOR('',#19508,1.);
#19508 = DIRECTION('',(0.,0.,1.));
#19509 = ORIENTED_EDGE('',*,*,#19510,.F.);
#19510 = EDGE_CURVE('',#19472,#19503,#19511,.T.);
#19511 = LINE('',#19512,#19513);
#19512 = CARTESIAN_POINT('',(640.,-175.,120.));
#19513 = VECTOR('',#19514,1.);
#19514 = DIRECTION('',(0.,1.,0.));
#19515 = PLANE('',#19516);
#19516 = AXIS2_PLACEMENT_3D('',#19517,#19518,#19519);
#19517 = CARTESIAN_POINT('',(640.,-175.,120.));
#19518 = DIRECTION('',(-1.,0.,0.));
#19519 = DIRECTION('',(0.,1.,0.));
#19520 = ADVANCED_FACE('',(#19521),#19546,.F.);
#19521 = FACE_BOUND('',#19522,.F.);
#19522 = EDGE_LOOP('',(#19523,#19524,#19532,#19540));
#19523 = ORIENTED_EDGE('',*,*,#19502,.T.);
#19524 = ORIENTED_EDGE('',*,*,#19525,.T.);
#19525 = EDGE_CURVE('',#19495,#19526,#19528,.T.);
#19526 = VERTEX_POINT('',#19527);
#19527 = CARTESIAN_POINT('',(620.,-150.,140.));
#19528 = LINE('',#19529,#19530);
#19529 = CARTESIAN_POINT('',(640.,-150.,140.));
#19530 = VECTOR('',#19531,1.);
#19531 = DIRECTION('',(-1.,0.,0.));
#19532 = ORIENTED_EDGE('',*,*,#19533,.F.);
#19533 = EDGE_CURVE('',#19534,#19526,#19536,.T.);
#19534 = VERTEX_POINT('',#19535);
#19535 = CARTESIAN_POINT('',(620.,-150.,120.));
#19536 = LINE('',#19537,#19538);
#19537 = CARTESIAN_POINT('',(620.,-150.,120.));
#19538 = VECTOR('',#19539,1.);
#19539 = DIRECTION('',(0.,0.,1.));
#19540 = ORIENTED_EDGE('',*,*,#19541,.F.);
#19541 = EDGE_CURVE('',#19503,#19534,#19542,.T.);
#19542 = LINE('',#19543,#19544);
#19543 = CARTESIAN_POINT('',(640.,-150.,120.));
#19544 = VECTOR('',#19545,1.);
#19545 = DIRECTION('',(-1.,0.,0.));
#19546 = PLANE('',#19547);
#19547 = AXIS2_PLACEMENT_3D('',#19548,#19549,#19550);
#19548 = CARTESIAN_POINT('',(640.,-150.,120.));
#19549 = DIRECTION('',(0.,-1.,0.));
#19550 = DIRECTION('',(-1.,0.,0.));
#19551 = ADVANCED_FACE('',(#19552),#19568,.F.);
#19552 = FACE_BOUND('',#19553,.F.);
#19553 = EDGE_LOOP('',(#19554,#19555,#19561,#19562));
#19554 = ORIENTED_EDGE('',*,*,#19533,.T.);
#19555 = ORIENTED_EDGE('',*,*,#19556,.T.);
#19556 = EDGE_CURVE('',#19526,#19456,#19557,.T.);
#19557 = LINE('',#19558,#19559);
#19558 = CARTESIAN_POINT('',(620.,-150.,140.));
#19559 = VECTOR('',#19560,1.);
#19560 = DIRECTION('',(0.,-1.,0.));
#19561 = ORIENTED_EDGE('',*,*,#19453,.F.);
#19562 = ORIENTED_EDGE('',*,*,#19563,.F.);
#19563 = EDGE_CURVE('',#19534,#19454,#19564,.T.);
#19564 = LINE('',#19565,#19566);
#19565 = CARTESIAN_POINT('',(620.,-150.,120.));
#19566 = VECTOR('',#19567,1.);
#19567 = DIRECTION('',(0.,-1.,0.));
#19568 = PLANE('',#19569);
#19569 = AXIS2_PLACEMENT_3D('',#19570,#19571,#19572);
#19570 = CARTESIAN_POINT('',(620.,-150.,120.));
#19571 = DIRECTION('',(1.,0.,-0.));
#19572 = DIRECTION('',(0.,-1.,0.));
#19573 = ADVANCED_FACE('',(#19574),#19580,.F.);
#19574 = FACE_BOUND('',#19575,.F.);
#19575 = EDGE_LOOP('',(#19576,#19577,#19578,#19579));
#19576 = ORIENTED_EDGE('',*,*,#19479,.T.);
#19577 = ORIENTED_EDGE('',*,*,#19510,.T.);
#19578 = ORIENTED_EDGE('',*,*,#19541,.T.);
#19579 = ORIENTED_EDGE('',*,*,#19563,.T.);
#19580 = PLANE('',#19581);
#19581 = AXIS2_PLACEMENT_3D('',#19582,#19583,#19584);
#19582 = CARTESIAN_POINT('',(630.,-162.5,120.));
#19583 = DIRECTION('',(0.,0.,1.));
#19584 = DIRECTION('',(1.,0.,-0.));
#19585 = ADVANCED_FACE('',(#19586),#19592,.T.);
#19586 = FACE_BOUND('',#19587,.T.);
#19587 = EDGE_LOOP('',(#19588,#19589,#19590,#19591));
#19588 = ORIENTED_EDGE('',*,*,#19463,.T.);
#19589 = ORIENTED_EDGE('',*,*,#19494,.T.);
#19590 = ORIENTED_EDGE('',*,*,#19525,.T.);
#19591 = ORIENTED_EDGE('',*,*,#19556,.T.);
#19592 = PLANE('',#19593);
#19593 = AXIS2_PLACEMENT_3D('',#19594,#19595,#19596);
#19594 = CARTESIAN_POINT('',(630.,-162.5,140.));
#19595 = DIRECTION('',(0.,0.,1.));
#19596 = DIRECTION('',(1.,0.,-0.));
#19597 = ( GEOMETRIC_REPRESENTATION_CONTEXT(3) 
GLOBAL_UNCERTAINTY_ASSIGNED_CONTEXT((#19601)) 
GLOBAL_UNIT_ASSIGNED_CONTEXT((#19598,#19599,#19600)) 
REPRESENTATION_CONTEXT('Context #1',
  '3D Context with UNIT and UNCERTAINTY') );
#19598 = ( LENGTH_UNIT() NAMED_UNIT(*) SI_UNIT(.MILLI.,.METRE.) );
#19599 = ( NAMED_UNIT(*) PLANE_ANGLE_UNIT() SI_UNIT($,.RADIAN.) );
#19600 = ( NAMED_UNIT(*) SI_UNIT($,.STERADIAN.) SOLID_ANGLE_UNIT() );
#19601 = UNCERTAINTY_MEASURE_WITH_UNIT(LENGTH_MEASURE(1.E-07),#19598,
  'distance_accuracy_value','confusion accuracy');
#19602 = CONTEXT_DEPENDENT_SHAPE_REPRESENTATION(#19603,#19605);
#19603 = ( REPRESENTATION_RELATIONSHIP('','',#19446,#10) 
REPRESENTATION_RELATIONSHIP_WITH_TRANSFORMATION(#19604) 
SHAPE_REPRESENTATION_RELATIONSHIP() );
#19604 = ITEM_DEFINED_TRANSFORMATION('','',#11,#447);
#19605 = PRODUCT_DEFINITION_SHAPE('Placement','Placement of an item',
  #19606);
#19606 = NEXT_ASSEMBLY_USAGE_OCCURRENCE('197',
  'TRIMARAN-CONNECTOR-PORT-04 | Connector | nominal plywood 20 mm','',#5
  ,#19441,$);
#19607 = PRODUCT_RELATED_PRODUCT_CATEGORY('part',$,(#19443));
#19608 = SHAPE_DEFINITION_REPRESENTATION(#19609,#19615);
#19609 = PRODUCT_DEFINITION_SHAPE('','',#19610);
#19610 = PRODUCT_DEFINITION('design','',#19611,#19614);
#19611 = PRODUCT_DEFINITION_FORMATION('','',#19612);
#19612 = PRODUCT(
  'TRIMARAN-CONNECTOR-STARBOARD-04 | Connector | nominal plywood 20 mm',
  'TRIMARAN-CONNECTOR-STARBOARD-04 | Connector | nominal plywood 20 mm',
  '',(#19613));
#19613 = PRODUCT_CONTEXT('',#2,'mechanical');
#19614 = PRODUCT_DEFINITION_CONTEXT('part definition',#2,'design');
#19615 = ADVANCED_BREP_SHAPE_REPRESENTATION('',(#11,#19616),#19766);
#19616 = MANIFOLD_SOLID_BREP('',#19617);
#19617 = CLOSED_SHELL('',(#19618,#19658,#19689,#19720,#19742,#19754));
#19618 = ADVANCED_FACE('',(#19619),#19653,.F.);
#19619 = FACE_BOUND('',#19620,.F.);
#19620 = EDGE_LOOP('',(#19621,#19631,#19639,#19647));
#19621 = ORIENTED_EDGE('',*,*,#19622,.T.);
#19622 = EDGE_CURVE('',#19623,#19625,#19627,.T.);
#19623 = VERTEX_POINT('',#19624);
#19624 = CARTESIAN_POINT('',(620.,150.,120.));
#19625 = VERTEX_POINT('',#19626);
#19626 = CARTESIAN_POINT('',(620.,150.,140.));
#19627 = LINE('',#19628,#19629);
#19628 = CARTESIAN_POINT('',(620.,150.,120.));
#19629 = VECTOR('',#19630,1.);
#19630 = DIRECTION('',(0.,0.,1.));
#19631 = ORIENTED_EDGE('',*,*,#19632,.T.);
#19632 = EDGE_CURVE('',#19625,#19633,#19635,.T.);
#19633 = VERTEX_POINT('',#19634);
#19634 = CARTESIAN_POINT('',(640.,150.,140.));
#19635 = LINE('',#19636,#19637);
#19636 = CARTESIAN_POINT('',(620.,150.,140.));
#19637 = VECTOR('',#19638,1.);
#19638 = DIRECTION('',(1.,0.,0.));
#19639 = ORIENTED_EDGE('',*,*,#19640,.F.);
#19640 = EDGE_CURVE('',#19641,#19633,#19643,.T.);
#19641 = VERTEX_POINT('',#19642);
#19642 = CARTESIAN_POINT('',(640.,150.,120.));
#19643 = LINE('',#19644,#19645);
#19644 = CARTESIAN_POINT('',(640.,150.,120.));
#19645 = VECTOR('',#19646,1.);
#19646 = DIRECTION('',(0.,0.,1.));
#19647 = ORIENTED_EDGE('',*,*,#19648,.F.);
#19648 = EDGE_CURVE('',#19623,#19641,#19649,.T.);
#19649 = LINE('',#19650,#19651);
#19650 = CARTESIAN_POINT('',(620.,150.,120.));
#19651 = VECTOR('',#19652,1.);
#19652 = DIRECTION('',(1.,0.,0.));
#19653 = PLANE('',#19654);
#19654 = AXIS2_PLACEMENT_3D('',#19655,#19656,#19657);
#19655 = CARTESIAN_POINT('',(620.,150.,120.));
#19656 = DIRECTION('',(0.,1.,0.));
#19657 = DIRECTION('',(1.,0.,0.));
#19658 = ADVANCED_FACE('',(#19659),#19684,.F.);
#19659 = FACE_BOUND('',#19660,.F.);
#19660 = EDGE_LOOP('',(#19661,#19662,#19670,#19678));
#19661 = ORIENTED_EDGE('',*,*,#19640,.T.);
#19662 = ORIENTED_EDGE('',*,*,#19663,.T.);
#19663 = EDGE_CURVE('',#19633,#19664,#19666,.T.);
#19664 = VERTEX_POINT('',#19665);
#19665 = CARTESIAN_POINT('',(640.,175.,140.));
#19666 = LINE('',#19667,#19668);
#19667 = CARTESIAN_POINT('',(640.,150.,140.));
#19668 = VECTOR('',#19669,1.);
#19669 = DIRECTION('',(0.,1.,0.));
#19670 = ORIENTED_EDGE('',*,*,#19671,.F.);
#19671 = EDGE_CURVE('',#19672,#19664,#19674,.T.);
#19672 = VERTEX_POINT('',#19673);
#19673 = CARTESIAN_POINT('',(640.,175.,120.));
#19674 = LINE('',#19675,#19676);
#19675 = CARTESIAN_POINT('',(640.,175.,120.));
#19676 = VECTOR('',#19677,1.);
#19677 = DIRECTION('',(0.,0.,1.));
#19678 = ORIENTED_EDGE('',*,*,#19679,.F.);
#19679 = EDGE_CURVE('',#19641,#19672,#19680,.T.);
#19680 = LINE('',#19681,#19682);
#19681 = CARTESIAN_POINT('',(640.,150.,120.));
#19682 = VECTOR('',#19683,1.);
#19683 = DIRECTION('',(0.,1.,0.));
#19684 = PLANE('',#19685);
#19685 = AXIS2_PLACEMENT_3D('',#19686,#19687,#19688);
#19686 = CARTESIAN_POINT('',(640.,150.,120.));
#19687 = DIRECTION('',(-1.,0.,0.));
#19688 = DIRECTION('',(0.,1.,0.));
#19689 = ADVANCED_FACE('',(#19690),#19715,.F.);
#19690 = FACE_BOUND('',#19691,.F.);
#19691 = EDGE_LOOP('',(#19692,#19693,#19701,#19709));
#19692 = ORIENTED_EDGE('',*,*,#19671,.T.);
#19693 = ORIENTED_EDGE('',*,*,#19694,.T.);
#19694 = EDGE_CURVE('',#19664,#19695,#19697,.T.);
#19695 = VERTEX_POINT('',#19696);
#19696 = CARTESIAN_POINT('',(620.,175.,140.));
#19697 = LINE('',#19698,#19699);
#19698 = CARTESIAN_POINT('',(640.,175.,140.));
#19699 = VECTOR('',#19700,1.);
#19700 = DIRECTION('',(-1.,0.,0.));
#19701 = ORIENTED_EDGE('',*,*,#19702,.F.);
#19702 = EDGE_CURVE('',#19703,#19695,#19705,.T.);
#19703 = VERTEX_POINT('',#19704);
#19704 = CARTESIAN_POINT('',(620.,175.,120.));
#19705 = LINE('',#19706,#19707);
#19706 = CARTESIAN_POINT('',(620.,175.,120.));
#19707 = VECTOR('',#19708,1.);
#19708 = DIRECTION('',(0.,0.,1.));
#19709 = ORIENTED_EDGE('',*,*,#19710,.F.);
#19710 = EDGE_CURVE('',#19672,#19703,#19711,.T.);
#19711 = LINE('',#19712,#19713);
#19712 = CARTESIAN_POINT('',(640.,175.,120.));
#19713 = VECTOR('',#19714,1.);
#19714 = DIRECTION('',(-1.,0.,0.));
#19715 = PLANE('',#19716);
#19716 = AXIS2_PLACEMENT_3D('',#19717,#19718,#19719);
#19717 = CARTESIAN_POINT('',(640.,175.,120.));
#19718 = DIRECTION('',(0.,-1.,0.));
#19719 = DIRECTION('',(-1.,0.,0.));
#19720 = ADVANCED_FACE('',(#19721),#19737,.F.);
#19721 = FACE_BOUND('',#19722,.F.);
#19722 = EDGE_LOOP('',(#19723,#19724,#19730,#19731));
#19723 = ORIENTED_EDGE('',*,*,#19702,.T.);
#19724 = ORIENTED_EDGE('',*,*,#19725,.T.);
#19725 = EDGE_CURVE('',#19695,#19625,#19726,.T.);
#19726 = LINE('',#19727,#19728);
#19727 = CARTESIAN_POINT('',(620.,175.,140.));
#19728 = VECTOR('',#19729,1.);
#19729 = DIRECTION('',(0.,-1.,0.));
#19730 = ORIENTED_EDGE('',*,*,#19622,.F.);
#19731 = ORIENTED_EDGE('',*,*,#19732,.F.);
#19732 = EDGE_CURVE('',#19703,#19623,#19733,.T.);
#19733 = LINE('',#19734,#19735);
#19734 = CARTESIAN_POINT('',(620.,175.,120.));
#19735 = VECTOR('',#19736,1.);
#19736 = DIRECTION('',(0.,-1.,0.));
#19737 = PLANE('',#19738);
#19738 = AXIS2_PLACEMENT_3D('',#19739,#19740,#19741);
#19739 = CARTESIAN_POINT('',(620.,175.,120.));
#19740 = DIRECTION('',(1.,0.,-0.));
#19741 = DIRECTION('',(0.,-1.,0.));
#19742 = ADVANCED_FACE('',(#19743),#19749,.F.);
#19743 = FACE_BOUND('',#19744,.F.);
#19744 = EDGE_LOOP('',(#19745,#19746,#19747,#19748));
#19745 = ORIENTED_EDGE('',*,*,#19648,.T.);
#19746 = ORIENTED_EDGE('',*,*,#19679,.T.);
#19747 = ORIENTED_EDGE('',*,*,#19710,.T.);
#19748 = ORIENTED_EDGE('',*,*,#19732,.T.);
#19749 = PLANE('',#19750);
#19750 = AXIS2_PLACEMENT_3D('',#19751,#19752,#19753);
#19751 = CARTESIAN_POINT('',(630.,162.5,120.));
#19752 = DIRECTION('',(0.,0.,1.));
#19753 = DIRECTION('',(1.,0.,-0.));
#19754 = ADVANCED_FACE('',(#19755),#19761,.T.);
#19755 = FACE_BOUND('',#19756,.T.);
#19756 = EDGE_LOOP('',(#19757,#19758,#19759,#19760));
#19757 = ORIENTED_EDGE('',*,*,#19632,.T.);
#19758 = ORIENTED_EDGE('',*,*,#19663,.T.);
#19759 = ORIENTED_EDGE('',*,*,#19694,.T.);
#19760 = ORIENTED_EDGE('',*,*,#19725,.T.);
#19761 = PLANE('',#19762);
#19762 = AXIS2_PLACEMENT_3D('',#19763,#19764,#19765);
#19763 = CARTESIAN_POINT('',(630.,162.5,140.));
#19764 = DIRECTION('',(0.,0.,1.));
#19765 = DIRECTION('',(1.,0.,-0.));
#19766 = ( GEOMETRIC_REPRESENTATION_CONTEXT(3) 
GLOBAL_UNCERTAINTY_ASSIGNED_CONTEXT((#19770)) 
GLOBAL_UNIT_ASSIGNED_CONTEXT((#19767,#19768,#19769)) 
REPRESENTATION_CONTEXT('Context #1',
  '3D Context with UNIT and UNCERTAINTY') );
#19767 = ( LENGTH_UNIT() NAMED_UNIT(*) SI_UNIT(.MILLI.,.METRE.) );
#19768 = ( NAMED_UNIT(*) PLANE_ANGLE_UNIT() SI_UNIT($,.RADIAN.) );
#19769 = ( NAMED_UNIT(*) SI_UNIT($,.STERADIAN.) SOLID_ANGLE_UNIT() );
#19770 = UNCERTAINTY_MEASURE_WITH_UNIT(LENGTH_MEASURE(1.E-07),#19767,
  'distance_accuracy_value','confusion accuracy');
#19771 = CONTEXT_DEPENDENT_SHAPE_REPRESENTATION(#19772,#19774);
#19772 = ( REPRESENTATION_RELATIONSHIP('','',#19615,#10) 
REPRESENTATION_RELATIONSHIP_WITH_TRANSFORMATION(#19773) 
SHAPE_REPRESENTATION_RELATIONSHIP() );
#19773 = ITEM_DEFINED_TRANSFORMATION('','',#11,#451);
#19774 = PRODUCT_DEFINITION_SHAPE('Placement','Placement of an item',
  #19775);
#19775 = NEXT_ASSEMBLY_USAGE_OCCURRENCE('198',
  'TRIMARAN-CONNECTOR-STARBOARD-04 | Connector | nominal plywood 20 mm',
  '',#5,#19610,$);
#19776 = PRODUCT_RELATED_PRODUCT_CATEGORY('part',$,(#19612));
ENDSEC;
END-ISO-10303-21;
